  0
SECTION
  2
HEADER
  9
$ACADVER
  1
AC1032
  9
$ACADMAINTVER
 90
        4
  9
$DWGCODEPAGE
  3
ANSI_1252
  9
$LASTSAVEDBY
  1
javie
  9
$REQUIREDVERSIONS
160
                 0
  9
$INSBASE
 10
0.0
 20
0.0
 30
0.0
  9
$EXTMIN
 10
0.0956686011098427
 20
0.1421014358853256
 30
0.0
  9
$EXTMAX
 10
29.52749292835394
 20
13.14589165134381
 30
0.0
  9
$LIMMIN
 10
0.0
 20
0.0
  9
$LIMMAX
 10
420.0
 20
297.0
  9
$ORTHOMODE
 70
     0
  9
$REGENMODE
 70
     1
  9
$FILLMODE
 70
     1
  9
$QTEXTMODE
 70
     0
  9
$MIRRTEXT
 70
     1
  9
$LTSCALE
 40
1.0
  9
$ATTMODE
 70
     1
  9
$TEXTSIZE
 40
2.5
  9
$TRACEWID
 40
1.0
  9
$TEXTSTYLE
  7
Standard
  9
$CLAYER
  8
0
  9
$CELTYPE
  6
ByLayer
  9
$CECOLOR
 62
   256
  9
$CELTSCALE
 40
1.0
  9
$DISPSILH
 70
     0
  9
$DIMSCALE
 40
1.0
  9
$DIMASZ
 40
2.5
  9
$DIMEXO
 40
0.625
  9
$DIMDLI
 40
3.75
  9
$DIMRND
 40
0.0
  9
$DIMDLE
 40
0.0
  9
$DIMEXE
 40
1.25
  9
$DIMTP
 40
0.0
  9
$DIMTM
 40
0.0
  9
$DIMTXT
 40
2.5
  9
$DIMCEN
 40
2.5
  9
$DIMTSZ
 40
0.0
  9
$DIMTOL
 70
     0
  9
$DIMLIM
 70
     0
  9
$DIMTIH
 70
     0
  9
$DIMTOH
 70
     0
  9
$DIMSE1
 70
     0
  9
$DIMSE2
 70
     0
  9
$DIMTAD
 70
     1
  9
$DIMZIN
 70
     8
  9
$DIMBLK
  1

  9
$DIMASO
 70
     1
  9
$DIMSHO
 70
     1
  9
$DIMPOST
  1

  9
$DIMAPOST
  1

  9
$DIMALT
 70
     0
  9
$DIMALTD
 70
     3
  9
$DIMALTF
 40
0.03937007874016
  9
$DIMLFAC
 40
1.0
  9
$DIMTOFL
 70
     1
  9
$DIMTVP
 40
0.0
  9
$DIMTIX
 70
     0
  9
$DIMSOXD
 70
     0
  9
$DIMSAH
 70
     0
  9
$DIMBLK1
  1

  9
$DIMBLK2
  1

  9
$DIMSTYLE
  2
ISO-25
  9
$DIMCLRD
 70
     0
  9
$DIMCLRE
 70
     0
  9
$DIMCLRT
 70
     0
  9
$DIMTFAC
 40
1.0
  9
$DIMGAP
 40
0.625
  9
$DIMJUST
 70
     0
  9
$DIMSD1
 70
     0
  9
$DIMSD2
 70
     0
  9
$DIMTOLJ
 70
     0
  9
$DIMTZIN
 70
     8
  9
$DIMALTZ
 70
     0
  9
$DIMALTTZ
 70
     0
  9
$DIMUPT
 70
     0
  9
$DIMDEC
 70
     2
  9
$DIMTDEC
 70
     2
  9
$DIMALTU
 70
     2
  9
$DIMALTTD
 70
     3
  9
$DIMTXSTY
  7
Standard
  9
$DIMAUNIT
 70
     0
  9
$DIMADEC
 70
     0
  9
$DIMALTRND
 40
0.0
  9
$DIMAZIN
 70
     0
  9
$DIMDSEP
 70
    44
  9
$DIMATFIT
 70
     3
  9
$DIMFRAC
 70
     0
  9
$DIMLDRBLK
  1

  9
$DIMLUNIT
 70
     2
  9
$DIMLWD
 70
    -2
  9
$DIMLWE
 70
    -2
  9
$DIMTMOVE
 70
     0
  9
$DIMFXL
 40
1.0
  9
$DIMFXLON
 70
     0
  9
$DIMJOGANG
 40
0.7853981633974483
  9
$DIMTFILL
 70
     0
  9
$DIMTFILLCLR
 70
     0
  9
$DIMARCSYM
 70
     0
  9
$DIMLTYPE
  6

  9
$DIMLTEX1
  6

  9
$DIMLTEX2
  6

  9
$DIMTXTDIRECTION
 70
     0
  9
$LUNITS
 70
     2
  9
$LUPREC
 70
     4
  9
$SKETCHINC
 40
1.0
  9
$FILLETRAD
 40
0.0
  9
$AUNITS
 70
     0
  9
$AUPREC
 70
     0
  9
$MENU
  1
.
  9
$ELEVATION
 40
0.0
  9
$PELEVATION
 40
0.0
  9
$THICKNESS
 40
0.0
  9
$LIMCHECK
 70
     0
  9
$CHAMFERA
 40
0.0
  9
$CHAMFERB
 40
0.0
  9
$CHAMFERC
 40
0.0
  9
$CHAMFERD
 40
0.0
  9
$SKPOLY
 70
     0
  9
$TDCREATE
 40
2461301.517965590
  9
$TDUCREATE
 40
2461301.434632257
  9
$TDUPDATE
 40
2461301.518538773
  9
$TDUUPDATE
 40
2461301.435205440
  9
$TDINDWG
 40
0.000573681
  9
$TDUSRTIMER
 40
0.000573414
  9
$USRTIMER
 70
     1
  9
$ANGBASE
 50
0.0
  9
$ANGDIR
 70
     0
  9
$PDMODE
 70
     0
  9
$PDSIZE
 40
0.0
  9
$PLINEWID
 40
0.0
  9
$SPLFRAME
 70
     0
  9
$SPLINETYPE
 70
     6
  9
$SPLINESEGS
 70
     8
  9
$HANDSEED
  5
96C
  9
$SURFTAB1
 70
     6
  9
$SURFTAB2
 70
     6
  9
$SURFTYPE
 70
     6
  9
$SURFU
 70
     6
  9
$SURFV
 70
     6
  9
$UCSBASE
  2

  9
$UCSNAME
  2

  9
$UCSORG
 10
0.0
 20
0.0
 30
0.0
  9
$UCSXDIR
 10
1.0
 20
0.0
 30
0.0
  9
$UCSYDIR
 10
0.0
 20
1.0
 30
0.0
  9
$UCSORTHOREF
  2

  9
$UCSORTHOVIEW
 70
     0
  9
$UCSORGTOP
 10
0.0
 20
0.0
 30
0.0
  9
$UCSORGBOTTOM
 10
0.0
 20
0.0
 30
0.0
  9
$UCSORGLEFT
 10
0.0
 20
0.0
 30
0.0
  9
$UCSORGRIGHT
 10
0.0
 20
0.0
 30
0.0
  9
$UCSORGFRONT
 10
0.0
 20
0.0
 30
0.0
  9
$UCSORGBACK
 10
0.0
 20
0.0
 30
0.0
  9
$PUCSBASE
  2

  9
$PUCSNAME
  2

  9
$PUCSORG
 10
0.0
 20
0.0
 30
0.0
  9
$PUCSXDIR
 10
1.0
 20
0.0
 30
0.0
  9
$PUCSYDIR
 10
0.0
 20
1.0
 30
0.0
  9
$PUCSORTHOREF
  2

  9
$PUCSORTHOVIEW
 70
     0
  9
$PUCSORGTOP
 10
0.0
 20
0.0
 30
0.0
  9
$PUCSORGBOTTOM
 10
0.0
 20
0.0
 30
0.0
  9
$PUCSORGLEFT
 10
0.0
 20
0.0
 30
0.0
  9
$PUCSORGRIGHT
 10
0.0
 20
0.0
 30
0.0
  9
$PUCSORGFRONT
 10
0.0
 20
0.0
 30
0.0
  9
$PUCSORGBACK
 10
0.0
 20
0.0
 30
0.0
  9
$USERI1
 70
     0
  9
$USERI2
 70
     0
  9
$USERI3
 70
     0
  9
$USERI4
 70
     0
  9
$USERI5
 70
     0
  9
$USERR1
 40
0.0
  9
$USERR2
 40
0.0
  9
$USERR3
 40
0.0
  9
$USERR4
 40
0.0
  9
$USERR5
 40
0.0
  9
$WORLDVIEW
 70
     1
  9
$SHADEDGE
 70
     3
  9
$SHADEDIF
 70
    70
  9
$TILEMODE
 70
     1
  9
$MAXACTVP
 70
    64
  9
$PINSBASE
 10
0.0
 20
0.0
 30
0.0
  9
$PLIMCHECK
 70
     0
  9
$PEXTMIN
 10
25.69999999999999
 20
19.5
 30
0.0
  9
$PEXTMAX
 10
231.3
 20
175.5
 30
0.0
  9
$PLIMMIN
 10
-20.0
 20
-7.5
  9
$PLIMMAX
 10
277.0
 20
202.5
  9
$UNITMODE
 70
     0
  9
$VISRETAIN
 70
     1
  9
$PLINEGEN
 70
     0
  9
$PSLTSCALE
 70
     1
  9
$TREEDEPTH
 70
  3020
  9
$CMLSTYLE
  2
Standard
  9
$CMLJUST
 70
     0
  9
$CMLSCALE
 40
20.0
  9
$PROXYGRAPHICS
 70
     1
  9
$MEASUREMENT
 70
     1
  9
$CELWEIGHT
370
    -1
  9
$ENDCAPS
280
     0
  9
$JOINSTYLE
280
     0
  9
$LWDISPLAY
290
     0
  9
$INSUNITS
 70
     4
  9
$HYPERLINKBASE
  1

  9
$STYLESHEET
  1

  9
$XEDIT
290
     1
  9
$CEPSNTYPE
380
     0
  9
$PSTYLEMODE
290
     1
  9
$FINGERPRINTGUID
  2
{A4CAB1FC-42A2-4D6F-B95F-085582C7A8C3}
  9
$VERSIONGUID
  2
{36C78A16-883F-4C7E-B359-DA080A775EF3}
  9
$EXTNAMES
290
     1
  9
$PSVPSCALE
 40
0.0
  9
$OLESTARTUP
290
     0
  9
$SORTENTS
280
   127
  9
$INDEXCTL
280
     0
  9
$HIDETEXT
280
     1
  9
$XCLIPFRAME
280
     2
  9
$HALOGAP
280
     0
  9
$OBSCOLOR
 70
   257
  9
$OBSLTYPE
280
     0
  9
$INTERSECTIONDISPLAY
280
     0
  9
$INTERSECTIONCOLOR
 70
   257
  9
$DIMASSOC
280
     2
  9
$PROJECTNAME
  1

  9
$CAMERADISPLAY
290
     0
  9
$LENSLENGTH
 40
50.0
  9
$CAMERAHEIGHT
 40
0.0
  9
$STEPSPERSEC
 40
2.0
  9
$STEPSIZE
 40
6.0
  9
$3DDWFPREC
 40
2.0
  9
$PSOLWIDTH
 40
0.25
  9
$PSOLHEIGHT
 40
4.0
  9
$LOFTANG1
 40
1.570796326794896
  9
$LOFTANG2
 40
1.570796326794896
  9
$LOFTMAG1
 40
0.0
  9
$LOFTMAG2
 40
0.0
  9
$LOFTPARAM
 70
     7
  9
$LOFTNORMALS
280
     1
  9
$LATITUDE
 40
37.795
  9
$LONGITUDE
 40
-122.394
  9
$NORTHDIRECTION
 40
0.0
  9
$TIMEZONE
 70
 -8000
  9
$LIGHTGLYPHDISPLAY
280
     1
  9
$TILEMODELIGHTSYNCH
280
     1
  9
$CMATERIAL
347
167
  9
$SOLIDHIST
280
     0
  9
$SHOWHIST
280
     1
  9
$DWFFRAME
280
     1
  9
$DGNFRAME
280
     1
  9
$REALWORLDSCALE
290
     1
  9
$INTERFERECOLOR
 62
   256
  9
$CSHADOW
280
     0
  9
$SHADOWPLANELOCATION
 40
0.0
  0
ENDSEC
  0
SECTION
  2
CLASSES
  0
CLASS
  1
ACDBDICTIONARYWDFLT
  2
AcDbDictionaryWithDefault
  3
ObjectDBX Classes
 90
        0
 91
        1
280
     0
281
     0
  0
CLASS
  1
ACDBPLACEHOLDER
  2
AcDbPlaceHolder
  3
ObjectDBX Classes
 90
        0
 91
        0
280
     0
281
     0
  0
CLASS
  1
LAYOUT
  2
AcDbLayout
  3
ObjectDBX Classes
 90
        0
 91
        0
280
     0
281
     0
  0
CLASS
  1
DICTIONARYVAR
  2
AcDbDictionaryVar
  3
ObjectDBX Classes
 90
        0
 91
       73
280
     0
281
     0
  0
CLASS
  1
TABLESTYLE
  2
AcDbTableStyle
  3
ObjectDBX Classes
 90
     4095
 91
        1
280
     0
281
     0
  0
CLASS
  1
WIPEOUTVARIABLES
  2
AcDbWipeoutVariables
  3
"WipeOut|Product Desc:     WipeOut Dbx Application|Company:          Autodesk, Inc.|WEB Address:      www.autodesk.com"
 90
        0
 91
        0
280
     0
281
     0
  0
CLASS
  1
SCALE
  2
AcDbScale
  3
ObjectDBX Classes
 90
     1153
 91
       33
280
     0
281
     0
  0
CLASS
  1
MLEADERSTYLE
  2
AcDbMLeaderStyle
  3
ACDB_MLEADERSTYLE_CLASS
 90
     4095
 91
        2
280
     0
281
     0
  0
CLASS
  1
MATERIAL
  2
AcDbMaterial
  3
ObjectDBX Classes
 90
     1153
 91
        3
280
     0
281
     0
  0
CLASS
  1
VISUALSTYLE
  2
AcDbVisualStyle
  3
ObjectDBX Classes
 90
     4095
 91
       24
280
     0
281
     0
  0
CLASS
  1
ACDBSECTIONVIEWSTYLE
  2
AcDbSectionViewStyle
  3
ObjectDBX Classes
 90
     1025
 91
        1
280
     0
281
     0
  0
CLASS
  1
ACDBDETAILVIEWSTYLE
  2
AcDbDetailViewStyle
  3
ObjectDBX Classes
 90
     1025
 91
        1
280
     0
281
     0
  0
CLASS
  1
CELLSTYLEMAP
  2
AcDbCellStyleMap
  3
ObjectDBX Classes
 90
     1152
 91
        3
280
     0
281
     0
  0
CLASS
  1
TCH_DBCONFIG
  2
TDbConfig
  3
TCH_KERNAL|缺乏中望建筑解释器, 请下载中望建筑相关产品|网址: www.zwsoft.cn
 90
        1
 91
        1
280
     0
281
     0
  0
CLASS
  1
DIMASSOC
  2
AcDbDimAssoc
  3
ZcDbDimAssoc ObjectDBX Classes
 90
        0
 91
        8
280
     0
281
     0
  0
CLASS
  1
SORTENTSTABLE
  2
AcDbSortentsTable
  3
ObjectDBX Classes
 90
        0
 91
        2
280
     0
281
     0
  0
ENDSEC
  0
SECTION
  2
TABLES
  0
TABLE
  2
VPORT
  5
8
330
0
100
AcDbSymbolTable
 70
     1
  0
VPORT
  5
1CC
330
8
100
AcDbSymbolTableRecord
100
AcDbViewportTableRecord
  2
*Active
 70
     0
 10
0.0
 20
0.0
 11
1.0
 21
1.0
 12
10.89028203644588
 22
8.104078723167749
 13
0.0
 23
0.0
 14
10.0
 24
10.0
 15
10.0
 25
10.0
 16
0.0
 26
0.0
 36
1.0
 17
0.0
 27
0.0
 37
0.0
 40
17.93784700442982
 41
2.654631083202511
 42
50.0
 43
0.0
 44
0.0
 50
0.0
 51
0.0
 71
    16
 72
  1000
 73
     1
 74
     3
 75
     0
 76
     1
 77
     0
 78
     0
281
     0
 65
     1
110
0.0
120
0.0
130
0.0
111
1.0
121
0.0
131
0.0
112
0.0
122
1.0
132
0.0
 79
     0
146
0.0
348
185
 60
     3
 61
     5
292
     1
282
     1
141
0.0
142
0.0
 63
   250
1001
ACAD_NAV_VCDISPLAY
1070
     3
  0
ENDTAB
  0
TABLE
  2
LTYPE
  5
5
330
0
100
AcDbSymbolTable
 70
     1
  0
LTYPE
  5
14
330
5
100
AcDbSymbolTableRecord
100
AcDbLinetypeTableRecord
  2
ByBlock
 70
     0
  3

 72
    65
 73
     0
 40
0.0
  0
LTYPE
  5
15
330
5
100
AcDbSymbolTableRecord
100
AcDbLinetypeTableRecord
  2
ByLayer
 70
     0
  3

 72
    65
 73
     0
 40
0.0
  0
LTYPE
  5
16
330
5
100
AcDbSymbolTableRecord
100
AcDbLinetypeTableRecord
  2
Continuous
 70
     0
  3
Solid line
 72
    65
 73
     0
 40
0.0
  0
ENDTAB
  0
TABLE
  2
LAYER
  5
2
102
{ACAD_XDICTIONARY
360
FA
102
}
330
0
100
AcDbSymbolTable
 70
    12
  0
LAYER
  5
10
330
2
100
AcDbSymbolTableRecord
100
AcDbLayerTableRecord
  2
0
 70
     0
 62
     7
  6
Continuous
370
    -3
390
F
347
177
348
0
  0
LAYER
  5
2D0
330
2
100
AcDbSymbolTableRecord
100
AcDbLayerTableRecord
  2
Defpoints
 70
     0
 62
     7
  6
Continuous
290
     0
370
    -3
390
F
347
177
348
0
  0
LAYER
  5
2D1
330
2
100
AcDbSymbolTableRecord
100
AcDbLayerTableRecord
  2
DET-TEXTO TÍTULO
 70
     0
 62
     1
  6
Continuous
370
    -3
390
F
347
177
348
0
1001
AcAecLayerStandard
1000

1000

1001
AcCmTransparency
1071
        0
  0
LAYER
  5
2D2
330
2
100
AcDbSymbolTableRecord
100
AcDbLayerTableRecord
  2
DET-BORDE ESTRUCTURA
 70
     0
 62
     2
  6
Continuous
370
    -3
390
F
347
177
348
0
1001
AcAecLayerStandard
1000

1000

1001
AcCmTransparency
1071
 33554687
  0
LAYER
  5
2D3
330
2
100
AcDbSymbolTableRecord
100
AcDbLayerTableRecord
  2
DET-TEXTO LÍNEA
 70
     0
 62
     8
  6
Continuous
370
    -3
390
F
347
177
348
0
1001
AcAecLayerStandard
1000

1000

1001
AcCmTransparency
1071
        0
  0
LAYER
  5
2D4
330
2
100
AcDbSymbolTableRecord
100
AcDbLayerTableRecord
  2
DET-TEXTO
 70
     0
 62
     2
  6
Continuous
370
    -3
390
F
347
177
348
0
1001
AcAecLayerStandard
1000

1000

1001
AcCmTransparency
1071
 33554687
  0
LAYER
  5
2D5
330
2
100
AcDbSymbolTableRecord
100
AcDbLayerTableRecord
  2
DET-COTAS
 70
     0
 62
     8
  6
Continuous
370
    -3
390
F
347
177
348
0
1001
AcAecLayerStandard
1000

1000

1001
AcCmTransparency
1071
        0
  0
LAYER
  5
2D6
330
2
100
AcDbSymbolTableRecord
100
AcDbLayerTableRecord
  2
FINO
 70
     0
 62
     8
  6
Continuous
370
    -3
390
F
347
177
348
0
  0
LAYER
  5
2D8
330
2
100
AcDbSymbolTableRecord
100
AcDbLayerTableRecord
  2
0-CYPE4
 70
     0
 62
     6
  6
Continuous
370
    -3
390
F
347
177
348
0
  0
LAYER
  5
602
330
2
100
AcDbSymbolTableRecord
100
AcDbLayerTableRecord
  2
DET-ARMADURAS
 70
     0
 62
     6
  6
Continuous
370
    -3
390
F
347
177
348
0
1001
AcAecLayerStandard
1000

1000

1001
AcCmTransparency
1071
        0
  0
ENDTAB
  0
TABLE
  2
STYLE
  5
3
330
0
100
AcDbSymbolTable
 70
     7
  0
STYLE
  5
11
330
3
100
AcDbSymbolTableRecord
100
AcDbTextStyleTableRecord
  2
Standard
 70
     0
 40
0.0
 41
1.0
 50
0.0
 71
     0
 42
2.5
  3
arial.ttf
  4

1001
ACAD
1000
Arial
1071
       34
  0
STYLE
  5
2DA
330
3
100
AcDbSymbolTableRecord
100
AcDbTextStyleTableRecord
  2
Formato
 70
     0
 40
0.0
 41
1.0
 50
0.0
 71
     0
 42
0.1
  3
GOTHIC.TTF
  4

1001
ACAD
1000
Century Gothic
1071
       34
  0
STYLE
  5
2DB
330
3
100
AcDbSymbolTableRecord
100
AcDbTextStyleTableRecord
  2
CENTURY
 70
     0
 40
0.0
 41
1.0
 50
0.0
 71
     0
 42
0.5
  3
GOTHIC.TTF
  4

1001
ACAD
1000
Century Gothic
1071
       34
  0
STYLE
  5
2DC
330
3
100
AcDbSymbolTableRecord
100
AcDbTextStyleTableRecord
  2
Estructura
 70
     0
 40
0.2
 41
1.0
 50
0.0
 71
     0
 42
0.18
  3
GOTHIC.TTF
  4

1001
ACAD
1000
Century Gothic
1071
       34
  0
ENDTAB
  0
TABLE
  2
VIEW
  5
6
330
0
100
AcDbSymbolTable
 70
     0
  0
ENDTAB
  0
TABLE
  2
UCS
  5
7
330
0
100
AcDbSymbolTable
 70
     0
  0
ENDTAB
  0
TABLE
  2
APPID
  5
9
330
0
100
AcDbSymbolTable
 70
    12
  0
APPID
  5
12
330
9
100
AcDbSymbolTableRecord
100
AcDbRegAppTableRecord
  2
ACAD
 70
     0
  0
APPID
  5
F4
330
9
100
AcDbSymbolTableRecord
100
AcDbRegAppTableRecord
  2
ACAD_PSEXT
 70
     0
  0
APPID
  5
1A9
330
9
100
AcDbSymbolTableRecord
100
AcDbRegAppTableRecord
  2
ACAD_NAV_VCDISPLAY
 70
     0
  0
APPID
  5
230
330
9
100
AcDbSymbolTableRecord
100
AcDbRegAppTableRecord
  2
AcadAnnoPO
 70
     0
  0
APPID
  5
231
330
9
100
AcDbSymbolTableRecord
100
AcDbRegAppTableRecord
  2
AcadAnnotative
 70
     0
  0
APPID
  5
233
330
9
100
AcDbSymbolTableRecord
100
AcDbRegAppTableRecord
  2
ACAD_DSTYLE_DIMJAG
 70
     0
  0
APPID
  5
234
330
9
100
AcDbSymbolTableRecord
100
AcDbRegAppTableRecord
  2
ACAD_DSTYLE_DIMBREAK
 70
     0
  0
APPID
  5
235
330
9
100
AcDbSymbolTableRecord
100
AcDbRegAppTableRecord
  2
ACAD_DSTYLE_DIMTALN
 70
     0
  0
APPID
  5
2E2
330
9
100
AcDbSymbolTableRecord
100
AcDbRegAppTableRecord
  2
AcAecLayerStandard
 70
     0
  0
APPID
  5
2E3
330
9
100
AcDbSymbolTableRecord
100
AcDbRegAppTableRecord
  2
AcCmTransparency
 70
     0
  0
APPID
  5
2E4
330
9
100
AcDbSymbolTableRecord
100
AcDbRegAppTableRecord
  2
AcLayerTools
 70
     0
  0
APPID
  5
608
330
9
100
AcDbSymbolTableRecord
100
AcDbRegAppTableRecord
  2
ACAD_DSTYLE_DIMJOGGED_JOGANGLE_SYMBOL
 70
     0
  0
ENDTAB
  0
TABLE
  2
DIMSTYLE
  5
A
330
0
100
AcDbSymbolTable
 70
    11
100
AcDbDimStyleTable
 71
     1
340
9C
  0
DIMSTYLE
105
27
330
A
100
AcDbSymbolTableRecord
100
AcDbDimStyleTableRecord
  2
Standard
 70
     0
340
11
  0
DIMSTYLE
105
9C
330
A
100
AcDbSymbolTableRecord
100
AcDbDimStyleTableRecord
  2
ISO-25
 70
     0
 41
2.5
 42
0.625
 43
3.75
 44
1.25
 73
     0
 74
     0
 77
     1
 78
     8
140
2.5
141
2.5
143
0.03937007874016
147
0.625
171
     3
172
     1
271
     2
272
     2
274
     3
278
    44
283
     0
284
     8
340
11
  0
DIMSTYLE
105
2E1
102
{ACAD_REACTORS
330
3AA
330
3AB
330
3AE
330
3B1
330
3B5
330
3B6
330
3CC
330
3AA
330
72A
330
72B
330
72C
330
72D
330
72E
330
731
330
739
330
73B
330
73C
330
86A
330
86B
330
86C
330
86D
330
86E
330
871
330
879
330
87B
330
87C
102
}
330
A
100
AcDbSymbolTableRecord
100
AcDbDimStyleTableRecord
  2
1 50
 70
     0
 41
0.1
 42
0.08
 43
0.2
 44
0.1
 50
90.0
 73
     0
 74
     0
 77
     1
 78
     1
140
0.2
141
-0.05
143
0.03937007874016
144
50.0
147
0.1
171
     3
172
     1
174
     1
176
     4
177
     8
271
     0
178
     2
271
     0
272
     0
274
     3
278
    44
283
     0
284
     8
289
     2
340
2DA
341
244
342
244
1001
ACAD_DSTYLE_DIMBREAK
1070
   391
1040
2.0
1001
ACAD_DSTYLE_DIMJAG
1070
   388
1040
1.5
1001
ACAD_DSTYLE_DIMTALN
1070
   392
1070
     0
  0
ENDTAB
  0
TABLE
  2
BLOCK_RECORD
  5
1
330
0
100
AcDbSymbolTable
 70
    44
  0
BLOCK_RECORD
  5
1F
330
1
100
AcDbSymbolTableRecord
100
AcDbBlockTableRecord
  2
*Model_Space
340
22
 70
     0
280
     1
281
     0
  0
BLOCK_RECORD
  5
1E3
330
1
100
AcDbSymbolTableRecord
100
AcDbBlockTableRecord
  2
*Paper_Space
340
1E4
 70
     0
280
     1
281
     0
  0
BLOCK_RECORD
  5
1DF
330
1
100
AcDbSymbolTableRecord
100
AcDbBlockTableRecord
  2
*Paper_Space0
340
1E0
 70
     0
280
     1
281
     0
  0
BLOCK_RECORD
  5
244
330
1
100
AcDbSymbolTableRecord
100
AcDbBlockTableRecord
  2
_Oblique
340
0
102
{BLKREFS
331
24D
331
24E
331
259
331
25A
331
265
331
266
331
271
331
272
331
27F
331
280
331
28B
331
28C
331
297
331
298
331
2A5
331
2A6
331
2B1
331
2B2
331
2BD
331
2BE
331
2C9
331
2CA
331
4A7
331
4A8
331
4B3
331
4B4
331
4BF
331
4C0
331
4CB
331
4CC
331
4D9
331
4DA
331
4E5
331
4E6
331
4F1
331
4F2
331
4FF
331
500
331
50B
331
50C
331
517
331
518
331
523
331
524
331
52C
331
52D
331
535
331
536
331
53E
331
53F
331
547
331
548
331
552
331
553
331
55B
331
55C
331
564
331
565
331
56F
331
570
331
578
331
579
331
581
331
582
331
58A
331
58B
331
597
331
598
331
5A3
331
5A4
331
5AF
331
5B0
331
5BB
331
5BC
331
5C7
331
5C8
331
5D5
331
5D6
331
5E1
331
5E2
331
5ED
331
5EE
331
5FB
331
5FC
331
8AB
331
8AC
331
8B7
331
8B8
331
8C3
331
8C4
331
8CF
331
8D0
331
8DB
331
8DC
331
8E9
331
8EA
331
8F5
331
8F6
331
901
331
902
331
90F
331
910
331
918
331
919
331
921
331
922
331
92A
331
92B
331
933
331
934
331
93C
331
93D
331
947
331
948
331
950
331
951
331
959
331
95A
331
964
331
965
102
}
 70
     0
280
     1
281
     0
  0
BLOCK_RECORD
  5
8A5
330
1
100
AcDbSymbolTableRecord
100
AcDbBlockTableRecord
  2
*D35
340
0
 70
     0
280
     1
281
     0
  0
BLOCK_RECORD
  5
8B1
330
1
100
AcDbSymbolTableRecord
100
AcDbBlockTableRecord
  2
*D36
340
0
 70
     0
280
     1
281
     0
  0
BLOCK_RECORD
  5
8BD
330
1
100
AcDbSymbolTableRecord
100
AcDbBlockTableRecord
  2
*D37
340
0
 70
     0
280
     1
281
     0
  0
BLOCK_RECORD
  5
8C9
330
1
100
AcDbSymbolTableRecord
100
AcDbBlockTableRecord
  2
*D38
340
0
 70
     0
280
     1
281
     0
  0
BLOCK_RECORD
  5
8D5
330
1
100
AcDbSymbolTableRecord
100
AcDbBlockTableRecord
  2
*D39
340
0
 70
     0
280
     1
281
     0
  0
BLOCK_RECORD
  5
8E1
330
1
100
AcDbSymbolTableRecord
100
AcDbBlockTableRecord
  2
*D40
340
0
 70
     0
280
     1
281
     0
  0
BLOCK_RECORD
  5
8EF
330
1
100
AcDbSymbolTableRecord
100
AcDbBlockTableRecord
  2
*D41
340
0
 70
     0
280
     1
281
     0
  0
BLOCK_RECORD
  5
8FB
330
1
100
AcDbSymbolTableRecord
100
AcDbBlockTableRecord
  2
*D42
340
0
 70
     0
280
     1
281
     0
  0
BLOCK_RECORD
  5
907
330
1
100
AcDbSymbolTableRecord
100
AcDbBlockTableRecord
  2
*D43
340
0
 70
     0
280
     1
281
     0
  0
ENDTAB
  0
ENDSEC
  0
SECTION
  2
BLOCKS
  0
BLOCK
  5
20
330
1F
100
AcDbEntity
  8
0
100
AcDbBlockBegin
  2
*Model_Space
 70
     0
 10
0.0
 20
0.0
 30
0.0
  3
*Model_Space
  1

  0
ENDBLK
  5
21
330
1F
100
AcDbEntity
  8
0
100
AcDbBlockEnd
  0
BLOCK
  5
1E5
330
1E3
100
AcDbEntity
 67
     1
  8
0
100
AcDbBlockBegin
  2
*Paper_Space
 70
     0
 10
0.0
 20
0.0
 30
0.0
  3
*Paper_Space
  1

  0
ENDBLK
  5
1E6
330
1E3
100
AcDbEntity
 67
     1
  8
0
100
AcDbBlockEnd
  0
BLOCK
  5
1E1
330
1DF
100
AcDbEntity
  8
0
100
AcDbBlockBegin
  2
*Paper_Space0
 70
     0
 10
0.0
 20
0.0
 30
0.0
  3
*Paper_Space0
  1

  0
ENDBLK
  5
1E2
330
1DF
100
AcDbEntity
  8
0
100
AcDbBlockEnd
  0
BLOCK
  5
245
330
244
100
AcDbEntity
  8
0
100
AcDbBlockBegin
  2
_Oblique
 70
     0
 10
0.0
 20
0.0
 30
0.0
  3
_Oblique
  1

  0
LINE
  5
246
330
244
100
AcDbEntity
  8
0
  6
ByBlock
 62
     0
370
    -2
100
AcDbLine
 10
-0.5
 20
-0.5
 30
0.0
 11
0.5
 21
0.5
 31
0.0
  0
ENDBLK
  5
247
330
244
100
AcDbEntity
  8
0
100
AcDbBlockEnd
  0
BLOCK
  5
8A6
330
8A5
100
AcDbEntity
  8
0
100
AcDbBlockBegin
  2
*D35
 70
     1
 10
0.0
 20
0.0
 30
0.0
  3
*D35
  1

  0
LINE
  5
915
330
8A5
100
AcDbEntity
  8
DET-COTAS
 62
     8
370
    -2
100
AcDbLine
 10
4.363266038688617
 20
5.652674639282656
 30
0.0
 11
4.363266038688617
 21
5.104246099750314
 31
0.0
  0
LINE
  5
916
330
8A5
100
AcDbEntity
  8
DET-COTAS
 62
     8
370
    -2
100
AcDbLine
 10
7.993817106890002
 20
5.652674639282656
 30
0.0
 11
7.993817106890002
 21
5.104246099750314
 31
0.0
  0
LINE
  5
917
330
8A5
100
AcDbEntity
  8
DET-COTAS
 62
     4
370
    -2
100
AcDbLine
 10
4.363266038688617
 20
5.204246099750314
 30
0.0
 11
7.993817106890002
 21
5.204246099750314
 31
0.0
  0
INSERT
  5
918
330
8A5
100
AcDbEntity
  8
DET-COTAS
 62
     4
370
    -2
100
AcDbBlockReference
  2
_Oblique
 10
4.363266038688617
 20
5.204246099750314
 30
0.0
 41
0.1
 42
0.1
 43
0.1
 50
180.0
  0
INSERT
  5
919
330
8A5
100
AcDbEntity
  8
DET-COTAS
 62
     4
370
    -2
100
AcDbBlockReference
  2
_Oblique
 10
7.993817106890002
 20
5.204246099750314
 30
0.0
 41
0.1
 42
0.1
 43
0.1
  0
MTEXT
  5
91A
330
8A5
100
AcDbEntity
  8
DET-COTAS
 62
     2
100
AcDbMText
 10
6.17854157278931
 20
5.404246099750313
 30
0.0
 40
0.2
 41
0.0
 46
0.0
 71
     5
 72
     1
  1
A
  7
Formato
 73
     1
 44
1.0
  0
POINT
  5
91B
330
8A5
100
AcDbEntity
  8
Defpoints
 62
     0
100
AcDbPoint
 10
4.363266038688617
 20
5.732674639282656
 30
0.0
  0
POINT
  5
91C
330
8A5
100
AcDbEntity
  8
Defpoints
 62
     0
100
AcDbPoint
 10
7.993817106890002
 20
5.732674639282656
 30
0.0
  0
POINT
  5
91D
330
8A5
100
AcDbEntity
  8
Defpoints
 62
     0
100
AcDbPoint
 10
7.993817106890002
 20
5.204246099750314
 30
0.0
  0
ENDBLK
  5
8A7
330
8A5
100
AcDbEntity
  8
0
100
AcDbBlockEnd
  0
BLOCK
  5
8B2
330
8B1
100
AcDbEntity
  8
0
100
AcDbBlockBegin
  2
*D36
 70
     1
 10
0.0
 20
0.0
 30
0.0
  3
*D36
  1

  0
LINE
  5
91E
330
8B1
100
AcDbEntity
  8
DET-COTAS
 62
     8
370
    -2
100
AcDbLine
 10
3.7299161324301
 20
11.52178258191076
 30
0.0
 11
2.174697119676385
 21
11.52178258191076
 31
0.0
  0
LINE
  5
91F
330
8B1
100
AcDbEntity
  8
DET-COTAS
 62
     8
370
    -2
100
AcDbLine
 10
3.335784955581567
 20
10.05679755361313
 30
0.0
 11
2.174697119676385
 21
10.05679755361313
 31
0.0
  0
LINE
  5
920
330
8B1
100
AcDbEntity
  8
DET-COTAS
 62
     4
370
    -2
100
AcDbLine
 10
2.274697119676385
 20
11.52178258191076
 30
0.0
 11
2.274697119676385
 21
10.05679755361313
 31
0.0
  0
INSERT
  5
921
330
8B1
100
AcDbEntity
  8
DET-COTAS
 62
     4
370
    -2
100
AcDbBlockReference
  2
_Oblique
 10
2.274697119676385
 20
11.52178258191076
 30
0.0
 41
0.1
 42
0.1
 43
0.1
 50
90.0
  0
INSERT
  5
922
330
8B1
100
AcDbEntity
  8
DET-COTAS
 62
     4
370
    -2
100
AcDbBlockReference
  2
_Oblique
 10
2.274697119676385
 20
10.05679755361313
 30
0.0
 41
0.1
 42
0.1
 43
0.1
 50
270.0
  0
MTEXT
  5
923
330
8B1
100
AcDbEntity
  8
DET-COTAS
 62
     2
100
AcDbMText
 10
2.074697119676386
 20
10.78929006776194
 30
0.0
 40
0.2
 41
0.0
 46
0.0
 71
     5
 72
     1
  1
D
  7
Formato
 11
0.0
 21
1.0
 31
0.0
 73
     1
 44
1.0
  0
POINT
  5
924
330
8B1
100
AcDbEntity
  8
Defpoints
 62
     0
100
AcDbPoint
 10
3.8099161324301
 20
11.52178258191076
 30
0.0
  0
POINT
  5
925
330
8B1
100
AcDbEntity
  8
Defpoints
 62
     0
100
AcDbPoint
 10
3.415784955581568
 20
10.05679755361313
 30
0.0
  0
POINT
  5
926
330
8B1
100
AcDbEntity
  8
Defpoints
 62
     0
100
AcDbPoint
 10
2.274697119676385
 20
10.05679755361313
 30
0.0
  0
ENDBLK
  5
8B3
330
8B1
100
AcDbEntity
  8
0
100
AcDbBlockEnd
  0
BLOCK
  5
8BE
330
8BD
100
AcDbEntity
  8
0
100
AcDbBlockBegin
  2
*D37
 70
     1
 10
0.0
 20
0.0
 30
0.0
  3
*D37
  1

  0
LINE
  5
927
330
8BD
100
AcDbEntity
  8
DET-COTAS
 62
     8
370
    -2
100
AcDbLine
 10
3.335784955581567
 20
10.05679755361313
 30
0.0
 11
2.174697119676385
 21
10.05679755361313
 31
0.0
  0
LINE
  5
928
330
8BD
100
AcDbEntity
  8
DET-COTAS
 62
     8
370
    -2
100
AcDbLine
 10
2.740438369672284
 20
6.985263482958423
 30
0.0
 11
2.174697119676385
 21
6.985263482958423
 31
0.0
  0
LINE
  5
929
330
8BD
100
AcDbEntity
  8
DET-COTAS
 62
     4
370
    -2
100
AcDbLine
 10
2.274697119676385
 20
10.05679755361313
 30
0.0
 11
2.274697119676385
 21
6.985263482958423
 31
0.0
  0
INSERT
  5
92A
330
8BD
100
AcDbEntity
  8
DET-COTAS
 62
     4
370
    -2
100
AcDbBlockReference
  2
_Oblique
 10
2.274697119676385
 20
10.05679755361313
 30
0.0
 41
0.1
 42
0.1
 43
0.1
 50
90.0
  0
INSERT
  5
92B
330
8BD
100
AcDbEntity
  8
DET-COTAS
 62
     4
370
    -2
100
AcDbBlockReference
  2
_Oblique
 10
2.274697119676385
 20
6.985263482958423
 30
0.0
 41
0.1
 42
0.1
 43
0.1
 50
270.0
  0
MTEXT
  5
92C
330
8BD
100
AcDbEntity
  8
DET-COTAS
 62
     2
100
AcDbMText
 10
2.074697119676386
 20
8.521030518285776
 30
0.0
 40
0.2
 41
0.0
 46
0.0
 71
     5
 72
     1
  1
B
  7
Formato
 11
0.0
 21
1.0
 31
0.0
 73
     1
 44
1.0
  0
POINT
  5
92D
330
8BD
100
AcDbEntity
  8
Defpoints
 62
     0
100
AcDbPoint
 10
3.415784955581568
 20
10.05679755361313
 30
0.0
  0
POINT
  5
92E
330
8BD
100
AcDbEntity
  8
Defpoints
 62
     0
100
AcDbPoint
 10
2.820438369672285
 20
6.985263482958423
 30
0.0
  0
POINT
  5
92F
330
8BD
100
AcDbEntity
  8
Defpoints
 62
     0
100
AcDbPoint
 10
2.274697119676385
 20
6.985263482958423
 30
0.0
  0
ENDBLK
  5
8BF
330
8BD
100
AcDbEntity
  8
0
100
AcDbBlockEnd
  0
BLOCK
  5
8CA
330
8C9
100
AcDbEntity
  8
0
100
AcDbBlockBegin
  2
*D38
 70
     1
 10
0.0
 20
0.0
 30
0.0
  3
*D38
  1

  0
LINE
  5
930
330
8C9
100
AcDbEntity
  8
DET-COTAS
 62
     8
370
    -2
100
AcDbLine
 10
2.740438369672284
 20
6.985263482958423
 30
0.0
 11
2.174697119676385
 21
6.985263482958423
 31
0.0
  0
LINE
  5
931
330
8C9
100
AcDbEntity
  8
DET-COTAS
 62
     8
370
    -2
100
AcDbLine
 10
2.740438369672284
 20
5.732674639282656
 30
0.0
 11
2.174697119676385
 21
5.732674639282656
 31
0.0
  0
LINE
  5
932
330
8C9
100
AcDbEntity
  8
DET-COTAS
 62
     4
370
    -2
100
AcDbLine
 10
2.274697119676385
 20
6.985263482958423
 30
0.0
 11
2.274697119676385
 21
5.732674639282656
 31
0.0
  0
INSERT
  5
933
330
8C9
100
AcDbEntity
  8
DET-COTAS
 62
     4
370
    -2
100
AcDbBlockReference
  2
_Oblique
 10
2.274697119676385
 20
6.985263482958423
 30
0.0
 41
0.1
 42
0.1
 43
0.1
 50
90.0
  0
INSERT
  5
934
330
8C9
100
AcDbEntity
  8
DET-COTAS
 62
     4
370
    -2
100
AcDbBlockReference
  2
_Oblique
 10
2.274697119676385
 20
5.732674639282656
 30
0.0
 41
0.1
 42
0.1
 43
0.1
 50
270.0
  0
MTEXT
  5
935
330
8C9
100
AcDbEntity
  8
DET-COTAS
 62
     2
100
AcDbMText
 10
2.074697119676386
 20
6.358969061120539
 30
0.0
 40
0.2
 41
0.0
 46
0.0
 71
     5
 72
     1
  1
D
  7
Formato
 11
0.0
 21
1.0
 31
0.0
 73
     1
 44
1.0
  0
POINT
  5
936
330
8C9
100
AcDbEntity
  8
Defpoints
 62
     0
100
AcDbPoint
 10
2.820438369672285
 20
6.985263482958423
 30
0.0
  0
POINT
  5
937
330
8C9
100
AcDbEntity
  8
Defpoints
 62
     0
100
AcDbPoint
 10
2.820438369672285
 20
5.732674639282656
 30
0.0
  0
POINT
  5
938
330
8C9
100
AcDbEntity
  8
Defpoints
 62
     0
100
AcDbPoint
 10
2.274697119676385
 20
5.732674639282656
 30
0.0
  0
ENDBLK
  5
8CB
330
8C9
100
AcDbEntity
  8
0
100
AcDbBlockEnd
  0
BLOCK
  5
8D6
330
8D5
100
AcDbEntity
  8
0
100
AcDbBlockBegin
  2
*D39
 70
     1
 10
0.0
 20
0.0
 30
0.0
  3
*D39
  1

  0
LINE
  5
939
330
8D5
100
AcDbEntity
  8
DET-COTAS
 62
     8
370
    -2
100
AcDbLine
 10
19.21158105184093
 20
11.73797178784286
 30
0.0
 11
18.70378375624446
 21
11.73797178784286
 31
0.0
  0
LINE
  5
93A
330
8D5
100
AcDbEntity
  8
DET-COTAS
 62
     8
370
    -2
100
AcDbLine
 10
19.21158105184093
 20
8.737971787841949
 30
0.0
 11
18.70378375624446
 21
8.737971787841949
 31
0.0
  0
LINE
  5
93B
330
8D5
100
AcDbEntity
  8
DET-COTAS
 62
     4
370
    -2
100
AcDbLine
 10
18.80378375624447
 20
11.73797178784286
 30
0.0
 11
18.80378375624447
 21
8.737971787841949
 31
0.0
  0
INSERT
  5
93C
330
8D5
100
AcDbEntity
  8
DET-COTAS
 62
     4
370
    -2
100
AcDbBlockReference
  2
_Oblique
 10
18.80378375624447
 20
11.73797178784286
 30
0.0
 41
0.1
 42
0.1
 43
0.1
 50
90.0
  0
INSERT
  5
93D
330
8D5
100
AcDbEntity
  8
DET-COTAS
 62
     4
370
    -2
100
AcDbBlockReference
  2
_Oblique
 10
18.80378375624447
 20
8.737971787841949
 30
0.0
 41
0.1
 42
0.1
 43
0.1
 50
270.0
  0
MTEXT
  5
93E
330
8D5
100
AcDbEntity
  8
DET-COTAS
 62
     2
100
AcDbMText
 10
18.60378375624447
 20
10.2379717878424
 30
0.0
 40
0.2
 41
0.0
 46
0.0
 71
     5
 72
     1
  1
H
  7
Formato
 11
0.0
 21
1.0
 31
0.0
 73
     1
 44
1.0
  0
POINT
  5
93F
330
8D5
100
AcDbEntity
  8
Defpoints
 62
     0
100
AcDbPoint
 10
19.29158105184093
 20
11.73797178784286
 30
0.0
  0
POINT
  5
940
330
8D5
100
AcDbEntity
  8
Defpoints
 62
     0
100
AcDbPoint
 10
19.29158105184093
 20
8.737971787841949
 30
0.0
  0
POINT
  5
941
330
8D5
100
AcDbEntity
  8
Defpoints
 62
     0
100
AcDbPoint
 10
18.80378375624447
 20
8.737971787841949
 30
0.0
  0
ENDBLK
  5
8D7
330
8D5
100
AcDbEntity
  8
0
100
AcDbBlockEnd
  0
BLOCK
  5
8E2
330
8E1
100
AcDbEntity
  8
0
100
AcDbBlockBegin
  2
*D40
 70
     1
 10
0.0
 20
0.0
 30
0.0
  3
*D40
  1

  0
LINE
  5
942
330
8E1
100
AcDbEntity
  8
DET-COTAS
 62
     8
370
    -2
100
AcDbLine
 10
19.21158105184093
 20
8.737971787841949
 30
0.0
 11
18.70378375624446
 21
8.737971787841949
 31
0.0
  0
LINE
  5
943
330
8E1
100
AcDbEntity
  8
DET-COTAS
 62
     8
370
    -2
100
AcDbLine
 10
19.21158105184093
 20
8.487971787841949
 30
0.0
 11
18.70378375624446
 21
8.487971787841949
 31
0.0
  0
LINE
  5
944
330
8E1
100
AcDbEntity
  8
DET-COTAS
 62
     4
370
    -2
100
AcDbLine
 10
18.80378375624447
 20
8.737971787841949
 30
0.0
 11
18.80378375624447
 21
8.487971787841949
 31
0.0
  0
LINE
  5
945
330
8E1
100
AcDbEntity
  8
DET-COTAS
 62
     4
370
    -2
100
AcDbLine
 10
18.80378375624447
 20
8.737971787841949
 30
0.0
 11
18.80378375624447
 21
8.837971787841949
 31
0.0
  0
LINE
  5
946
330
8E1
100
AcDbEntity
  8
DET-COTAS
 62
     4
370
    -2
100
AcDbLine
 10
18.80378375624447
 20
8.487971787841949
 30
0.0
 11
18.80378375624447
 21
8.38797178784195
 31
0.0
  0
INSERT
  5
947
330
8E1
100
AcDbEntity
  8
DET-COTAS
 62
     4
370
    -2
100
AcDbBlockReference
  2
_Oblique
 10
18.80378375624447
 20
8.737971787841949
 30
0.0
 41
0.1
 42
0.1
 43
0.1
 50
270.0
  0
INSERT
  5
948
330
8E1
100
AcDbEntity
  8
DET-COTAS
 62
     4
370
    -2
100
AcDbBlockReference
  2
_Oblique
 10
18.80378375624447
 20
8.487971787841949
 30
0.0
 41
0.1
 42
0.1
 43
0.1
 50
90.0
  0
MTEXT
  5
949
330
8E1
100
AcDbEntity
  8
DET-COTAS
 62
     2
100
AcDbMText
 10
18.59875316481007
 20
8.612971787841949
 30
0.0
 40
0.2
 41
0.0
 46
0.0
 71
     5
 72
     1
  1
10
  7
Formato
 11
0.0
 21
1.0
 31
0.0
 73
     1
 44
1.0
  0
POINT
  5
94A
330
8E1
100
AcDbEntity
  8
Defpoints
 62
     0
100
AcDbPoint
 10
19.29158105184093
 20
8.737971787841949
 30
0.0
  0
POINT
  5
94B
330
8E1
100
AcDbEntity
  8
Defpoints
 62
     0
100
AcDbPoint
 10
19.29158105184093
 20
8.487971787841949
 30
0.0
  0
POINT
  5
94C
330
8E1
100
AcDbEntity
  8
Defpoints
 62
     0
100
AcDbPoint
 10
18.80378375624447
 20
8.487971787841949
 30
0.0
  0
ENDBLK
  5
8E3
330
8E1
100
AcDbEntity
  8
0
100
AcDbBlockEnd
  0
BLOCK
  5
8F0
330
8EF
100
AcDbEntity
  8
0
100
AcDbBlockBegin
  2
*D41
 70
     1
 10
0.0
 20
0.0
 30
0.0
  3
*D41
  1

  0
LINE
  5
94D
330
8EF
100
AcDbEntity
  8
DET-COTAS
 62
     8
370
    -2
100
AcDbLine
 10
26.13275545184146
 20
11.73797178784286
 30
0.0
 11
26.78965875002316
 21
11.73797178784286
 31
0.0
  0
LINE
  5
94E
330
8EF
100
AcDbEntity
  8
DET-COTAS
 62
     8
370
    -2
100
AcDbLine
 10
26.13275545184146
 20
9.546834782686453
 30
0.0
 11
26.78965875002316
 21
9.546834782686453
 31
0.0
  0
LINE
  5
94F
330
8EF
100
AcDbEntity
  8
DET-COTAS
 62
     4
370
    -2
100
AcDbLine
 10
26.68965875002315
 20
11.73797178784286
 30
0.0
 11
26.68965875002315
 21
9.546834782686453
 31
0.0
  0
INSERT
  5
950
330
8EF
100
AcDbEntity
  8
DET-COTAS
 62
     4
370
    -2
100
AcDbBlockReference
  2
_Oblique
 10
26.68965875002315
 20
11.73797178784286
 30
0.0
 41
0.1
 42
0.1
 43
0.1
 50
90.0
  0
INSERT
  5
951
330
8EF
100
AcDbEntity
  8
DET-COTAS
 62
     4
370
    -2
100
AcDbBlockReference
  2
_Oblique
 10
26.68965875002315
 20
9.546834782686453
 30
0.0
 41
0.1
 42
0.1
 43
0.1
 50
270.0
  0
MTEXT
  5
952
330
8EF
100
AcDbEntity
  8
DET-COTAS
 62
     2
100
AcDbMText
 10
26.48714345430596
 20
10.64240328526465
 30
0.0
 40
0.2
 41
0.0
 46
0.0
 71
     5
 72
     1
  1
H-15
  7
Formato
 11
0.0
 21
1.0
 31
0.0
 73
     1
 44
1.0
  0
POINT
  5
953
330
8EF
100
AcDbEntity
  8
Defpoints
 62
     0
100
AcDbPoint
 10
26.05275545184146
 20
11.73797178784286
 30
0.0
  0
POINT
  5
954
330
8EF
100
AcDbEntity
  8
Defpoints
 62
     0
100
AcDbPoint
 10
26.05275545184146
 20
9.546834782686453
 30
0.0
  0
POINT
  5
955
330
8EF
100
AcDbEntity
  8
Defpoints
 62
     0
100
AcDbPoint
 10
26.68965875002315
 20
9.546834782686453
 30
0.0
  0
ENDBLK
  5
8F1
330
8EF
100
AcDbEntity
  8
0
100
AcDbBlockEnd
  0
BLOCK
  5
8FC
330
8FB
100
AcDbEntity
  8
0
100
AcDbBlockBegin
  2
*D42
 70
     1
 10
0.0
 20
0.0
 30
0.0
  3
*D42
  1

  0
LINE
  5
956
330
8FB
100
AcDbEntity
  8
DET-COTAS
 62
     8
370
    -2
100
AcDbLine
 10
21.28665901811035
 20
5.887058454615605
 30
0.0
 11
20.77886172251434
 21
5.887058454615605
 31
0.0
  0
LINE
  5
957
330
8FB
100
AcDbEntity
  8
DET-COTAS
 62
     8
370
    -2
100
AcDbLine
 10
21.28665901811035
 20
2.887058454614695
 30
0.0
 11
20.77886172251434
 21
2.887058454614695
 31
0.0
  0
LINE
  5
958
330
8FB
100
AcDbEntity
  8
DET-COTAS
 62
     4
370
    -2
100
AcDbLine
 10
20.87886172251434
 20
5.887058454615605
 30
0.0
 11
20.87886172251434
 21
2.887058454614695
 31
0.0
  0
INSERT
  5
959
330
8FB
100
AcDbEntity
  8
DET-COTAS
 62
     4
370
    -2
100
AcDbBlockReference
  2
_Oblique
 10
20.87886172251434
 20
5.887058454615605
 30
0.0
 41
0.1
 42
0.1
 43
0.1
 50
90.0
  0
INSERT
  5
95A
330
8FB
100
AcDbEntity
  8
DET-COTAS
 62
     4
370
    -2
100
AcDbBlockReference
  2
_Oblique
 10
20.87886172251434
 20
2.887058454614695
 30
0.0
 41
0.1
 42
0.1
 43
0.1
 50
270.0
  0
MTEXT
  5
95B
330
8FB
100
AcDbEntity
  8
DET-COTAS
 62
     2
100
AcDbMText
 10
20.67886172251434
 20
4.38705845461515
 30
0.0
 40
0.2
 41
0.0
 46
0.0
 71
     5
 72
     1
  1
H
  7
Formato
 11
0.0
 21
1.0
 31
0.0
 73
     1
 44
1.0
  0
POINT
  5
95C
330
8FB
100
AcDbEntity
  8
Defpoints
 62
     0
100
AcDbPoint
 10
21.36665901811035
 20
5.887058454615605
 30
0.0
  0
POINT
  5
95D
330
8FB
100
AcDbEntity
  8
Defpoints
 62
     0
100
AcDbPoint
 10
21.36665901811035
 20
2.887058454614695
 30
0.0
  0
POINT
  5
95E
330
8FB
100
AcDbEntity
  8
Defpoints
 62
     0
100
AcDbPoint
 10
20.87886172251434
 20
2.887058454614695
 30
0.0
  0
ENDBLK
  5
8FD
330
8FB
100
AcDbEntity
  8
0
100
AcDbBlockEnd
  0
BLOCK
  5
908
330
907
100
AcDbEntity
  8
0
100
AcDbBlockBegin
  2
*D43
 70
     1
 10
0.0
 20
0.0
 30
0.0
  3
*D43
  1

  0
LINE
  5
95F
330
907
100
AcDbEntity
  8
DET-COTAS
 62
     8
370
    -2
100
AcDbLine
 10
21.28665901811035
 20
2.887058454614695
 30
0.0
 11
20.77886172251434
 21
2.887058454614695
 31
0.0
  0
LINE
  5
960
330
907
100
AcDbEntity
  8
DET-COTAS
 62
     8
370
    -2
100
AcDbLine
 10
21.28665901811035
 20
2.637058454614695
 30
0.0
 11
20.77886172251434
 21
2.637058454614695
 31
0.0
  0
LINE
  5
961
330
907
100
AcDbEntity
  8
DET-COTAS
 62
     4
370
    -2
100
AcDbLine
 10
20.87886172251434
 20
2.887058454614695
 30
0.0
 11
20.87886172251434
 21
2.637058454614695
 31
0.0
  0
LINE
  5
962
330
907
100
AcDbEntity
  8
DET-COTAS
 62
     4
370
    -2
100
AcDbLine
 10
20.87886172251434
 20
2.887058454614695
 30
0.0
 11
20.87886172251434
 21
2.987058454614695
 31
0.0
  0
LINE
  5
963
330
907
100
AcDbEntity
  8
DET-COTAS
 62
     4
370
    -2
100
AcDbLine
 10
20.87886172251434
 20
2.637058454614695
 30
0.0
 11
20.87886172251434
 21
2.537058454614695
 31
0.0
  0
INSERT
  5
964
330
907
100
AcDbEntity
  8
DET-COTAS
 62
     4
370
    -2
100
AcDbBlockReference
  2
_Oblique
 10
20.87886172251434
 20
2.887058454614695
 30
0.0
 41
0.1
 42
0.1
 43
0.1
 50
270.0
  0
INSERT
  5
965
330
907
100
AcDbEntity
  8
DET-COTAS
 62
     4
370
    -2
100
AcDbBlockReference
  2
_Oblique
 10
20.87886172251434
 20
2.637058454614695
 30
0.0
 41
0.1
 42
0.1
 43
0.1
 50
90.0
  0
MTEXT
  5
966
330
907
100
AcDbEntity
  8
DET-COTAS
 62
     2
100
AcDbMText
 10
20.67383113107994
 20
2.762058454614695
 30
0.0
 40
0.2
 41
0.0
 46
0.0
 71
     5
 72
     1
  1
10
  7
Formato
 11
0.0
 21
1.0
 31
0.0
 73
     1
 44
1.0
  0
POINT
  5
967
330
907
100
AcDbEntity
  8
Defpoints
 62
     0
100
AcDbPoint
 10
21.36665901811035
 20
2.887058454614695
 30
0.0
  0
POINT
  5
968
330
907
100
AcDbEntity
  8
Defpoints
 62
     0
100
AcDbPoint
 10
21.36665901811035
 20
2.637058454614695
 30
0.0
  0
POINT
  5
969
330
907
100
AcDbEntity
  8
Defpoints
 62
     0
100
AcDbPoint
 10
20.87886172251434
 20
2.637058454614695
 30
0.0
  0
ENDBLK
  5
909
330
907
100
AcDbEntity
  8
0
100
AcDbBlockEnd
  0
ENDSEC
  0
SECTION
  2
ENTITIES
  0
TEXT
  5
76A
330
1F
100
AcDbEntity
  8
DET-TEXTO TÍTULO
100
AcDbText
 10
0.2393671997636027
 20
12.83834576191872
 30
0.0
 40
0.3
  1
ENCEPADO TIPO 2- 3 MICROPILOTES
  7
Formato
100
AcDbText
  0
MTEXT
  5
76B
330
1F
100
AcDbEntity
  8
DET-TEXTO
100
AcDbMText
 10
4.832477209705995
 20
12.13866587568906
 30
0.0
 40
0.2
 41
9.018641700436546
 46
0.0
 71
     1
 72
     5
  1
ARMADO INFERIOR
  7
CENTURY
 73
     1
 44
1.0
101
Embedded Object
 70
     1
 10
1.0
 20
0.0
 30
0.0
 11
4.832477209705995
 21
12.13866587568906
 31
0.0
 40
9.018641700436546
 41
0.0
 42
2.53704962610469
 43
0.2100611828687968
 71
     2
 72
     1
 44
9.018641700436546
 45
12.5
 73
     0
 74
     0
 46
-0.2100611828687968
1001
ACAD
1000
MTEXTBEGIN
1070
    73
1070
     1
1070
    44
1040
1.0
1070
    74
1070
     0
1000
MTEXTEND
  0
MTEXT
  5
76C
330
1F
100
AcDbEntity
  8
DET-TEXTO
100
AcDbMText
 10
13.18407219405595
 20
12.13866587568906
 30
0.0
 40
0.2
 41
9.018641700436546
 46
0.0
 71
     1
 72
     5
  1
ARMADO SUPERIOR
  7
CENTURY
 73
     1
 44
1.0
101
Embedded Object
 70
     1
 10
1.0
 20
0.0
 30
0.0
 11
13.18407219405595
 21
12.13866587568906
 31
0.0
 40
9.018641700436546
 41
0.0
 42
2.618898708361658
 43
0.2100611828687968
 71
     2
 72
     1
 44
9.018641700436546
 45
12.5
 73
     0
 74
     0
 46
-0.2100611828687968
1001
ACAD
1000
MTEXTBEGIN
1070
    73
1070
     1
1070
    44
1040
1.0
1070
    74
1070
     0
1000
MTEXTEND
  0
LWPOLYLINE
  5
76D
330
1F
100
AcDbEntity
  8
DET-TEXTO TÍTULO
100
AcDbPolyline
 90
        4
 70
     1
 43
0.0
 10
0.2235286433394883
 20
12.64054431971623
 10
29.52749292835394
 20
12.64054431971623
 10
29.52749292835394
 20
0.2281107732618395
 10
0.2235286433394883
 20
0.2281107732618395
  0
HATCH
  5
76E
330
1F
100
AcDbEntity
  8
0-CYPE4
100
AcDbHatch
 10
0.0
 20
0.0
 30
0.0
210
0.0
220
0.0
230
1.0
  2
SOLID
 70
     1
 71
     0
 91
        1
 92
        7
 72
     1
 73
     1
 93
        2
 10
21.66979941708202
 20
5.635914796801323
 42
1.0
 10
21.60310276163114
 20
5.635914796801323
 42
1.0
 97
        0
 75
     0
 76
     1
 47
0.0002564196014416
 98
        1
 10
21.62234021909286
 20
5.646171701022346
450
        0
451
        0
460
0.0
461
0.0
452
        1
462
1.0
453
        2
463
0.0
 63
     5
421
      255
463
1.0
 63
     7
421
 16777215
470
LINEAR
  0
HATCH
  5
76F
330
1F
100
AcDbEntity
  8
0-CYPE4
100
AcDbHatch
 10
0.0
 20
0.0
 30
0.0
210
0.0
220
0.0
230
1.0
  2
SOLID
 70
     1
 71
     0
 91
        1
 92
        7
 72
     1
 73
     1
 93
        2
 10
22.26418405614392
 20
5.635914796801323
 42
1.0
 10
22.19748740069305
 20
5.635914796801323
 42
1.0
 97
        0
 75
     0
 76
     1
 47
0.0002564196014416
 98
        1
 10
22.21672485815476
 20
5.646171701022346
450
        0
451
        0
460
0.0
461
0.0
452
        1
462
1.0
453
        2
463
0.0
 63
     5
421
      255
463
1.0
 63
     7
421
 16777215
470
LINEAR
  0
HATCH
  5
770
330
1F
100
AcDbEntity
  8
0-CYPE4
100
AcDbHatch
 10
0.0
 20
0.0
 30
0.0
210
0.0
220
0.0
230
1.0
  2
SOLID
 70
     1
 71
     0
 91
        1
 92
        7
 72
     1
 73
     1
 93
        2
 10
22.94973143902758
 20
5.635914796801323
 42
1.0
 10
22.88303478357672
 20
5.635914796801323
 42
1.0
 97
        0
 75
     0
 76
     1
 47
0.0002564196014416
 98
        1
 10
22.90227224104025
 20
5.646171701022346
450
        0
451
        0
460
0.0
461
0.0
452
        1
462
1.0
453
        2
463
0.0
 63
     5
421
      255
463
1.0
 63
     7
421
 16777215
470
LINEAR
  0
HATCH
  5
771
330
1F
100
AcDbEntity
  8
0-CYPE4
100
AcDbHatch
 10
0.0
 20
0.0
 30
0.0
210
0.0
220
0.0
230
1.0
  2
SOLID
 70
     1
 71
     0
 91
        1
 92
        7
 72
     1
 73
     1
 93
        2
 10
23.64986663559581
 20
5.635914796801323
 42
1.0
 10
23.58316998014494
 20
5.635914796801323
 42
1.0
 97
        0
 75
     0
 76
     1
 47
0.0002564196014416
 98
        1
 10
23.60240743760847
 20
5.646171701022346
450
        0
451
        0
460
0.0
461
0.0
452
        1
462
1.0
453
        2
463
0.0
 63
     5
421
      255
463
1.0
 63
     7
421
 16777215
470
LINEAR
  0
HATCH
  5
772
330
1F
100
AcDbEntity
  8
0-CYPE4
100
AcDbHatch
 10
0.0
 20
0.0
 30
0.0
210
0.0
220
0.0
230
1.0
  2
SOLID
 70
     1
 71
     0
 91
        1
 92
        7
 72
     1
 73
     1
 93
        2
 10
21.66979941708202
 20
3.174458471769746
 42
1.0
 10
21.60310276163114
 20
3.174458471769746
 42
1.0
 97
        0
 75
     0
 76
     1
 47
0.0002564196014416
 98
        1
 10
21.62234021909286
 20
3.164201567549632
450
        0
451
        0
460
0.0
461
0.0
452
        1
462
1.0
453
        2
463
0.0
 63
     5
421
      255
463
1.0
 63
     7
421
 16777215
470
LINEAR
  0
HATCH
  5
773
330
1F
100
AcDbEntity
  8
0-CYPE4
100
AcDbHatch
 10
0.0
 20
0.0
 30
0.0
210
0.0
220
0.0
230
1.0
  2
SOLID
 70
     1
 71
     0
 91
        1
 92
        7
 72
     1
 73
     1
 93
        2
 10
22.08869171653738
 20
3.174458471769746
 42
1.0
 10
22.02199506108651
 20
3.174458471769746
 42
1.0
 97
        0
 75
     0
 76
     1
 47
0.0002564196014416
 98
        1
 10
22.04123251854822
 20
3.164201567549632
450
        0
451
        0
460
0.0
461
0.0
452
        1
462
1.0
453
        2
463
0.0
 63
     5
421
      255
463
1.0
 63
     7
421
 16777215
470
LINEAR
  0
HATCH
  5
774
330
1F
100
AcDbEntity
  8
0-CYPE4
100
AcDbHatch
 10
0.0
 20
0.0
 30
0.0
210
0.0
220
0.0
230
1.0
  2
SOLID
 70
     1
 71
     0
 91
        1
 92
        7
 72
     1
 73
     1
 93
        2
 10
23.23480556175515
 20
3.167819083291639
 42
1.0
 10
23.16810890630428
 20
3.167819083291639
 42
1.0
 97
        0
 75
     0
 76
     1
 47
0.0002564196014416
 98
        1
 10
23.18734636376599
 20
3.157562179072435
450
        0
451
        0
460
0.0
461
0.0
452
        1
462
1.0
453
        2
463
0.0
 63
     5
421
      255
463
1.0
 63
     7
421
 16777215
470
LINEAR
  0
HATCH
  5
775
330
1F
100
AcDbEntity
  8
0-CYPE4
100
AcDbHatch
 10
0.0
 20
0.0
 30
0.0
210
0.0
220
0.0
230
1.0
  2
SOLID
 70
     1
 71
     0
 91
        1
 92
        7
 72
     1
 73
     1
 93
        2
 10
23.64986663559581
 20
3.174458471769746
 42
1.0
 10
23.58316998014494
 20
3.174458471769746
 42
1.0
 97
        0
 75
     0
 76
     1
 47
0.0002564196014416
 98
        1
 10
23.60240743760847
 20
3.164201567549632
450
        0
451
        0
460
0.0
461
0.0
452
        1
462
1.0
453
        2
463
0.0
 63
     5
421
      255
463
1.0
 63
     7
421
 16777215
470
LINEAR
  0
LINE
  5
776
330
1F
100
AcDbEntity
  8
0-CYPE4
100
AcDbLine
 10
6.624675670169619
 20
11.0341533984
 30
0.0
 11
9.193235183313174
 21
6.559251780786205
 31
0.0
  0
LINE
  5
777
330
1F
100
AcDbEntity
  8
0-CYPE4
100
AcDbLine
 10
6.014039256240959
 20
11.20700538246898
 30
0.0
 11
8.988582286096299
 21
6.09680185952299
 31
0.0
  0
LINE
  5
778
330
1F
100
AcDbEntity
  8
0-CYPE4
100
AcDbLine
 10
3.44932297004949
 20
6.227884971153677
 30
0.0
 11
8.85380900635597
 21
6.221221966354157
 31
0.0
  0
LINE
  5
779
330
1F
100
AcDbEntity
  8
0-CYPE4
100
AcDbLine
 10
3.071656859913002
 20
6.589787794366991
 30
0.0
 11
9.287846757965109
 21
6.568183949668188
 31
0.0
  0
LINE
  5
77A
330
1F
100
AcDbEntity
  8
0-CYPE4
100
AcDbLine
 10
5.300190120360877
 20
10.73252316500372
 30
0.0
 11
8.116439907697223
 21
5.896251439282302
 31
0.0
  0
LINE
  5
77B
330
1F
100
AcDbEntity
  8
0-CYPE4
100
AcDbLine
 10
7.057629750894431
 20
10.73127021472543
 30
0.0
 11
4.226559873324969
 21
5.896251439282302
 31
0.0
  0
LINE
  5
77C
330
1F
100
AcDbEntity
  8
DET-BORDE ESTRUCTURA
100
AcDbLine
 10
9.013872772790147
 20
5.732674639282656
 30
0.0
 11
3.343210372790291
 21
5.732674639282656
 31
0.0
  0
LINE
  5
77D
330
1F
100
AcDbEntity
  8
0-CYPE4
100
AcDbLine
 10
8.378450069011034
 20
5.896251439282302
 30
0.0
 11
3.978633076571224
 21
5.896251439282302
 31
0.0
  0
LINE
  5
77E
330
1F
100
AcDbEntity
  8
0-CYPE4
100
AcDbLine
 10
3.460823370738818
 20
7.431886905520393
 30
0.0
 11
8.803010042718835
 21
7.431886905520393
 31
0.0
  0
LINE
  5
77F
330
1F
100
AcDbEntity
  8
DET-BORDE ESTRUCTURA
100
AcDbLine
 10
9.559128772789573
 20
6.714135439283261
 30
0.0
 11
6.723797572787827
 21
11.52178258191076
 31
0.0
  0
LINE
  5
780
330
1F
100
AcDbEntity
  8
0-CYPE4
100
AcDbLine
 10
9.161690169196173
 20
7.152892031827711
 30
0.0
 11
6.961781672977178
 21
10.89427916062311
 31
0.0
  0
LINE
  5
781
330
1F
100
AcDbEntity
  8
0-CYPE4
100
AcDbLine
 10
5.857386650283171
 20
11.19035474476447
 30
0.0
 11
3.19307334507199
 21
6.640129772777861
 31
0.0
  0
LINE
  5
782
330
1F
100
AcDbEntity
  8
0-CYPE4
100
AcDbLine
 10
6.410301574280548
 20
11.28310736479385
 30
0.0
 11
3.380808397056409
 21
6.121120663339631
 31
0.0
  0
LINE
  5
783
330
1F
100
AcDbEntity
  8
DET-BORDE ESTRUCTURA
100
AcDbLine
 10
2.797954372789046
 20
6.714135439283261
 30
0.0
 11
5.633285572790793
 21
11.52178258191076
 31
0.0
  0
LINE
  5
784
330
1F
100
AcDbEntity
  8
0-CYPE4
100
AcDbLine
 10
3.195392976382446
 20
7.152892031827711
 30
0.0
 11
5.395301472603261
 21
10.89427916062311
 31
0.0
  0
ARC
  5
785
330
1F
100
AcDbEntity
  8
0-CYPE4
100
AcDbCircle
 10
3.978633076571224
 20
6.768661039282839
 30
0.0
 40
0.8724095999999997
100
AcDbArc
 50
153.8689994550602
 51
270.0
  0
LINE
  5
786
330
1F
100
AcDbEntity
  8
DET-BORDE ESTRUCTURA
100
AcDbLine
 10
3.343210372790291
 20
5.732674639282656
 30
0.0
 11
2.797954372789046
 21
6.714135439283261
 31
0.0
  0
ARC
  5
787
330
1F
100
AcDbEntity
  8
0-CYPE4
100
AcDbCircle
 10
6.178541572790219
 20
10.51004816807914
 30
0.0
 40
0.8724095999999997
100
AcDbArc
 50
26.13100054493971
 51
153.8689994550602
  0
LINE
  5
788
330
1F
100
AcDbEntity
  8
DET-BORDE ESTRUCTURA
100
AcDbLine
 10
5.633285572790793
 20
11.52178258191076
 30
0.0
 11
6.723797572787827
 21
11.52178258191076
 31
0.0
  0
LINE
  5
789
330
1F
100
AcDbEntity
  8
DET-BORDE ESTRUCTURA
100
AcDbLine
 10
9.013872772790147
 20
5.732674639282656
 30
0.0
 11
9.559128772789573
 21
6.714135439283261
 31
0.0
  0
ARC
  5
78A
330
1F
100
AcDbEntity
  8
0-CYPE4
100
AcDbCircle
 10
8.378450069011034
 20
6.768661039282839
 30
0.0
 40
0.8724095999999997
100
AcDbArc
 50
270.0
 51
26.13100054493971
  0
CIRCLE
  5
78B
330
1F
100
AcDbEntity
  8
DET-BORDE ESTRUCTURA
100
AcDbCircle
 10
4.363266038688617
 20
6.985263482958423
 30
0.0
 40
0.3626839952222114
  0
CIRCLE
  5
78C
330
1F
100
AcDbEntity
  8
DET-BORDE ESTRUCTURA
100
AcDbCircle
 10
4.363266038688617
 20
6.985263482958423
 30
0.0
 40
0.2376839952222114
  0
CIRCLE
  5
78D
330
1F
100
AcDbEntity
  8
DET-BORDE ESTRUCTURA
100
AcDbCircle
 10
6.178541572790219
 20
10.05679755361313
 30
0.0
 40
0.3626839952222114
  0
CIRCLE
  5
78E
330
1F
100
AcDbEntity
  8
DET-BORDE ESTRUCTURA
100
AcDbCircle
 10
6.178541572790219
 20
10.05679755361313
 30
0.0
 40
0.2376839952222114
  0
LINE
  5
78F
330
1F
100
AcDbEntity
  8
DET-BORDE ESTRUCTURA
100
AcDbLine
 10
11.64229974886781
 20
5.625470008698236
 30
0.0
 11
11.08694651650672
 21
6.625105826947098
 31
0.0
  0
LINE
  5
790
330
1F
100
AcDbEntity
  8
DET-BORDE ESTRUCTURA
100
AcDbLine
 10
11.08694651650672
 20
6.625105826947098
 30
0.0
 11
13.97478332478
 21
11.52178258191076
 31
0.0
  0
LINE
  5
791
330
1F
100
AcDbEntity
  8
DET-BORDE ESTRUCTURA
100
AcDbLine
 10
17.41797336541254
 20
5.625470008698236
 30
0.0
 11
11.64229974886781
 21
5.625470008698236
 31
0.0
  0
LINE
  5
792
330
1F
100
AcDbEntity
  8
0-CYPE4
100
AcDbLine
 10
11.37888536191509
 20
6.520267416686571
 30
0.0
 11
17.66968138113385
 21
6.518728590342895
 31
0.0
  0
LINE
  5
793
330
1F
100
AcDbEntity
  8
0-CYPE4
100
AcDbLine
 10
17.66968138113385
 20
6.630599208008668
 30
0.0
 11
14.92598195269398
 21
11.23345745793164
 31
0.0
  0
LINE
  5
794
330
1F
100
AcDbEntity
  8
DET-BORDE ESTRUCTURA
100
AcDbLine
 10
17.97332659777181
 20
6.625105826947098
 30
0.0
 11
15.08548978949853
 21
11.52178258191076
 31
0.0
  0
LINE
  5
795
330
1F
100
AcDbEntity
  8
0-CYPE4
100
AcDbLine
 10
12.5692578435062
 20
8.627714419447208
 30
0.0
 11
13.81575776810474
 21
7.88239838317974
 31
0.0
  0
LINE
  5
796
330
1F
100
AcDbEntity
  8
0-CYPE4
100
AcDbLine
 10
16.42473259239137
 20
5.889913347456847
 30
0.0
 11
13.71975386527061
 21
10.41384093699241
 31
0.0
  0
LINE
  5
797
330
1F
100
AcDbEntity
  8
0-CYPE4
100
AcDbLine
 10
12.62307925471374
 20
5.889913347456847
 30
0.0
 11
15.32805798183268
 21
10.41384093699241
 31
0.0
  0
LINE
  5
798
330
1F
100
AcDbEntity
  8
0-CYPE4
100
AcDbLine
 10
17.39641258661301
 20
5.980354336660518
 30
0.0
 11
14.28935783035537
 21
11.32389844713622
 31
0.0
  0
LINE
  5
799
330
1F
100
AcDbEntity
  8
0-CYPE4
100
AcDbLine
 10
11.37888536191509
 20
6.632138034352344
 30
0.0
 11
14.12182989441295
 21
11.23345745793164
 31
0.0
  0
LINE
  5
79A
330
1F
100
AcDbEntity
  8
0-CYPE4
100
AcDbLine
 10
11.61506973027077
 20
5.934438863686288
 30
0.0
 11
14.72212448652841
 21
11.27798297416017
 31
0.0
  0
LINE
  5
79B
330
1F
100
AcDbEntity
  8
0-CYPE4
100
AcDbLine
 10
17.22888465067059
 20
5.889913347456847
 30
0.0
 11
11.81892719643452
 21
5.889913347456847
 31
0.0
  0
LINE
  5
79C
330
1F
100
AcDbEntity
  8
0-CYPE4
100
AcDbLine
 10
11.73301154251181
 20
7.381838761128044
 30
0.0
 11
17.31547020000631
 21
7.380473205096556
 31
0.0
  0
LINE
  5
79D
330
1F
100
AcDbEntity
  8
0-CYPE4
100
AcDbLine
 10
13.21066493467493
 20
5.902263406473927
 30
0.0
 11
13.21102971539382
 21
7.393504510721747
 31
0.0
  0
LINE
  5
79E
330
1F
100
AcDbEntity
  8
0-CYPE4
100
AcDbLine
 10
14.09923007986777
 20
5.90204604964844
 30
0.0
 11
14.09959486058666
 21
7.39328715389626
 31
0.0
  0
LINE
  5
79F
330
1F
100
AcDbEntity
  8
0-CYPE4
100
AcDbLine
 10
14.9877952250588
 20
5.901828692822952
 30
0.0
 11
14.9881600057795
 21
7.393069797070772
 31
0.0
  0
LINE
  5
7A0
330
1F
100
AcDbEntity
  8
DET-BORDE ESTRUCTURA
100
AcDbLine
 10
13.97478332478
 20
11.52178258191076
 30
0.0
 11
15.08548978949853
 21
11.52178258191076
 31
0.0
  0
LINE
  5
7A1
330
1F
100
AcDbEntity
  8
0-CYPE4
100
AcDbLine
 10
13.48125795133616
 20
10.15298425173829
 30
0.0
 11
14.72775787593288
 21
9.407668215470827
 31
0.0
  0
LINE
  5
7A2
330
1F
100
AcDbEntity
  8
0-CYPE4
100
AcDbLine
 10
13.02525789742118
 20
9.390349335592752
 30
0.0
 11
14.27175782201972
 21
8.645033299325284
 31
0.0
  0
LINE
  5
7A3
330
1F
100
AcDbEntity
  8
DET-BORDE ESTRUCTURA
100
AcDbLine
 10
17.41797336541254
 20
5.625470008698236
 30
0.0
 11
17.97332659777181
 21
6.625105826947098
 31
0.0
  0
LINE
  5
7A4
330
1F
100
AcDbEntity
  8
DET-BORDE ESTRUCTURA
100
AcDbLine
 10
21.13189271774196
 20
9.546834782686225
 30
0.0
 11
21.13189271774196
 21
8.846854016668537
 31
0.0
  0
LINE
  5
7A5
330
1F
100
AcDbEntity
  8
DET-BORDE ESTRUCTURA
100
AcDbLine
 10
20.58189271774087
 20
9.546834782686225
 30
0.0
 11
20.58189271774087
 21
8.846854016668537
 31
0.0
  0
SPLINE
  5
7A6
330
1F
100
AcDbEntity
  8
DET-BORDE ESTRUCTURA
100
AcDbSpline
210
0.0
220
0.0
230
1.0
 70
     8
 71
     3
 72
    11
 73
     7
 74
     0
 42
0.000000001
 43
0.0000000001
 40
3.99441220135717
 40
3.99441220135717
 40
3.99441220135717
 40
3.99441220135717
 40
4.340058987027566
 40
4.961362047448588
 40
5.239504918467267
 40
5.453044804461654
 40
5.453044804461654
 40
5.453044804461654
 40
5.453044804461654
 10
21.3439835685656
 20
7.283587852023508
 30
0.0
 10
21.3334025337174
 20
7.398538182427152
 30
0.0
 10
21.31140349101021
 20
7.719844992368386
 30
0.0
 10
21.38807804088061
 20
8.1321074910337
 30
0.0
 10
21.38842374041884
 20
8.503870741191228
 30
0.0
 10
21.3729818989657
 20
8.667086498907217
 30
0.0
 10
21.36627544238059
 20
8.737971787841949
 30
0.0
  0
SPLINE
  5
7A7
330
1F
100
AcDbEntity
  8
DET-BORDE ESTRUCTURA
100
AcDbSpline
210
0.0
220
0.0
230
1.0
 70
     8
 71
     3
 72
     9
 73
     5
 74
     0
 42
0.000000001
 43
0.0000000001
 40
3.989001315188867
 40
3.989001315188867
 40
3.989001315188867
 40
3.989001315188867
 40
4.827652403110187
 40
5.446041529277433
 40
5.446041529277433
 40
5.446041529277433
 40
5.446041529277433
 10
20.36599216270157
 20
7.283587852023508
 30
0.0
 10
20.34293502055131
 20
7.562501291704045
 30
0.0
 10
20.28816097002597
 20
8.046810101541602
 30
0.0
 10
20.32493537686765
 20
8.532035183332361
 30
0.0
 10
20.34054297169701
 20
8.737971787841949
 30
0.0
  0
LINE
  5
7A8
330
1F
100
AcDbEntity
  8
FINO
100
AcDbLine
 10
20.33316673392643
 20
7.283587852023508
 30
0.0
 11
21.38149501297245
 21
7.283587852023508
 31
0.0
  0
LWPOLYLINE
  5
7A9
330
1F
100
AcDbEntity
  8
DET-BORDE ESTRUCTURA
100
AcDbPolyline
 90
        4
 70
     1
 43
0.0
 10
20.22750710360948
 20
8.796854016668355
 10
21.47750710360948
 20
8.796854016668355
 10
21.47750710360948
 20
8.846854016668537
 10
20.22750710360948
 20
8.846854016668537
  0
LINE
  5
7AA
330
1F
100
AcDbEntity
  8
DET-BORDE ESTRUCTURA
100
AcDbLine
 10
20.57750710360984
 20
9.146834782686589
 30
0.0
 11
20.22750710360948
 21
8.846854016668537
 31
0.0
  0
LINE
  5
7AB
330
1F
100
AcDbEntity
  8
DET-BORDE ESTRUCTURA
100
AcDbLine
 10
21.12750710360911
 20
9.146834782686589
 30
0.0
 11
21.47750710360948
 21
8.846854016668537
 31
0.0
  0
LINE
  5
7AC
330
1F
100
AcDbEntity
  8
DET-ARMADURAS
 62
     6
100
AcDbLine
 10
25.6578430187658
 20
8.945015125729121
 30
0.0
 11
19.6610631590686
 21
8.945015125729121
 31
0.0
  0
ARC
  5
7AD
330
1F
100
AcDbEntity
  8
DET-ARMADURAS
 62
     6
100
AcDbCircle
 10
19.6610631590686
 20
9.131504989728789
 30
0.0
 40
0.1864898640000027
100
AcDbArc
 50
180.0
 51
270.0
  0
LINE
  5
7AE
330
1F
100
AcDbEntity
  8
DET-ARMADURAS
 62
     6
100
AcDbLine
 10
19.47457329507075
 20
10.76930838632267
 30
0.0
 11
19.47457329506848
 21
9.131504989728789
 31
0.0
  0
LINE
  5
7AF
330
1F
100
AcDbEntity
  8
DET-BORDE ESTRUCTURA
100
AcDbLine
 10
19.29158105184093
 20
8.737971787841949
 30
0.0
 11
26.05275545184146
 21
8.737971787841949
 31
0.0
  0
LINE
  5
7B0
330
1F
100
AcDbEntity
  8
DET-BORDE ESTRUCTURA
100
AcDbLine
 10
26.05275545184146
 20
8.737971787841949
 30
0.0
 11
26.05275545184146
 21
11.73797178784286
 31
0.0
  0
LINE
  5
7B1
330
1F
100
AcDbEntity
  8
DET-BORDE ESTRUCTURA
100
AcDbLine
 10
19.29158105184093
 20
11.73797178784286
 30
0.0
 11
19.29158105184093
 21
8.737971787841949
 31
0.0
  0
LINE
  5
7B2
330
1F
100
AcDbEntity
  8
DET-BORDE ESTRUCTURA
100
AcDbLine
 10
20.34054297169701
 20
8.737971787841949
 30
0.0
 11
20.58189271774087
 21
8.737971787841949
 31
0.0
  0
LINE
  5
7B3
330
1F
100
AcDbEntity
  8
DET-BORDE ESTRUCTURA
100
AcDbLine
 10
21.36627544238059
 20
8.737971787841949
 30
0.0
 11
21.13189271774196
 21
8.737971787841949
 31
0.0
  0
LINE
  5
7B4
330
1F
100
AcDbEntity
  8
DET-BORDE ESTRUCTURA
100
AcDbLine
 10
20.58189271774087
 20
8.98799102182317
 30
0.0
 11
20.58189271774087
 21
7.283587852023508
 31
0.0
  0
LINE
  5
7B5
330
1F
100
AcDbEntity
  8
DET-BORDE ESTRUCTURA
100
AcDbLine
 10
21.13189271774196
 20
8.98799102182317
 30
0.0
 11
21.13189271774196
 21
7.283587852023508
 31
0.0
  0
LINE
  5
7B6
330
1F
100
AcDbEntity
  8
DET-ARMADURAS
 62
     6
100
AcDbLine
 10
25.58510803776177
 20
11.59386388156132
 30
0.0
 11
19.73379814007627
 21
11.59386388156132
 31
0.0
  0
ARC
  5
7B7
330
1F
100
AcDbEntity
  8
DET-ARMADURAS
 62
     6
100
AcDbCircle
 10
19.73379814007627
 20
11.40737401755984
 30
0.0
 40
0.1864898640000027
100
AcDbArc
 50
90.0
 51
180.0
  0
LINE
  5
7B8
330
1F
100
AcDbEntity
  8
DET-ARMADURAS
 62
     6
100
AcDbLine
 10
19.54730827607478
 20
9.463154104979018
 30
0.0
 11
19.54730827607478
 21
11.40737401755984
 31
0.0
  0
LINE
  5
7B9
102
{ACAD_REACTORS
330
870
102
}
330
1F
100
AcDbEntity
  8
DET-BORDE ESTRUCTURA
100
AcDbLine
 10
26.05275545184146
 20
11.73797178784286
 30
0.0
 11
19.29158105184093
 21
11.73797178784286
 31
0.0
  0
SOLID
  5
7BA
330
1F
100
AcDbEntity
  8
FINO
100
AcDbTrace
 10
20.15260991065066
 20
8.737971787841949
 30
0.0
 11
20.01760991065045
 21
8.737971787841949
 31
0.0
 12
20.08510991065147
 22
8.945015125729121
 32
0.0
 13
20.08510991065147
 23
8.945015125729121
 33
0.0
  0
SOLID
  5
7BB
330
1F
100
AcDbEntity
  8
FINO
100
AcDbTrace
 10
25.33410620659039
 20
8.737971787841949
 30
0.0
 11
25.19910620658835
 21
8.737971787841949
 31
0.0
 12
25.26660620658937
 22
8.945015125729121
 32
0.0
 13
25.26660620658937
 23
8.945015125729121
 33
0.0
  0
SOLID
  5
7BC
330
1F
100
AcDbEntity
  8
FINO
100
AcDbTrace
 10
25.33410620659039
 20
8.737971787841949
 30
0.0
 11
25.19910620658835
 21
8.737971787841949
 31
0.0
 12
25.26660620658937
 22
8.945015125729121
 32
0.0
 13
25.26660620658937
 23
8.945015125729121
 33
0.0
  0
LWPOLYLINE
  5
7BD
102
{ACAD_REACTORS
330
870
330
873
102
}
330
1F
100
AcDbEntity
  8
DET-BORDE ESTRUCTURA
100
AcDbPolyline
 90
        4
 70
     1
 43
0.0
 10
26.05275545184146
 20
8.737971787841949
 10
19.29158105184093
 20
8.737971787841949
 10
19.29158105184093
 20
8.487971787841949
 10
26.05275545184146
 20
8.487971787841949
  0
LINE
  5
7BE
330
1F
100
AcDbEntity
  8
DET-ARMADURAS
 62
     6
100
AcDbLine
 10
19.80079023240274
 20
11.63272405496615
 30
0.0
 11
19.80079023240274
 21
8.88000259189345
 31
0.0
  0
ARC
  5
7BF
330
1F
100
AcDbEntity
  8
DET-ARMADURAS
 62
     6
100
AcDbCircle
 10
25.6578430187658
 20
9.131504989728789
 30
0.0
 40
0.1864898640000027
100
AcDbArc
 50
270.0
 51
0.0
  0
LINE
  5
7C0
330
1F
100
AcDbEntity
  8
DET-ARMADURAS
 62
     6
100
AcDbLine
 10
25.84433288276547
 20
10.82408218774969
 30
0.0
 11
25.8443328827691
 21
9.131504989728789
 31
0.0
  0
ARC
  5
7C1
330
1F
100
AcDbEntity
  8
DET-ARMADURAS
 62
     6
100
AcDbCircle
 10
25.58510803776177
 20
11.40737401755984
 30
0.0
 40
0.1864898640000027
100
AcDbArc
 50
0.0
 51
90.0
  0
LINE
  5
7C2
330
1F
100
AcDbEntity
  8
DET-ARMADURAS
 62
     6
100
AcDbLine
 10
25.77159790175962
 20
9.463154104979018
 30
0.0
 11
25.77159790176144
 21
11.40737401755984
 31
0.0
  0
LINE
  5
7C3
330
1F
100
AcDbEntity
  8
DET-ARMADURAS
 62
     6
100
AcDbLine
 10
20.77180981908738
 20
11.63272405496615
 30
0.0
 11
20.77180981908738
 21
8.88000259189345
 31
0.0
  0
LINE
  5
7C4
330
1F
100
AcDbEntity
  8
DET-ARMADURAS
 62
     6
100
AcDbLine
 10
21.74282718742712
 20
11.63272405496615
 30
0.0
 11
21.74282718742712
 21
8.874491094044849
 31
0.0
  0
LINE
  5
7C5
330
1F
100
AcDbEntity
  8
DET-ARMADURAS
 62
     6
100
AcDbLine
 10
22.77180760074613
 20
11.63272405496615
 30
0.0
 11
22.77180760074613
 21
8.88000259189345
 31
0.0
  0
LINE
  5
7C6
330
1F
100
AcDbEntity
  8
DET-ARMADURAS
 62
     6
100
AcDbLine
 10
23.74282718742712
 20
11.63272405496615
 30
0.0
 11
23.74282718742712
 21
8.88000259189345
 31
0.0
  0
LINE
  5
7C7
330
1F
100
AcDbEntity
  8
DET-ARMADURAS
 62
     6
100
AcDbLine
 10
24.72833698076853
 20
11.63272405496615
 30
0.0
 11
24.72833698076853
 21
8.88000259189345
 31
0.0
  0
LINE
  5
7C8
330
1F
100
AcDbEntity
  8
DET-ARMADURAS
 62
     6
100
AcDbLine
 10
19.38771286223733
 20
9.158708120013095
 30
0.0
 11
25.92452467757745
 21
9.158708120013095
 31
0.0
  0
LINE
  5
7C9
330
1F
100
AcDbEntity
  8
DET-ARMADURAS
 62
     6
100
AcDbLine
 10
19.38771286223733
 20
9.483340424721852
 30
0.0
 11
25.92452467757745
 21
9.483340424721852
 31
0.0
  0
LINE
  5
7CA
330
1F
100
AcDbEntity
  8
DET-ARMADURAS
 62
     6
100
AcDbLine
 10
19.38771286223733
 20
10.65870812001309
 30
0.0
 11
25.92452467757745
 21
10.65870812001309
 31
0.0
  0
LINE
  5
7CB
330
1F
100
AcDbEntity
  8
DET-ARMADURAS
 62
     6
100
AcDbLine
 10
19.38771286223733
 20
11.40870812001309
 30
0.0
 11
25.92452467757745
 21
11.40870812001309
 31
0.0
  0
LINE
  5
7CC
330
1F
100
AcDbEntity
  8
DET-TEXTO LÍNEA
100
AcDbLine
 10
23.41957971708349
 20
11.96009191264135
 30
0.0
 11
24.3246607023723
 21
11.96009191264135
 31
0.0
  0
LINE
  5
7CD
330
1F
100
AcDbEntity
  8
DET-TEXTO LÍNEA
100
AcDbLine
 10
23.41957971708349
 20
11.96009191264135
 30
0.0
 11
23.41957971708349
 21
9.158708120013095
 31
0.0
  0
LINE
  5
7CE
330
1F
100
AcDbEntity
  8
DET-BORDE ESTRUCTURA
100
AcDbLine
 10
24.76244378594153
 20
9.546834782686225
 30
0.0
 11
24.76244378594153
 21
8.846854016668537
 31
0.0
  0
LINE
  5
7CF
330
1F
100
AcDbEntity
  8
DET-BORDE ESTRUCTURA
100
AcDbLine
 10
24.21244378594407
 20
9.546834782686225
 30
0.0
 11
24.21244378594407
 21
8.846854016668537
 31
0.0
  0
SPLINE
  5
7D0
330
1F
100
AcDbEntity
  8
DET-BORDE ESTRUCTURA
100
AcDbSpline
210
0.0
220
0.0
230
1.0
 70
     8
 71
     3
 72
    11
 73
     7
 74
     0
 42
0.000000001
 43
0.0000000001
 40
3.994412201357193
 40
3.994412201357193
 40
3.994412201357193
 40
3.994412201357193
 40
4.340058987027445
 40
4.961362047448307
 40
5.239504918466987
 40
5.453044804461374
 40
5.453044804461374
 40
5.453044804461374
 40
5.453044804461374
 10
24.97453463676699
 20
7.283587852023508
 30
0.0
 10
24.96395360191879
 20
7.398538182426925
 30
0.0
 10
24.94195455921205
 20
7.719844992368386
 30
0.0
 10
25.01862910907972
 20
8.1321074910337
 30
0.0
 10
25.01897480861841
 20
8.503870741191228
 30
0.0
 10
25.00353296716527
 20
8.667086498907217
 30
0.0
 10
24.99682651058016
 20
8.737971787841949
 30
0.0
  0
SPLINE
  5
7D1
330
1F
100
AcDbEntity
  8
DET-BORDE ESTRUCTURA
100
AcDbSpline
210
0.0
220
0.0
230
1.0
 70
     8
 71
     3
 72
     9
 73
     5
 74
     0
 42
0.000000001
 43
0.0000000001
 40
3.98900131518884
 40
3.98900131518884
 40
3.98900131518884
 40
3.98900131518884
 40
4.827652403110173
 40
5.446041529277508
 40
5.446041529277508
 40
5.446041529277508
 40
5.446041529277508
 10
23.99654323090068
 20
7.283587852023508
 30
0.0
 10
23.97348608875041
 20
7.562501291704045
 30
0.0
 10
23.91871203822508
 20
8.046810101541375
 30
0.0
 10
23.95548644506813
 20
8.532035183332361
 30
0.0
 10
23.9710940398984
 20
8.737971787841949
 30
0.0
  0
LINE
  5
7D2
330
1F
100
AcDbEntity
  8
FINO
100
AcDbLine
 10
23.96371780212918
 20
7.283587852023508
 30
0.0
 11
25.01204608117201
 21
7.283587852023508
 31
0.0
  0
LWPOLYLINE
  5
7D3
330
1F
100
AcDbEntity
  8
DET-BORDE ESTRUCTURA
100
AcDbPolyline
 90
        4
 70
     1
 43
0.0
 10
23.85805817180905
 20
8.796854016668355
 10
25.10805817180905
 20
8.796854016668355
 10
25.10805817180905
 20
8.846854016668537
 10
23.85805817180905
 20
8.846854016668537
  0
LINE
  5
7D4
330
1F
100
AcDbEntity
  8
DET-BORDE ESTRUCTURA
100
AcDbLine
 10
24.21244378594407
 20
9.146834782686589
 30
0.0
 11
23.85805817180905
 21
8.846854016668537
 31
0.0
  0
LINE
  5
7D5
330
1F
100
AcDbEntity
  8
DET-BORDE ESTRUCTURA
100
AcDbLine
 10
24.76244378594153
 20
9.146834782686589
 30
0.0
 11
25.10805817180905
 21
8.846854016668537
 31
0.0
  0
LINE
  5
7D6
330
1F
100
AcDbEntity
  8
DET-BORDE ESTRUCTURA
100
AcDbLine
 10
23.9710940398984
 20
8.737971787841949
 30
0.0
 11
24.21244378594407
 21
8.737971787841949
 31
0.0
  0
LINE
  5
7D7
330
1F
100
AcDbEntity
  8
DET-BORDE ESTRUCTURA
100
AcDbLine
 10
24.99682651058016
 20
8.737971787841949
 30
0.0
 11
24.76244378594153
 21
8.737971787841949
 31
0.0
  0
LINE
  5
7D8
330
1F
100
AcDbEntity
  8
DET-BORDE ESTRUCTURA
100
AcDbLine
 10
24.21244378594407
 20
8.98799102182317
 30
0.0
 11
24.21244378594407
 21
7.283587852023508
 31
0.0
  0
LINE
  5
7D9
330
1F
100
AcDbEntity
  8
DET-BORDE ESTRUCTURA
100
AcDbLine
 10
24.76244378594153
 20
8.98799102182317
 30
0.0
 11
24.76244378594153
 21
7.283587852023508
 31
0.0
  0
LINE
  5
7DA
330
1F
100
AcDbEntity
  8
DET-BORDE ESTRUCTURA
100
AcDbLine
 10
22.94716825184174
 20
9.546834782686225
 30
0.0
 11
22.94716825184174
 21
8.846854016668537
 31
0.0
  0
LINE
  5
7DB
330
1F
100
AcDbEntity
  8
DET-BORDE ESTRUCTURA
100
AcDbLine
 10
22.39716825184065
 20
9.546834782686225
 30
0.0
 11
22.39716825184065
 21
8.846854016668537
 31
0.0
  0
SPLINE
  5
7DC
330
1F
100
AcDbEntity
  8
DET-BORDE ESTRUCTURA
100
AcDbSpline
210
0.0
220
0.0
230
1.0
 70
     8
 71
     3
 72
    11
 73
     7
 74
     0
 42
0.000000001
 43
0.0000000001
 40
3.99441220135717
 40
3.99441220135717
 40
3.99441220135717
 40
3.99441220135717
 40
4.340058987027566
 40
4.961362047448588
 40
5.239504918467267
 40
5.453044804461654
 40
5.453044804461654
 40
5.453044804461654
 40
5.453044804461654
 10
23.15925910266539
 20
7.283587852023508
 30
0.0
 10
23.14867806781718
 20
7.398538182427152
 30
0.0
 10
23.12667902510999
 20
7.719844992368386
 30
0.0
 10
23.2033535749804
 20
8.1321074910337
 30
0.0
 10
23.20369927451862
 20
8.503870741191228
 30
0.0
 10
23.18825743306549
 20
8.667086498907217
 30
0.0
 10
23.18155097648038
 20
8.737971787841949
 30
0.0
  0
SPLINE
  5
7DD
330
1F
100
AcDbEntity
  8
DET-BORDE ESTRUCTURA
100
AcDbSpline
210
0.0
220
0.0
230
1.0
 70
     8
 71
     3
 72
     9
 73
     5
 74
     0
 42
0.000000001
 43
0.0000000001
 40
3.989001315188938
 40
3.989001315188938
 40
3.989001315188938
 40
3.989001315188938
 40
4.827652403110273
 40
5.446041529277608
 40
5.446041529277608
 40
5.446041529277608
 40
5.446041529277608
 10
22.1812676968009
 20
7.283587852023508
 30
0.0
 10
22.15821055465063
 20
7.562501291704045
 30
0.0
 10
22.1034365041253
 20
8.046810101541375
 30
0.0
 10
22.14021091096835
 20
8.532035183332361
 30
0.0
 10
22.15581850579862
 20
8.737971787841949
 30
0.0
  0
LINE
  5
7DE
330
1F
100
AcDbEntity
  8
FINO
100
AcDbLine
 10
22.14844226802621
 20
7.283587852023508
 30
0.0
 11
23.19677054707223
 21
7.283587852023508
 31
0.0
  0
LWPOLYLINE
  5
7DF
330
1F
100
AcDbEntity
  8
DET-BORDE ESTRUCTURA
100
AcDbPolyline
 90
        4
 70
     1
 43
0.0
 10
22.04278263770926
 20
8.796854016668355
 10
23.29278263770926
 20
8.796854016668355
 10
23.29278263770926
 20
8.846854016668537
 10
22.04278263770926
 20
8.846854016668537
  0
LINE
  5
7E0
330
1F
100
AcDbEntity
  8
DET-BORDE ESTRUCTURA
100
AcDbLine
 10
22.39716825184065
 20
9.146834782686589
 30
0.0
 11
22.04278263770926
 21
8.846854016668537
 31
0.0
  0
LINE
  5
7E1
330
1F
100
AcDbEntity
  8
DET-BORDE ESTRUCTURA
100
AcDbLine
 10
22.94716825184174
 20
9.146834782686589
 30
0.0
 11
23.29278263770926
 21
8.846854016668537
 31
0.0
  0
LINE
  5
7E2
330
1F
100
AcDbEntity
  8
DET-BORDE ESTRUCTURA
100
AcDbLine
 10
22.15581850579862
 20
8.737971787841949
 30
0.0
 11
22.39716825184065
 21
8.737971787841949
 31
0.0
  0
LINE
  5
7E3
330
1F
100
AcDbEntity
  8
DET-BORDE ESTRUCTURA
100
AcDbLine
 10
23.18155097648038
 20
8.737971787841949
 30
0.0
 11
22.94716825184174
 21
8.737971787841949
 31
0.0
  0
LINE
  5
7E4
330
1F
100
AcDbEntity
  8
DET-BORDE ESTRUCTURA
100
AcDbLine
 10
22.39716825184065
 20
8.98799102182317
 30
0.0
 11
22.39716825184065
 21
7.283587852023735
 31
0.0
  0
LINE
  5
7E5
330
1F
100
AcDbEntity
  8
DET-BORDE ESTRUCTURA
100
AcDbLine
 10
22.94716825184174
 20
8.98799102182317
 30
0.0
 11
22.94716825184174
 21
7.283587852023735
 31
0.0
  0
CIRCLE
  5
7E6
330
1F
100
AcDbEntity
  8
DET-BORDE ESTRUCTURA
100
AcDbCircle
 10
7.993817106890002
 20
6.985263482958423
 30
0.0
 40
0.3626839952222114
  0
CIRCLE
  5
7E7
330
1F
100
AcDbEntity
  8
DET-BORDE ESTRUCTURA
100
AcDbCircle
 10
7.993817106890002
 20
6.985263482958423
 30
0.0
 40
0.2376839952222114
  0
CIRCLE
  5
7E8
330
1F
100
AcDbEntity
  8
DET-BORDE ESTRUCTURA
100
AcDbCircle
 10
12.70476379068146
 20
6.985263482958423
 30
0.0
 40
0.3626839952222114
  0
CIRCLE
  5
7E9
330
1F
100
AcDbEntity
  8
DET-BORDE ESTRUCTURA
100
AcDbCircle
 10
12.70476379068146
 20
6.985263482958423
 30
0.0
 40
0.2376839952222114
  0
CIRCLE
  5
7EA
330
1F
100
AcDbEntity
  8
DET-BORDE ESTRUCTURA
100
AcDbCircle
 10
14.52003932478125
 20
10.05679755361313
 30
0.0
 40
0.3626839952222114
  0
CIRCLE
  5
7EB
330
1F
100
AcDbEntity
  8
DET-BORDE ESTRUCTURA
100
AcDbCircle
 10
14.52003932478125
 20
10.05679755361313
 30
0.0
 40
0.2376839952222114
  0
CIRCLE
  5
7EC
330
1F
100
AcDbEntity
  8
DET-BORDE ESTRUCTURA
100
AcDbCircle
 10
16.33531485888103
 20
6.985263482958423
 30
0.0
 40
0.3626839952222114
  0
CIRCLE
  5
7ED
330
1F
100
AcDbEntity
  8
DET-BORDE ESTRUCTURA
100
AcDbCircle
 10
16.33531485888103
 20
6.985263482958423
 30
0.0
 40
0.2376839952222114
  0
LINE
  5
7EE
330
1F
100
AcDbEntity
  8
DET-ARMADURAS
 62
     6
100
AcDbLine
 10
25.55430981709857
 20
11.63272405496615
 30
0.0
 11
25.55430981709857
 21
8.88000259189345
 31
0.0
  0
LWPOLYLINE
  5
7EF
330
1F
100
AcDbEntity
  8
DET-BORDE ESTRUCTURA
100
AcDbPolyline
 90
        4
 70
     1
 43
0.0
 10
21.36665901811035
 20
2.887058454614695
 10
23.86665901811035
 20
2.887058454614695
 10
23.86665901811035
 20
5.887058454615605
 10
21.36665901811035
 20
5.887058454615605
  0
LINE
  5
7F0
330
1F
100
AcDbEntity
  8
DET-BORDE ESTRUCTURA
100
AcDbLine
 10
22.34165901810889
 20
3.727362403741487
 30
0.0
 11
22.34165901810889
 21
3.027381637723799
 31
0.0
  0
LINE
  5
7F1
330
1F
100
AcDbEntity
  8
DET-BORDE ESTRUCTURA
100
AcDbLine
 10
22.89165901810999
 20
3.727362403741487
 30
0.0
 11
22.89165901810999
 21
3.027381637723799
 31
0.0
  0
SPLINE
  5
7F2
330
1F
100
AcDbEntity
  8
DET-BORDE ESTRUCTURA
100
AcDbSpline
210
0.0
220
0.0
230
1.0
 70
     8
 71
     3
 72
    11
 73
     7
 74
     0
 42
0.000000001
 43
0.0000000001
 40
3.919106110547746
 40
3.919106110547746
 40
3.919106110547746
 40
3.919106110547746
 40
4.340058987027056
 40
4.961362047447918
 40
5.239504918466605
 40
5.453044804461138
 40
5.453044804461138
 40
5.453044804461138
 40
5.453044804461138
 10
22.12234501126319
 20
1.357528696690103
 30
0.0
 10
22.13622803364684
 20
1.49757116059515
 30
0.0
 10
22.16678569917191
 20
1.843997068539799
 30
0.0
 10
22.08547369497661
 20
2.281194157806446
 30
0.0
 10
22.08512799542883
 20
2.652957407963974
 30
0.0
 10
22.10056983688424
 20
2.816173165679963
 30
0.0
 10
22.10727629347026
 20
2.887058454614695
 30
0.0
  0
SPLINE
  5
7F3
330
1F
100
AcDbEntity
  8
DET-BORDE ESTRUCTURA
100
AcDbSpline
210
0.0
220
0.0
230
1.0
 70
     8
 71
     3
 72
     9
 73
     5
 74
     0
 42
0.000000001
 43
0.0000000001
 40
3.913687916487686
 40
3.913687916487686
 40
3.913687916487686
 40
3.913687916487686
 40
4.827652403110004
 40
5.44604152927725
 40
5.44604152927725
 40
5.44604152927725
 40
5.44604152927725
 10
23.10158079117606
 20
1.357528696680553
 30
0.0
 10
23.12470965214994
 20
1.661523233205905
 30
0.0
 10
23.18729160942554
 20
2.170815820175782
 30
0.0
 10
23.14861635898548
 20
2.681121850105107
 30
0.0
 10
23.13300876415566
 20
2.887058454614695
 30
0.0
  0
LINE
  5
7F4
330
1F
100
AcDbEntity
  8
FINO
100
AcDbLine
 10
23.14038500192397
 20
1.357528696684191
 30
0.0
 11
22.09205672287977
 21
1.357528696684191
 31
0.0
  0
LWPOLYLINE
  5
7F5
330
1F
100
AcDbEntity
  8
DET-BORDE ESTRUCTURA
100
AcDbPolyline
 90
        4
 70
     1
 43
0.0
 10
23.24604463224501
 20
2.977381637723617
 10
21.99604463224501
 20
2.977381637723617
 10
21.99604463224501
 20
3.027381637723799
 10
23.24604463224501
 20
3.027381637723799
  0
LINE
  5
7F6
330
1F
100
AcDbEntity
  8
DET-BORDE ESTRUCTURA
100
AcDbLine
 10
22.89165901810999
 20
3.327362403741851
 30
0.0
 11
23.24604463224501
 21
3.027381637723799
 31
0.0
  0
LINE
  5
7F7
330
1F
100
AcDbEntity
  8
DET-BORDE ESTRUCTURA
100
AcDbLine
 10
22.34165901810889
 20
3.327362403741851
 30
0.0
 11
21.99604463224501
 21
3.027381637723799
 31
0.0
  0
LINE
  5
7F8
330
1F
100
AcDbEntity
  8
DET-BORDE ESTRUCTURA
100
AcDbLine
 10
23.13300876415566
 20
2.887058454614695
 30
0.0
 11
22.89165901810999
 21
2.887058454614695
 31
0.0
  0
LINE
  5
7F9
330
1F
100
AcDbEntity
  8
DET-BORDE ESTRUCTURA
100
AcDbLine
 10
22.10727629347026
 20
2.887058454614695
 30
0.0
 11
22.34165901810889
 21
2.887058454614695
 31
0.0
  0
LINE
  5
7FA
330
1F
100
AcDbEntity
  8
DET-BORDE ESTRUCTURA
100
AcDbLine
 10
22.89165901810999
 20
3.173334047936684
 30
0.0
 11
22.89165901810999
 21
1.357528696684191
 31
0.0
  0
LINE
  5
7FB
330
1F
100
AcDbEntity
  8
DET-BORDE ESTRUCTURA
100
AcDbLine
 10
22.34165901810889
 20
3.173334047936684
 30
0.0
 11
22.34165901810889
 21
1.357528696684191
 31
0.0
  0
LWPOLYLINE
  5
7FC
330
1F
100
AcDbEntity
  8
0-CYPE4
100
AcDbPolyline
 90
        8
 70
     1
 43
0.0
 10
21.66665901810962
 20
3.098314813956555
 10
23.56665901811108
 20
3.098314813956555
 42
0.4142135623730951
 10
23.69165901811108
 20
3.223314813956555
 10
23.69165901811108
 20
5.587058454615423
 42
0.4142135623730977
 10
23.56665901811108
 20
5.712058454615423
 10
21.66665901810962
 20
5.712058454615423
 42
0.4142135623730951
 10
21.54165901810962
 20
5.587058454615423
 10
21.54165901810962
 20
3.223314813956555
 42
0.4142135623730951
  0
LINE
  5
7FD
330
1F
100
AcDbEntity
  8
DET-TEXTO LÍNEA
100
AcDbLine
 10
23.61651830787129
 20
5.635914796801323
 30
0.0
 11
24.70346811726746
 21
5.635914796801323
 31
0.0
  0
LINE
  5
7FE
330
1F
100
AcDbEntity
  8
DET-TEXTO LÍNEA
100
AcDbLine
 10
23.61651830787129
 20
3.167206741946181
 30
0.0
 11
24.70346811726746
 21
3.167206741946181
 31
0.0
  0
LWPOLYLINE
  5
7FF
330
1F
100
AcDbEntity
  8
DET-BORDE ESTRUCTURA
100
AcDbPolyline
 90
        4
 70
     1
 43
0.0
 10
21.36665901811035
 20
2.887058454614695
 10
23.86665901811035
 20
2.887058454614695
 10
23.86665901811035
 20
2.637058454614695
 10
21.36665901811035
 20
2.637058454614695
  0
CIRCLE
  5
800
330
1F
100
AcDbEntity
  8
0-CYPE4
100
AcDbCircle
 10
21.63645108935567
 20
5.635914796801323
 30
0.0
 40
0.0333483277253777
  0
CIRCLE
  5
801
330
1F
100
AcDbEntity
  8
0-CYPE4
100
AcDbCircle
 10
22.23083572841939
 20
5.635914796801323
 30
0.0
 40
0.0333483277253777
  0
CIRCLE
  5
802
330
1F
100
AcDbEntity
  8
0-CYPE4
100
AcDbCircle
 10
22.91638311130306
 20
5.635914796801323
 30
0.0
 40
0.0333483277253777
  0
CIRCLE
  5
803
330
1F
100
AcDbEntity
  8
0-CYPE4
100
AcDbCircle
 10
23.61651830787129
 20
5.635914796801323
 30
0.0
 40
0.0333483277253777
  0
CIRCLE
  5
804
330
1F
100
AcDbEntity
  8
0-CYPE4
100
AcDbCircle
 10
21.63645108935567
 20
3.174458471769746
 30
0.0
 40
0.0333483277253777
  0
CIRCLE
  5
805
330
1F
100
AcDbEntity
  8
0-CYPE4
100
AcDbCircle
 10
22.05534338881285
 20
3.174458471769746
 30
0.0
 40
0.0333483277253777
  0
CIRCLE
  5
806
330
1F
100
AcDbEntity
  8
0-CYPE4
100
AcDbCircle
 10
23.20145723403062
 20
3.167819083291639
 30
0.0
 40
0.0333483277253777
  0
CIRCLE
  5
807
330
1F
100
AcDbEntity
  8
0-CYPE4
100
AcDbCircle
 10
23.61651830787129
 20
3.174458471769746
 30
0.0
 40
0.0333483277253777
  0
LINE
  5
808
330
1F
100
AcDbEntity
  8
0-CYPE4
100
AcDbLine
 10
3.027273307569213
 20
6.653600155066548
 30
0.0
 11
7.794948264720243
 21
9.465357581607229
 31
0.0
  0
LINE
  5
809
330
1F
100
AcDbEntity
  8
0-CYPE4
100
AcDbLine
 10
3.414798982418016
 20
5.993796192085817
 30
0.0
 11
8.192550283933325
 21
8.788397563235655
 31
0.0
  0
LINE
  5
80A
330
1F
100
AcDbEntity
  8
0-CYPE4
100
AcDbLine
 10
9.271471162392355
 20
6.682759850672361
 30
0.0
 11
4.503796205243144
 21
9.494517277213041
 31
0.0
  0
LINE
  5
80B
330
1F
100
AcDbEntity
  8
0-CYPE4
100
AcDbLine
 10
8.914325622043417
 20
5.976947709224866
 30
0.0
 11
4.146650664894206
 21
8.788705135763727
 31
0.0
  0
LINE
  5
80C
330
1F
100
AcDbEntity
  8
0-CYPE4
100
AcDbLine
 10
6.598741955849856
 20
11.38245776807877
 30
0.0
 11
6.598741955849856
 21
5.896251439282302
 31
0.0
  0
LINE
  5
80D
330
1F
100
AcDbEntity
  8
0-CYPE4
100
AcDbLine
 10
5.758342474822949
 20
11.38245776807877
 30
0.0
 11
5.758342474822949
 21
5.896251439282302
 31
0.0
  0
LINE
  5
80E
330
1F
100
AcDbEntity
  8
DET-COTAS
100
AcDbLine
 10
2.274697119670474
 20
8.596782581910581
 30
0.0
 11
2.274697119670474
 21
5.807674639282474
 31
0.0
  0
LINE
  5
80F
330
1F
100
AcDbEntity
  8
DET-COTAS
100
AcDbLine
 10
2.274697119670474
 20
8.596782581910581
 30
0.0
 11
2.274697119670474
 21
11.44678258191185
 31
0.0
  0
LINE
  5
810
330
1F
100
AcDbEntity
  8
DET-ARMADURAS
 62
     6
100
AcDbLine
 10
19.38771286223733
 20
9.908708120014004
 30
0.0
 11
25.92452467757745
 21
9.908708120014004
 31
0.0
  0
LINE
  5
811
330
1F
100
AcDbEntity
  8
DET-TEXTO LÍNEA
100
AcDbLine
 10
5.285447914490088
 20
7.628665345048709
 30
0.0
 11
3.385368845871436
 21
8.748930722011998
 31
0.0
  0
LINE
  5
812
330
1F
100
AcDbEntity
  8
DET-TEXTO LÍNEA
100
AcDbLine
 10
3.385368845871436
 20
8.748930722011998
 30
0.0
 11
2.557578545555099
 21
8.748930722011998
 31
0.0
  0
LINE
  5
813
330
1F
100
AcDbEntity
  8
DET-TEXTO LÍNEA
100
AcDbLine
 10
4.101863894408108
 20
8.264795981938611
 30
0.0
 11
4.219421460875548
 21
8.320373786128463
 31
0.0
  0
LINE
  5
814
330
1F
100
AcDbEntity
  8
DET-TEXTO LÍNEA
100
AcDbLine
 10
4.469725539995362
 20
8.048903456458781
 30
0.0
 11
4.587283106464621
 21
8.104481260648633
 31
0.0
  0
LINE
  5
815
330
1F
100
AcDbEntity
  8
DET-TEXTO LÍNEA
100
AcDbLine
 10
5.195844824178731
 20
7.624232501061548
 30
0.0
 11
5.313402390646171
 21
7.679810305250491
 31
0.0
  0
LINE
  5
816
330
1F
100
AcDbEntity
  8
DET-TEXTO LÍNEA
100
AcDbLine
 10
5.049691521079022
 20
8.157114108583179
 30
0.0
 11
5.633994186275469
 21
9.148792818604185
 31
0.0
  0
LINE
  5
817
330
1F
100
AcDbEntity
  8
DET-TEXTO LÍNEA
100
AcDbLine
 10
5.633994186275469
 20
9.148792818604185
 30
0.0
 11
4.335119249261207
 21
9.91481006665969
 31
0.0
  0
LINE
  5
818
330
1F
100
AcDbEntity
  8
DET-TEXTO LÍNEA
100
AcDbLine
 10
4.335119249261207
 20
9.91481006665969
 30
0.0
 11
3.685984940284708
 21
9.91481006665969
 31
0.0
  0
LINE
  5
819
330
1F
100
AcDbEntity
  8
DET-TEXTO LÍNEA
100
AcDbLine
 10
5.034969247193895
 20
8.204103026836371
 30
0.0
 11
5.152526813663154
 21
8.259680831026223
 31
0.0
  0
LINE
  5
81A
330
1F
100
AcDbEntity
  8
DET-TEXTO LÍNEA
100
AcDbLine
 10
5.435694394387848
 20
8.884213902093385
 30
0.0
 11
5.553251960857107
 21
8.939791706284147
 31
0.0
  0
LINE
  5
81B
330
1F
100
AcDbEntity
  8
DET-TEXTO LÍNEA
100
AcDbLine
 10
23.4945797170824
 20
9.408340424721579
 30
0.0
 11
23.34457971708458
 21
9.558340424722125
 31
0.0
  0
LINE
  5
81C
330
1F
100
AcDbEntity
  8
DET-TEXTO LÍNEA
100
AcDbLine
 10
8.378450069011034
 20
5.896251439282302
 30
0.0
 11
8.737593484929004
 21
5.204246099750314
 31
0.0
  0
LINE
  5
81D
330
1F
100
AcDbEntity
  8
DET-TEXTO LÍNEA
100
AcDbLine
 10
8.737593484929004
 20
5.204246099750314
 30
0.0
 11
9.560895561336348
 21
5.204246099750314
 31
0.0
  0
LINE
  5
81E
330
1F
100
AcDbEntity
  8
DET-TEXTO LÍNEA
100
AcDbLine
 10
23.69165901811108
 20
4.39486761387058
 30
0.0
 11
24.70346811726746
 21
4.39486761387058
 31
0.0
  0
LINE
  5
81F
330
1F
100
AcDbEntity
  8
DET-TEXTO LÍNEA
100
AcDbLine
 10
12.35178966300169
 20
7.658967254829683
 30
0.0
 11
14.00117473821389
 21
10.43954185832341
 31
0.0
  0
LINE
  5
820
330
1F
100
AcDbEntity
  8
DET-TEXTO LÍNEA
100
AcDbLine
 10
14.00117473821389
 20
10.43954185832341
 30
0.0
 11
12.70229980119962
 21
11.20555910637892
 31
0.0
  0
LINE
  5
821
330
1F
100
AcDbEntity
  8
DET-TEXTO LÍNEA
100
AcDbLine
 10
12.70229980119962
 20
11.20555910637892
 30
0.0
 11
12.05316549222313
 21
11.20555910637892
 31
0.0
  0
LINE
  5
822
330
1F
100
AcDbEntity
  8
DET-TEXTO LÍNEA
100
AcDbLine
 10
12.76903704529992
 20
8.451674125403648
 30
0.0
 11
12.90116240482872
 21
8.486845147463888
 31
0.0
  0
LINE
  5
823
330
1F
100
AcDbEntity
  8
DET-TEXTO LÍNEA
100
AcDbLine
 10
13.22194716484752
 20
9.215795949283226
 30
0.0
 11
13.35407252437631
 21
9.250966971344375
 31
0.0
  0
LINE
  5
824
330
1F
100
AcDbEntity
  8
DET-TEXTO LÍNEA
100
AcDbLine
 10
13.67349667876784
 20
9.98091859840121
 30
0.0
 11
13.80562203829664
 21
10.01608962046236
 31
0.0
  0
LINE
  5
825
330
1F
100
AcDbEntity
  8
DET-TEXTO LÍNEA
100
AcDbLine
 10
14.05821848257416
 20
8.028329926097164
 30
0.0
 11
12.1581394139555
 21
9.148595303061362
 31
0.0
  0
LINE
  5
826
330
1F
100
AcDbEntity
  8
DET-TEXTO LÍNEA
100
AcDbLine
 10
12.1581394139555
 20
9.148595303061362
 30
0.0
 11
11.33034911363735
 21
9.148595303061362
 31
0.0
  0
LINE
  5
827
330
1F
100
AcDbEntity
  8
DET-TEXTO LÍNEA
100
AcDbLine
 10
13.87525106746376
 20
8.079670140093064
 30
0.0
 11
14.00737642699256
 21
8.114841162153304
 31
0.0
  0
LINE
  5
828
330
1F
100
AcDbEntity
  8
DET-TEXTO LÍNEA
100
AcDbLine
 10
13.08092024661324
 20
8.547998711863208
 30
0.0
 11
13.21304560614022
 21
8.583169733924357
 31
0.0
  0
LINE
  5
829
330
1F
100
AcDbEntity
  8
DET-TEXTO LÍNEA
100
AcDbLine
 10
12.62457956179584
 20
8.817052077979376
 30
0.0
 11
12.75670492132463
 21
8.852223100039616
 31
0.0
  0
LINE
  5
82A
330
1F
100
AcDbEntity
  8
DET-TEXTO
100
AcDbLine
 10
2.033921745867029
 20
0.8349521188814534
 30
0.0
 11
2.033921745867029
 21
3.627043941902563
 31
0.0
  0
LINE
  5
82B
330
1F
100
AcDbEntity
  8
DET-TEXTO
100
AcDbLine
 10
2.033921745867029
 20
3.627043941902563
 30
0.0
 11
16.77361620201487
 21
3.627043941902563
 31
0.0
  0
LINE
  5
82C
330
1F
100
AcDbEntity
  8
DET-TEXTO
100
AcDbLine
 10
2.033921745867029
 20
2.196152172247245
 30
0.0
 11
16.77361620201487
 21
2.196152172247245
 31
0.0
  0
TEXT
  5
82D
330
1F
100
AcDbEntity
  8
DET-TEXTO
100
AcDbText
 10
7.275397759839858
 20
3.863733003183703
 30
0.0
 40
0.26
  1
ENCEPADO 3 MICROPILOTES
  7
Estructura
 72
     1
 11
9.75874242333408
 21
3.863733003183703
 31
0.0
100
AcDbText
  0
TEXT
  5
82E
330
1F
100
AcDbEntity
  8
DET-TEXTO
100
AcDbText
 10
3.114086918365457
 20
2.628923819176058
 30
0.0
 40
0.256
  1
%%c (mm)
  7
Estructura
 72
     1
 11
3.784020297019434
 21
2.628923819176058
 31
0.0
100
AcDbText
  0
TEXT
  5
82F
330
1F
100
AcDbEntity
  8
DET-TEXTO
100
AcDbText
 10
3.755556254954474
 20
1.369997309391116
 30
0.0
 40
0.256
  1
180
  7
Estructura
 72
     1
 11
4.051844494247472
 21
1.369997309391116
 31
0.0
100
AcDbText
  0
LINE
  5
830
330
1F
100
AcDbEntity
  8
DET-TEXTO
100
AcDbLine
 10
3.044680192456564
 20
1.460118875329833
 30
0.0
 11
3.411434731971223
 21
1.460118875329833
 31
0.0
  0
LINE
  5
831
330
1F
100
AcDbEntity
  8
DET-TEXTO
100
AcDbLine
 10
3.240614817973675
 20
1.67196627990085
 30
0.0
 11
3.240614817973675
 21
1.226259064488083
 31
0.0
  0
LINE
  5
832
330
1F
100
AcDbEntity
  8
DET-TEXTO
100
AcDbLine
 10
3.582599381173405
 20
1.460118875329833
 30
0.0
 11
2.898630254773944
 21
1.460118875329833
 31
0.0
  0
CIRCLE
  5
833
330
1F
100
AcDbEntity
  8
DET-TEXTO
100
AcDbCircle
 10
3.240614817973675
 20
1.460118875329833
 30
0.0
 40
0.2564884223999999
  0
LINE
  5
834
330
1F
100
AcDbEntity
  8
DET-TEXTO
100
AcDbLine
 10
3.240614817973675
 20
1.859649817883443
 30
0.0
 11
3.240614817973675
 21
1.089635598529973
 31
0.0
  0
TEXT
  5
835
330
1F
100
AcDbEntity
  8
DET-TEXTO
100
AcDbText
 10
2.472217651738108
 20
3.060586276221663
 30
0.0
 40
0.256
  1
MICROPILOTE
  7
Estructura
 72
     1
 11
3.638575231615742
 21
3.060586276221663
 31
0.0
100
AcDbText
  0
LINE
  5
836
330
1F
100
AcDbEntity
  8
DET-TEXTO
100
AcDbLine
 10
5.222465702204555
 20
0.8349521188814534
 30
0.0
 11
5.222465702204555
 21
3.627043941902563
 31
0.0
  0
TEXT
  5
837
330
1F
100
AcDbEntity
  8
DET-TEXTO
100
AcDbText
 10
5.417186513933705
 20
2.628923819176058
 30
0.0
 40
0.256
  1
(cm)
  7
Estructura
 72
     1
 11
5.831206908223304
 21
2.628923819176058
 31
0.0
100
AcDbText
  0
TEXT
  5
838
330
1F
100
AcDbEntity
  8
DET-TEXTO
100
AcDbText
 10
5.672063393903767
 20
3.060586276221663
 30
0.0
 40
0.256
  1
H
  7
Estructura
 72
     1
 11
5.793798268138981
 21
3.060586276221663
 31
0.0
100
AcDbText
  0
LINE
  5
839
330
1F
100
AcDbEntity
  8
DET-TEXTO
100
AcDbLine
 10
2.033921745867029
 20
0.8349521188814534
 30
0.0
 11
16.77361620201487
 21
0.8349521188814534
 31
0.0
  0
TEXT
  5
83A
330
1F
100
AcDbEntity
  8
DET-TEXTO
100
AcDbText
 10
5.576198077290708
 20
1.369997309391116
 30
0.0
 40
0.256
  1
95
  7
Estructura
 72
     1
 11
5.773723570152707
 21
1.369997309391116
 31
0.0
100
AcDbText
  0
LINE
  5
83B
330
1F
100
AcDbEntity
  8
DET-TEXTO
100
AcDbLine
 10
6.428290832030381
 20
3.627043941902563
 30
0.0
 11
6.428290832030381
 21
0.8349521188814534
 31
0.0
  0
TEXT
  5
83C
330
1F
100
AcDbEntity
  8
DET-TEXTO
100
AcDbText
 10
6.62301164375953
 20
2.628923819176058
 30
0.0
 40
0.256
  1
(cm)
  7
Estructura
 72
     1
 11
7.03703203804913
 21
2.628923819176058
 31
0.0
100
AcDbText
  0
TEXT
  5
83D
330
1F
100
AcDbEntity
  8
DET-TEXTO
100
AcDbText
 10
6.867794709997438
 20
3.060586276221663
 30
0.0
 40
0.256
  1
A
  7
Estructura
 72
     1
 11
6.999623397964807
 21
3.060586276221663
 31
0.0
100
AcDbText
  0
TEXT
  5
83E
330
1F
100
AcDbEntity
  8
DET-TEXTO
100
AcDbText
 10
6.782023207120172
 20
1.369997309391116
 30
0.0
 40
0.256
  1
70
  7
Estructura
 72
     1
 11
6.979548699982171
 21
1.369997309391116
 31
0.0
100
AcDbText
  0
LINE
  5
83F
330
1F
100
AcDbEntity
  8
DET-TEXTO
100
AcDbLine
 10
7.634115961856206
 20
3.627043941902563
 30
0.0
 11
7.634115961856206
 21
0.8349521188814534
 31
0.0
  0
TEXT
  5
840
330
1F
100
AcDbEntity
  8
DET-TEXTO
100
AcDbText
 10
7.828836773585356
 20
2.628923819176058
 30
0.0
 40
0.256
  1
(cm)
  7
Estructura
 72
     1
 11
8.242857167874955
 21
2.628923819176058
 31
0.0
100
AcDbText
  0
TEXT
  5
841
330
1F
100
AcDbEntity
  8
DET-TEXTO
100
AcDbText
 10
8.10311814029913
 20
3.060586276221663
 30
0.0
 40
0.256
  1
B
  7
Estructura
 72
     1
 11
8.205448527790633
 21
3.060586276221663
 31
0.0
100
AcDbText
  0
TEXT
  5
842
330
1F
100
AcDbEntity
  8
DET-TEXTO
100
AcDbText
 10
7.987848336944178
 20
1.369997309391116
 30
0.0
 40
0.256
  1
60
  7
Estructura
 72
     1
 11
8.185373829806177
 21
1.369997309391116
 31
0.0
100
AcDbText
  0
LINE
  5
843
330
1F
100
AcDbEntity
  8
DET-TEXTO
100
AcDbLine
 10
8.839941091683851
 20
3.627043941902563
 30
0.0
 11
8.839941091683851
 21
0.8349521188814534
 31
0.0
  0
TEXT
  5
844
330
1F
100
AcDbEntity
  8
DET-TEXTO
100
AcDbText
 10
9.034661903411182
 20
2.628923819176058
 30
0.0
 40
0.256
  1
(cm)
  7
Estructura
 72
     1
 11
9.448682297700781
 21
2.628923819176058
 31
0.0
100
AcDbText
  0
TEXT
  5
845
330
1F
100
AcDbEntity
  8
DET-TEXTO
100
AcDbText
 10
9.278661828928491
 20
3.060586276221663
 30
0.0
 40
0.256
  1
D
  7
Estructura
 72
     1
 11
9.411273657616458
 21
3.060586276221663
 31
0.0
100
AcDbText
  0
TEXT
  5
846
330
1F
100
AcDbEntity
  8
DET-TEXTO
100
AcDbText
 10
9.193673466770004
 20
1.369997309391116
 30
0.0
 40
0.256
  1
35
  7
Estructura
 72
     1
 11
9.391198959632003
 21
1.369997309391116
 31
0.0
100
AcDbText
  0
LINE
  5
847
330
1F
100
AcDbEntity
  8
DET-TEXTO
100
AcDbLine
 10
10.04576622150786
 20
3.627043941902563
 30
0.0
 11
10.04576622150786
 21
0.8349521188814534
 31
0.0
  0
TEXT
  5
848
330
1F
100
AcDbEntity
  8
DET-TEXTO
100
AcDbText
 10
10.45707478899998
 20
3.059828843295115
 30
0.0
 40
0.256
  1
As1
  7
Estructura
 72
     1
 11
10.75684365371786
 21
3.059828843295115
 31
0.0
100
AcDbText
  0
LINE
  5
849
330
1F
100
AcDbEntity
  8
DET-TEXTO
100
AcDbLine
 10
11.39133621760926
 20
3.627043941902563
 30
0.0
 11
11.39133621760926
 21
0.8349521188814534
 31
0.0
  0
TEXT
  5
84A
330
1F
100
AcDbEntity
  8
DET-TEXTO
100
AcDbText
 10
10.27702274652477
 20
1.369997309391116
 30
0.0
 40
0.256
  1
4%%C16
  7
Estructura
 72
     1
 11
10.72802478595373
 21
1.369997309391116
 31
0.0
100
AcDbText
  0
LWPOLYLINE
  5
84B
330
1F
100
AcDbEntity
  8
DET-TEXTO
100
AcDbPolyline
 90
        4
 70
     0
 43
0.0
 10
11.22975577230978
 20
2.78200034570306
 10
11.22975577230978
 20
2.40240680497515
 10
10.22176127238823
 20
2.40240680497515
 10
10.22176127238823
 20
2.78200034570306
  0
TEXT
  5
84C
330
1F
100
AcDbEntity
  8
DET-TEXTO
100
AcDbText
 10
11.80264478510138
 20
3.059828843295115
 30
0.0
 40
0.256
  1
As2
  7
Estructura
 72
     1
 11
12.10241364981926
 21
3.059828843295115
 31
0.0
100
AcDbText
  0
LINE
  5
84D
330
1F
100
AcDbEntity
  8
DET-TEXTO
100
AcDbLine
 10
12.73690621371066
 20
3.627043941902563
 30
0.0
 11
12.7369062137143
 21
0.8349521188814534
 31
0.0
  0
TEXT
  5
84E
330
1F
100
AcDbEntity
  8
DET-TEXTO
100
AcDbText
 10
11.62259274262617
 20
1.369997309391116
 30
0.0
 40
0.256
  1
2%%C16
  7
Estructura
 72
     1
 11
12.07359478205513
 21
1.369997309391116
 31
0.0
100
AcDbText
  0
TEXT
  5
84F
330
1F
100
AcDbEntity
  8
DET-TEXTO
100
AcDbText
 10
13.14821478120279
 20
3.059828843295115
 30
0.0
 40
0.256
  1
As3
  7
Estructura
 72
     1
 11
13.44798364592067
 21
3.059828843295115
 31
0.0
100
AcDbText
  0
LINE
  5
850
330
1F
100
AcDbEntity
  8
DET-TEXTO
100
AcDbLine
 10
14.08247620981207
 20
3.627043941902563
 30
0.0
 11
14.08247620981207
 21
0.8349521188814534
 31
0.0
  0
TEXT
  5
851
330
1F
100
AcDbEntity
  8
DET-TEXTO
100
AcDbText
 10
12.96816273872758
 20
1.369997309390207
 30
0.0
 40
0.256
  1
2%%C16
  7
Estructura
 72
     1
 11
13.41916477815654
 21
1.369997309390207
 31
0.0
100
AcDbText
  0
TEXT
  5
852
330
1F
100
AcDbEntity
  8
DET-TEXTO
100
AcDbText
 10
14.49378477730419
 20
3.059828843295115
 30
0.0
 40
0.256
  1
As4
  7
Estructura
 72
     1
 11
14.79355364202207
 21
3.059828843295115
 31
0.0
100
AcDbText
  0
LINE
  5
853
330
1F
100
AcDbEntity
  8
DET-TEXTO
100
AcDbLine
 10
15.42804620591347
 20
3.627043941902563
 30
0.0
 11
15.42804620591347
 21
0.8349521188814534
 31
0.0
  0
TEXT
  5
854
330
1F
100
AcDbEntity
  8
DET-TEXTO
100
AcDbText
 10
14.31373273482716
 20
1.369997309390207
 30
0.0
 40
0.256
  1
5%%C16
  7
Estructura
 72
     1
 11
14.76473477425612
 21
1.369997309390207
 31
0.0
100
AcDbText
  0
LWPOLYLINE
  5
855
330
1F
100
AcDbEntity
  8
DET-TEXTO
100
AcDbPolyline
 90
        4
 70
     0
 43
0.0
 10
12.57532576841118
 20
2.40240680497515
 10
12.57532576841118
 20
2.78200034570306
 10
11.56733126848963
 20
2.78200034570306
 10
11.56733126848963
 20
2.40240680497515
  0
LINE
  5
856
330
1F
100
AcDbEntity
  8
DET-TEXTO
100
AcDbLine
 10
15.42804620591347
 20
3.627043941902563
 30
0.0
 11
15.42804620591347
 21
0.8349521188814534
 31
0.0
  0
LINE
  5
857
330
1F
100
AcDbEntity
  8
DET-TEXTO
100
AcDbLine
 10
15.42804620591347
 20
3.627043941902563
 30
0.0
 11
15.42804620591347
 21
0.8349521188814534
 31
0.0
  0
TEXT
  5
858
330
1F
100
AcDbEntity
  8
DET-TEXTO
100
AcDbText
 10
15.83935477340559
 20
3.059828843295115
 30
0.0
 40
0.256
  1
As5
  7
Estructura
 72
     1
 11
16.13912363812347
 21
3.059828843295115
 31
0.0
100
AcDbText
  0
LINE
  5
859
330
1F
100
AcDbEntity
  8
DET-TEXTO
100
AcDbLine
 10
16.77361620201487
 20
3.627043941902563
 30
0.0
 11
16.77361620201487
 21
0.8349521188814534
 31
0.0
  0
TEXT
  5
85A
330
1F
100
AcDbEntity
  8
DET-TEXTO
100
AcDbText
 10
15.65930273092856
 20
1.369997309390207
 30
0.0
 40
0.256
  1
5%%C10
  7
Estructura
 72
     1
 11
16.11030477035752
 21
1.369997309390207
 31
0.0
100
AcDbText
  0
LWPOLYLINE
  5
85B
330
1F
100
AcDbEntity
  8
DET-TEXTO
100
AcDbPolyline
 90
        4
 70
     1
 43
0.0
 10
15.92364002334876
 20
2.93247513639141
 10
16.33200084455826
 20
2.93247513639141
 10
16.33200084455826
 20
2.307553404149409
 10
15.92364002334876
 20
2.307553404149409
  0
LWPOLYLINE
  5
85C
330
1F
100
AcDbEntity
  8
DET-TEXTO
100
AcDbPolyline
 90
        4
 70
     0
 43
0.0
 10
13.92089576451259
 20
2.78200034570306
 10
13.92089576451259
 20
2.40240680497515
 10
12.91290126459104
 20
2.40240680497515
 10
12.91290126459104
 20
2.78200034570306
  0
LWPOLYLINE
  5
85D
330
1F
100
AcDbEntity
  8
DET-TEXTO
100
AcDbPolyline
 90
        2
 70
     0
 43
0.0
 10
14.5538940038398
 20
2.311036452716841
 10
14.98956488950285
 20
2.311036452716841
  0
LINE
  5
85E
330
1F
100
AcDbEntity
  8
DET-TEXTO
100
AcDbLine
 10
14.40777002828623
 20
2.485656721023012
 30
0.0
 11
14.5538940038398
 21
2.311036452716841
 31
0.0
  0
LINE
  5
85F
330
1F
100
AcDbEntity
  8
DET-TEXTO
100
AcDbLine
 10
15.1356888650546
 20
2.485656721023012
 30
0.0
 11
14.98956488950285
 21
2.311036452716841
 31
0.0
  0
LINE
  5
860
330
1F
100
AcDbEntity
  8
DET-TEXTO
100
AcDbLine
 10
14.64670317779315
 20
2.899501075582854
 30
0.0
 11
14.89675571554768
 21
2.899501075582854
 31
0.0
  0
LWPOLYLINE
  5
861
330
1F
100
AcDbEntity
  8
DET-TEXTO
100
AcDbPolyline
 90
        2
 70
     0
 43
0.0
 10
15.1356888650546
 20
2.485656721023012
 10
14.89675571554768
 20
2.899501075582854
  0
LWPOLYLINE
  5
862
330
1F
100
AcDbEntity
  8
DET-TEXTO
100
AcDbPolyline
 90
        2
 70
     0
 43
0.0
 10
14.64670317779315
 20
2.899501075582854
 10
14.40777002828623
 20
2.485656721023012
  0
LINE
  5
863
330
1F
100
AcDbEntity
  8
0-CYPE4
100
AcDbLine
 10
12.11325778959304
 20
7.865079503303483
 30
0.0
 11
13.3597577141934
 21
7.119763467036015
 31
0.0
  0
LINE
  5
864
330
1F
100
AcDbEntity
  8
DET-TEXTO LÍNEA
100
AcDbLine
 10
12.31316124961246
 20
7.689247024282728
 30
0.0
 11
12.44528660914126
 21
7.724418046342968
 31
0.0
  0
LINE
  5
865
330
1F
100
AcDbEntity
  8
0-CYPE4
100
AcDbLine
 10
15.88262083685164
 20
5.901609804589377
 30
0.0
 11
15.88298561757052
 21
7.392850908838106
 31
0.0
  0
LINE
  5
866
330
1F
100
AcDbEntity
  8
0-CYPE4
100
AcDbLine
 10
16.47772406833406
 20
8.631306036365337
 30
0.0
 11
15.23085966119266
 21
7.886599915711364
 31
0.0
  0
LINE
  5
867
330
1F
100
AcDbEntity
  8
0-CYPE4
100
AcDbLine
 10
15.56647027895247
 20
10.15702186485657
 30
0.0
 11
14.31960587181107
 21
9.412315744203503
 31
0.0
  0
LINE
  5
868
330
1F
100
AcDbEntity
  8
0-CYPE4
100
AcDbLine
 10
16.02209717364327
 20
9.394163950610952
 30
0.0
 11
14.77523276650187
 21
8.649457829957889
 31
0.0
  0
LINE
  5
869
330
1F
100
AcDbEntity
  8
0-CYPE4
100
AcDbLine
 10
16.93335096302486
 20
7.868448122118813
 30
0.0
 11
15.68648655588346
 21
7.12374200146575
 31
0.0
  0
DIMENSION
  5
86A
330
1F
100
AcDbEntity
  8
DET-COTAS
100
AcDbDimension
280
     0
  2
*D35
 10
7.993817106890002
 20
5.204246099750314
 30
0.0
 11
6.17854157278931
 21
5.404246099750313
 31
0.0
 70
    33
  1
A
 71
     5
 42
181.5275534100692
 73
     0
 74
     0
 75
     0
  3
1 50
100
AcDbAlignedDimension
 13
4.363266038688617
 23
5.732674639282656
 33
0.0
 14
7.993817106890002
 24
5.732674639282656
 34
0.0
1001
ACAD_DSTYLE_DIMJOGGED_JOGANGLE_SYMBOL
1070
   384
1040
1.570796326794896
  0
DIMENSION
  5
86B
330
1F
100
AcDbEntity
  8
DET-COTAS
100
AcDbDimension
280
     0
  2
*D36
 10
2.274697119676385
 20
10.05679755361313
 30
0.0
 11
2.074697119676386
 21
10.78929006776194
 31
0.0
 70
    32
  1
D
 71
     5
 42
73.24925141488165
 73
     0
 74
     0
 75
     0
  3
1 50
100
AcDbAlignedDimension
 13
3.8099161324301
 23
11.52178258191076
 33
0.0
 14
3.415784955581568
 24
10.05679755361313
 34
0.0
 50
90.0
100
AcDbRotatedDimension
1001
ACAD_DSTYLE_DIMJOGGED_JOGANGLE_SYMBOL
1070
   384
1040
1.570796326794896
1001
ACAD
1000
DSTYLE
1002
{
1070
   340
1005
2DA
1002
}
  0
DIMENSION
  5
86C
330
1F
100
AcDbEntity
  8
DET-COTAS
100
AcDbDimension
280
     0
  2
*D37
 10
2.274697119676385
 20
6.985263482958423
 30
0.0
 11
2.074697119676386
 21
8.521030518285776
 31
0.0
 70
    32
  1
B
 71
     5
 42
153.5767035327353
 73
     0
 74
     0
 75
     0
  3
1 50
100
AcDbAlignedDimension
 13
3.415784955581568
 23
10.05679755361313
 33
0.0
 14
2.820438369672285
 24
6.985263482958423
 34
0.0
 50
90.0
100
AcDbRotatedDimension
1001
ACAD_DSTYLE_DIMJOGGED_JOGANGLE_SYMBOL
1070
   384
1040
1.570796326794896
  0
DIMENSION
  5
86D
330
1F
100
AcDbEntity
  8
DET-COTAS
100
AcDbDimension
280
     0
  2
*D38
 10
2.274697119676385
 20
5.732674639282656
 30
0.0
 11
2.074697119676386
 21
6.358969061120539
 31
0.0
 70
    32
  1
D
 71
     5
 42
62.62944218378834
 73
     0
 74
     0
 75
     0
  3
1 50
100
AcDbAlignedDimension
 13
2.820438369672285
 23
6.985263482958423
 33
0.0
 14
2.820438369672285
 24
5.732674639282656
 34
0.0
 50
90.0
100
AcDbRotatedDimension
1001
ACAD_DSTYLE_DIMJOGGED_JOGANGLE_SYMBOL
1070
   384
1040
1.570796326794896
1001
ACAD
1000
DSTYLE
1002
{
1070
   340
1005
2DA
1002
}
  0
DIMENSION
  5
86E
102
{ACAD_XDICTIONARY
360
86F
102
}
102
{ACAD_REACTORS
330
870
102
}
330
1F
100
AcDbEntity
  8
DET-COTAS
100
AcDbDimension
280
     0
  2
*D39
 10
18.80378375624447
 20
8.737971787841949
 30
0.0
 11
18.60378375624447
 21
10.2379717878424
 31
0.0
 70
    32
  1
H
 71
     5
 42
150.0000000000454
 73
     0
 74
     0
 75
     0
  3
1 50
100
AcDbAlignedDimension
 13
19.29158105184093
 23
11.73797178784286
 33
0.0
 14
19.29158105184093
 24
8.737971787841949
 34
0.0
 50
90.0
100
AcDbRotatedDimension
1001
ACAD_DSTYLE_DIMJOGGED_JOGANGLE_SYMBOL
1070
   384
1040
1.570796326794896
  0
DIMENSION
  5
871
102
{ACAD_XDICTIONARY
360
872
102
}
102
{ACAD_REACTORS
330
873
102
}
330
1F
100
AcDbEntity
  8
DET-COTAS
100
AcDbDimension
280
     0
  2
*D40
 10
18.80378375624447
 20
8.487971787841949
 30
0.0
 11
18.59875316481007
 21
8.612971787841949
 31
0.0
 70
    32
  1
10
 71
     5
 42
12.5
 73
     0
 74
     0
 75
     0
  3
1 50
100
AcDbAlignedDimension
 13
19.29158105184093
 23
8.737971787841949
 33
0.0
 14
19.29158105184093
 24
8.487971787841949
 34
0.0
 50
90.0
100
AcDbRotatedDimension
1001
ACAD_DSTYLE_DIMJOGGED_JOGANGLE_SYMBOL
1070
   384
1040
1.570796326794896
  0
MTEXT
  5
874
330
1F
100
AcDbEntity
  8
DET-TEXTO
100
AcDbMText
 10
3.685984940284708
 20
10.20355932811195
 30
0.0
 40
0.2
 41
9.018641700436546
 46
0.0
 71
     1
 72
     5
  1
As3
  7
CENTURY
 73
     1
 44
1.0
101
Embedded Object
 70
     1
 10
1.0
 20
0.0
 30
0.0
 11
3.685984940284708
 21
10.20355932811195
 31
0.0
 40
9.018641700436546
 41
0.0
 42
0.4509857239972808
 43
0.2100611828687968
 71
     2
 72
     1
 44
9.018641700436546
 45
12.5
 73
     0
 74
     0
 46
-0.2100611828687968
1001
ACAD
1000
MTEXTBEGIN
1070
    73
1070
     1
1070
    44
1040
1.0
1070
    74
1070
     0
1000
MTEXTEND
  0
MTEXT
  5
875
330
1F
100
AcDbEntity
  8
DET-TEXTO
100
AcDbMText
 10
2.557578545555099
 20
9.037679983464265
 30
0.0
 40
0.2
 41
9.018641700436546
 46
0.0
 71
     1
 72
     5
  1
As1
  7
CENTURY
 73
     1
 44
1.0
101
Embedded Object
 70
     1
 10
1.0
 20
0.0
 30
0.0
 11
2.557578545555099
 21
9.037679983464265
 31
0.0
 40
9.018641700436546
 41
0.0
 42
0.3982324949014276
 43
0.2038069340584637
 71
     2
 72
     1
 44
9.018641700436546
 45
12.5
 73
     0
 74
     0
 46
-0.2038069340584637
1001
ACAD
1000
MTEXTBEGIN
1070
    73
1070
     1
1070
    44
1040
1.0
1070
    74
1070
     0
1000
MTEXTEND
  0
MTEXT
  5
876
330
1F
100
AcDbEntity
  8
DET-TEXTO
100
AcDbMText
 10
8.930184148782483
 20
5.492995361202581
 30
0.0
 40
0.2
 41
9.018641700436546
 46
0.0
 71
     1
 72
     5
  1
As4
  7
CENTURY
 73
     1
 44
1.0
101
Embedded Object
 70
     1
 10
1.0
 20
0.0
 30
0.0
 11
8.930184148782483
 21
5.492995361202581
 31
0.0
 40
9.018641700436546
 41
0.0
 42
0.4542488103331067
 43
0.208837525492862
 71
     2
 72
     1
 44
9.018641700436546
 45
12.5
 73
     0
 74
     0
 46
-0.208837525492862
1001
ACAD
1000
MTEXTBEGIN
1070
    73
1070
     1
1070
    44
1040
1.0
1070
    74
1070
     0
1000
MTEXTEND
  0
MTEXT
  5
877
330
1F
100
AcDbEntity
  8
DET-TEXTO
100
AcDbMText
 10
12.05316549222313
 20
11.49430836783118
 30
0.0
 40
0.2
 41
9.018641700436546
 46
0.0
 71
     1
 72
     5
  1
As5
  7
CENTURY
 73
     1
 44
1.0
101
Embedded Object
 70
     1
 10
1.0
 20
0.0
 30
0.0
 11
12.05316549222313
 21
11.49430836783118
 31
0.0
 40
9.018641700436546
 41
0.0
 42
0.4494901427600273
 43
0.2050305914343984
 71
     2
 72
     1
 44
9.018641700436546
 45
12.5
 73
     0
 74
     0
 46
-0.2050305914343984
1001
ACAD
1000
MTEXTBEGIN
1070
    73
1070
     1
1070
    44
1040
1.0
1070
    74
1070
     0
1000
MTEXTEND
  0
MTEXT
  5
878
330
1F
100
AcDbEntity
  8
DET-TEXTO
100
AcDbMText
 10
11.33034911363735
 20
9.43734456451363
 30
0.0
 40
0.2
 41
9.018641700436546
 46
0.0
 71
     1
 72
     5
  1
As2
  7
CENTURY
 73
     1
 44
1.0
101
Embedded Object
 70
     1
 10
1.0
 20
0.0
 30
0.0
 11
11.33034911363735
 21
9.43734456451363
 31
0.0
 40
9.018641700436546
 41
0.0
 42
0.4515295717199185
 43
0.208837525492862
 71
     2
 72
     1
 44
9.018641700436546
 45
12.5
 73
     0
 74
     0
 46
-0.208837525492862
1001
ACAD
1000
MTEXTBEGIN
1070
    73
1070
     1
1070
    44
1040
1.0
1070
    74
1070
     0
1000
MTEXTEND
  0
DIMENSION
  5
879
330
1F
100
AcDbEntity
  8
DET-COTAS
100
AcDbDimension
280
     0
  2
*D41
 10
26.68965875002315
 20
9.546834782686453
 30
0.0
 11
26.48714345430596
 21
10.64240328526465
 31
0.0
 70
    32
  1
H-15
 71
     5
 42
109.5568502578203
 73
     0
 74
     0
 75
     0
  3
1 50
100
AcDbAlignedDimension
 13
26.05275545184146
 23
11.73797178784286
 33
0.0
 14
26.05275545184146
 24
9.546834782686453
 34
0.0
 50
90.0
100
AcDbRotatedDimension
1001
ACAD_DSTYLE_DIMJOGGED_JOGANGLE_SYMBOL
1070
   384
1040
1.570796326794896
  0
MTEXT
  5
87A
330
1F
100
AcDbEntity
  8
DET-TEXTO
100
AcDbMText
 10
23.52622771251778
 20
12.24884117409362
 30
0.0
 40
0.2
 41
9.018641700436546
 46
0.0
 71
     1
 72
     5
  1
As4
  7
CENTURY
 73
     1
 44
1.0
101
Embedded Object
 70
     1
 10
1.0
 20
0.0
 30
0.0
 11
23.52622771251778
 21
12.24884117409362
 31
0.0
 40
9.018641700436546
 41
0.0
 42
0.4542488103331067
 43
0.208837525492862
 71
     2
 72
     1
 44
9.018641700436546
 45
12.5
 73
     0
 74
     0
 46
-0.208837525492862
1001
ACAD
1000
MTEXTBEGIN
1070
    73
1070
     1
1070
    44
1040
1.0
1070
    74
1070
     0
1000
MTEXTEND
  0
DIMENSION
  5
87B
330
1F
100
AcDbEntity
  8
DET-COTAS
100
AcDbDimension
280
     0
  2
*D42
 10
20.87886172251434
 20
2.887058454614695
 30
0.0
 11
20.67886172251434
 21
4.38705845461515
 31
0.0
 70
    32
  1
H
 71
     5
 42
150.0000000000454
 73
     0
 74
     0
 75
     0
  3
1 50
100
AcDbAlignedDimension
 13
21.36665901811035
 23
5.887058454615605
 33
0.0
 14
21.36665901811035
 24
2.887058454614695
 34
0.0
 50
90.0
100
AcDbRotatedDimension
1001
ACAD_DSTYLE_DIMJOGGED_JOGANGLE_SYMBOL
1070
   384
1040
1.570796326794896
  0
DIMENSION
  5
87C
330
1F
100
AcDbEntity
  8
DET-COTAS
100
AcDbDimension
280
     0
  2
*D43
 10
20.87886172251434
 20
2.637058454614695
 30
0.0
 11
20.67383113107994
 21
2.762058454614695
 31
0.0
 70
    32
  1
10
 71
     5
 42
12.5
 73
     0
 74
     0
 75
     0
  3
1 50
100
AcDbAlignedDimension
 13
21.36665901811035
 23
2.887058454614695
 33
0.0
 14
21.36665901811035
 24
2.637058454614695
 34
0.0
 50
90.0
100
AcDbRotatedDimension
1001
ACAD_DSTYLE_DIMJOGGED_JOGANGLE_SYMBOL
1070
   384
1040
1.570796326794896
  0
MTEXT
  5
87D
330
1F
100
AcDbEntity
  8
DET-TEXTO
100
AcDbMText
 10
24.15999321256937
 20
3.455956003398448
 30
0.0
 40
0.2
 41
9.018641700436546
 46
0.0
 71
     1
 72
     5
  1
As1
  7
CENTURY
 73
     1
 44
1.0
101
Embedded Object
 70
     1
 10
1.0
 20
0.0
 30
0.0
 11
24.15999321256937
 21
3.455956003398448
 31
0.0
 40
9.018641700436546
 41
0.0
 42
0.3982324949014276
 43
0.2038069340584637
 71
     2
 72
     1
 44
9.018641700436546
 45
12.5
 73
     0
 74
     0
 46
-0.2038069340584637
1001
ACAD
1000
MTEXTBEGIN
1070
    73
1070
     1
1070
    44
1040
1.0
1070
    74
1070
     0
1000
MTEXTEND
  0
MTEXT
  5
87E
330
1F
100
AcDbEntity
  8
DET-TEXTO
100
AcDbMText
 10
24.15999321256937
 20
4.683616875322847
 30
0.0
 40
0.2
 41
9.018641700436546
 46
0.0
 71
     1
 72
     5
  1
As5
  7
CENTURY
 73
     1
 44
1.0
101
Embedded Object
 70
     1
 10
1.0
 20
0.0
 30
0.0
 11
24.15999321256937
 21
4.683616875322847
 31
0.0
 40
9.018641700436546
 41
0.0
 42
0.4494901427600273
 43
0.2050305914343984
 71
     2
 72
     1
 44
9.018641700436546
 45
12.5
 73
     0
 74
     0
 46
-0.2050305914343984
1001
ACAD
1000
MTEXTBEGIN
1070
    73
1070
     1
1070
    44
1040
1.0
1070
    74
1070
     0
1000
MTEXTEND
  0
MTEXT
  5
87F
330
1F
100
AcDbEntity
  8
DET-TEXTO
100
AcDbMText
 10
24.15999321256937
 20
5.92466405825359
 30
0.0
 40
0.2
 41
9.018641700436546
 46
0.0
 71
     1
 72
     5
  1
As2
  7
CENTURY
 73
     1
 44
1.0
101
Embedded Object
 70
     1
 10
1.0
 20
0.0
 30
0.0
 11
24.15999321256937
 21
5.92466405825359
 31
0.0
 40
9.018641700436546
 41
0.0
 42
0.4515295717199185
 43
0.208837525492862
 71
     2
 72
     1
 44
9.018641700436546
 45
12.5
 73
     0
 74
     0
 46
-0.208837525492862
1001
ACAD
1000
MTEXTBEGIN
1070
    73
1070
     1
1070
    44
1040
1.0
1070
    74
1070
     0
1000
MTEXTEND
  0
LINE
  5
880
330
1F
100
AcDbEntity
  8
DET-TEXTO LÍNEA
100
AcDbLine
 10
23.54708514551772
 20
1.420159361044959
 30
0.0
 11
25.60869600636603
 21
1.420159361044959
 31
0.0
  0
LINE
  5
881
330
1F
100
AcDbEntity
  8
DET-TEXTO LÍNEA
100
AcDbLine
 10
23.54708514551772
 20
1.420159361044959
 30
0.0
 11
22.59666228969241
 21
1.982894637952419
 31
0.0
  0
MTEXT
  5
882
330
1F
100
AcDbEntity
  8
DET-TEXTO
100
AcDbMText
 10
23.86112380907731
 20
1.708908622497226
 30
0.0
 40
0.2
 41
2.245433495508677
 46
0.0
 71
     1
 72
     5
  1
Micropilotes según plano
  7
CENTURY
 73
     1
 44
1.0
101
Embedded Object
 70
     1
 10
1.0
 20
0.0
 30
0.0
 11
23.86112380907731
 21
1.708908622497226
 31
0.0
 40
2.245433495508677
 41
0.0
 42
1.659415363698164
 43
0.6173578064808521
 71
     2
 72
     1
 44
2.245433495508677
 45
12.5
 73
     0
 74
     0
 46
-0.6173578064808521
1001
ACAD
1000
MTEXTBEGIN
1070
    73
1070
     1
1070
    44
1040
1.0
1070
    74
1070
     0
1000
MTEXTEND
  0
LINE
  5
883
330
1F
100
AcDbEntity
  8
DET-TEXTO LÍNEA
100
AcDbLine
 10
26.28934633643554
 20
7.842300939520889
 30
0.0
 11
28.12356111094438
 21
7.842300939520889
 31
0.0
  0
LINE
  5
884
330
1F
100
AcDbEntity
  8
DET-TEXTO LÍNEA
100
AcDbLine
 10
26.28934633643554
 20
7.842300939520889
 30
0.0
 11
25.50778937991823
 21
8.58212820187861
 31
0.0
  0
LINE
  5
885
330
1F
100
AcDbEntity
  8
DET-TEXTO LÍNEA
100
AcDbLine
 10
25.55256211922484
 20
6.325605949978005
 30
0.0
 11
27.61417298006951
 21
6.325605949978005
 31
0.0
  0
LINE
  5
886
330
1F
100
AcDbEntity
  8
DET-TEXTO LÍNEA
100
AcDbLine
 10
25.55256211922484
 20
6.325605949978005
 30
0.0
 11
24.60213926339771
 21
7.592331643252116
 31
0.0
  0
LINE
  5
887
330
1F
100
AcDbEntity
  8
DET-TEXTO LÍNEA
100
AcDbLine
 10
25.55256211922484
 20
6.325605949978005
 30
0.0
 11
20.80967780762627
 21
7.267072191573213
 31
0.0
  0
MTEXT
  5
888
330
1F
100
AcDbEntity
  8
DET-TEXTO
100
AcDbMText
 10
25.86660078278443
 20
6.614355211430272
 30
0.0
 40
0.2
 41
2.245433495508677
 46
0.0
 71
     1
 72
     5
  1
Micropilotes según plano
  7
CENTURY
 73
     1
 44
1.0
101
Embedded Object
 70
     1
 10
1.0
 20
0.0
 30
0.0
 11
25.86660078278443
 21
6.614355211430272
 31
0.0
 40
2.245433495508677
 41
0.0
 42
1.659415363698164
 43
0.6173578064808521
 71
     2
 72
     1
 44
2.245433495508677
 45
12.5
 73
     0
 74
     0
 46
-0.6173578064808521
1001
ACAD
1000
MTEXTBEGIN
1070
    73
1070
     1
1070
    44
1040
1.0
1070
    74
1070
     0
1000
MTEXTEND
  0
MTEXT
  5
889
330
1F
100
AcDbEntity
  8
DET-TEXTO
100
AcDbMText
 10
26.38098070343473
 20
8.131050200973156
 30
0.0
 40
0.2
 41
9.018641700436546
 46
0.0
 71
     1
 72
     5
  1
Hormigón de\Plimpieza
  7
CENTURY
 73
     1
 44
1.0
101
Embedded Object
 70
     1
 10
1.0
 20
0.0
 30
0.0
 11
26.38098070343473
 21
8.131050200973156
 31
0.0
 40
9.018641700436546
 41
0.0
 42
1.72318150917743
 43
0.6135508724223885
 71
     2
 72
     1
 44
9.018641700436546
 45
12.5
 73
     0
 74
     0
 46
-0.6135508724223885
1001
ACAD
1000
MTEXTBEGIN
1070
    73
1070
     1
1070
    44
1040
1.0
1070
    74
1070
     0
1000
MTEXTEND
  0
LINE
  5
88A
330
1F
100
AcDbEntity
  8
DET-TEXTO LÍNEA
100
AcDbLine
 10
25.55256211922484
 20
6.325605949978005
 30
0.0
 11
22.58552651095239
 21
7.592331643252116
 31
0.0
  0
LWPOLYLINE
  5
88B
330
1F
100
AcDbEntity
  8
DET-TEXTO
100
AcDbPolyline
 90
        2
 70
     0
 43
0.2564884223999999
 10
3.112370606774003
 20
1.460118875328468
 42
0.4142135623717262
 10
3.240614817974584
 20
1.331874664129706
 42
1.0
  0
LWPOLYLINE
  5
88C
330
1F
100
AcDbEntity
  8
DET-TEXTO
100
AcDbPolyline
 90
        2
 70
     0
 43
0.2564884223999999
 10
3.368859029175165
 20
1.460118875328468
 42
0.4142135623717262
 10
3.240614817974584
 20
1.58836308652814
 42
1.0
  0
LINE
  5
88D
330
1F
100
AcDbEntity
  8
DET-TEXTO LÍNEA
100
AcDbLine
 10
23.4945797170824
 20
9.833708120013731
 30
0.0
 11
23.34457971708458
 21
9.983708120014277
 31
0.0
  0
LINE
  5
88E
330
1F
100
AcDbEntity
  8
DET-TEXTO LÍNEA
100
AcDbLine
 10
23.4945797170824
 20
10.58370812001282
 30
0.0
 11
23.34457971708458
 21
10.73370812001336
 31
0.0
  0
LINE
  5
88F
330
1F
100
AcDbEntity
  8
DET-TEXTO LÍNEA
100
AcDbLine
 10
23.4945797170824
 20
11.33370812001282
 30
0.0
 11
23.34457971708458
 21
11.48370812001337
 31
0.0
  0
LINE
  5
890
330
1F
100
AcDbEntity
  8
DET-TEXTO LÍNEA
100
AcDbLine
 10
23.4945797170824
 20
9.083708120012822
 30
0.0
 11
23.34457971708458
 21
9.233708120013368
 31
0.0
  0
LINE
  5
891
330
1F
100
AcDbEntity
  8
DET-BORDE ESTRUCTURA
100
AcDbLine
 10
20.52716102360479
 20
9.546834782686225
 30
0.0
 11
20.76459840866688
 21
9.546834782686225
 31
0.0
  0
LINE
  5
892
330
1F
100
AcDbEntity
  8
DET-BORDE ESTRUCTURA
100
AcDbLine
 10
20.936466844674
 20
9.546834782686453
 30
0.0
 11
21.20959403810754
 21
9.546834782686453
 31
0.0
  0
LINE
  5
893
330
1F
100
AcDbEntity
  8
DET-BORDE ESTRUCTURA
100
AcDbLine
 10
20.76459840866688
 20
9.546834782686225
 30
0.0
 11
20.81119455845488
 21
9.631024826033687
 31
0.0
  0
LINE
  5
894
330
1F
100
AcDbEntity
  8
DET-BORDE ESTRUCTURA
100
AcDbLine
 10
20.81119455845488
 20
9.631024826033687
 30
0.0
 11
20.89972405664754
 21
9.470112902557382
 31
0.0
  0
LINE
  5
895
330
1F
100
AcDbEntity
  8
DET-BORDE ESTRUCTURA
100
AcDbLine
 10
20.89972405664754
 20
9.470112902557382
 30
0.0
 11
20.936466844674
 21
9.546834782686225
 31
0.0
  0
LINE
  5
896
330
1F
100
AcDbEntity
  8
DET-BORDE ESTRUCTURA
100
AcDbLine
 10
22.34243655770457
 20
9.546834782686225
 30
0.0
 11
22.57987394276666
 21
9.546834782686225
 31
0.0
  0
LINE
  5
897
330
1F
100
AcDbEntity
  8
DET-BORDE ESTRUCTURA
100
AcDbLine
 10
22.75174237877378
 20
9.546834782686453
 30
0.0
 11
23.02486957220732
 21
9.546834782686453
 31
0.0
  0
LINE
  5
898
330
1F
100
AcDbEntity
  8
DET-BORDE ESTRUCTURA
100
AcDbLine
 10
22.57987394276666
 20
9.546834782686225
 30
0.0
 11
22.62647009255466
 21
9.631024826033687
 31
0.0
  0
LINE
  5
899
330
1F
100
AcDbEntity
  8
DET-BORDE ESTRUCTURA
100
AcDbLine
 10
22.62647009255466
 20
9.631024826033687
 30
0.0
 11
22.71499959074732
 21
9.470112902557382
 31
0.0
  0
LINE
  5
89A
330
1F
100
AcDbEntity
  8
DET-BORDE ESTRUCTURA
100
AcDbLine
 10
22.71499959074732
 20
9.470112902557382
 30
0.0
 11
22.75174237877378
 21
9.546834782686225
 31
0.0
  0
LINE
  5
89B
330
1F
100
AcDbEntity
  8
DET-BORDE ESTRUCTURA
100
AcDbLine
 10
24.15771209180799
 20
9.546834782686225
 30
0.0
 11
24.39514947687009
 21
9.546834782686225
 31
0.0
  0
LINE
  5
89C
330
1F
100
AcDbEntity
  8
DET-BORDE ESTRUCTURA
100
AcDbLine
 10
24.5670179128772
 20
9.546834782686453
 30
0.0
 11
24.84014510631074
 21
9.546834782686453
 31
0.0
  0
LINE
  5
89D
330
1F
100
AcDbEntity
  8
DET-BORDE ESTRUCTURA
100
AcDbLine
 10
24.39514947687009
 20
9.546834782686225
 30
0.0
 11
24.44174562665809
 21
9.631024826033687
 31
0.0
  0
LINE
  5
89E
330
1F
100
AcDbEntity
  8
DET-BORDE ESTRUCTURA
100
AcDbLine
 10
24.44174562665809
 20
9.631024826033687
 30
0.0
 11
24.53027512485074
 21
9.470112902557382
 31
0.0
  0
LINE
  5
89F
330
1F
100
AcDbEntity
  8
DET-BORDE ESTRUCTURA
100
AcDbLine
 10
24.53027512485074
 20
9.470112902557382
 30
0.0
 11
24.5670179128772
 21
9.546834782686225
 31
0.0
  0
LINE
  5
8A0
330
1F
100
AcDbEntity
  8
DET-BORDE ESTRUCTURA
100
AcDbLine
 10
22.28692732397282
 20
3.727362403741487
 30
0.0
 11
22.52436470903536
 21
3.727362403741487
 31
0.0
  0
LINE
  5
8A1
330
1F
100
AcDbEntity
  8
DET-BORDE ESTRUCTURA
100
AcDbLine
 10
22.69623314504203
 20
3.727362403741487
 30
0.0
 11
22.96936033847556
 21
3.727362403741487
 31
0.0
  0
LINE
  5
8A2
330
1F
100
AcDbEntity
  8
DET-BORDE ESTRUCTURA
100
AcDbLine
 10
22.52436470903536
 20
3.727362403741487
 30
0.0
 11
22.57096085882291
 21
3.811552447088722
 31
0.0
  0
LINE
  5
8A3
330
1F
100
AcDbEntity
  8
DET-BORDE ESTRUCTURA
100
AcDbLine
 10
22.57096085882291
 20
3.811552447088722
 30
0.0
 11
22.65949035701557
 21
3.650640523612416
 31
0.0
  0
LINE
  5
8A4
330
1F
100
AcDbEntity
  8
DET-BORDE ESTRUCTURA
100
AcDbLine
 10
22.65949035701557
 20
3.650640523612416
 30
0.0
 11
22.69623314504203
 21
3.727362403741487
 31
0.0
  0
ENDSEC
  0
SECTION
  2
OBJECTS
  0
DICTIONARY
  5
C
330
0
100
AcDbDictionary
281
     1
  3
ACAD_CIP_PREVIOUS_PRODUCT_INFO
350
19E
  3
ACAD_COLOR
350
6C
  3
ACAD_DATALINK
350
238
  3
ACAD_DETAILVIEWSTYLE
350
1EB
  3
ACAD_GROUP
350
D
  3
ACAD_LAYOUT
350
1A
  3
ACAD_MATERIAL
350
6B
  3
ACAD_MLEADERSTYLE
350
DE
  3
ACAD_MLINESTYLE
350
17
  3
ACAD_PLOTSETTINGS
350
19
  3
ACAD_PLOTSTYLENAME
350
E
  3
ACAD_SCALELIST
350
B7
  3
ACAD_SECTIONVIEWSTYLE
350
1E9
  3
ACAD_TABLESTYLE
350
92
  3
ACAD_VISUALSTYLE
350
17F
  3
ACDB_RECOMPOSE_DATA
350
96B
  3
AcDbVariableDictionary
350
609
  3
TCH_DBCONFIG
350
243
  0
DICTIONARY
  5
FA
330
2
100
AcDbDictionary
280
     1
281
     1
  3
ACAD_LAYERSTATES
360
FB
  0
DICTIONARY
  5
86F
330
86E
100
AcDbDictionary
280
     1
281
     1
  3
ACAD_DIMASSOC
360
870
  0
DICTIONARY
  5
872
330
871
100
AcDbDictionary
280
     1
281
     1
  3
ACAD_DIMASSOC
360
873
  0
XRECORD
  5
19E
102
{ACAD_REACTORS
330
C
102
}
330
C
100
AcDbXrecord
280
     1
300
ACD
300
2013
300
ACD_F_S
  0
DICTIONARY
  5
6C
102
{ACAD_REACTORS
330
C
102
}
330
C
100
AcDbDictionary
281
     1
  0
DICTIONARY
  5
238
102
{ACAD_REACTORS
330
C
102
}
330
C
100
AcDbDictionary
280
     1
281
     1
  0
DICTIONARY
  5
1EB
102
{ACAD_REACTORS
330
C
102
}
330
C
100
AcDbDictionary
281
     1
  3
Metric50
350
1EC
  0
DICTIONARY
  5
D
102
{ACAD_REACTORS
330
C
102
}
330
C
100
AcDbDictionary
281
     1
  0
DICTIONARY
  5
1A
102
{ACAD_REACTORS
330
C
102
}
330
C
100
AcDbDictionary
281
     1
  3
Model
350
22
  3
Presentación1
350
1E0
  3
Presentación2
350
1E4
  0
DICTIONARY
  5
6B
102
{ACAD_REACTORS
330
C
102
}
330
C
100
AcDbDictionary
281
     1
  3
ByBlock
350
16F
  3
ByLayer
350
167
  3
Global
350
177
  0
DICTIONARY
  5
DE
102
{ACAD_REACTORS
330
C
102
}
330
C
100
AcDbDictionary
281
     1
  3
Standard
350
E1
  0
DICTIONARY
  5
17
102
{ACAD_REACTORS
330
C
102
}
330
C
100
AcDbDictionary
281
     1
  3
Standard
350
18
  0
DICTIONARY
  5
19
102
{ACAD_REACTORS
330
C
102
}
330
C
100
AcDbDictionary
281
     1
  0
ACDBDICTIONARYWDFLT
  5
E
102
{ACAD_REACTORS
330
C
102
}
330
C
100
AcDbDictionary
281
     1
  3
Normal
350
F
100
AcDbDictionaryWithDefault
340
F
  0
DICTIONARY
  5
B7
102
{ACAD_REACTORS
330
C
102
}
330
C
100
AcDbDictionary
281
     1
  3
A0
350
B8
  3
A1
350
B9
  3
A2
350
BA
  3
A3
350
BB
  3
A4
350
BC
  3
A5
350
BD
  3
A6
350
BE
  3
A7
350
BF
  3
A8
350
C0
  3
A9
350
C1
  3
B0
350
C2
  3
B1
350
C3
  3
B2
350
C4
  3
B3
350
C5
  3
B4
350
C6
  3
B5
350
C7
  3
B6
350
C8
  3
B7
350
C9
  3
B8
350
CA
  3
B9
350
CB
  3
C0
350
CC
  3
C1
350
CD
  3
C2
350
CE
  3
C3
350
CF
  3
C4
350
D0
  3
C5
350
D1
  3
C6
350
D2
  3
C7
350
D3
  3
C8
350
D4
  3
C9
350
D5
  3
D0
350
D6
  3
D1
350
D7
  3
D2
350
D8
  0
DICTIONARY
  5
1E9
102
{ACAD_REACTORS
330
C
102
}
330
C
100
AcDbDictionary
281
     1
  3
Metric50
350
1EA
  0
DICTIONARY
  5
92
102
{ACAD_REACTORS
330
C
102
}
330
C
100
AcDbDictionary
281
     1
  3
Standard
350
93
  0
DICTIONARY
  5
17F
102
{ACAD_REACTORS
330
C
102
}
330
C
100
AcDbDictionary
281
     1
  3
2dWireframe
350
185
  3
Basic
350
184
  3
Brighten
350
18B
  3
ColorChange
350
18F
  3
Conceptual
350
188
  3
Dim
350
18A
  3
EdgeColorOff
350
197
  3
Facepattern
350
18E
  3
Flat
350
180
  3
FlatWithEdges
350
181
  3
Gouraud
350
182
  3
GouraudWithEdges
350
183
  3
Hidden
350
187
  3
JitterOff
350
195
  3
Linepattern
350
18D
  3
OverhangOff
350
196
  3
Realistic
350
189
  3
Shaded
350
194
  3
Shaded with edges
350
193
  3
Shades of Gray
350
190
  3
Sketchy
350
191
  3
Thicken
350
18C
  3
Wireframe
350
186
  3
X-Ray
350
192
  0
XRECORD
  5
96B
102
{ACAD_REACTORS
330
C
102
}
330
C
100
AcDbXrecord
280
     1
 90
        1
330
93
  0
DICTIONARY
  5
609
102
{ACAD_REACTORS
330
C
102
}
330
C
100
AcDbDictionary
281
     2
  3
#REVCLOUDAPPROXARCLEN
350
60A
  3
ANNOALLVISIBLE
350
60B
  3
CANNOSCALE
350
60C
  3
CENTEREXE
350
60D
  3
CENTERLTYPEFILE
350
60E
  3
CETRANSPARENCY
350
60F
  3
CMLEADERSTYLE
350
610
  3
CTABLESTYLE
350
611
  3
CVIEWSECTIONSTYLE
350
612
  3
DGNFRAME
350
613
  3
DIMADEC
350
614
  3
DIMASSOC
350
615
  3
DIMLAYER
350
616
  3
DWFFRAME
350
617
  3
EXPORTPAPERSPACE
350
618
  3
HIDETEXT
350
619
  3
HPCOLOR
350
61A
  3
HPINHERIT
350
61B
  3
HPORIGIN
350
61C
  3
HPTRANSPARENCY
350
61D
  3
INDEXCTL
350
61E
  3
LAYEREVAL
350
61F
  3
LAYERNOTIFY
350
620
  3
LIGHTINGUNITS
350
621
  3
MLEADERSCALE
350
622
  3
MSLTSCALE
350
623
  3
OLEFRAME
350
624
  3
PDFFRAME
350
625
  3
SKTOLERANCE
350
626
  3
SOLIDHIST
350
627
  3
SORTENTS
350
628
  0
TCH_DBCONFIG
  5
243
102
{ACAD_REACTORS
330
C
102
}
330
C
100
TDbConfig
  0
DICTIONARY
  5
FB
102
{ACAD_REACTORS
330
FA
102
}
330
FA
100
AcDbDictionary
281
     1
  0
DIMASSOC
  5
870
102
{ACAD_REACTORS
330
86F
102
}
330
86F
100
AcDbDimAssoc
330
86E
 90
        3
 70
     0
 71
     0
  1
AcDbOsnapPointRef
 72
     1
331
7B9
 73
     2
 91
        0
 40
1.0
 10
0.0
 20
0.0
 30
2.000000000000000E+50
 75
     0
  1
AcDbOsnapPointRef
 72
     1
331
7BD
 73
     2
 91
        1
 40
1.0
 10
0.0
 20
0.0
 30
2.000000000000000E+50
 75
     0
  0
DIMASSOC
  5
873
102
{ACAD_REACTORS
330
872
102
}
330
872
100
AcDbDimAssoc
330
871
 90
        2
 70
     0
 71
     0
  1
AcDbOsnapPointRef
 72
     1
331
7BD
 73
     2
 91
        2
 40
1.0
 10
0.0
 20
0.0
 30
2.000000000000000E+50
 75
     0
  0
ACDBDETAILVIEWSTYLE
  5
1EC
102
{ACAD_REACTORS
330
1EB
102
}
330
1EB
100
AcDbModelDocViewStyle
 70
     0
  3
Metric50
290
     1
300
Metric50
 90
        0
100
AcDbDetailViewStyle
 70
     0
 71
     0
 90
        3
 71
     1
340
11
 62
   256
 40
5.0
340
0
 62
   256
 40
5.0
300

 40
0.0
280
     1
 71
     2
340
16
 90
       25
 62
   256
 71
     3
340
11
 62
   256
 40
5.0
 90
        0
 40
15.0
 90
        1
300
%<\AcVar ViewDetailId>% (%<\AcVar ViewScale \f "%sn">%)
 71
     4
340
16
 90
       25
 62
   256
340
16
 90
       25
 62
   256
280
     0
  0
LAYOUT
  5
22
102
{ACAD_REACTORS
330
1A
102
}
330
1A
100
AcDbPlotSettings
  1

  2
none_device
  4
none_user_media
  6

 40
6.349999904632568
 41
6.349999904632568
 42
6.350006103515625
 43
6.350006103515625
 44
215.8999938964844
 45
279.3999938964844
 46
0.0
 47
103.0606281331548
 48
0.0
 49
0.0
140
0.0
141
0.0
142
1.0
143
6.378855360305043
 70
 11445
 72
     1
 73
     0
 74
     0
  7

 75
     0
 76
     0
 77
     2
 78
   300
147
0.1567679377436423
148
69.14997379066472
149
-33.54320555294811
100
AcDbLayout
  1
Model
 70
     1
 71
     0
 10
0.0
 20
0.0
 11
420.0
 21
297.0
 12
0.0
 22
0.0
 32
0.0
 14
1.000000000000000E+20
 24
1.000000000000000E+20
 34
1.000000000000000E+20
 15
-1.000000000000000E+20
 25
-1.000000000000000E+20
 35
-1.000000000000000E+20
146
0.0
 13
0.0
 23
0.0
 33
0.0
 16
1.0
 26
0.0
 36
0.0
 17
0.0
 27
1.0
 37
0.0
 76
     0
330
1F
331
1CC
1001
ACAD_PSEXT
1000
Ninguno
1000
Ninguno
1000
No aplicable
1000
Seleccione un nuevo nombre de configuración de trazado para trazar la presentación actual.
1070
     0
  0
LAYOUT
  5
1E0
102
{ACAD_REACTORS
330
1A
102
}
330
1A
100
AcDbPlotSettings
  1

  2
None
  4
ISO_A4_(210.00_x_297.00_MM)
  6

 40
0.0
 41
0.0
 42
0.0
 43
0.0
 44
0.0
 45
0.0
 46
0.0
 47
0.0
 48
0.0
 49
0.0
140
0.0
141
0.0
142
1.0
143
1.0
 70
   688
 72
     1
 73
     1
 74
     5
  7

 75
    16
 76
     0
 77
     2
 78
   300
147
1.0
148
0.0
149
0.0
100
AcDbLayout
  1
Presentación1
 70
     1
 71
     1
 10
-20.0
 20
-7.5
 11
277.0
 21
202.5
 12
0.0
 22
0.0
 32
0.0
 14
25.69999999999999
 24
19.5
 34
0.0
 15
231.3
 25
175.5
 35
0.0
146
0.0
 13
0.0
 23
0.0
 33
0.0
 16
1.0
 26
0.0
 36
0.0
 17
0.0
 27
1.0
 37
0.0
 76
     0
330
1DF
  0
LAYOUT
  5
1E4
102
{ACAD_REACTORS
330
1A
102
}
330
1A
100
AcDbPlotSettings
  1

  2
None
  4
ISO_A4_(210.00_x_297.00_MM)
  6

 40
0.0
 41
0.0
 42
0.0
 43
0.0
 44
0.0
 45
0.0
 46
0.0
 47
0.0
 48
0.0
 49
0.0
140
0.0
141
0.0
142
1.0
143
1.0
 70
   688
 72
     1
 73
     1
 74
     5
  7

 75
    16
 76
     0
 77
     2
 78
   300
147
1.0
148
0.0
149
0.0
100
AcDbLayout
  1
Presentación2
 70
     1
 71
     2
 10
-20.0
 20
-7.5
 11
277.0
 21
202.5
 12
0.0
 22
0.0
 32
0.0
 14
25.69999999999999
 24
19.5
 34
0.0
 15
231.3
 25
175.5
 35
0.0
146
0.0
 13
0.0
 23
0.0
 33
0.0
 16
1.0
 26
0.0
 36
0.0
 17
0.0
 27
1.0
 37
0.0
 76
     0
330
1E3
  0
MATERIAL
  5
16F
102
{ACAD_REACTORS
330
6B
102
}
330
6B
100
AcDbMaterial
  1
ByBlock
 72
     0
 73
     2
 43
0.0008202099737533
 43
0.0
 43
0.0
 43
0.0
 43
0.0
 43
0.0008202099737533
 43
0.0
 43
0.0
 43
0.0
 43
0.0
 43
1.0
 43
0.0
 43
0.0
 43
0.0
 43
0.0
 43
1.0
 77
     0
 78
     2
 47
0.0008202099737533
 47
0.0
 47
0.0
 47
0.0
 47
0.0
 47
0.0008202099737533
 47
0.0
 47
0.0
 47
0.0
 47
0.0
 47
1.0
 47
0.0
 47
0.0
 47
0.0
 47
0.0
 47
1.0
171
     0
172
     2
 49
0.0008202099737533
 49
0.0
 49
0.0
 49
0.0
 49
0.0
 49
0.0008202099737533
 49
0.0
 49
0.0
 49
0.0
 49
0.0
 49
1.0
 49
0.0
 49
0.0
 49
0.0
 49
0.0
 49
1.0
175
     0
176
     2
142
0.0008202099737533
142
0.0
142
0.0
142
0.0
142
0.0
142
0.0008202099737533
142
0.0
142
0.0
142
0.0
142
0.0
142
1.0
142
0.0
142
0.0
142
0.0
142
0.0
142
1.0
179
     0
270
     2
144
0.0008202099737533
144
0.0
144
0.0
144
0.0
144
0.0
144
0.0008202099737533
144
0.0
144
0.0
144
0.0
144
0.0
144
1.0
144
0.0
144
0.0
144
0.0
144
0.0
144
1.0
274
     2
147
0.0008202099737533
147
0.0
147
0.0
147
0.0
147
0.0
147
0.0008202099737533
147
0.0
147
0.0
147
0.0
147
0.0
147
1.0
147
0.0
147
0.0
147
0.0
147
0.0
147
1.0
 94
      127
  0
MATERIAL
  5
167
102
{ACAD_REACTORS
330
6B
102
}
330
6B
100
AcDbMaterial
  1
ByLayer
 72
     0
 73
     2
 43
0.0008202099737533
 43
0.0
 43
0.0
 43
0.0
 43
0.0
 43
0.0008202099737533
 43
0.0
 43
0.0
 43
0.0
 43
0.0
 43
1.0
 43
0.0
 43
0.0
 43
0.0
 43
0.0
 43
1.0
 77
     0
 78
     2
 47
0.0008202099737533
 47
0.0
 47
0.0
 47
0.0
 47
0.0
 47
0.0008202099737533
 47
0.0
 47
0.0
 47
0.0
 47
0.0
 47
1.0
 47
0.0
 47
0.0
 47
0.0
 47
0.0
 47
1.0
171
     0
172
     2
 49
0.0008202099737533
 49
0.0
 49
0.0
 49
0.0
 49
0.0
 49
0.0008202099737533
 49
0.0
 49
0.0
 49
0.0
 49
0.0
 49
1.0
 49
0.0
 49
0.0
 49
0.0
 49
0.0
 49
1.0
175
     0
176
     2
142
0.0008202099737533
142
0.0
142
0.0
142
0.0
142
0.0
142
0.0008202099737533
142
0.0
142
0.0
142
0.0
142
0.0
142
1.0
142
0.0
142
0.0
142
0.0
142
0.0
142
1.0
179
     0
270
     2
144
0.0008202099737533
144
0.0
144
0.0
144
0.0
144
0.0
144
0.0008202099737533
144
0.0
144
0.0
144
0.0
144
0.0
144
1.0
144
0.0
144
0.0
144
0.0
144
0.0
144
1.0
274
     2
147
0.0008202099737533
147
0.0
147
0.0
147
0.0
147
0.0
147
0.0008202099737533
147
0.0
147
0.0
147
0.0
147
0.0
147
1.0
147
0.0
147
0.0
147
0.0
147
0.0
147
1.0
 94
      127
  0
MATERIAL
  5
177
102
{ACAD_REACTORS
330
6B
102
}
330
6B
100
AcDbMaterial
  1
Global
 72
     0
 73
     2
 43
0.0008202099737533
 43
0.0
 43
0.0
 43
0.0
 43
0.0
 43
0.0008202099737533
 43
0.0
 43
0.0
 43
0.0
 43
0.0
 43
1.0
 43
0.0
 43
0.0
 43
0.0
 43
0.0
 43
1.0
 77
     0
 78
     2
 47
0.0008202099737533
 47
0.0
 47
0.0
 47
0.0
 47
0.0
 47
0.0008202099737533
 47
0.0
 47
0.0
 47
0.0
 47
0.0
 47
1.0
 47
0.0
 47
0.0
 47
0.0
 47
0.0
 47
1.0
171
     0
172
     2
 49
0.0008202099737533
 49
0.0
 49
0.0
 49
0.0
 49
0.0
 49
0.0008202099737533
 49
0.0
 49
0.0
 49
0.0
 49
0.0
 49
1.0
 49
0.0
 49
0.0
 49
0.0
 49
0.0
 49
1.0
175
     0
176
     2
142
0.0008202099737533
142
0.0
142
0.0
142
0.0
142
0.0
142
0.0008202099737533
142
0.0
142
0.0
142
0.0
142
0.0
142
1.0
142
0.0
142
0.0
142
0.0
142
0.0
142
1.0
179
     0
270
     2
144
0.0008202099737533
144
0.0
144
0.0
144
0.0
144
0.0
144
0.0008202099737533
144
0.0
144
0.0
144
0.0
144
0.0
144
1.0
144
0.0
144
0.0
144
0.0
144
0.0
144
1.0
274
     2
147
0.0008202099737533
147
0.0
147
0.0
147
0.0
147
0.0
147
0.0008202099737533
147
0.0
147
0.0
147
0.0
147
0.0
147
1.0
147
0.0
147
0.0
147
0.0
147
0.0
147
1.0
 94
      127
  0
MLEADERSTYLE
  5
E1
102
{ACAD_REACTORS
330
DE
102
}
330
DE
100
AcDbMLeaderStyle
179
     2
170
     2
171
     1
172
     0
 90
        2
 40
0.0
 41
0.0
173
     1
 91
-1056964608
340
14
 92
       -2
290
     1
 42
2.0
291
     1
 43
8.0
  3
Standard
 44
4.0
300

342
11
174
     1
178
     1
175
     1
176
     0
 93
-1056964608
 45
4.0
292
     0
297
     0
 46
0.18
 94
-1056964608
 47
1.0
 49
1.0
140
1.0
293
     1
141
0.0
294
     1
177
     0
142
1.0
295
     0
296
     0
143
3.75
271
     0
272
     9
273
     9
298
     0
  0
MLINESTYLE
  5
18
102
{ACAD_REACTORS
330
17
102
}
330
17
100
AcDbMlineStyle
  2
STANDARD
 70
     0
  3

 62
   256
 51
90.0
 52
90.0
 71
     2
 49
0.5
 62
   256
  6
BYLAYER
 49
-0.5
 62
   256
  6
BYLAYER
  0
ACDBPLACEHOLDER
  5
F
102
{ACAD_REACTORS
330
E
102
}
330
E
  0
SCALE
  5
B8
102
{ACAD_REACTORS
330
B7
102
}
330
B7
100
AcDbScale
 70
     0
300
1:1
140
1.0
141
1.0
290
     1
  0
SCALE
  5
B9
102
{ACAD_REACTORS
330
B7
102
}
330
B7
100
AcDbScale
 70
     0
300
1:2
140
1.0
141
2.0
290
     0
  0
SCALE
  5
BA
102
{ACAD_REACTORS
330
B7
102
}
330
B7
100
AcDbScale
 70
     0
300
1:4
140
1.0
141
4.0
290
     0
  0
SCALE
  5
BB
102
{ACAD_REACTORS
330
B7
102
}
330
B7
100
AcDbScale
 70
     0
300
1:5
140
1.0
141
5.0
290
     0
  0
SCALE
  5
BC
102
{ACAD_REACTORS
330
B7
102
}
330
B7
100
AcDbScale
 70
     0
300
1:8
140
1.0
141
8.0
290
     0
  0
SCALE
  5
BD
102
{ACAD_REACTORS
330
B7
102
}
330
B7
100
AcDbScale
 70
     0
300
1:10
140
1.0
141
10.0
290
     0
  0
SCALE
  5
BE
102
{ACAD_REACTORS
330
B7
102
}
330
B7
100
AcDbScale
 70
     0
300
1:16
140
1.0
141
16.0
290
     0
  0
SCALE
  5
BF
102
{ACAD_REACTORS
330
B7
102
}
330
B7
100
AcDbScale
 70
     0
300
1:20
140
1.0
141
20.0
290
     0
  0
SCALE
  5
C0
102
{ACAD_REACTORS
330
B7
102
}
330
B7
100
AcDbScale
 70
     0
300
1:30
140
1.0
141
30.0
290
     0
  0
SCALE
  5
C1
102
{ACAD_REACTORS
330
B7
102
}
330
B7
100
AcDbScale
 70
     0
300
1:40
140
1.0
141
40.0
290
     0
  0
SCALE
  5
C2
102
{ACAD_REACTORS
330
B7
102
}
330
B7
100
AcDbScale
 70
     0
300
1:50
140
1.0
141
50.0
290
     0
  0
SCALE
  5
C3
102
{ACAD_REACTORS
330
B7
102
}
330
B7
100
AcDbScale
 70
     0
300
1:100
140
1.0
141
100.0
290
     0
  0
SCALE
  5
C4
102
{ACAD_REACTORS
330
B7
102
}
330
B7
100
AcDbScale
 70
     0
300
2:1
140
2.0
141
1.0
290
     0
  0
SCALE
  5
C5
102
{ACAD_REACTORS
330
B7
102
}
330
B7
100
AcDbScale
 70
     0
300
4:1
140
4.0
141
1.0
290
     0
  0
SCALE
  5
C6
102
{ACAD_REACTORS
330
B7
102
}
330
B7
100
AcDbScale
 70
     0
300
8:1
140
8.0
141
1.0
290
     0
  0
SCALE
  5
C7
102
{ACAD_REACTORS
330
B7
102
}
330
B7
100
AcDbScale
 70
     0
300
10:1
140
10.0
141
1.0
290
     0
  0
SCALE
  5
C8
102
{ACAD_REACTORS
330
B7
102
}
330
B7
100
AcDbScale
 70
     0
300
100:1
140
100.0
141
1.0
290
     0
  0
SCALE
  5
C9
102
{ACAD_REACTORS
330
B7
102
}
330
B7
100
AcDbScale
 70
     0
300
1/128" = 1'-0"
140
0.0078125
141
12.0
290
     0
  0
SCALE
  5
CA
102
{ACAD_REACTORS
330
B7
102
}
330
B7
100
AcDbScale
 70
     0
300
1/64" = 1'-0"
140
0.015625
141
12.0
290
     0
  0
SCALE
  5
CB
102
{ACAD_REACTORS
330
B7
102
}
330
B7
100
AcDbScale
 70
     0
300
1/32" = 1'-0"
140
0.03125
141
12.0
290
     0
  0
SCALE
  5
CC
102
{ACAD_REACTORS
330
B7
102
}
330
B7
100
AcDbScale
 70
     0
300
1/16" = 1'-0"
140
0.0625
141
12.0
290
     0
  0
SCALE
  5
CD
102
{ACAD_REACTORS
330
B7
102
}
330
B7
100
AcDbScale
 70
     0
300
3/32" = 1'-0"
140
0.09375
141
12.0
290
     0
  0
SCALE
  5
CE
102
{ACAD_REACTORS
330
B7
102
}
330
B7
100
AcDbScale
 70
     0
300
1/8" = 1'-0"
140
0.125
141
12.0
290
     0
  0
SCALE
  5
CF
102
{ACAD_REACTORS
330
B7
102
}
330
B7
100
AcDbScale
 70
     0
300
3/16" = 1'-0"
140
0.1875
141
12.0
290
     0
  0
SCALE
  5
D0
102
{ACAD_REACTORS
330
B7
102
}
330
B7
100
AcDbScale
 70
     0
300
1/4" = 1'-0"
140
0.25
141
12.0
290
     0
  0
SCALE
  5
D1
102
{ACAD_REACTORS
330
B7
102
}
330
B7
100
AcDbScale
 70
     0
300
3/8" = 1'-0"
140
0.375
141
12.0
290
     0
  0
SCALE
  5
D2
102
{ACAD_REACTORS
330
B7
102
}
330
B7
100
AcDbScale
 70
     0
300
1/2" = 1'-0"
140
0.5
141
12.0
290
     0
  0
SCALE
  5
D3
102
{ACAD_REACTORS
330
B7
102
}
330
B7
100
AcDbScale
 70
     0
300
3/4" = 1'-0"
140
0.75
141
12.0
290
     0
  0
SCALE
  5
D4
102
{ACAD_REACTORS
330
B7
102
}
330
B7
100
AcDbScale
 70
     0
300
1" = 1'-0"
140
1.0
141
12.0
290
     0
  0
SCALE
  5
D5
102
{ACAD_REACTORS
330
B7
102
}
330
B7
100
AcDbScale
 70
     0
300
1-1/2" = 1'-0"
140
1.5
141
12.0
290
     0
  0
SCALE
  5
D6
102
{ACAD_REACTORS
330
B7
102
}
330
B7
100
AcDbScale
 70
     0
300
3" = 1'-0"
140
3.0
141
12.0
290
     0
  0
SCALE
  5
D7
102
{ACAD_REACTORS
330
B7
102
}
330
B7
100
AcDbScale
 70
     0
300
6" = 1'-0"
140
6.0
141
12.0
290
     0
  0
SCALE
  5
D8
102
{ACAD_REACTORS
330
B7
102
}
330
B7
100
AcDbScale
 70
     0
300
1'-0" = 1'-0"
140
12.0
141
12.0
290
     0
  0
ACDBSECTIONVIEWSTYLE
  5
1EA
102
{ACAD_REACTORS
330
1E9
102
}
330
1E9
100
AcDbModelDocViewStyle
 70
     0
  3
Metric50
290
     1
300
Metric50
 90
        0
100
AcDbSectionViewStyle
 70
     0
 71
     0
 90
      102
 71
     1
340
11
 62
   256
 40
5.0
340
0
340
0
 62
   256
 40
5.0
300
I, O, Q, S, X, Z
 40
10.0
 90
        0
 40
2.5
 90
        0
 71
     2
340
16
 90
       25
 62
   256
340
16
 90
       50
 62
   256
 40
5.0
 40
2.5
 40
5.0
 71
     3
340
11
 62
   256
 40
5.0
 90
        0
 40
15.0
 90
        1
300
%<\AcVar ViewSectionStartId>%-%<\AcVar ViewSectionEndId>% (%<\AcVar ViewScale \f "%sn">%)
 71
     4
 62
   256
 62
   257
300
ANSI31
 40
1.0
 90
        0
290
     0
290
     0
 90
        6
 40
0.0
 40
1.570796326794896
 40
0.2617993877991494
 40
1.308996938995747
 40
-0.2617993877991494
 40
1.832595714594046
  0
TABLESTYLE
  5
93
102
{ACAD_XDICTIONARY
360
23A
102
}
102
{ACAD_REACTORS
330
92
102
}
330
92
100
AcDbTableStyle
280
     0
  3
Standard
 70
     0
 71
     0
 40
1.5
 41
1.5
280
     0
281
     0
  7
Standard
140
4.5
170
     2
 62
     0
 63
     7
283
     0
 90
      512
 91
        0
  1

274
    -2
284
     1
 64
     0
275
    -2
285
     1
 65
     0
276
    -2
286
     1
 66
     0
277
    -2
287
     1
 67
     0
278
    -2
288
     1
 68
     0
279
    -2
289
     1
 69
     0
  7
Standard
140
6.0
170
     5
 62
     0
 63
     7
283
     0
 90
      512
 91
        0
  1

274
    -2
284
     1
 64
     0
275
    -2
285
     1
 65
     0
276
    -2
286
     1
 66
     0
277
    -2
287
     1
 67
     0
278
    -2
288
     1
 68
     0
279
    -2
289
     1
 69
     0
  7
Standard
140
4.5
170
     5
 62
     0
 63
     7
283
     0
 90
      512
 91
        0
  1

274
    -2
284
     1
 64
     0
275
    -2
285
     1
 65
     0
276
    -2
286
     1
 66
     0
277
    -2
287
     1
 67
     0
278
    -2
288
     1
 68
     0
279
    -2
289
     1
 69
     0
1001
ACAD
1000
AcRTDxfName
1000
TABLESTYLE
  0
VISUALSTYLE
  5
185
102
{ACAD_REACTORS
330
17F
102
}
330
17F
100
AcDbVisualStyle
  2
2dWireframe
 70
     4
177
     3
291
     0
 70
    58
 90
        0
176
     1
 90
        2
176
     1
 90
        0
176
     1
 90
        0
176
     1
 40
0.6
176
     1
 40
30.0
176
     1
 62
     7
420
 16777215
176
     1
 90
        1
176
     1
 90
        4
176
     1
 62
     7
176
     1
 62
   257
176
     1
 90
        1
176
     1
 90
        1
176
     1
 40
1.0
176
     1
 90
        0
176
     1
 62
   257
176
     1
 40
1.0
176
     1
 90
        1
176
     1
 90
        6
176
     1
 90
        2
176
     1
 62
     7
176
     1
 90
        5
176
     1
 90
        0
176
     1
 90
        0
176
     1
290
     0
176
     1
 90
        1
176
     1
 40
0.0
176
     1
 90
        0
176
     1
290
     1
176
     1
290
     1
176
     1
290
     0
176
     1
290
     0
176
     1
290
     0
176
     1
290
     0
176
     1
290
     0
176
     1
290
     0
176
     1
290
     0
176
     1
 90
       50
176
     1
 40
0.0
176
     1
 40
1.0
176
     1
 90
        0
176
     1
 62
    18
420
        0
176
     1
 90
       50
176
     1
 90
        3
176
     1
 62
     5
420
      255
176
     1
290
     0
176
     1
 90
       50
176
     1
 90
       50
176
     1
 90
       50
176
     1
290
     0
176
     1
 90
       50
176
     1
 62
   256
176
     0
 40
1.0
176
     0
 90
        0
176
     1
  1
strokes_ogs.tif
176
     1
290
     0
176
     1
 40
1.0
176
     1
 40
1.0
176
     1
  0
VISUALSTYLE
  5
184
102
{ACAD_REACTORS
330
17F
102
}
330
17F
100
AcDbVisualStyle
  2
Basic
 70
     7
177
     3
291
     1
 70
    58
 90
        1
176
     1
 90
        0
176
     1
 90
        1
176
     1
 90
        0
176
     1
 40
0.6
176
     1
 40
30.0
176
     1
 62
     7
420
 16777215
176
     1
 90
        0
176
     1
 90
        4
176
     1
 62
     7
176
     1
 62
   257
176
     1
 90
        1
176
     1
 90
        1
176
     1
 40
1.0
176
     1
 90
        8
176
     1
 62
     7
176
     1
 40
1.0
176
     1
 90
        1
176
     1
 90
        6
176
     1
 90
        2
176
     1
 62
     7
176
     1
 90
        5
176
     1
 90
        0
176
     1
 90
        0
176
     1
290
     0
176
     1
 90
        1
176
     1
 40
0.0
176
     1
 90
        0
176
     1
290
     0
176
     1
290
     1
176
     1
290
     1
176
     1
290
     0
176
     1
290
     0
176
     1
290
     0
176
     1
290
     0
176
     1
290
     0
176
     1
290
     0
176
     1
 90
       50
176
     1
 40
0.0
176
     1
 40
1.0
176
     1
 90
        0
176
     1
 62
    18
420
        0
176
     1
 90
       50
176
     1
 90
        3
176
     1
 62
     5
420
      255
176
     1
290
     0
176
     1
 90
       50
176
     1
 90
       50
176
     1
 90
       50
176
     1
290
     0
176
     1
 90
       50
176
     1
 62
   256
176
     0
 40
1.0
176
     0
 90
        0
176
     1
  1
strokes_ogs.tif
176
     1
290
     0
176
     1
 40
1.0
176
     1
 40
1.0
176
     1
  0
VISUALSTYLE
  5
18B
102
{ACAD_REACTORS
330
17F
102
}
330
17F
100
AcDbVisualStyle
  2
Brighten
 70
    12
177
     3
291
     1
 70
    58
 90
        2
176
     1
 90
        2
176
     1
 90
        0
176
     1
 90
        0
176
     1
 40
0.6
176
     1
 40
30.0
176
     1
 62
     7
420
 16777215
176
     1
 90
        1
176
     1
 90
        4
176
     1
 62
     7
176
     1
 62
   257
176
     1
 90
        1
176
     1
 90
        1
176
     1
 40
1.0
176
     1
 90
        8
176
     1
 62
     7
176
     1
 40
1.0
176
     1
 90
        1
176
     1
 90
        6
176
     1
 90
        2
176
     1
 62
     7
176
     1
 90
        5
176
     1
 90
        0
176
     1
 90
        0
176
     1
290
     0
176
     1
 90
        1
176
     1
 40
50.0
176
     1
 90
        0
176
     1
290
     0
176
     1
290
     1
176
     1
290
     1
176
     1
290
     0
176
     1
290
     0
176
     1
290
     0
176
     1
290
     0
176
     1
290
     0
176
     1
290
     0
176
     1
 90
       50
176
     1
 40
0.0
176
     1
 40
1.0
176
     1
 90
        0
176
     1
 62
    18
420
        0
176
     1
 90
       50
176
     1
 90
        3
176
     1
 62
     5
420
      255
176
     1
290
     0
176
     1
 90
       50
176
     1
 90
       50
176
     1
 90
       50
176
     1
290
     0
176
     1
 90
       50
176
     1
 62
   256
176
     0
 40
1.0
176
     0
 90
        0
176
     1
  1
strokes_ogs.tif
176
     1
290
     0
176
     1
 40
1.0
176
     1
 40
1.0
176
     1
  0
VISUALSTYLE
  5
18F
102
{ACAD_REACTORS
330
17F
102
}
330
17F
100
AcDbVisualStyle
  2
ColorChange
 70
    16
177
     3
291
     1
 70
    58
 90
        2
176
     1
 90
        2
176
     1
 90
        3
176
     1
 90
        0
176
     1
 40
0.6
176
     1
 40
30.0
176
     1
 62
     8
420
  8421504
176
     1
 90
        1
176
     1
 90
        4
176
     1
 62
     7
176
     1
 62
   257
176
     1
 90
        1
176
     1
 90
        1
176
     1
 40
1.0
176
     1
 90
        8
176
     1
 62
     8
420
  8421504
176
     1
 40
1.0
176
     1
 90
        1
176
     1
 90
        6
176
     1
 90
        2
176
     1
 62
     7
176
     1
 90
        5
176
     1
 90
        0
176
     1
 90
        0
176
     1
290
     0
176
     1
 90
        1
176
     1
 40
0.0
176
     1
 90
        0
176
     1
290
     0
176
     1
290
     1
176
     1
290
     1
176
     1
290
     0
176
     1
290
     0
176
     1
290
     0
176
     1
290
     0
176
     1
290
     0
176
     1
290
     0
176
     1
 90
       50
176
     1
 40
0.0
176
     1
 40
1.0
176
     1
 90
        0
176
     1
 62
    18
420
        0
176
     1
 90
       50
176
     1
 90
        3
176
     1
 62
     5
420
      255
176
     1
290
     0
176
     1
 90
       50
176
     1
 90
       50
176
     1
 90
       50
176
     1
290
     0
176
     1
 90
       50
176
     1
 62
   256
176
     0
 40
1.0
176
     0
 90
        0
176
     1
  1
strokes_ogs.tif
176
     1
290
     0
176
     1
 40
1.0
176
     1
 40
1.0
176
     1
  0
VISUALSTYLE
  5
188
102
{ACAD_REACTORS
330
17F
102
}
330
17F
100
AcDbVisualStyle
  2
Conceptual
 70
     9
177
     3
291
     0
 70
    58
 90
        3
176
     1
 90
        2
176
     1
 90
        0
176
     1
 90
        0
176
     1
 40
0.6
176
     1
 40
30.0
176
     1
 62
     7
420
 16777215
176
     1
 90
        2
176
     1
 90
        2
176
     1
 62
     7
176
     1
 62
   257
176
     1
 90
        1
176
     1
 90
        1
176
     1
 40
179.0
176
     1
 90
        8
176
     1
 62
     7
176
     1
 40
1.0
176
     1
 90
        1
176
     1
 90
        6
176
     1
 90
        2
176
     1
 62
     7
176
     1
 90
        3
176
     1
 90
        0
176
     1
 90
        0
176
     1
290
     0
176
     1
 90
        1
176
     1
 40
0.0
176
     1
 90
        0
176
     1
290
     0
176
     1
290
     1
176
     1
290
     1
176
     1
290
     0
176
     1
290
     0
176
     1
290
     0
176
     1
290
     0
176
     1
290
     0
176
     1
290
     0
176
     1
 90
       50
176
     1
 40
0.0
176
     1
 40
1.0
176
     1
 90
        0
176
     1
 62
    18
420
        0
176
     1
 90
       50
176
     1
 90
        3
176
     1
 62
     5
420
      255
176
     1
290
     0
176
     1
 90
       50
176
     1
 90
       50
176
     1
 90
       50
176
     1
290
     0
176
     1
 90
       50
176
     1
 62
   256
176
     0
 40
1.0
176
     0
 90
        0
176
     1
  1
strokes_ogs.tif
176
     1
290
     0
176
     1
 40
1.0
176
     1
 40
1.0
176
     1
  0
VISUALSTYLE
  5
18A
102
{ACAD_REACTORS
330
17F
102
}
330
17F
100
AcDbVisualStyle
  2
Dim
 70
    11
177
     3
291
     1
 70
    58
 90
        2
176
     1
 90
        2
176
     1
 90
        0
176
     1
 90
        0
176
     1
 40
0.6
176
     1
 40
30.0
176
     1
 62
     7
420
 16777215
176
     1
 90
        1
176
     1
 90
        4
176
     1
 62
     7
176
     1
 62
   257
176
     1
 90
        1
176
     1
 90
        1
176
     1
 40
1.0
176
     1
 90
        8
176
     1
 62
     7
176
     1
 40
1.0
176
     1
 90
        1
176
     1
 90
        6
176
     1
 90
        2
176
     1
 62
     7
176
     1
 90
        5
176
     1
 90
        0
176
     1
 90
        0
176
     1
290
     0
176
     1
 90
        1
176
     1
 40
-50.0
176
     1
 90
        0
176
     1
290
     0
176
     1
290
     1
176
     1
290
     1
176
     1
290
     0
176
     1
290
     0
176
     1
290
     0
176
     1
290
     0
176
     1
290
     0
176
     1
290
     0
176
     1
 90
       50
176
     1
 40
0.0
176
     1
 40
1.0
176
     1
 90
        0
176
     1
 62
    18
420
        0
176
     1
 90
       50
176
     1
 90
        3
176
     1
 62
     5
420
      255
176
     1
290
     0
176
     1
 90
       50
176
     1
 90
       50
176
     1
 90
       50
176
     1
290
     0
176
     1
 90
       50
176
     1
 62
   256
176
     0
 40
1.0
176
     0
 90
        0
176
     1
  1
strokes_ogs.tif
176
     1
290
     0
176
     1
 40
1.0
176
     1
 40
1.0
176
     1
  0
VISUALSTYLE
  5
197
102
{ACAD_REACTORS
330
17F
102
}
330
17F
100
AcDbVisualStyle
  2
EdgeColorOff
 70
    22
177
     3
291
     1
 70
    58
 90
        2
176
     0
 90
        2
176
     0
 90
        0
176
     0
 90
        0
176
     0
 40
0.6
176
     0
 40
30.0
176
     0
 62
     7
420
 16777215
176
     0
 90
        1
176
     0
 90
        4
176
     0
 62
     7
176
     0
 62
   257
176
     0
 90
        1
176
     0
 90
        1
176
     0
 40
1.0
176
     0
 90
        8
176
     2
 62
     7
176
     0
 40
1.0
176
     0
 90
        1
176
     0
 90
        6
176
     0
 90
        2
176
     0
 62
     7
176
     0
 90
        5
176
     0
 90
        0
176
     0
 90
        0
176
     0
290
     0
176
     0
 90
        1
176
     0
 40
0.0
176
     0
 90
        0
176
     0
290
     0
176
     1
290
     1
176
     1
290
     1
176
     1
290
     0
176
     1
290
     0
176
     1
290
     0
176
     1
290
     0
176
     1
290
     0
176
     1
290
     0
176
     1
 90
       50
176
     1
 40
0.0
176
     1
 40
1.0
176
     1
 90
        0
176
     1
 62
    18
420
        0
176
     1
 90
       50
176
     1
 90
        3
176
     1
 62
     5
420
      255
176
     1
290
     0
176
     1
 90
       50
176
     1
 90
       50
176
     1
 90
       50
176
     1
290
     0
176
     1
 90
       50
176
     1
 62
   256
176
     0
 40
1.0
176
     0
 90
        0
176
     1
  1
strokes_ogs.tif
176
     1
290
     0
176
     1
 40
1.0
176
     1
 40
1.0
176
     1
  0
VISUALSTYLE
  5
18E
102
{ACAD_REACTORS
330
17F
102
}
330
17F
100
AcDbVisualStyle
  2
Facepattern
 70
    15
177
     3
291
     1
 70
    58
 90
        2
176
     1
 90
        2
176
     1
 90
        0
176
     1
 90
        0
176
     1
 40
0.6
176
     1
 40
30.0
176
     1
 62
     7
420
 16777215
176
     1
 90
        1
176
     1
 90
        4
176
     1
 62
     7
176
     1
 62
   257
176
     1
 90
        1
176
     1
 90
        1
176
     1
 40
1.0
176
     1
 90
        8
176
     1
 62
     7
176
     1
 40
1.0
176
     1
 90
        1
176
     1
 90
        6
176
     1
 90
        2
176
     1
 62
     7
176
     1
 90
        5
176
     1
 90
        0
176
     1
 90
        0
176
     1
290
     0
176
     1
 90
        1
176
     1
 40
0.0
176
     1
 90
        0
176
     1
290
     0
176
     1
290
     1
176
     1
290
     1
176
     1
290
     0
176
     1
290
     0
176
     1
290
     0
176
     1
290
     0
176
     1
290
     0
176
     1
290
     0
176
     1
 90
       50
176
     1
 40
0.0
176
     1
 40
1.0
176
     1
 90
        0
176
     1
 62
    18
420
        0
176
     1
 90
       50
176
     1
 90
        3
176
     1
 62
     5
420
      255
176
     1
290
     0
176
     1
 90
       50
176
     1
 90
       50
176
     1
 90
       50
176
     1
290
     0
176
     1
 90
       50
176
     1
 62
   256
176
     0
 40
1.0
176
     0
 90
        0
176
     1
  1
strokes_ogs.tif
176
     1
290
     0
176
     1
 40
1.0
176
     1
 40
1.0
176
     1
  0
VISUALSTYLE
  5
180
102
{ACAD_REACTORS
330
17F
102
}
330
17F
100
AcDbVisualStyle
  2
Flat
 70
     0
177
     3
291
     1
 70
    58
 90
        2
176
     1
 90
        1
176
     1
 90
        1
176
     1
 90
        2
176
     1
 40
0.6
176
     1
 40
30.0
176
     1
 62
     7
420
 16777215
176
     1
 90
        0
176
     1
 90
        0
176
     1
 62
     7
176
     1
 62
   257
176
     1
 90
        1
176
     1
 90
        1
176
     1
 40
1.0
176
     1
 90
        8
176
     1
 62
     7
176
     1
 40
1.0
176
     1
 90
        1
176
     1
 90
        6
176
     1
 90
        2
176
     1
 62
     7
176
     1
 90
        5
176
     1
 90
        0
176
     1
 90
        0
176
     1
290
     0
176
     1
 90
       13
176
     1
 40
0.0
176
     1
 90
        0
176
     1
290
     0
176
     1
290
     1
176
     1
290
     1
176
     1
290
     0
176
     1
290
     0
176
     1
290
     0
176
     1
290
     0
176
     1
290
     0
176
     1
290
     0
176
     1
 90
       50
176
     1
 40
0.0
176
     1
 40
1.0
176
     1
 90
        0
176
     1
 62
    18
420
        0
176
     1
 90
       50
176
     1
 90
        3
176
     1
 62
     5
420
      255
176
     1
290
     0
176
     1
 90
       50
176
     1
 90
       50
176
     1
 90
       50
176
     1
290
     0
176
     1
 90
       50
176
     1
 62
   256
176
     0
 40
1.0
176
     0
 90
        0
176
     1
  1
strokes_ogs.tif
176
     1
290
     0
176
     1
 40
1.0
176
     1
 40
1.0
176
     1
  0
VISUALSTYLE
  5
181
102
{ACAD_REACTORS
330
17F
102
}
330
17F
100
AcDbVisualStyle
  2
FlatWithEdges
 70
     1
177
     3
291
     1
 70
    58
 90
        2
176
     1
 90
        1
176
     1
 90
        1
176
     1
 90
        2
176
     1
 40
0.6
176
     1
 40
30.0
176
     1
 62
     7
420
 16777215
176
     1
 90
        1
176
     1
 90
        0
176
     1
 62
     7
176
     1
 62
   257
176
     1
 90
        1
176
     1
 90
        1
176
     1
 40
1.0
176
     1
 90
        0
176
     1
 62
   257
176
     1
 40
1.0
176
     1
 90
        1
176
     1
 90
        6
176
     1
 90
        2
176
     1
 62
     7
176
     1
 90
        5
176
     1
 90
        0
176
     1
 90
        0
176
     1
290
     0
176
     1
 90
       13
176
     1
 40
0.0
176
     1
 90
        0
176
     1
290
     0
176
     1
290
     1
176
     1
290
     1
176
     1
290
     0
176
     1
290
     0
176
     1
290
     0
176
     1
290
     0
176
     1
290
     0
176
     1
290
     0
176
     1
 90
       50
176
     1
 40
0.0
176
     1
 40
1.0
176
     1
 90
        0
176
     1
 62
    18
420
        0
176
     1
 90
       50
176
     1
 90
        3
176
     1
 62
     5
420
      255
176
     1
290
     0
176
     1
 90
       50
176
     1
 90
       50
176
     1
 90
       50
176
     1
290
     0
176
     1
 90
       50
176
     1
 62
   256
176
     0
 40
1.0
176
     0
 90
        0
176
     1
  1
strokes_ogs.tif
176
     1
290
     0
176
     1
 40
1.0
176
     1
 40
1.0
176
     1
  0
VISUALSTYLE
  5
182
102
{ACAD_REACTORS
330
17F
102
}
330
17F
100
AcDbVisualStyle
  2
Gouraud
 70
     2
177
     3
291
     1
 70
    58
 90
        2
176
     1
 90
        2
176
     1
 90
        1
176
     1
 90
        2
176
     1
 40
0.6
176
     1
 40
30.0
176
     1
 62
     7
420
 16777215
176
     1
 90
        0
176
     1
 90
        0
176
     1
 62
     7
176
     1
 62
   257
176
     1
 90
        1
176
     1
 90
        1
176
     1
 40
1.0
176
     1
 90
        0
176
     1
 62
     7
176
     1
 40
1.0
176
     1
 90
        1
176
     1
 90
        6
176
     1
 90
        2
176
     1
 62
     7
176
     1
 90
        5
176
     1
 90
        0
176
     1
 90
        0
176
     1
290
     0
176
     1
 90
       13
176
     1
 40
0.0
176
     1
 90
        0
176
     1
290
     0
176
     1
290
     1
176
     1
290
     1
176
     1
290
     0
176
     1
290
     0
176
     1
290
     0
176
     1
290
     0
176
     1
290
     0
176
     1
290
     0
176
     1
 90
       50
176
     1
 40
0.0
176
     1
 40
1.0
176
     1
 90
        0
176
     1
 62
    18
420
        0
176
     1
 90
       50
176
     1
 90
        3
176
     1
 62
     5
420
      255
176
     1
290
     0
176
     1
 90
       50
176
     1
 90
       50
176
     1
 90
       50
176
     1
290
     0
176
     1
 90
       50
176
     1
 62
   256
176
     0
 40
1.0
176
     0
 90
        0
176
     1
  1
strokes_ogs.tif
176
     1
290
     0
176
     1
 40
1.0
176
     1
 40
1.0
176
     1
  0
VISUALSTYLE
  5
183
102
{ACAD_REACTORS
330
17F
102
}
330
17F
100
AcDbVisualStyle
  2
GouraudWithEdges
 70
     3
177
     3
291
     1
 70
    58
 90
        2
176
     1
 90
        2
176
     1
 90
        1
176
     1
 90
        2
176
     1
 40
0.6
176
     1
 40
30.0
176
     1
 62
     7
420
 16777215
176
     1
 90
        1
176
     1
 90
        0
176
     1
 62
     7
176
     1
 62
   257
176
     1
 90
        1
176
     1
 90
        1
176
     1
 40
1.0
176
     1
 90
        0
176
     1
 62
   257
176
     1
 40
1.0
176
     1
 90
        1
176
     1
 90
        6
176
     1
 90
        2
176
     1
 62
     7
176
     1
 90
        5
176
     1
 90
        0
176
     1
 90
        0
176
     1
290
     0
176
     1
 90
       13
176
     1
 40
0.0
176
     1
 90
        0
176
     1
290
     0
176
     1
290
     1
176
     1
290
     1
176
     1
290
     0
176
     1
290
     0
176
     1
290
     0
176
     1
290
     0
176
     1
290
     0
176
     1
290
     0
176
     1
 90
       50
176
     1
 40
0.0
176
     1
 40
1.0
176
     1
 90
        0
176
     1
 62
    18
420
        0
176
     1
 90
       50
176
     1
 90
        3
176
     1
 62
     5
420
      255
176
     1
290
     0
176
     1
 90
       50
176
     1
 90
       50
176
     1
 90
       50
176
     1
290
     0
176
     1
 90
       50
176
     1
 62
   256
176
     0
 40
1.0
176
     0
 90
        0
176
     1
  1
strokes_ogs.tif
176
     1
290
     0
176
     1
 40
1.0
176
     1
 40
1.0
176
     1
  0
VISUALSTYLE
  5
187
102
{ACAD_REACTORS
330
17F
102
}
330
17F
100
AcDbVisualStyle
  2
Hidden
 70
     6
177
     3
291
     0
 70
    58
 90
        1
176
     1
 90
        2
176
     1
 90
        2
176
     1
 90
        0
176
     1
 40
0.6
176
     1
 40
30.0
176
     1
 62
     7
420
 16777215
176
     1
 90
        2
176
     1
 90
        2
176
     1
 62
     7
176
     1
 62
   257
176
     1
 90
        2
176
     1
 90
        1
176
     1
 40
40.0
176
     1
 90
        0
176
     1
 62
   257
176
     1
 40
1.0
176
     1
 90
        1
176
     1
 90
        6
176
     1
 90
        2
176
     1
 62
     7
176
     1
 90
        3
176
     1
 90
        0
176
     1
 90
        0
176
     1
290
     0
176
     1
 90
        1
176
     1
 40
0.0
176
     1
 90
        0
176
     1
290
     0
176
     1
290
     1
176
     1
290
     1
176
     1
290
     0
176
     1
290
     0
176
     1
290
     0
176
     1
290
     0
176
     1
290
     0
176
     1
290
     0
176
     1
 90
       50
176
     1
 40
0.0
176
     1
 40
1.0
176
     1
 90
        0
176
     1
 62
    18
420
        0
176
     1
 90
       50
176
     1
 90
        3
176
     1
 62
     5
420
      255
176
     1
290
     0
176
     1
 90
       50
176
     1
 90
       50
176
     1
 90
       50
176
     1
290
     0
176
     1
 90
       50
176
     1
 62
   256
176
     0
 40
1.0
176
     0
 90
        0
176
     1
  1
strokes_ogs.tif
176
     1
290
     0
176
     1
 40
1.0
176
     1
 40
1.0
176
     1
  0
VISUALSTYLE
  5
195
102
{ACAD_REACTORS
330
17F
102
}
330
17F
100
AcDbVisualStyle
  2
JitterOff
 70
    20
177
     3
291
     1
 70
    58
 90
        2
176
     0
 90
        2
176
     0
 90
        0
176
     0
 90
        0
176
     0
 40
0.6
176
     0
 40
30.0
176
     0
 62
     7
420
 16777215
176
     0
 90
        1
176
     0
 90
        4
176
     0
 62
     7
176
     0
 62
   257
176
     0
 90
        1
176
     0
 90
        1
176
     0
 40
1.0
176
     0
 90
       10
176
     2
 62
     7
176
     0
 40
1.0
176
     0
 90
        1
176
     0
 90
        6
176
     0
 90
        2
176
     0
 62
     7
176
     0
 90
        5
176
     0
 90
        0
176
     0
 90
        0
176
     0
290
     0
176
     0
 90
        1
176
     0
 40
0.0
176
     0
 90
        0
176
     0
290
     0
176
     1
290
     1
176
     1
290
     1
176
     1
290
     0
176
     1
290
     0
176
     1
290
     0
176
     1
290
     0
176
     1
290
     0
176
     1
290
     0
176
     1
 90
       50
176
     1
 40
0.0
176
     1
 40
1.0
176
     1
 90
        0
176
     1
 62
    18
420
        0
176
     1
 90
       50
176
     1
 90
        3
176
     1
 62
     5
420
      255
176
     1
290
     0
176
     1
 90
       50
176
     1
 90
       50
176
     1
 90
       50
176
     1
290
     0
176
     1
 90
       50
176
     1
 62
   256
176
     0
 40
1.0
176
     0
 90
        0
176
     1
  1
strokes_ogs.tif
176
     1
290
     0
176
     1
 40
1.0
176
     1
 40
1.0
176
     1
  0
VISUALSTYLE
  5
18D
102
{ACAD_REACTORS
330
17F
102
}
330
17F
100
AcDbVisualStyle
  2
Linepattern
 70
    14
177
     3
291
     1
 70
    58
 90
        2
176
     1
 90
        2
176
     1
 90
        0
176
     1
 90
        0
176
     1
 40
0.6
176
     1
 40
30.0
176
     1
 62
     7
420
 16777215
176
     1
 90
        1
176
     1
 90
        4
176
     1
 62
     7
176
     1
 62
   257
176
     1
 90
        7
176
     1
 90
        7
176
     1
 40
1.0
176
     1
 90
        8
176
     1
 62
     7
176
     1
 40
1.0
176
     1
 90
        1
176
     1
 90
        6
176
     1
 90
        2
176
     1
 62
     7
176
     1
 90
        5
176
     1
 90
        0
176
     1
 90
        0
176
     1
290
     0
176
     1
 90
        1
176
     1
 40
0.0
176
     1
 90
        0
176
     1
290
     0
176
     1
290
     1
176
     1
290
     1
176
     1
290
     0
176
     1
290
     0
176
     1
290
     0
176
     1
290
     0
176
     1
290
     0
176
     1
290
     0
176
     1
 90
       50
176
     1
 40
0.0
176
     1
 40
1.0
176
     1
 90
        0
176
     1
 62
    18
420
        0
176
     1
 90
       50
176
     1
 90
        3
176
     1
 62
     5
420
      255
176
     1
290
     0
176
     1
 90
       50
176
     1
 90
       50
176
     1
 90
       50
176
     1
290
     0
176
     1
 90
       50
176
     1
 62
   256
176
     0
 40
1.0
176
     0
 90
        0
176
     1
  1
strokes_ogs.tif
176
     1
290
     0
176
     1
 40
1.0
176
     1
 40
1.0
176
     1
  0
VISUALSTYLE
  5
196
102
{ACAD_REACTORS
330
17F
102
}
330
17F
100
AcDbVisualStyle
  2
OverhangOff
 70
    21
177
     3
291
     1
 70
    58
 90
        2
176
     0
 90
        2
176
     0
 90
        0
176
     0
 90
        0
176
     0
 40
0.6
176
     0
 40
30.0
176
     0
 62
     7
420
 16777215
176
     0
 90
        1
176
     0
 90
        4
176
     0
 62
     7
176
     0
 62
   257
176
     0
 90
        1
176
     0
 90
        1
176
     0
 40
1.0
176
     0
 90
        9
176
     2
 62
     7
176
     0
 40
1.0
176
     0
 90
        1
176
     0
 90
        6
176
     0
 90
        2
176
     0
 62
     7
176
     0
 90
        5
176
     0
 90
        0
176
     0
 90
        0
176
     0
290
     0
176
     0
 90
        1
176
     0
 40
0.0
176
     0
 90
        0
176
     0
290
     0
176
     1
290
     1
176
     1
290
     1
176
     1
290
     0
176
     1
290
     0
176
     1
290
     0
176
     1
290
     0
176
     1
290
     0
176
     1
290
     0
176
     1
 90
       50
176
     1
 40
0.0
176
     1
 40
1.0
176
     1
 90
        0
176
     1
 62
    18
420
        0
176
     1
 90
       50
176
     1
 90
        3
176
     1
 62
     5
420
      255
176
     1
290
     0
176
     1
 90
       50
176
     1
 90
       50
176
     1
 90
       50
176
     1
290
     0
176
     1
 90
       50
176
     1
 62
   256
176
     0
 40
1.0
176
     0
 90
        0
176
     1
  1
strokes_ogs.tif
176
     1
290
     0
176
     1
 40
1.0
176
     1
 40
1.0
176
     1
  0
VISUALSTYLE
  5
189
102
{ACAD_REACTORS
330
17F
102
}
330
17F
100
AcDbVisualStyle
  2
Realistic
 70
     8
177
     3
291
     0
 70
    58
 90
        2
176
     1
 90
        3
176
     1
 90
        0
176
     1
 90
        2
176
     1
 40
0.6
176
     1
 40
30.0
176
     1
 62
     7
420
 16777215
176
     1
 90
        0
176
     1
 90
        0
176
     1
 62
     7
176
     1
 62
   257
176
     1
 90
        1
176
     1
 90
        1
176
     1
 40
1.0
176
     1
 90
        8
176
     1
 62
   257
176
     1
 40
1.0
176
     1
 90
        1
176
     1
 90
        6
176
     1
 90
        2
176
     1
 62
     7
176
     1
 90
        3
176
     1
 90
        0
176
     1
 90
        0
176
     1
290
     0
176
     1
 90
       13
176
     1
 40
0.0
176
     1
 90
        0
176
     1
290
     0
176
     1
290
     1
176
     1
290
     1
176
     1
290
     0
176
     1
290
     0
176
     1
290
     0
176
     1
290
     0
176
     1
290
     0
176
     1
290
     0
176
     1
 90
       50
176
     1
 40
0.0
176
     1
 40
1.0
176
     1
 90
        0
176
     1
 62
    18
420
        0
176
     1
 90
       50
176
     1
 90
        3
176
     1
 62
     5
420
      255
176
     1
290
     0
176
     1
 90
       50
176
     1
 90
       50
176
     1
 90
       50
176
     1
290
     0
176
     1
 90
       50
176
     1
 62
   256
176
     0
 40
1.0
176
     0
 90
        0
176
     1
  1
strokes_ogs.tif
176
     1
290
     0
176
     1
 40
1.0
176
     1
 40
1.0
176
     1
  0
VISUALSTYLE
  5
194
102
{ACAD_REACTORS
330
17F
102
}
330
17F
100
AcDbVisualStyle
  2
Shaded
 70
    27
177
     3
291
     0
 70
    58
 90
        2
176
     1
 90
        2
176
     1
 90
        1
176
     1
 90
        2
176
     1
 40
0.6
176
     1
 40
30.0
176
     1
 62
     7
420
 16777215
176
     1
 90
        0
176
     1
 90
        4
176
     1
 62
     7
176
     1
 62
   257
176
     1
 90
        1
176
     1
 90
        1
176
     1
 40
1.0
176
     1
 90
        8
176
     1
 62
   257
176
     1
 40
1.0
176
     1
 90
        1
176
     1
 90
        6
176
     1
 90
        2
176
     1
 62
     8
420
  7895160
176
     1
 90
        3
176
     1
 90
        0
176
     1
 90
        0
176
     1
290
     0
176
     1
 90
        5
176
     1
 40
0.0
176
     1
 90
        0
176
     1
290
     0
176
     1
290
     1
176
     1
290
     1
176
     1
290
     0
176
     1
290
     0
176
     1
290
     0
176
     1
290
     0
176
     1
290
     0
176
     1
290
     0
176
     1
 90
       50
176
     1
 40
0.0
176
     1
 40
1.0
176
     1
 90
        0
176
     1
 62
    18
420
        0
176
     1
 90
       50
176
     1
 90
        3
176
     1
 62
     5
420
      255
176
     1
290
     0
176
     1
 90
       50
176
     1
 90
       50
176
     1
 90
       50
176
     1
290
     0
176
     1
 90
       50
176
     1
 62
   256
176
     0
 40
1.0
176
     0
 90
        0
176
     1
  1
strokes_ogs.tif
176
     1
290
     0
176
     1
 40
1.0
176
     1
 40
1.0
176
     1
  0
VISUALSTYLE
  5
193
102
{ACAD_REACTORS
330
17F
102
}
330
17F
100
AcDbVisualStyle
  2
Shaded with edges
 70
    26
177
     3
291
     0
 70
    58
 90
        2
176
     1
 90
        2
176
     1
 90
        1
176
     1
 90
        2
176
     1
 40
0.6
176
     1
 40
30.0
176
     1
 62
     7
420
 16777215
176
     1
 90
        1
176
     1
 90
       10
176
     1
 62
     7
176
     1
 62
   257
176
     1
 90
        2
176
     1
 90
        1
176
     1
 40
1.0
176
     1
 90
        8
176
     1
 62
   257
176
     1
 40
1.0
176
     1
 90
        1
176
     1
 90
        6
176
     1
 90
        2
176
     1
 62
     7
176
     1
 90
        3
176
     1
 90
        0
176
     1
 90
        0
176
     1
290
     0
176
     1
 90
        5
176
     1
 40
0.0
176
     1
 90
        0
176
     1
290
     0
176
     1
290
     1
176
     1
290
     1
176
     1
290
     0
176
     1
290
     0
176
     1
290
     0
176
     1
290
     0
176
     1
290
     0
176
     1
290
     0
176
     1
 90
       50
176
     1
 40
0.0
176
     1
 40
1.0
176
     1
 90
        0
176
     1
 62
    18
420
        0
176
     1
 90
       50
176
     1
 90
        3
176
     1
 62
     5
420
      255
176
     1
290
     0
176
     1
 90
       50
176
     1
 90
       50
176
     1
 90
       50
176
     1
290
     0
176
     1
 90
       50
176
     1
 62
   256
176
     0
 40
1.0
176
     0
 90
        0
176
     1
  1
strokes_ogs.tif
176
     1
290
     0
176
     1
 40
1.0
176
     1
 40
1.0
176
     1
  0
VISUALSTYLE
  5
190
102
{ACAD_REACTORS
330
17F
102
}
330
17F
100
AcDbVisualStyle
  2
Shades of Gray
 70
    23
177
     3
291
     0
 70
    58
 90
        2
176
     1
 90
        2
176
     1
 90
        3
176
     1
 90
        0
176
     1
 40
0.6
176
     1
 40
30.0
176
     1
 62
     7
420
 16777215
176
     1
 90
        2
176
     1
 90
        2
176
     1
 62
     7
176
     1
 62
     7
176
     1
 90
        1
176
     1
 90
        1
176
     1
 40
40.0
176
     1
 90
        8
176
     1
 62
     7
176
     1
 40
1.0
176
     1
 90
        1
176
     1
 90
        6
176
     1
 90
        2
176
     1
 62
     7
176
     1
 90
        3
176
     1
 90
        0
176
     1
 90
        0
176
     1
290
     0
176
     1
 90
        1
176
     1
 40
0.0
176
     1
 90
        0
176
     1
290
     0
176
     1
290
     1
176
     1
290
     1
176
     1
290
     0
176
     1
290
     0
176
     1
290
     0
176
     1
290
     0
176
     1
290
     0
176
     1
290
     0
176
     1
 90
       50
176
     1
 40
0.0
176
     1
 40
1.0
176
     1
 90
        0
176
     1
 62
    18
420
        0
176
     1
 90
       50
176
     1
 90
        3
176
     1
 62
     5
420
      255
176
     1
290
     0
176
     1
 90
       50
176
     1
 90
       50
176
     1
 90
       50
176
     1
290
     0
176
     1
 90
       50
176
     1
 62
   256
176
     0
 40
1.0
176
     0
 90
        0
176
     1
  1
strokes_ogs.tif
176
     1
290
     0
176
     1
 40
1.0
176
     1
 40
1.0
176
     1
  0
VISUALSTYLE
  5
191
102
{ACAD_REACTORS
330
17F
102
}
330
17F
100
AcDbVisualStyle
  2
Sketchy
 70
    24
177
     3
291
     0
 70
    58
 90
        1
176
     1
 90
        2
176
     1
 90
        2
176
     1
 90
        0
176
     1
 40
0.6
176
     1
 40
30.0
176
     1
 62
     7
420
 16777215
176
     1
 90
        2
176
     1
 90
        2
176
     1
 62
     7
176
     1
 62
     7
176
     1
 90
        1
176
     1
 90
        1
176
     1
 40
40.0
176
     1
 90
       11
176
     1
 62
     7
176
     1
 40
1.0
176
     1
 90
        1
176
     1
 90
        6
176
     1
 90
        2
176
     1
 62
     7
176
     1
 90
        6
176
     1
 90
        0
176
     1
 90
        0
176
     1
290
     0
176
     1
 90
        1
176
     1
 40
0.0
176
     1
 90
        0
176
     1
290
     0
176
     1
290
     1
176
     1
290
     1
176
     1
290
     0
176
     1
290
     0
176
     1
290
     0
176
     1
290
     0
176
     1
290
     0
176
     1
290
     0
176
     1
 90
       50
176
     1
 40
0.0
176
     1
 40
1.0
176
     1
 90
        0
176
     1
 62
    18
420
        0
176
     1
 90
       50
176
     1
 90
        3
176
     1
 62
     5
420
      255
176
     1
290
     0
176
     1
 90
       50
176
     1
 90
       50
176
     1
 90
       50
176
     1
290
     0
176
     1
 90
       50
176
     1
 62
   256
176
     0
 40
1.0
176
     0
 90
        0
176
     1
  1
strokes_ogs.tif
176
     1
290
     0
176
     1
 40
1.0
176
     1
 40
1.0
176
     1
  0
VISUALSTYLE
  5
18C
102
{ACAD_REACTORS
330
17F
102
}
330
17F
100
AcDbVisualStyle
  2
Thicken
 70
    13
177
     3
291
     1
 70
    58
 90
        2
176
     1
 90
        2
176
     1
 90
        0
176
     1
 90
        0
176
     1
 40
0.6
176
     1
 40
30.0
176
     1
 62
     7
420
 16777215
176
     1
 90
        1
176
     1
 90
        4
176
     1
 62
     7
176
     1
 62
   257
176
     1
 90
        1
176
     1
 90
        1
176
     1
 40
1.0
176
     1
 90
       12
176
     1
 62
     7
176
     1
 40
1.0
176
     1
 90
        1
176
     1
 90
        6
176
     1
 90
        2
176
     1
 62
     7
176
     1
 90
        5
176
     1
 90
        0
176
     1
 90
        0
176
     1
290
     0
176
     1
 90
        1
176
     1
 40
0.0
176
     1
 90
        0
176
     1
290
     0
176
     1
290
     1
176
     1
290
     1
176
     1
290
     0
176
     1
290
     0
176
     1
290
     0
176
     1
290
     0
176
     1
290
     0
176
     1
290
     0
176
     1
 90
       50
176
     1
 40
0.0
176
     1
 40
1.0
176
     1
 90
        0
176
     1
 62
    18
420
        0
176
     1
 90
       50
176
     1
 90
        3
176
     1
 62
     5
420
      255
176
     1
290
     0
176
     1
 90
       50
176
     1
 90
       50
176
     1
 90
       50
176
     1
290
     0
176
     1
 90
       50
176
     1
 62
   256
176
     0
 40
1.0
176
     0
 90
        0
176
     1
  1
strokes_ogs.tif
176
     1
290
     0
176
     1
 40
1.0
176
     1
 40
1.0
176
     1
  0
VISUALSTYLE
  5
186
102
{ACAD_REACTORS
330
17F
102
}
330
17F
100
AcDbVisualStyle
  2
Wireframe
 70
     5
177
     3
291
     0
 70
    58
 90
        0
176
     1
 90
        2
176
     1
 90
        0
176
     1
 90
        0
176
     1
 40
0.6
176
     1
 40
30.0
176
     1
 62
     7
420
 16777215
176
     1
 90
        1
176
     1
 90
        4
176
     1
 62
     7
176
     1
 62
   257
176
     1
 90
        1
176
     1
 90
        1
176
     1
 40
1.0
176
     1
 90
        0
176
     1
 62
   257
176
     1
 40
1.0
176
     1
 90
        1
176
     1
 90
        6
176
     1
 90
        2
176
     1
 62
     7
176
     1
 90
        3
176
     1
 90
        0
176
     1
 90
        0
176
     1
290
     0
176
     1
 90
        1
176
     1
 40
0.0
176
     1
 90
        0
176
     1
290
     0
176
     1
290
     1
176
     1
290
     1
176
     1
290
     0
176
     1
290
     0
176
     1
290
     0
176
     1
290
     0
176
     1
290
     0
176
     1
290
     0
176
     1
 90
       50
176
     1
 40
0.0
176
     1
 40
1.0
176
     1
 90
        0
176
     1
 62
    18
420
        0
176
     1
 90
       50
176
     1
 90
        3
176
     1
 62
     5
420
      255
176
     1
290
     0
176
     1
 90
       50
176
     1
 90
       50
176
     1
 90
       50
176
     1
290
     0
176
     1
 90
       50
176
     1
 62
   256
176
     0
 40
1.0
176
     0
 90
        0
176
     1
  1
strokes_ogs.tif
176
     1
290
     0
176
     1
 40
1.0
176
     1
 40
1.0
176
     1
  0
VISUALSTYLE
  5
192
102
{ACAD_REACTORS
330
17F
102
}
330
17F
100
AcDbVisualStyle
  2
X-Ray
 70
    25
177
     3
291
     0
 70
    58
 90
        2
176
     1
 90
        2
176
     1
 90
        1
176
     1
 90
        1
176
     1
 40
0.5
176
     1
 40
30.0
176
     1
 62
     7
420
 16777215
176
     1
 90
        1
176
     1
 90
        0
176
     1
 62
     7
176
     1
 62
   257
176
     1
 90
        1
176
     1
 90
        1
176
     1
 40
1.0
176
     1
 90
        8
176
     1
 62
     7
176
     1
 40
1.0
176
     1
 90
        1
176
     1
 90
        6
176
     1
 90
        2
176
     1
 62
     7
176
     1
 90
        3
176
     1
 90
        0
176
     1
 90
        0
176
     1
290
     0
176
     1
 90
       13
176
     1
 40
0.0
176
     1
 90
        0
176
     1
290
     0
176
     1
290
     1
176
     1
290
     1
176
     1
290
     0
176
     1
290
     0
176
     1
290
     0
176
     1
290
     0
176
     1
290
     0
176
     1
290
     0
176
     1
 90
       50
176
     1
 40
0.0
176
     1
 40
1.0
176
     1
 90
        0
176
     1
 62
    18
420
        0
176
     1
 90
       50
176
     1
 90
        3
176
     1
 62
     5
420
      255
176
     1
290
     0
176
     1
 90
       50
176
     1
 90
       50
176
     1
 90
       50
176
     1
290
     0
176
     1
 90
       50
176
     1
 62
   256
176
     0
 40
1.0
176
     0
 90
        0
176
     1
  1
strokes_ogs.tif
176
     1
290
     0
176
     1
 40
1.0
176
     1
 40
1.0
176
     1
  0
DICTIONARYVAR
  5
60A
102
{ACAD_REACTORS
330
609
102
}
330
609
100
DictionaryVariables
280
     0
  1
0.300000
  0
DICTIONARYVAR
  5
60B
102
{ACAD_REACTORS
330
609
102
}
330
609
100
DictionaryVariables
280
     0
  1
1
  0
DICTIONARYVAR
  5
60C
102
{ACAD_REACTORS
330
609
102
}
330
609
100
DictionaryVariables
280
     0
  1
1:1
  0
DICTIONARYVAR
  5
60D
102
{ACAD_REACTORS
330
609
102
}
330
609
100
DictionaryVariables
280
     0
  1
0.120000
  0
DICTIONARYVAR
  5
60E
102
{ACAD_REACTORS
330
609
102
}
330
609
100
DictionaryVariables
280
     0
  1
zwcad.lin
  0
DICTIONARYVAR
  5
60F
102
{ACAD_REACTORS
330
609
102
}
330
609
100
DictionaryVariables
280
     0
  1
0
  0
DICTIONARYVAR
  5
610
102
{ACAD_REACTORS
330
609
102
}
330
609
100
DictionaryVariables
280
     0
  1
STANDARD
  0
DICTIONARYVAR
  5
611
102
{ACAD_REACTORS
330
609
102
}
330
609
100
DictionaryVariables
280
     0
  1
STANDARD
  0
DICTIONARYVAR
  5
612
102
{ACAD_REACTORS
330
609
102
}
330
609
100
DictionaryVariables
280
     0
  1
Metric50
  0
DICTIONARYVAR
  5
613
102
{ACAD_REACTORS
330
609
102
}
330
609
100
DictionaryVariables
280
     0
  1
1
  0
DICTIONARYVAR
  5
614
102
{ACAD_REACTORS
330
609
102
}
330
609
100
DictionaryVariables
280
     0
  1
0
  0
DICTIONARYVAR
  5
615
102
{ACAD_REACTORS
330
609
102
}
330
609
100
DictionaryVariables
280
     0
  1
2
  0
DICTIONARYVAR
  5
616
102
{ACAD_REACTORS
330
609
102
}
330
609
100
DictionaryVariables
280
     0
  1
969_Cotas
  0
DICTIONARYVAR
  5
617
102
{ACAD_REACTORS
330
609
102
}
330
609
100
DictionaryVariables
280
     0
  1
1
  0
DICTIONARYVAR
  5
618
102
{ACAD_REACTORS
330
609
102
}
330
609
100
DictionaryVariables
280
     0
  1
1
  0
DICTIONARYVAR
  5
619
102
{ACAD_REACTORS
330
609
102
}
330
609
100
DictionaryVariables
280
     0
  1
1
  0
DICTIONARYVAR
  5
61A
102
{ACAD_REACTORS
330
609
102
}
330
609
100
DictionaryVariables
280
     0
  1
RGB:135,135,135
  0
DICTIONARYVAR
  5
61B
102
{ACAD_REACTORS
330
609
102
}
330
609
100
DictionaryVariables
280
     0
  1
0
  0
DICTIONARYVAR
  5
61C
102
{ACAD_REACTORS
330
609
102
}
330
609
100
DictionaryVariables
280
     0
  1
0.000000;0.000000
  0
DICTIONARYVAR
  5
61D
102
{ACAD_REACTORS
330
609
102
}
330
609
100
DictionaryVariables
280
     0
  1
.
  0
DICTIONARYVAR
  5
61E
102
{ACAD_REACTORS
330
609
102
}
330
609
100
DictionaryVariables
280
     0
  1
0
  0
DICTIONARYVAR
  5
61F
102
{ACAD_REACTORS
330
609
102
}
330
609
100
DictionaryVariables
280
     0
  1
0
  0
DICTIONARYVAR
  5
620
102
{ACAD_REACTORS
330
609
102
}
330
609
100
DictionaryVariables
280
     0
  1
0
  0
DICTIONARYVAR
  5
621
102
{ACAD_REACTORS
330
609
102
}
330
609
100
DictionaryVariables
280
     0
  1
2
  0
DICTIONARYVAR
  5
622
102
{ACAD_REACTORS
330
609
102
}
330
609
100
DictionaryVariables
280
     0
  1
1.000000
  0
DICTIONARYVAR
  5
623
102
{ACAD_REACTORS
330
609
102
}
330
609
100
DictionaryVariables
280
     0
  1
1
  0
DICTIONARYVAR
  5
624
102
{ACAD_REACTORS
330
609
102
}
330
609
100
DictionaryVariables
280
     0
  1
2
  0
DICTIONARYVAR
  5
625
102
{ACAD_REACTORS
330
609
102
}
330
609
100
DictionaryVariables
280
     0
  1
1
  0
DICTIONARYVAR
  5
626
102
{ACAD_REACTORS
330
609
102
}
330
609
100
DictionaryVariables
280
     0
  1
0.050000
  0
DICTIONARYVAR
  5
627
102
{ACAD_REACTORS
330
609
102
}
330
609
100
DictionaryVariables
280
     0
  1
0
  0
DICTIONARYVAR
  5
628
102
{ACAD_REACTORS
330
609
102
}
330
609
100
DictionaryVariables
280
     0
  1
127
  0
DICTIONARY
  5
23A
330
93
100
AcDbDictionary
280
     1
281
     1
  3
ACAD_ROUNDTRIP_2008_TABLESTYLE_CELLSTYLEMAP
360
96A
  0
CELLSTYLEMAP
  5
96A
102
{ACAD_REACTORS
330
23A
102
}
330
23A
100
AcDbCellStyleMap
 90
        3
300
CELLSTYLE
  1
TABLEFORMAT_BEGIN
 90
        5
170
     1
 91
        0
 92
    32768
 62
   257
 93
        1
300
CONTENTFORMAT
  1
CONTENTFORMAT_BEGIN
 90
        0
 91
        0
 92
      512
 93
        0
300

 40
0.0
140
1.0
 94
        5
 62
     0
340
11
144
6.0
309
CONTENTFORMAT_END
171
     1
301
MARGIN
  1
CELLMARGIN_BEGIN
 40
1.5
 40
1.5
 40
0.06
 40
0.06
 40
0.18
 40
0.18
309
CELLMARGIN_END
 94
        6
 95
        1
302
GRIDFORMAT
  1
GRIDFORMAT_BEGIN
 90
        0
 91
        1
 62
     0
 92
       -2
340
0
 93
        0
 40
0.045
309
GRIDFORMAT_END
 95
        2
302
GRIDFORMAT
  1
GRIDFORMAT_BEGIN
 90
        0
 91
        1
 62
     0
 92
       -2
340
0
 93
        0
 40
0.045
309
GRIDFORMAT_END
 95
        4
302
GRIDFORMAT
  1
GRIDFORMAT_BEGIN
 90
        0
 91
        1
 62
     0
 92
       -2
340
0
 93
        0
 40
0.045
309
GRIDFORMAT_END
 95
        8
302
GRIDFORMAT
  1
GRIDFORMAT_BEGIN
 90
        0
 91
        1
 62
     0
 92
       -2
340
0
 93
        0
 40
0.045
309
GRIDFORMAT_END
 95
       16
302
GRIDFORMAT
  1
GRIDFORMAT_BEGIN
 90
        0
 91
        1
 62
     0
 92
       -2
340
0
 93
        0
 40
0.045
309
GRIDFORMAT_END
 95
       32
302
GRIDFORMAT
  1
GRIDFORMAT_BEGIN
 90
        0
 91
        1
 62
     0
 92
       -2
340
0
 93
        0
 40
0.045
309
GRIDFORMAT_END
309
TABLEFORMAT_END
  1
CELLSTYLE_BEGIN
 90
        1
 91
        1
300
_TITLE
309
CELLSTYLE_END
300
CELLSTYLE
  1
TABLEFORMAT_BEGIN
 90
        5
170
     1
 91
        0
 92
        0
 62
   257
 93
        1
300
CONTENTFORMAT
  1
CONTENTFORMAT_BEGIN
 90
        0
 91
        0
 92
      512
 93
        0
300

 40
0.0
140
1.0
 94
        5
 62
     0
340
11
144
4.5
309
CONTENTFORMAT_END
171
     1
301
MARGIN
  1
CELLMARGIN_BEGIN
 40
1.5
 40
1.5
 40
0.06
 40
0.06
 40
0.18
 40
0.18
309
CELLMARGIN_END
 94
        6
 95
        1
302
GRIDFORMAT
  1
GRIDFORMAT_BEGIN
 90
        0
 91
        1
 62
     0
 92
       -2
340
0
 93
        0
 40
0.045
309
GRIDFORMAT_END
 95
        2
302
GRIDFORMAT
  1
GRIDFORMAT_BEGIN
 90
        0
 91
        1
 62
     0
 92
       -2
340
0
 93
        0
 40
0.045
309
GRIDFORMAT_END
 95
        4
302
GRIDFORMAT
  1
GRIDFORMAT_BEGIN
 90
        0
 91
        1
 62
     0
 92
       -2
340
0
 93
        0
 40
0.045
309
GRIDFORMAT_END
 95
        8
302
GRIDFORMAT
  1
GRIDFORMAT_BEGIN
 90
        0
 91
        1
 62
     0
 92
       -2
340
0
 93
        0
 40
0.045
309
GRIDFORMAT_END
 95
       16
302
GRIDFORMAT
  1
GRIDFORMAT_BEGIN
 90
        0
 91
        1
 62
     0
 92
       -2
340
0
 93
        0
 40
0.045
309
GRIDFORMAT_END
 95
       32
302
GRIDFORMAT
  1
GRIDFORMAT_BEGIN
 90
        0
 91
        1
 62
     0
 92
       -2
340
0
 93
        0
 40
0.045
309
GRIDFORMAT_END
309
TABLEFORMAT_END
  1
CELLSTYLE_BEGIN
 90
        2
 91
        1
300
_HEADER
309
CELLSTYLE_END
300
CELLSTYLE
  1
TABLEFORMAT_BEGIN
 90
        5
170
     1
 91
        0
 92
        0
 62
   257
 93
        1
300
CONTENTFORMAT
  1
CONTENTFORMAT_BEGIN
 90
        0
 91
        0
 92
      512
 93
        0
300

 40
0.0
140
1.0
 94
        2
 62
     0
340
11
144
4.5
309
CONTENTFORMAT_END
171
     1
301
MARGIN
  1
CELLMARGIN_BEGIN
 40
1.5
 40
1.5
 40
0.06
 40
0.06
 40
0.18
 40
0.18
309
CELLMARGIN_END
 94
        6
 95
        1
302
GRIDFORMAT
  1
GRIDFORMAT_BEGIN
 90
        0
 91
        1
 62
     0
 92
       -2
340
0
 93
        0
 40
0.045
309
GRIDFORMAT_END
 95
        2
302
GRIDFORMAT
  1
GRIDFORMAT_BEGIN
 90
        0
 91
        1
 62
     0
 92
       -2
340
0
 93
        0
 40
0.045
309
GRIDFORMAT_END
 95
        4
302
GRIDFORMAT
  1
GRIDFORMAT_BEGIN
 90
        0
 91
        1
 62
     0
 92
       -2
340
0
 93
        0
 40
0.045
309
GRIDFORMAT_END
 95
        8
302
GRIDFORMAT
  1
GRIDFORMAT_BEGIN
 90
        0
 91
        1
 62
     0
 92
       -2
340
0
 93
        0
 40
0.045
309
GRIDFORMAT_END
 95
       16
302
GRIDFORMAT
  1
GRIDFORMAT_BEGIN
 90
        0
 91
        1
 62
     0
 92
       -2
340
0
 93
        0
 40
0.045
309
GRIDFORMAT_END
 95
       32
302
GRIDFORMAT
  1
GRIDFORMAT_BEGIN
 90
        0
 91
        1
 62
     0
 92
       -2
340
0
 93
        0
 40
0.045
309
GRIDFORMAT_END
309
TABLEFORMAT_END
  1
CELLSTYLE_BEGIN
 90
        3
 91
        2
300
_DATA
309
CELLSTYLE_END
  0
ENDSEC
  0
SECTION
  2
ACDSDATA
 70
     2
 71
     2
  0
ACDSSCHEMA
 90
        0
  1
AcDb_Thumbnail_Schema
  2
AcDbDs::ID
280
    10
 91
        0
  2
Thumbnail_Data
280
    15
 91
        0
101
ACDSRECORD
 95
        0
 90
        2
  2
AcDbDs::TreatedAsObjectData
280
     1
291
     1
101
ACDSRECORD
 95
        0
 90
        3
  2
AcDbDs::Legacy
280
     1
291
     1
101
ACDSRECORD
  1
AcDbDs::ID
 90
        4
  2
AcDs:Indexable
280
     1
291
     1
101
ACDSRECORD
  1
AcDbDs::ID
 90
        5
  2
AcDbDs::HandleAttribute
280
     7
282
     1
  0
ACDSSCHEMA
 90
        1
  1
AcDb3DSolid_ASM_Data
  2
AcDbDs::ID
280
    10
 91
        0
  2
ASM_Data
280
    15
 91
        0
101
ACDSRECORD
 95
        1
 90
        2
  2
AcDbDs::TreatedAsObjectData
280
     1
291
     1
101
ACDSRECORD
 95
        1
 90
        3
  2
AcDbDs::Legacy
280
     1
291
     1
101
ACDSRECORD
  1
AcDbDs::ID
 90
        4
  2
AcDs:Indexable
280
     1
291
     1
101
ACDSRECORD
  1
AcDbDs::ID
 90
        5
  2
AcDbDs::HandleAttribute
280
     7
282
     1
  0
ACDSSCHEMA
 90
        2
  1
AcDbDs::TreatedAsObjectDataSchema
  2
AcDbDs::TreatedAsObjectData
280
     1
 91
        0
  0
ACDSSCHEMA
 90
        3
  1
AcDbDs::LegacySchema
  2
AcDbDs::Legacy
280
     1
 91
        0
  0
ACDSSCHEMA
 90
        4
  1
AcDbDs::IndexedPropertySchema
  2
AcDs:Indexable
280
     1
 91
        0
  0
ACDSSCHEMA
 90
        5
  1
AcDbDs::HandleAttributeSchema
  2
AcDbDs::HandleAttribute
280
     7
 91
        8
  0
ENDSEC
  0
EOF
