  0
SECTION
  2
HEADER
  9
$ACADVER
  1
AC1032
  9
$ACADMAINTVER
 90
        4
  9
$DWGCODEPAGE
  3
ANSI_1252
  9
$LASTSAVEDBY
  1
javie
  9
$REQUIREDVERSIONS
160
                 0
  9
$INSBASE
 10
0.0
 20
0.0
 30
0.0
  9
$EXTMIN
 10
0.0930572255144249
 20
0.1421014358853256
 30
0.0
  9
$EXTMAX
 10
37.79194433807623
 20
13.14589165134381
 30
0.0
  9
$LIMMIN
 10
0.0
 20
0.0
  9
$LIMMAX
 10
420.0
 20
297.0
  9
$ORTHOMODE
 70
     0
  9
$REGENMODE
 70
     1
  9
$FILLMODE
 70
     1
  9
$QTEXTMODE
 70
     0
  9
$MIRRTEXT
 70
     1
  9
$LTSCALE
 40
1.0
  9
$ATTMODE
 70
     1
  9
$TEXTSIZE
 40
2.5
  9
$TRACEWID
 40
1.0
  9
$TEXTSTYLE
  7
Standard
  9
$CLAYER
  8
0
  9
$CELTYPE
  6
ByLayer
  9
$CECOLOR
 62
   256
  9
$CELTSCALE
 40
1.0
  9
$DISPSILH
 70
     0
  9
$DIMSCALE
 40
1.0
  9
$DIMASZ
 40
2.5
  9
$DIMEXO
 40
0.625
  9
$DIMDLI
 40
3.75
  9
$DIMRND
 40
0.0
  9
$DIMDLE
 40
0.0
  9
$DIMEXE
 40
1.25
  9
$DIMTP
 40
0.0
  9
$DIMTM
 40
0.0
  9
$DIMTXT
 40
2.5
  9
$DIMCEN
 40
2.5
  9
$DIMTSZ
 40
0.0
  9
$DIMTOL
 70
     0
  9
$DIMLIM
 70
     0
  9
$DIMTIH
 70
     0
  9
$DIMTOH
 70
     0
  9
$DIMSE1
 70
     0
  9
$DIMSE2
 70
     0
  9
$DIMTAD
 70
     1
  9
$DIMZIN
 70
     8
  9
$DIMBLK
  1

  9
$DIMASO
 70
     1
  9
$DIMSHO
 70
     1
  9
$DIMPOST
  1

  9
$DIMAPOST
  1

  9
$DIMALT
 70
     0
  9
$DIMALTD
 70
     3
  9
$DIMALTF
 40
0.03937007874016
  9
$DIMLFAC
 40
1.0
  9
$DIMTOFL
 70
     1
  9
$DIMTVP
 40
0.0
  9
$DIMTIX
 70
     0
  9
$DIMSOXD
 70
     0
  9
$DIMSAH
 70
     0
  9
$DIMBLK1
  1

  9
$DIMBLK2
  1

  9
$DIMSTYLE
  2
ISO-25
  9
$DIMCLRD
 70
     0
  9
$DIMCLRE
 70
     0
  9
$DIMCLRT
 70
     0
  9
$DIMTFAC
 40
1.0
  9
$DIMGAP
 40
0.625
  9
$DIMJUST
 70
     0
  9
$DIMSD1
 70
     0
  9
$DIMSD2
 70
     0
  9
$DIMTOLJ
 70
     0
  9
$DIMTZIN
 70
     8
  9
$DIMALTZ
 70
     0
  9
$DIMALTTZ
 70
     0
  9
$DIMUPT
 70
     0
  9
$DIMDEC
 70
     2
  9
$DIMTDEC
 70
     2
  9
$DIMALTU
 70
     2
  9
$DIMALTTD
 70
     3
  9
$DIMTXSTY
  7
Standard
  9
$DIMAUNIT
 70
     0
  9
$DIMADEC
 70
     0
  9
$DIMALTRND
 40
0.0
  9
$DIMAZIN
 70
     0
  9
$DIMDSEP
 70
    44
  9
$DIMATFIT
 70
     3
  9
$DIMFRAC
 70
     0
  9
$DIMLDRBLK
  1

  9
$DIMLUNIT
 70
     2
  9
$DIMLWD
 70
    -2
  9
$DIMLWE
 70
    -2
  9
$DIMTMOVE
 70
     0
  9
$DIMFXL
 40
1.0
  9
$DIMFXLON
 70
     0
  9
$DIMJOGANG
 40
0.7853981633974483
  9
$DIMTFILL
 70
     0
  9
$DIMTFILLCLR
 70
     0
  9
$DIMARCSYM
 70
     0
  9
$DIMLTYPE
  6

  9
$DIMLTEX1
  6

  9
$DIMLTEX2
  6

  9
$DIMTXTDIRECTION
 70
     0
  9
$LUNITS
 70
     2
  9
$LUPREC
 70
     4
  9
$SKETCHINC
 40
1.0
  9
$FILLETRAD
 40
0.0
  9
$AUNITS
 70
     0
  9
$AUPREC
 70
     0
  9
$MENU
  1
.
  9
$ELEVATION
 40
0.0
  9
$PELEVATION
 40
0.0
  9
$THICKNESS
 40
0.0
  9
$LIMCHECK
 70
     0
  9
$CHAMFERA
 40
0.0
  9
$CHAMFERB
 40
0.0
  9
$CHAMFERC
 40
0.0
  9
$CHAMFERD
 40
0.0
  9
$SKPOLY
 70
     0
  9
$TDCREATE
 40
2461301.517965590
  9
$TDUCREATE
 40
2461301.434632257
  9
$TDUPDATE
 40
2461301.519453542
  9
$TDUUPDATE
 40
2461301.436120208
  9
$TDINDWG
 40
0.001488356
  9
$TDUSRTIMER
 40
0.001488090
  9
$USRTIMER
 70
     1
  9
$ANGBASE
 50
0.0
  9
$ANGDIR
 70
     0
  9
$PDMODE
 70
     0
  9
$PDSIZE
 40
0.0
  9
$PLINEWID
 40
0.0
  9
$SPLFRAME
 70
     0
  9
$SPLINETYPE
 70
     6
  9
$SPLINESEGS
 70
     8
  9
$HANDSEED
  5
E5E
  9
$SURFTAB1
 70
     6
  9
$SURFTAB2
 70
     6
  9
$SURFTYPE
 70
     6
  9
$SURFU
 70
     6
  9
$SURFV
 70
     6
  9
$UCSBASE
  2

  9
$UCSNAME
  2

  9
$UCSORG
 10
0.0
 20
0.0
 30
0.0
  9
$UCSXDIR
 10
1.0
 20
0.0
 30
0.0
  9
$UCSYDIR
 10
0.0
 20
1.0
 30
0.0
  9
$UCSORTHOREF
  2

  9
$UCSORTHOVIEW
 70
     0
  9
$UCSORGTOP
 10
0.0
 20
0.0
 30
0.0
  9
$UCSORGBOTTOM
 10
0.0
 20
0.0
 30
0.0
  9
$UCSORGLEFT
 10
0.0
 20
0.0
 30
0.0
  9
$UCSORGRIGHT
 10
0.0
 20
0.0
 30
0.0
  9
$UCSORGFRONT
 10
0.0
 20
0.0
 30
0.0
  9
$UCSORGBACK
 10
0.0
 20
0.0
 30
0.0
  9
$PUCSBASE
  2

  9
$PUCSNAME
  2

  9
$PUCSORG
 10
0.0
 20
0.0
 30
0.0
  9
$PUCSXDIR
 10
1.0
 20
0.0
 30
0.0
  9
$PUCSYDIR
 10
0.0
 20
1.0
 30
0.0
  9
$PUCSORTHOREF
  2

  9
$PUCSORTHOVIEW
 70
     0
  9
$PUCSORGTOP
 10
0.0
 20
0.0
 30
0.0
  9
$PUCSORGBOTTOM
 10
0.0
 20
0.0
 30
0.0
  9
$PUCSORGLEFT
 10
0.0
 20
0.0
 30
0.0
  9
$PUCSORGRIGHT
 10
0.0
 20
0.0
 30
0.0
  9
$PUCSORGFRONT
 10
0.0
 20
0.0
 30
0.0
  9
$PUCSORGBACK
 10
0.0
 20
0.0
 30
0.0
  9
$USERI1
 70
     0
  9
$USERI2
 70
     0
  9
$USERI3
 70
     0
  9
$USERI4
 70
     0
  9
$USERI5
 70
     0
  9
$USERR1
 40
0.0
  9
$USERR2
 40
0.0
  9
$USERR3
 40
0.0
  9
$USERR4
 40
0.0
  9
$USERR5
 40
0.0
  9
$WORLDVIEW
 70
     1
  9
$SHADEDGE
 70
     3
  9
$SHADEDIF
 70
    70
  9
$TILEMODE
 70
     1
  9
$MAXACTVP
 70
    64
  9
$PINSBASE
 10
0.0
 20
0.0
 30
0.0
  9
$PLIMCHECK
 70
     0
  9
$PEXTMIN
 10
25.69999999999999
 20
19.5
 30
0.0
  9
$PEXTMAX
 10
231.3
 20
175.5
 30
0.0
  9
$PLIMMIN
 10
-20.0
 20
-7.5
  9
$PLIMMAX
 10
277.0
 20
202.5
  9
$UNITMODE
 70
     0
  9
$VISRETAIN
 70
     1
  9
$PLINEGEN
 70
     0
  9
$PSLTSCALE
 70
     1
  9
$TREEDEPTH
 70
  3020
  9
$CMLSTYLE
  2
Standard
  9
$CMLJUST
 70
     0
  9
$CMLSCALE
 40
20.0
  9
$PROXYGRAPHICS
 70
     1
  9
$MEASUREMENT
 70
     1
  9
$CELWEIGHT
370
    -1
  9
$ENDCAPS
280
     0
  9
$JOINSTYLE
280
     0
  9
$LWDISPLAY
290
     0
  9
$INSUNITS
 70
     4
  9
$HYPERLINKBASE
  1

  9
$STYLESHEET
  1

  9
$XEDIT
290
     1
  9
$CEPSNTYPE
380
     0
  9
$PSTYLEMODE
290
     1
  9
$FINGERPRINTGUID
  2
{A4CAB1FC-42A2-4D6F-B95F-085582C7A8C3}
  9
$VERSIONGUID
  2
{36C78A16-883F-4C7E-B359-DA080A775EF3}
  9
$EXTNAMES
290
     1
  9
$PSVPSCALE
 40
0.0
  9
$OLESTARTUP
290
     0
  9
$SORTENTS
280
   127
  9
$INDEXCTL
280
     0
  9
$HIDETEXT
280
     1
  9
$XCLIPFRAME
280
     2
  9
$HALOGAP
280
     0
  9
$OBSCOLOR
 70
   257
  9
$OBSLTYPE
280
     0
  9
$INTERSECTIONDISPLAY
280
     0
  9
$INTERSECTIONCOLOR
 70
   257
  9
$DIMASSOC
280
     2
  9
$PROJECTNAME
  1

  9
$CAMERADISPLAY
290
     0
  9
$LENSLENGTH
 40
50.0
  9
$CAMERAHEIGHT
 40
0.0
  9
$STEPSPERSEC
 40
2.0
  9
$STEPSIZE
 40
6.0
  9
$3DDWFPREC
 40
2.0
  9
$PSOLWIDTH
 40
0.25
  9
$PSOLHEIGHT
 40
4.0
  9
$LOFTANG1
 40
1.570796326794896
  9
$LOFTANG2
 40
1.570796326794896
  9
$LOFTMAG1
 40
0.0
  9
$LOFTMAG2
 40
0.0
  9
$LOFTPARAM
 70
     7
  9
$LOFTNORMALS
280
     1
  9
$LATITUDE
 40
37.795
  9
$LONGITUDE
 40
-122.394
  9
$NORTHDIRECTION
 40
0.0
  9
$TIMEZONE
 70
 -8000
  9
$LIGHTGLYPHDISPLAY
280
     1
  9
$TILEMODELIGHTSYNCH
280
     1
  9
$CMATERIAL
347
167
  9
$SOLIDHIST
280
     0
  9
$SHOWHIST
280
     1
  9
$DWFFRAME
280
     1
  9
$DGNFRAME
280
     1
  9
$REALWORLDSCALE
290
     1
  9
$INTERFERECOLOR
 62
   256
  9
$CSHADOW
280
     0
  9
$SHADOWPLANELOCATION
 40
0.0
  0
ENDSEC
  0
SECTION
  2
CLASSES
  0
CLASS
  1
ACDBDICTIONARYWDFLT
  2
AcDbDictionaryWithDefault
  3
ObjectDBX Classes
 90
        0
 91
        1
280
     0
281
     0
  0
CLASS
  1
ACDBPLACEHOLDER
  2
AcDbPlaceHolder
  3
ObjectDBX Classes
 90
        0
 91
        0
280
     0
281
     0
  0
CLASS
  1
LAYOUT
  2
AcDbLayout
  3
ObjectDBX Classes
 90
        0
 91
        0
280
     0
281
     0
  0
CLASS
  1
DICTIONARYVAR
  2
AcDbDictionaryVar
  3
ObjectDBX Classes
 90
        0
 91
      104
280
     0
281
     0
  0
CLASS
  1
TABLESTYLE
  2
AcDbTableStyle
  3
ObjectDBX Classes
 90
     4095
 91
        1
280
     0
281
     0
  0
CLASS
  1
WIPEOUTVARIABLES
  2
AcDbWipeoutVariables
  3
"WipeOut|Product Desc:     WipeOut Dbx Application|Company:          Autodesk, Inc.|WEB Address:      www.autodesk.com"
 90
        0
 91
        0
280
     0
281
     0
  0
CLASS
  1
SCALE
  2
AcDbScale
  3
ObjectDBX Classes
 90
     1153
 91
       33
280
     0
281
     0
  0
CLASS
  1
MLEADERSTYLE
  2
AcDbMLeaderStyle
  3
ACDB_MLEADERSTYLE_CLASS
 90
     4095
 91
        2
280
     0
281
     0
  0
CLASS
  1
MATERIAL
  2
AcDbMaterial
  3
ObjectDBX Classes
 90
     1153
 91
        3
280
     0
281
     0
  0
CLASS
  1
VISUALSTYLE
  2
AcDbVisualStyle
  3
ObjectDBX Classes
 90
     4095
 91
       24
280
     0
281
     0
  0
CLASS
  1
ACDBSECTIONVIEWSTYLE
  2
AcDbSectionViewStyle
  3
ObjectDBX Classes
 90
     1025
 91
        1
280
     0
281
     0
  0
CLASS
  1
ACDBDETAILVIEWSTYLE
  2
AcDbDetailViewStyle
  3
ObjectDBX Classes
 90
     1025
 91
        1
280
     0
281
     0
  0
CLASS
  1
CELLSTYLEMAP
  2
AcDbCellStyleMap
  3
ObjectDBX Classes
 90
     1152
 91
        4
280
     0
281
     0
  0
CLASS
  1
TCH_DBCONFIG
  2
TDbConfig
  3
TCH_KERNAL|缺乏中望建筑解释器, 请下载中望建筑相关产品|网址: www.zwsoft.cn
 90
        1
 91
        1
280
     0
281
     0
  0
CLASS
  1
DIMASSOC
  2
AcDbDimAssoc
  3
ZcDbDimAssoc ObjectDBX Classes
 90
        0
 91
       16
280
     0
281
     0
  0
CLASS
  1
SORTENTSTABLE
  2
AcDbSortentsTable
  3
ObjectDBX Classes
 90
        0
 91
        3
280
     0
281
     0
  0
ENDSEC
  0
SECTION
  2
TABLES
  0
TABLE
  2
VPORT
  5
8
330
0
100
AcDbSymbolTable
 70
     1
  0
VPORT
  5
1CC
330
8
100
AcDbSymbolTableRecord
100
AcDbViewportTableRecord
  2
*Active
 70
     0
 10
0.0
 20
0.0
 11
1.0
 21
1.0
 12
17.71761809355263
 22
5.487462171124384
 13
0.0
 23
0.0
 14
10.0
 24
10.0
 15
10.0
 25
10.0
 16
0.0
 26
0.0
 36
1.0
 17
0.0
 27
0.0
 37
0.0
 40
17.93784700442981
 41
2.654631083202511
 42
50.0
 43
0.0
 44
0.0
 50
0.0
 51
0.0
 71
    16
 72
  1000
 73
     1
 74
     3
 75
     0
 76
     1
 77
     0
 78
     0
281
     0
 65
     1
110
0.0
120
0.0
130
0.0
111
1.0
121
0.0
131
0.0
112
0.0
122
1.0
132
0.0
 79
     0
146
0.0
348
185
 60
     3
 61
     5
292
     1
282
     1
141
0.0
142
0.0
 63
   250
1001
ACAD_NAV_VCDISPLAY
1070
     3
  0
ENDTAB
  0
TABLE
  2
LTYPE
  5
5
330
0
100
AcDbSymbolTable
 70
     1
  0
LTYPE
  5
14
330
5
100
AcDbSymbolTableRecord
100
AcDbLinetypeTableRecord
  2
ByBlock
 70
     0
  3

 72
    65
 73
     0
 40
0.0
  0
LTYPE
  5
15
330
5
100
AcDbSymbolTableRecord
100
AcDbLinetypeTableRecord
  2
ByLayer
 70
     0
  3

 72
    65
 73
     0
 40
0.0
  0
LTYPE
  5
16
330
5
100
AcDbSymbolTableRecord
100
AcDbLinetypeTableRecord
  2
Continuous
 70
     0
  3
Solid line
 72
    65
 73
     0
 40
0.0
  0
ENDTAB
  0
TABLE
  2
LAYER
  5
2
102
{ACAD_XDICTIONARY
360
FA
102
}
330
0
100
AcDbSymbolTable
 70
    14
  0
LAYER
  5
10
330
2
100
AcDbSymbolTableRecord
100
AcDbLayerTableRecord
  2
0
 70
     0
 62
     7
  6
Continuous
370
    -3
390
F
347
177
348
0
  0
LAYER
  5
2D0
330
2
100
AcDbSymbolTableRecord
100
AcDbLayerTableRecord
  2
Defpoints
 70
     0
 62
     7
  6
Continuous
290
     0
370
    -3
390
F
347
177
348
0
  0
LAYER
  5
2D1
330
2
100
AcDbSymbolTableRecord
100
AcDbLayerTableRecord
  2
DET-TEXTO TÍTULO
 70
     0
 62
     1
  6
Continuous
370
    -3
390
F
347
177
348
0
1001
AcAecLayerStandard
1000

1000

1001
AcCmTransparency
1071
        0
  0
LAYER
  5
2D2
330
2
100
AcDbSymbolTableRecord
100
AcDbLayerTableRecord
  2
DET-BORDE ESTRUCTURA
 70
     0
 62
     2
  6
Continuous
370
    -3
390
F
347
177
348
0
1001
AcAecLayerStandard
1000

1000

1001
AcCmTransparency
1071
 33554687
  0
LAYER
  5
2D3
330
2
100
AcDbSymbolTableRecord
100
AcDbLayerTableRecord
  2
DET-TEXTO LÍNEA
 70
     0
 62
     8
  6
Continuous
370
    -3
390
F
347
177
348
0
1001
AcAecLayerStandard
1000

1000

1001
AcCmTransparency
1071
        0
  0
LAYER
  5
2D4
330
2
100
AcDbSymbolTableRecord
100
AcDbLayerTableRecord
  2
DET-TEXTO
 70
     0
 62
     2
  6
Continuous
370
    -3
390
F
347
177
348
0
1001
AcAecLayerStandard
1000

1000

1001
AcCmTransparency
1071
 33554687
  0
LAYER
  5
2D5
330
2
100
AcDbSymbolTableRecord
100
AcDbLayerTableRecord
  2
DET-COTAS
 70
     0
 62
     8
  6
Continuous
370
    -3
390
F
347
177
348
0
1001
AcAecLayerStandard
1000

1000

1001
AcCmTransparency
1071
        0
  0
LAYER
  5
2D6
330
2
100
AcDbSymbolTableRecord
100
AcDbLayerTableRecord
  2
FINO
 70
     0
 62
     8
  6
Continuous
370
    -3
390
F
347
177
348
0
  0
LAYER
  5
2D8
330
2
100
AcDbSymbolTableRecord
100
AcDbLayerTableRecord
  2
0-CYPE4
 70
     0
 62
     6
  6
Continuous
370
    -3
390
F
347
177
348
0
  0
LAYER
  5
A3D
330
2
100
AcDbSymbolTableRecord
100
AcDbLayerTableRecord
  2
ENCEPADO
 70
     0
 62
     2
  6
Continuous
370
    -3
390
F
347
177
348
0
1001
AcAecLayerStandard
1000

1000

1001
AcCmTransparency
1071
        0
  0
ENDTAB
  0
TABLE
  2
STYLE
  5
3
330
0
100
AcDbSymbolTable
 70
     8
  0
STYLE
  5
11
330
3
100
AcDbSymbolTableRecord
100
AcDbTextStyleTableRecord
  2
Standard
 70
     0
 40
0.0
 41
1.0
 50
0.0
 71
     0
 42
2.5
  3
arial.ttf
  4

1001
ACAD
1000
Arial
1071
       34
  0
STYLE
  5
2DA
330
3
100
AcDbSymbolTableRecord
100
AcDbTextStyleTableRecord
  2
Formato
 70
     0
 40
0.0
 41
1.0
 50
0.0
 71
     0
 42
0.1
  3
GOTHIC.TTF
  4

1001
ACAD
1000
Century Gothic
1071
       34
  0
STYLE
  5
2DB
330
3
100
AcDbSymbolTableRecord
100
AcDbTextStyleTableRecord
  2
CENTURY
 70
     0
 40
0.0
 41
1.0
 50
0.0
 71
     0
 42
0.5
  3
GOTHIC.TTF
  4

1001
ACAD
1000
Century Gothic
1071
       34
  0
STYLE
  5
2DC
330
3
100
AcDbSymbolTableRecord
100
AcDbTextStyleTableRecord
  2
Estructura
 70
     0
 40
0.2
 41
1.0
 50
0.0
 71
     0
 42
0.18
  3
GOTHIC.TTF
  4

1001
ACAD
1000
Century Gothic
1071
       34
  0
ENDTAB
  0
TABLE
  2
VIEW
  5
6
330
0
100
AcDbSymbolTable
 70
     0
  0
ENDTAB
  0
TABLE
  2
UCS
  5
7
330
0
100
AcDbSymbolTable
 70
     0
  0
ENDTAB
  0
TABLE
  2
APPID
  5
9
330
0
100
AcDbSymbolTable
 70
    12
  0
APPID
  5
12
330
9
100
AcDbSymbolTableRecord
100
AcDbRegAppTableRecord
  2
ACAD
 70
     0
  0
APPID
  5
F4
330
9
100
AcDbSymbolTableRecord
100
AcDbRegAppTableRecord
  2
ACAD_PSEXT
 70
     0
  0
APPID
  5
1A9
330
9
100
AcDbSymbolTableRecord
100
AcDbRegAppTableRecord
  2
ACAD_NAV_VCDISPLAY
 70
     0
  0
APPID
  5
230
330
9
100
AcDbSymbolTableRecord
100
AcDbRegAppTableRecord
  2
AcadAnnoPO
 70
     0
  0
APPID
  5
231
330
9
100
AcDbSymbolTableRecord
100
AcDbRegAppTableRecord
  2
AcadAnnotative
 70
     0
  0
APPID
  5
233
330
9
100
AcDbSymbolTableRecord
100
AcDbRegAppTableRecord
  2
ACAD_DSTYLE_DIMJAG
 70
     0
  0
APPID
  5
234
330
9
100
AcDbSymbolTableRecord
100
AcDbRegAppTableRecord
  2
ACAD_DSTYLE_DIMBREAK
 70
     0
  0
APPID
  5
235
330
9
100
AcDbSymbolTableRecord
100
AcDbRegAppTableRecord
  2
ACAD_DSTYLE_DIMTALN
 70
     0
  0
APPID
  5
2E2
330
9
100
AcDbSymbolTableRecord
100
AcDbRegAppTableRecord
  2
AcAecLayerStandard
 70
     0
  0
APPID
  5
2E3
330
9
100
AcDbSymbolTableRecord
100
AcDbRegAppTableRecord
  2
AcCmTransparency
 70
     0
  0
APPID
  5
2E4
330
9
100
AcDbSymbolTableRecord
100
AcDbRegAppTableRecord
  2
AcLayerTools
 70
     0
  0
APPID
  5
608
330
9
100
AcDbSymbolTableRecord
100
AcDbRegAppTableRecord
  2
ACAD_DSTYLE_DIMJOGGED_JOGANGLE_SYMBOL
 70
     0
  0
ENDTAB
  0
TABLE
  2
DIMSTYLE
  5
A
330
0
100
AcDbSymbolTable
 70
    15
100
AcDbDimStyleTable
 71
     1
340
9C
  0
DIMSTYLE
105
27
330
A
100
AcDbSymbolTableRecord
100
AcDbDimStyleTableRecord
  2
Standard
 70
     0
340
11
  0
DIMSTYLE
105
9C
330
A
100
AcDbSymbolTableRecord
100
AcDbDimStyleTableRecord
  2
ISO-25
 70
     0
 41
2.5
 42
0.625
 43
3.75
 44
1.25
 73
     0
 74
     0
 77
     1
 78
     8
140
2.5
141
2.5
143
0.03937007874016
147
0.625
171
     3
172
     1
271
     2
272
     2
274
     3
278
    44
283
     0
284
     8
340
11
  0
DIMSTYLE
105
2E1
102
{ACAD_REACTORS
330
3AA
330
3AB
330
3AE
330
3B1
330
3B5
330
3B6
330
3CC
330
3AA
330
72A
330
72B
330
72C
330
72D
330
72E
330
731
330
739
330
73B
330
73C
330
ADC
330
ADD
330
AE0
330
AE3
330
B37
330
B38
330
B3B
330
B3E
330
B60
330
B75
330
B76
330
B77
330
BA6
330
C24
330
C25
330
C28
330
C2B
330
C7F
330
C80
330
C83
330
C86
330
CA8
330
CBD
330
CBE
330
CBF
330
CEE
102
}
330
A
100
AcDbSymbolTableRecord
100
AcDbDimStyleTableRecord
  2
1 50
 70
     0
 41
0.1
 42
0.08
 43
0.2
 44
0.1
 50
90.0
 73
     0
 74
     0
 77
     1
 78
     1
140
0.2
141
-0.05
143
0.03937007874016
144
50.0
147
0.1
171
     3
172
     1
174
     1
176
     4
177
     8
271
     0
178
     2
271
     0
272
     0
274
     3
278
    44
283
     0
284
     8
289
     2
340
2DA
341
244
342
244
1001
ACAD_DSTYLE_DIMBREAK
1070
   391
1040
2.0
1001
ACAD_DSTYLE_DIMJAG
1070
   388
1040
1.5
1001
ACAD_DSTYLE_DIMTALN
1070
   392
1070
     0
  0
DIMSTYLE
105
A40
102
{ACAD_REACTORS
330
AE6
330
AE7
330
B41
330
B42
330
AE6
330
AE7
330
B41
330
B42
330
AE6
330
C2E
330
C2F
330
C89
330
C8A
102
}
330
A
100
AcDbSymbolTableRecord
100
AcDbDimStyleTableRecord
  2
cotas formato 1.100
 70
     0
 41
0.14
 42
0.16
 43
0.3
 44
0.2
 45
5.0
 50
90.0
 73
     0
 74
     0
 77
     1
 78
     1
140
0.2
141
-0.05
143
0.03937007874016
144
100.0
147
0.05
171
     3
172
     1
174
     1
176
     4
177
     8
271
     0
178
     2
271
     0
272
     0
274
     3
278
    44
283
     0
284
     8
289
     2
340
2DA
341
244
342
244
1001
ACAD_DSTYLE_DIMBREAK
1070
   391
1040
2.0
1001
ACAD_DSTYLE_DIMJAG
1070
   388
1040
1.5
1001
ACAD_DSTYLE_DIMTALN
1070
   392
1070
     0
  0
ENDTAB
  0
TABLE
  2
BLOCK_RECORD
  5
1
330
0
100
AcDbSymbolTable
 70
    79
  0
BLOCK_RECORD
  5
1F
330
1
100
AcDbSymbolTableRecord
100
AcDbBlockTableRecord
  2
*Model_Space
340
22
 70
     0
280
     1
281
     0
  0
BLOCK_RECORD
  5
1E3
330
1
100
AcDbSymbolTableRecord
100
AcDbBlockTableRecord
  2
*Paper_Space
340
1E4
 70
     0
280
     1
281
     0
  0
BLOCK_RECORD
  5
1DF
330
1
100
AcDbSymbolTableRecord
100
AcDbBlockTableRecord
  2
*Paper_Space0
340
1E0
 70
     0
280
     1
281
     0
  0
BLOCK_RECORD
  5
244
330
1
100
AcDbSymbolTableRecord
100
AcDbBlockTableRecord
  2
_Oblique
340
0
102
{BLKREFS
331
24D
331
24E
331
259
331
25A
331
265
331
266
331
271
331
272
331
27F
331
280
331
28B
331
28C
331
297
331
298
331
2A5
331
2A6
331
2B1
331
2B2
331
2BD
331
2BE
331
2C9
331
2CA
331
4A7
331
4A8
331
4B3
331
4B4
331
4BF
331
4C0
331
4CB
331
4CC
331
4D9
331
4DA
331
4E5
331
4E6
331
4F1
331
4F2
331
4FF
331
500
331
50B
331
50C
331
517
331
518
331
523
331
524
331
52C
331
52D
331
535
331
536
331
53E
331
53F
331
547
331
548
331
552
331
553
331
55B
331
55C
331
564
331
565
331
56F
331
570
331
578
331
579
331
581
331
582
331
58A
331
58B
331
597
331
598
331
5A3
331
5A4
331
5AF
331
5B0
331
5BB
331
5BC
331
5C7
331
5C8
331
5D5
331
5D6
331
5E1
331
5E2
331
5ED
331
5EE
331
5FB
331
5FC
331
8AB
331
8AC
331
8B7
331
8B8
331
8C3
331
8C4
331
8CF
331
8D0
331
8DB
331
8DC
331
8E9
331
8EA
331
8F5
331
8F6
331
901
331
902
331
90F
331
910
331
918
331
919
331
921
331
922
331
92A
331
92B
331
933
331
934
331
93C
331
93D
331
947
331
948
331
950
331
951
331
959
331
95A
331
964
331
965
331
971
331
972
331
97D
331
97E
331
989
331
98A
331
995
331
996
331
9A3
331
9A4
331
9AF
331
9B0
331
9BB
331
9BC
331
9C7
331
9C8
331
9D3
331
9D4
331
9DF
331
9E0
331
9ED
331
9EE
331
9F9
331
9FA
331
A05
331
A06
331
A11
331
A12
331
A1D
331
A1E
331
A29
331
A2A
331
A35
331
A36
331
CF5
331
CF6
331
D01
331
D02
331
D0D
331
D0E
331
D19
331
D1A
331
D27
331
D28
331
D33
331
D34
331
D3F
331
D40
331
D4B
331
D4C
331
D57
331
D58
331
D63
331
D64
331
D71
331
D72
331
D7D
331
D7E
331
D89
331
D8A
331
D95
331
D96
331
DA1
331
DA2
331
DAD
331
DAE
331
DB9
331
DBA
331
DC2
331
DC3
331
DCB
331
DCC
331
DD4
331
DD5
331
DDD
331
DDE
331
DE8
331
DE9
331
DF1
331
DF2
331
DFA
331
DFB
331
E03
331
E04
331
E0C
331
E0D
331
E15
331
E16
331
E20
331
E21
331
E29
331
E2A
331
E32
331
E33
331
E3B
331
E3C
331
E44
331
E45
331
E4D
331
E4E
331
E56
331
E57
102
}
 70
     0
280
     1
281
     0
  0
BLOCK_RECORD
  5
CEF
330
1
100
AcDbSymbolTableRecord
100
AcDbBlockTableRecord
  2
*D62
340
0
 70
     0
280
     1
281
     0
  0
BLOCK_RECORD
  5
CFB
330
1
100
AcDbSymbolTableRecord
100
AcDbBlockTableRecord
  2
*D63
340
0
 70
     0
280
     1
281
     0
  0
BLOCK_RECORD
  5
D07
330
1
100
AcDbSymbolTableRecord
100
AcDbBlockTableRecord
  2
*D64
340
0
 70
     0
280
     1
281
     0
  0
BLOCK_RECORD
  5
D13
330
1
100
AcDbSymbolTableRecord
100
AcDbBlockTableRecord
  2
*D65
340
0
 70
     0
280
     1
281
     0
  0
BLOCK_RECORD
  5
D1F
330
1
100
AcDbSymbolTableRecord
100
AcDbBlockTableRecord
  2
*D66
340
0
 70
     0
280
     1
281
     0
  0
BLOCK_RECORD
  5
D2D
330
1
100
AcDbSymbolTableRecord
100
AcDbBlockTableRecord
  2
*D67
340
0
 70
     0
280
     1
281
     0
  0
BLOCK_RECORD
  5
D39
330
1
100
AcDbSymbolTableRecord
100
AcDbBlockTableRecord
  2
*D68
340
0
 70
     0
280
     1
281
     0
  0
BLOCK_RECORD
  5
D45
330
1
100
AcDbSymbolTableRecord
100
AcDbBlockTableRecord
  2
*D69
340
0
 70
     0
280
     1
281
     0
  0
BLOCK_RECORD
  5
D51
330
1
100
AcDbSymbolTableRecord
100
AcDbBlockTableRecord
  2
*D70
340
0
 70
     0
280
     1
281
     0
  0
BLOCK_RECORD
  5
D5D
330
1
100
AcDbSymbolTableRecord
100
AcDbBlockTableRecord
  2
*D71
340
0
 70
     0
280
     1
281
     0
  0
BLOCK_RECORD
  5
D69
330
1
100
AcDbSymbolTableRecord
100
AcDbBlockTableRecord
  2
*D72
340
0
 70
     0
280
     1
281
     0
  0
BLOCK_RECORD
  5
D77
330
1
100
AcDbSymbolTableRecord
100
AcDbBlockTableRecord
  2
*D73
340
0
 70
     0
280
     1
281
     0
  0
BLOCK_RECORD
  5
D83
330
1
100
AcDbSymbolTableRecord
100
AcDbBlockTableRecord
  2
*D74
340
0
 70
     0
280
     1
281
     0
  0
BLOCK_RECORD
  5
D8F
330
1
100
AcDbSymbolTableRecord
100
AcDbBlockTableRecord
  2
*D75
340
0
 70
     0
280
     1
281
     0
  0
BLOCK_RECORD
  5
D9B
330
1
100
AcDbSymbolTableRecord
100
AcDbBlockTableRecord
  2
*D76
340
0
 70
     0
280
     1
281
     0
  0
BLOCK_RECORD
  5
DA7
330
1
100
AcDbSymbolTableRecord
100
AcDbBlockTableRecord
  2
*D77
340
0
 70
     0
280
     1
281
     0
  0
BLOCK_RECORD
  5
DB3
330
1
100
AcDbSymbolTableRecord
100
AcDbBlockTableRecord
  2
*D78
340
0
 70
     0
280
     1
281
     0
  0
ENDTAB
  0
ENDSEC
  0
SECTION
  2
BLOCKS
  0
BLOCK
  5
20
330
1F
100
AcDbEntity
  8
0
100
AcDbBlockBegin
  2
*Model_Space
 70
     0
 10
0.0
 20
0.0
 30
0.0
  3
*Model_Space
  1

  0
ENDBLK
  5
21
330
1F
100
AcDbEntity
  8
0
100
AcDbBlockEnd
  0
BLOCK
  5
1E5
330
1E3
100
AcDbEntity
 67
     1
  8
0
100
AcDbBlockBegin
  2
*Paper_Space
 70
     0
 10
0.0
 20
0.0
 30
0.0
  3
*Paper_Space
  1

  0
ENDBLK
  5
1E6
330
1E3
100
AcDbEntity
 67
     1
  8
0
100
AcDbBlockEnd
  0
BLOCK
  5
1E1
330
1DF
100
AcDbEntity
  8
0
100
AcDbBlockBegin
  2
*Paper_Space0
 70
     0
 10
0.0
 20
0.0
 30
0.0
  3
*Paper_Space0
  1

  0
ENDBLK
  5
1E2
330
1DF
100
AcDbEntity
  8
0
100
AcDbBlockEnd
  0
BLOCK
  5
245
330
244
100
AcDbEntity
  8
0
100
AcDbBlockBegin
  2
_Oblique
 70
     0
 10
0.0
 20
0.0
 30
0.0
  3
_Oblique
  1

  0
LINE
  5
246
330
244
100
AcDbEntity
  8
0
  6
ByBlock
 62
     0
370
    -2
100
AcDbLine
 10
-0.5
 20
-0.5
 30
0.0
 11
0.5
 21
0.5
 31
0.0
  0
ENDBLK
  5
247
330
244
100
AcDbEntity
  8
0
100
AcDbBlockEnd
  0
BLOCK
  5
CF0
330
CEF
100
AcDbEntity
  8
0
100
AcDbBlockBegin
  2
*D62
 70
     1
 10
0.0
 20
0.0
 30
0.0
  3
*D62
  1

  0
LINE
  5
DBF
330
CEF
100
AcDbEntity
  8
DET-COTAS
 62
     8
370
    -2
100
AcDbLine
 10
2.175795201834429
 20
7.26278442210118
 30
0.0
 11
2.175795201834429
 21
6.714355882568838
 31
0.0
  0
LINE
  5
DC0
330
CEF
100
AcDbEntity
  8
DET-COTAS
 62
     8
370
    -2
100
AcDbLine
 10
9.429451028621482
 20
7.26278442210118
 30
0.0
 11
9.429451028621482
 21
6.714355882568838
 31
0.0
  0
LINE
  5
DC1
330
CEF
100
AcDbEntity
  8
DET-COTAS
 62
     4
370
    -2
100
AcDbLine
 10
2.175795201834429
 20
6.814355882568838
 30
0.0
 11
9.429451028621482
 21
6.814355882568838
 31
0.0
  0
INSERT
  5
DC2
330
CEF
100
AcDbEntity
  8
DET-COTAS
 62
     4
370
    -2
100
AcDbBlockReference
  2
_Oblique
 10
2.175795201834429
 20
6.814355882568838
 30
0.0
 41
0.1
 42
0.1
 43
0.1
 50
180.0
  0
INSERT
  5
DC3
330
CEF
100
AcDbEntity
  8
DET-COTAS
 62
     4
370
    -2
100
AcDbBlockReference
  2
_Oblique
 10
9.429451028621482
 20
6.814355882568838
 30
0.0
 41
0.1
 42
0.1
 43
0.1
  0
MTEXT
  5
DC4
330
CEF
100
AcDbEntity
  8
DET-COTAS
 62
     2
100
AcDbMText
 10
5.802623115227955
 20
7.014355882568837
 30
0.0
 40
0.2
 41
0.0
 46
0.0
 71
     5
 72
     1
  1
L
  7
Formato
 73
     1
 44
1.0
  0
POINT
  5
DC5
330
CEF
100
AcDbEntity
  8
Defpoints
 62
     0
100
AcDbPoint
 10
2.175795201834429
 20
7.34278442210118
 30
0.0
  0
POINT
  5
DC6
330
CEF
100
AcDbEntity
  8
Defpoints
 62
     0
100
AcDbPoint
 10
9.429451028621482
 20
7.34278442210118
 30
0.0
  0
POINT
  5
DC7
330
CEF
100
AcDbEntity
  8
Defpoints
 62
     0
100
AcDbPoint
 10
9.429451028621482
 20
6.814355882568838
 30
0.0
  0
ENDBLK
  5
CF1
330
CEF
100
AcDbEntity
  8
0
100
AcDbBlockEnd
  0
BLOCK
  5
CFC
330
CFB
100
AcDbEntity
  8
0
100
AcDbBlockBegin
  2
*D63
 70
     1
 10
0.0
 20
0.0
 30
0.0
  3
*D63
  1

  0
LINE
  5
DC8
330
CFB
100
AcDbEntity
  8
DET-COTAS
 62
     8
370
    -2
100
AcDbLine
 10
2.179451028621482
 20
7.963522079731223
 30
0.0
 11
2.179451028621482
 21
7.342784422101317
 31
0.0
  0
LINE
  5
DC9
330
CFB
100
AcDbEntity
  8
DET-COTAS
 62
     8
370
    -2
100
AcDbLine
 10
4.179451028621027
 20
7.963522079731223
 30
0.0
 11
4.179451028621027
 21
7.342784422101317
 31
0.0
  0
LINE
  5
DCA
330
CFB
100
AcDbEntity
  8
DET-COTAS
 62
     4
370
    -2
100
AcDbLine
 10
2.179451028621482
 20
7.442784422101317
 30
0.0
 11
4.179451028621027
 21
7.442784422101317
 31
0.0
  0
INSERT
  5
DCB
330
CFB
100
AcDbEntity
  8
DET-COTAS
 62
     4
370
    -2
100
AcDbBlockReference
  2
_Oblique
 10
2.179451028621482
 20
7.442784422101317
 30
0.0
 41
0.1
 42
0.1
 43
0.1
 50
180.0
  0
INSERT
  5
DCC
330
CFB
100
AcDbEntity
  8
DET-COTAS
 62
     4
370
    -2
100
AcDbBlockReference
  2
_Oblique
 10
4.179451028621027
 20
7.442784422101317
 30
0.0
 41
0.1
 42
0.1
 43
0.1
  0
MTEXT
  5
DCD
330
CFB
100
AcDbEntity
  8
DET-COTAS
 62
     2
100
AcDbMText
 10
3.179451028621254
 20
7.642784422101316
 30
0.0
 40
0.2
 41
0.0
 46
0.0
 71
     5
 72
     1
  1
D
  7
Formato
 73
     1
 44
1.0
  0
POINT
  5
DCE
330
CFB
100
AcDbEntity
  8
Defpoints
 62
     0
100
AcDbPoint
 10
2.179451028621482
 20
8.043522079731223
 30
0.0
  0
POINT
  5
DCF
330
CFB
100
AcDbEntity
  8
Defpoints
 62
     0
100
AcDbPoint
 10
4.179451028621027
 20
8.043522079731223
 30
0.0
  0
POINT
  5
DD0
330
CFB
100
AcDbEntity
  8
Defpoints
 62
     0
100
AcDbPoint
 10
4.179451028621027
 20
7.442784422101317
 30
0.0
  0
ENDBLK
  5
CFD
330
CFB
100
AcDbEntity
  8
0
100
AcDbBlockEnd
  0
BLOCK
  5
D08
330
D07
100
AcDbEntity
  8
0
100
AcDbBlockBegin
  2
*D64
 70
     1
 10
0.0
 20
0.0
 30
0.0
  3
*D64
  1

  0
LINE
  5
DD1
330
D07
100
AcDbEntity
  8
DET-COTAS
 62
     8
370
    -2
100
AcDbLine
 10
7.429451028621937
 20
7.963522079731223
 30
0.0
 11
7.429451028621937
 21
7.342784422101317
 31
0.0
  0
LINE
  5
DD2
330
D07
100
AcDbEntity
  8
DET-COTAS
 62
     8
370
    -2
100
AcDbLine
 10
9.429451028621482
 20
7.963522079731223
 30
0.0
 11
9.429451028621482
 21
7.342784422101317
 31
0.0
  0
LINE
  5
DD3
330
D07
100
AcDbEntity
  8
DET-COTAS
 62
     4
370
    -2
100
AcDbLine
 10
7.429451028621937
 20
7.442784422101317
 30
0.0
 11
9.429451028621482
 21
7.442784422101317
 31
0.0
  0
INSERT
  5
DD4
330
D07
100
AcDbEntity
  8
DET-COTAS
 62
     4
370
    -2
100
AcDbBlockReference
  2
_Oblique
 10
7.429451028621937
 20
7.442784422101317
 30
0.0
 41
0.1
 42
0.1
 43
0.1
 50
180.0
  0
INSERT
  5
DD5
330
D07
100
AcDbEntity
  8
DET-COTAS
 62
     4
370
    -2
100
AcDbBlockReference
  2
_Oblique
 10
9.429451028621482
 20
7.442784422101317
 30
0.0
 41
0.1
 42
0.1
 43
0.1
  0
MTEXT
  5
DD6
330
D07
100
AcDbEntity
  8
DET-COTAS
 62
     2
100
AcDbMText
 10
8.429451028621709
 20
7.642784422101316
 30
0.0
 40
0.2
 41
0.0
 46
0.0
 71
     5
 72
     1
  1
D
  7
Formato
 73
     1
 44
1.0
  0
POINT
  5
DD7
330
D07
100
AcDbEntity
  8
Defpoints
 62
     0
100
AcDbPoint
 10
7.429451028621937
 20
8.043522079731223
 30
0.0
  0
POINT
  5
DD8
330
D07
100
AcDbEntity
  8
Defpoints
 62
     0
100
AcDbPoint
 10
9.429451028621482
 20
8.043522079731223
 30
0.0
  0
POINT
  5
DD9
330
D07
100
AcDbEntity
  8
Defpoints
 62
     0
100
AcDbPoint
 10
9.429451028621482
 20
7.442784422101317
 30
0.0
  0
ENDBLK
  5
D09
330
D07
100
AcDbEntity
  8
0
100
AcDbBlockEnd
  0
BLOCK
  5
D14
330
D13
100
AcDbEntity
  8
0
100
AcDbBlockBegin
  2
*D65
 70
     1
 10
0.0
 20
0.0
 30
0.0
  3
*D65
  1

  0
LINE
  5
DDA
330
D13
100
AcDbEntity
  8
DET-COTAS
 62
     8
370
    -2
100
AcDbLine
 10
2.099451028621482
 20
11.29352207973077
 30
0.0
 11
1.626036948140684
 21
11.29352207973077
 31
0.0
  0
LINE
  5
DDB
330
D13
100
AcDbEntity
  8
DET-COTAS
 62
     8
370
    -2
100
AcDbLine
 10
2.099451028621482
 20
8.293522079730768
 30
0.0
 11
1.626036948140684
 21
8.293522079730768
 31
0.0
  0
LINE
  5
DDC
330
D13
100
AcDbEntity
  8
DET-COTAS
 62
     4
370
    -2
100
AcDbLine
 10
1.726036948140684
 20
11.29352207973077
 30
0.0
 11
1.726036948140684
 21
8.293522079730768
 31
0.0
  0
INSERT
  5
DDD
330
D13
100
AcDbEntity
  8
DET-COTAS
 62
     4
370
    -2
100
AcDbBlockReference
  2
_Oblique
 10
1.726036948140684
 20
11.29352207973077
 30
0.0
 41
0.1
 42
0.1
 43
0.1
 50
90.0
  0
INSERT
  5
DDE
330
D13
100
AcDbEntity
  8
DET-COTAS
 62
     4
370
    -2
100
AcDbBlockReference
  2
_Oblique
 10
1.726036948140684
 20
8.293522079730768
 30
0.0
 41
0.1
 42
0.1
 43
0.1
 50
270.0
  0
MTEXT
  5
DDF
330
D13
100
AcDbEntity
  8
DET-COTAS
 62
     2
100
AcDbMText
 10
1.526036948140685
 20
9.793522079730768
 30
0.0
 40
0.2
 41
0.0
 46
0.0
 71
     5
 72
     1
  1
H
  7
Formato
 11
0.0000000000000001
 21
1.0
 31
0.0
 73
     1
 44
1.0
  0
POINT
  5
DE0
330
D13
100
AcDbEntity
  8
Defpoints
 62
     0
100
AcDbPoint
 10
2.179451028621482
 20
11.29352207973077
 30
0.0
  0
POINT
  5
DE1
330
D13
100
AcDbEntity
  8
Defpoints
 62
     0
100
AcDbPoint
 10
2.179451028621482
 20
8.293522079730768
 30
0.0
  0
POINT
  5
DE2
330
D13
100
AcDbEntity
  8
Defpoints
 62
     0
100
AcDbPoint
 10
1.726036948140684
 20
8.293522079730768
 30
0.0
  0
ENDBLK
  5
D15
330
D13
100
AcDbEntity
  8
0
100
AcDbBlockEnd
  0
BLOCK
  5
D20
330
D1F
100
AcDbEntity
  8
0
100
AcDbBlockBegin
  2
*D66
 70
     1
 10
0.0
 20
0.0
 30
0.0
  3
*D66
  1

  0
LINE
  5
DE3
330
D1F
100
AcDbEntity
  8
FINO
 62
     8
370
    -2
100
AcDbLine
 10
2.019451028621482
 20
8.293522079730768
 30
0.0
 11
1.526036948142503
 21
8.293522079730768
 31
0.0
  0
LINE
  5
DE4
330
D1F
100
AcDbEntity
  8
FINO
 62
     8
370
    -2
100
AcDbLine
 10
2.019451028621482
 20
8.043522079731223
 30
0.0
 11
1.526036948142503
 21
8.043522079731223
 31
0.0
  0
LINE
  5
DE5
330
D1F
100
AcDbEntity
  8
FINO
 62
     4
370
    -2
100
AcDbLine
 10
1.726036948142503
 20
8.293522079730768
 30
0.0
 11
1.726036948142503
 21
8.043522079731223
 31
0.0
  0
LINE
  5
DE6
330
D1F
100
AcDbEntity
  8
FINO
 62
     4
370
    -2
100
AcDbLine
 10
1.726036948142503
 20
8.293522079730768
 30
0.0
 11
1.726036948142503
 21
8.433522079730769
 31
0.0
  0
LINE
  5
DE7
330
D1F
100
AcDbEntity
  8
FINO
 62
     4
370
    -2
100
AcDbLine
 10
1.726036948142503
 20
8.043522079731223
 30
0.0
 11
1.726036948142503
 21
7.903522079731224
 31
0.0
  0
INSERT
  5
DE8
330
D1F
100
AcDbEntity
  8
FINO
 62
     4
370
    -2
100
AcDbBlockReference
  2
_Oblique
 10
1.726036948142503
 20
8.293522079730768
 30
0.0
 41
0.14
 42
0.14
 43
0.14
 50
270.0
  0
INSERT
  5
DE9
330
D1F
100
AcDbEntity
  8
FINO
 62
     4
370
    -2
100
AcDbBlockReference
  2
_Oblique
 10
1.726036948142503
 20
8.043522079731223
 30
0.0
 41
0.14
 42
0.14
 43
0.14
 50
90.0
  0
MTEXT
  5
DEA
330
D1F
100
AcDbEntity
  8
FINO
 62
     2
100
AcDbMText
 10
1.571006356708106
 20
8.168522079730996
 30
0.0
 40
0.2
 41
0.0
 46
0.0
 71
     5
 72
     1
  1
10
  7
Formato
 11
0.0
 21
1.0
 31
0.0
 73
     1
 44
1.0
  0
POINT
  5
DEB
330
D1F
100
AcDbEntity
  8
Defpoints
 62
     0
100
AcDbPoint
 10
2.179451028621482
 20
8.293522079730768
 30
0.0
  0
POINT
  5
DEC
330
D1F
100
AcDbEntity
  8
Defpoints
 62
     0
100
AcDbPoint
 10
2.179451028621482
 20
8.043522079731223
 30
0.0
  0
POINT
  5
DED
330
D1F
100
AcDbEntity
  8
Defpoints
 62
     0
100
AcDbPoint
 10
1.726036948142503
 20
8.043522079731223
 30
0.0
  0
ENDBLK
  5
D21
330
D1F
100
AcDbEntity
  8
0
100
AcDbBlockEnd
  0
BLOCK
  5
D2E
330
D2D
100
AcDbEntity
  8
0
100
AcDbBlockBegin
  2
*D67
 70
     1
 10
0.0
 20
0.0
 30
0.0
  3
*D67
  1

  0
LINE
  5
DEE
330
D2D
100
AcDbEntity
  8
FINO
 62
     8
370
    -2
100
AcDbLine
 10
9.589451028621482
 20
11.29352207973077
 30
0.0
 11
10.38117610068827
 21
11.29352207973077
 31
0.0
  0
LINE
  5
DEF
330
D2D
100
AcDbEntity
  8
FINO
 62
     8
370
    -2
100
AcDbLine
 10
9.589451028621482
 20
9.120387316405844
 30
0.0
 11
10.38117610068827
 21
9.120387316405844
 31
0.0
  0
LINE
  5
DF0
330
D2D
100
AcDbEntity
  8
FINO
 62
     4
370
    -2
100
AcDbLine
 10
10.18117610068827
 20
11.29352207973077
 30
0.0
 11
10.18117610068827
 21
9.120387316405844
 31
0.0
  0
INSERT
  5
DF1
330
D2D
100
AcDbEntity
  8
FINO
 62
     4
370
    -2
100
AcDbBlockReference
  2
_Oblique
 10
10.18117610068827
 20
11.29352207973077
 30
0.0
 41
0.14
 42
0.14
 43
0.14
 50
90.0
  0
INSERT
  5
DF2
330
D2D
100
AcDbEntity
  8
FINO
 62
     4
370
    -2
100
AcDbBlockReference
  2
_Oblique
 10
10.18117610068827
 20
9.120387316405844
 30
0.0
 41
0.14
 42
0.14
 43
0.14
 50
270.0
  0
MTEXT
  5
DF3
330
D2D
100
AcDbEntity
  8
FINO
 62
     2
100
AcDbMText
 10
10.02866080497107
 20
10.2069546980683
 30
0.0
 40
0.2
 41
0.0
 46
0.0
 71
     5
 72
     1
  1
H-15
  7
Formato
 11
0.0
 21
1.0
 31
0.0
 73
     1
 44
1.0
  0
POINT
  5
DF4
330
D2D
100
AcDbEntity
  8
Defpoints
 62
     0
100
AcDbPoint
 10
9.429451028621482
 20
11.29352207973077
 30
0.0
  0
POINT
  5
DF5
330
D2D
100
AcDbEntity
  8
Defpoints
 62
     0
100
AcDbPoint
 10
9.429451028621482
 20
9.120387316405844
 30
0.0
  0
POINT
  5
DF6
330
D2D
100
AcDbEntity
  8
Defpoints
 62
     0
100
AcDbPoint
 10
10.18117610068827
 20
9.120387316405844
 30
0.0
  0
ENDBLK
  5
D2F
330
D2D
100
AcDbEntity
  8
0
100
AcDbBlockEnd
  0
BLOCK
  5
D3A
330
D39
100
AcDbEntity
  8
0
100
AcDbBlockBegin
  2
*D68
 70
     1
 10
0.0
 20
0.0
 30
0.0
  3
*D68
  1

  0
LINE
  5
DF7
330
D39
100
AcDbEntity
  8
DET-COTAS
 62
     8
370
    -2
100
AcDbLine
 10
13.2674907335724
 20
7.26278442210118
 30
0.0
 11
13.2674907335724
 21
6.714355882568838
 31
0.0
  0
LINE
  5
DF8
330
D39
100
AcDbEntity
  8
DET-COTAS
 62
     8
370
    -2
100
AcDbLine
 10
20.52114656035945
 20
7.26278442210118
 30
0.0
 11
20.52114656035945
 21
6.714355882568838
 31
0.0
  0
LINE
  5
DF9
330
D39
100
AcDbEntity
  8
DET-COTAS
 62
     4
370
    -2
100
AcDbLine
 10
13.2674907335724
 20
6.814355882568838
 30
0.0
 11
20.52114656035945
 21
6.814355882568838
 31
0.0
  0
INSERT
  5
DFA
330
D39
100
AcDbEntity
  8
DET-COTAS
 62
     4
370
    -2
100
AcDbBlockReference
  2
_Oblique
 10
13.2674907335724
 20
6.814355882568838
 30
0.0
 41
0.1
 42
0.1
 43
0.1
 50
180.0
  0
INSERT
  5
DFB
330
D39
100
AcDbEntity
  8
DET-COTAS
 62
     4
370
    -2
100
AcDbBlockReference
  2
_Oblique
 10
20.52114656035945
 20
6.814355882568838
 30
0.0
 41
0.1
 42
0.1
 43
0.1
  0
MTEXT
  5
DFC
330
D39
100
AcDbEntity
  8
DET-COTAS
 62
     2
100
AcDbMText
 10
16.89431864696592
 20
7.014355882568837
 30
0.0
 40
0.2
 41
0.0
 46
0.0
 71
     5
 72
     1
  1
L
  7
Formato
 73
     1
 44
1.0
  0
POINT
  5
DFD
330
D39
100
AcDbEntity
  8
Defpoints
 62
     0
100
AcDbPoint
 10
13.2674907335724
 20
7.34278442210118
 30
0.0
  0
POINT
  5
DFE
330
D39
100
AcDbEntity
  8
Defpoints
 62
     0
100
AcDbPoint
 10
20.52114656035945
 20
7.34278442210118
 30
0.0
  0
POINT
  5
DFF
330
D39
100
AcDbEntity
  8
Defpoints
 62
     0
100
AcDbPoint
 10
20.52114656035945
 20
6.814355882568838
 30
0.0
  0
ENDBLK
  5
D3B
330
D39
100
AcDbEntity
  8
0
100
AcDbBlockEnd
  0
BLOCK
  5
D46
330
D45
100
AcDbEntity
  8
0
100
AcDbBlockBegin
  2
*D69
 70
     1
 10
0.0
 20
0.0
 30
0.0
  3
*D69
  1

  0
LINE
  5
E00
330
D45
100
AcDbEntity
  8
DET-COTAS
 62
     8
370
    -2
100
AcDbLine
 10
13.27114656035945
 20
7.963522079731223
 30
0.0
 11
13.27114656035945
 21
7.342784422101317
 31
0.0
  0
LINE
  5
E01
330
D45
100
AcDbEntity
  8
DET-COTAS
 62
     8
370
    -2
100
AcDbLine
 10
15.27114656035899
 20
7.963522079731223
 30
0.0
 11
15.27114656035899
 21
7.342784422101317
 31
0.0
  0
LINE
  5
E02
330
D45
100
AcDbEntity
  8
DET-COTAS
 62
     4
370
    -2
100
AcDbLine
 10
13.27114656035945
 20
7.442784422101317
 30
0.0
 11
15.27114656035899
 21
7.442784422101317
 31
0.0
  0
INSERT
  5
E03
330
D45
100
AcDbEntity
  8
DET-COTAS
 62
     4
370
    -2
100
AcDbBlockReference
  2
_Oblique
 10
13.27114656035945
 20
7.442784422101317
 30
0.0
 41
0.1
 42
0.1
 43
0.1
 50
180.0
  0
INSERT
  5
E04
330
D45
100
AcDbEntity
  8
DET-COTAS
 62
     4
370
    -2
100
AcDbBlockReference
  2
_Oblique
 10
15.27114656035899
 20
7.442784422101317
 30
0.0
 41
0.1
 42
0.1
 43
0.1
  0
MTEXT
  5
E05
330
D45
100
AcDbEntity
  8
DET-COTAS
 62
     2
100
AcDbMText
 10
14.27114656035922
 20
7.642784422101316
 30
0.0
 40
0.2
 41
0.0
 46
0.0
 71
     5
 72
     1
  1
D
  7
Formato
 73
     1
 44
1.0
  0
POINT
  5
E06
330
D45
100
AcDbEntity
  8
Defpoints
 62
     0
100
AcDbPoint
 10
13.27114656035945
 20
8.043522079731223
 30
0.0
  0
POINT
  5
E07
330
D45
100
AcDbEntity
  8
Defpoints
 62
     0
100
AcDbPoint
 10
15.27114656035899
 20
8.043522079731223
 30
0.0
  0
POINT
  5
E08
330
D45
100
AcDbEntity
  8
Defpoints
 62
     0
100
AcDbPoint
 10
15.27114656035899
 20
7.442784422101317
 30
0.0
  0
ENDBLK
  5
D47
330
D45
100
AcDbEntity
  8
0
100
AcDbBlockEnd
  0
BLOCK
  5
D52
330
D51
100
AcDbEntity
  8
0
100
AcDbBlockBegin
  2
*D70
 70
     1
 10
0.0
 20
0.0
 30
0.0
  3
*D70
  1

  0
LINE
  5
E09
330
D51
100
AcDbEntity
  8
DET-COTAS
 62
     8
370
    -2
100
AcDbLine
 10
18.5211465603599
 20
7.963522079731223
 30
0.0
 11
18.5211465603599
 21
7.342784422101317
 31
0.0
  0
LINE
  5
E0A
330
D51
100
AcDbEntity
  8
DET-COTAS
 62
     8
370
    -2
100
AcDbLine
 10
20.52114656035945
 20
7.963522079731223
 30
0.0
 11
20.52114656035945
 21
7.342784422101317
 31
0.0
  0
LINE
  5
E0B
330
D51
100
AcDbEntity
  8
DET-COTAS
 62
     4
370
    -2
100
AcDbLine
 10
18.5211465603599
 20
7.442784422101317
 30
0.0
 11
20.52114656035945
 21
7.442784422101317
 31
0.0
  0
INSERT
  5
E0C
330
D51
100
AcDbEntity
  8
DET-COTAS
 62
     4
370
    -2
100
AcDbBlockReference
  2
_Oblique
 10
18.5211465603599
 20
7.442784422101317
 30
0.0
 41
0.1
 42
0.1
 43
0.1
 50
180.0
  0
INSERT
  5
E0D
330
D51
100
AcDbEntity
  8
DET-COTAS
 62
     4
370
    -2
100
AcDbBlockReference
  2
_Oblique
 10
20.52114656035945
 20
7.442784422101317
 30
0.0
 41
0.1
 42
0.1
 43
0.1
  0
MTEXT
  5
E0E
330
D51
100
AcDbEntity
  8
DET-COTAS
 62
     2
100
AcDbMText
 10
19.52114656035968
 20
7.642784422101316
 30
0.0
 40
0.2
 41
0.0
 46
0.0
 71
     5
 72
     1
  1
D
  7
Formato
 73
     1
 44
1.0
  0
POINT
  5
E0F
330
D51
100
AcDbEntity
  8
Defpoints
 62
     0
100
AcDbPoint
 10
18.5211465603599
 20
8.043522079731223
 30
0.0
  0
POINT
  5
E10
330
D51
100
AcDbEntity
  8
Defpoints
 62
     0
100
AcDbPoint
 10
20.52114656035945
 20
8.043522079731223
 30
0.0
  0
POINT
  5
E11
330
D51
100
AcDbEntity
  8
Defpoints
 62
     0
100
AcDbPoint
 10
20.52114656035945
 20
7.442784422101317
 30
0.0
  0
ENDBLK
  5
D53
330
D51
100
AcDbEntity
  8
0
100
AcDbBlockEnd
  0
BLOCK
  5
D5E
330
D5D
100
AcDbEntity
  8
0
100
AcDbBlockBegin
  2
*D71
 70
     1
 10
0.0
 20
0.0
 30
0.0
  3
*D71
  1

  0
LINE
  5
E12
330
D5D
100
AcDbEntity
  8
DET-COTAS
 62
     8
370
    -2
100
AcDbLine
 10
13.19114656035945
 20
11.29352207973077
 30
0.0
 11
12.71773247987865
 21
11.29352207973077
 31
0.0
  0
LINE
  5
E13
330
D5D
100
AcDbEntity
  8
DET-COTAS
 62
     8
370
    -2
100
AcDbLine
 10
13.19114656035945
 20
8.293522079730768
 30
0.0
 11
12.71773247987865
 21
8.293522079730768
 31
0.0
  0
LINE
  5
E14
330
D5D
100
AcDbEntity
  8
DET-COTAS
 62
     4
370
    -2
100
AcDbLine
 10
12.81773247987865
 20
11.29352207973077
 30
0.0
 11
12.81773247987865
 21
8.293522079730768
 31
0.0
  0
INSERT
  5
E15
330
D5D
100
AcDbEntity
  8
DET-COTAS
 62
     4
370
    -2
100
AcDbBlockReference
  2
_Oblique
 10
12.81773247987865
 20
11.29352207973077
 30
0.0
 41
0.1
 42
0.1
 43
0.1
 50
90.0
  0
INSERT
  5
E16
330
D5D
100
AcDbEntity
  8
DET-COTAS
 62
     4
370
    -2
100
AcDbBlockReference
  2
_Oblique
 10
12.81773247987865
 20
8.293522079730768
 30
0.0
 41
0.1
 42
0.1
 43
0.1
 50
270.0
  0
MTEXT
  5
E17
330
D5D
100
AcDbEntity
  8
DET-COTAS
 62
     2
100
AcDbMText
 10
12.61773247987865
 20
9.793522079730768
 30
0.0
 40
0.2
 41
0.0
 46
0.0
 71
     5
 72
     1
  1
H
  7
Formato
 11
0.0
 21
1.0
 31
0.0
 73
     1
 44
1.0
  0
POINT
  5
E18
330
D5D
100
AcDbEntity
  8
Defpoints
 62
     0
100
AcDbPoint
 10
13.27114656035945
 20
11.29352207973077
 30
0.0
  0
POINT
  5
E19
330
D5D
100
AcDbEntity
  8
Defpoints
 62
     0
100
AcDbPoint
 10
13.27114656035945
 20
8.293522079730768
 30
0.0
  0
POINT
  5
E1A
330
D5D
100
AcDbEntity
  8
Defpoints
 62
     0
100
AcDbPoint
 10
12.81773247987865
 20
8.293522079730768
 30
0.0
  0
ENDBLK
  5
D5F
330
D5D
100
AcDbEntity
  8
0
100
AcDbBlockEnd
  0
BLOCK
  5
D6A
330
D69
100
AcDbEntity
  8
0
100
AcDbBlockBegin
  2
*D72
 70
     1
 10
0.0
 20
0.0
 30
0.0
  3
*D72
  1

  0
LINE
  5
E1B
330
D69
100
AcDbEntity
  8
FINO
 62
     8
370
    -2
100
AcDbLine
 10
13.11114656035945
 20
8.293522079730768
 30
0.0
 11
12.61773247988138
 21
8.293522079730768
 31
0.0
  0
LINE
  5
E1C
330
D69
100
AcDbEntity
  8
FINO
 62
     8
370
    -2
100
AcDbLine
 10
13.11114656035945
 20
8.043522079731223
 30
0.0
 11
12.61773247988138
 21
8.043522079731223
 31
0.0
  0
LINE
  5
E1D
330
D69
100
AcDbEntity
  8
FINO
 62
     4
370
    -2
100
AcDbLine
 10
12.81773247988138
 20
8.293522079730768
 30
0.0
 11
12.81773247988138
 21
8.043522079731223
 31
0.0
  0
LINE
  5
E1E
330
D69
100
AcDbEntity
  8
FINO
 62
     4
370
    -2
100
AcDbLine
 10
12.81773247988138
 20
8.293522079730768
 30
0.0
 11
12.81773247988138
 21
8.433522079730769
 31
0.0
  0
LINE
  5
E1F
330
D69
100
AcDbEntity
  8
FINO
 62
     4
370
    -2
100
AcDbLine
 10
12.81773247988138
 20
8.043522079731223
 30
0.0
 11
12.81773247988138
 21
7.903522079731224
 31
0.0
  0
INSERT
  5
E20
330
D69
100
AcDbEntity
  8
FINO
 62
     4
370
    -2
100
AcDbBlockReference
  2
_Oblique
 10
12.81773247988138
 20
8.293522079730768
 30
0.0
 41
0.14
 42
0.14
 43
0.14
 50
270.0
  0
INSERT
  5
E21
330
D69
100
AcDbEntity
  8
FINO
 62
     4
370
    -2
100
AcDbBlockReference
  2
_Oblique
 10
12.81773247988138
 20
8.043522079731223
 30
0.0
 41
0.14
 42
0.14
 43
0.14
 50
90.0
  0
MTEXT
  5
E22
330
D69
100
AcDbEntity
  8
FINO
 62
     2
100
AcDbMText
 10
12.66270188844698
 20
8.168522079730996
 30
0.0
 40
0.2
 41
0.0
 46
0.0
 71
     5
 72
     1
  1
10
  7
Formato
 11
0.0
 21
1.0
 31
0.0
 73
     1
 44
1.0
  0
POINT
  5
E23
330
D69
100
AcDbEntity
  8
Defpoints
 62
     0
100
AcDbPoint
 10
13.27114656035945
 20
8.293522079730768
 30
0.0
  0
POINT
  5
E24
330
D69
100
AcDbEntity
  8
Defpoints
 62
     0
100
AcDbPoint
 10
13.27114656035945
 20
8.043522079731223
 30
0.0
  0
POINT
  5
E25
330
D69
100
AcDbEntity
  8
Defpoints
 62
     0
100
AcDbPoint
 10
12.81773247988138
 20
8.043522079731223
 30
0.0
  0
ENDBLK
  5
D6B
330
D69
100
AcDbEntity
  8
0
100
AcDbBlockEnd
  0
BLOCK
  5
D78
330
D77
100
AcDbEntity
  8
0
100
AcDbBlockBegin
  2
*D73
 70
     1
 10
0.0
 20
0.0
 30
0.0
  3
*D73
  1

  0
LINE
  5
E26
330
D77
100
AcDbEntity
  8
FINO
 62
     8
370
    -2
100
AcDbLine
 10
20.68114656035945
 20
11.29352207973077
 30
0.0
 11
21.37188209567502
 21
11.29352207973077
 31
0.0
  0
LINE
  5
E27
330
D77
100
AcDbEntity
  8
FINO
 62
     8
370
    -2
100
AcDbLine
 10
20.68114656035945
 20
9.120387316405844
 30
0.0
 11
21.37188209567502
 21
9.120387316405844
 31
0.0
  0
LINE
  5
E28
330
D77
100
AcDbEntity
  8
FINO
 62
     4
370
    -2
100
AcDbLine
 10
21.17188209567503
 20
11.29352207973077
 30
0.0
 11
21.17188209567503
 21
9.120387316405844
 31
0.0
  0
INSERT
  5
E29
330
D77
100
AcDbEntity
  8
FINO
 62
     4
370
    -2
100
AcDbBlockReference
  2
_Oblique
 10
21.17188209567503
 20
11.29352207973077
 30
0.0
 41
0.14
 42
0.14
 43
0.14
 50
90.0
  0
INSERT
  5
E2A
330
D77
100
AcDbEntity
  8
FINO
 62
     4
370
    -2
100
AcDbBlockReference
  2
_Oblique
 10
21.17188209567503
 20
9.120387316405844
 30
0.0
 41
0.14
 42
0.14
 43
0.14
 50
270.0
  0
MTEXT
  5
E2B
330
D77
100
AcDbEntity
  8
FINO
 62
     2
100
AcDbMText
 10
21.01936679995783
 20
10.2069546980683
 30
0.0
 40
0.2
 41
0.0
 46
0.0
 71
     5
 72
     1
  1
H-15
  7
Formato
 11
0.0
 21
1.0
 31
0.0
 73
     1
 44
1.0
  0
POINT
  5
E2C
330
D77
100
AcDbEntity
  8
Defpoints
 62
     0
100
AcDbPoint
 10
20.52114656035945
 20
11.29352207973077
 30
0.0
  0
POINT
  5
E2D
330
D77
100
AcDbEntity
  8
Defpoints
 62
     0
100
AcDbPoint
 10
20.52114656035945
 20
9.120387316405844
 30
0.0
  0
POINT
  5
E2E
330
D77
100
AcDbEntity
  8
Defpoints
 62
     0
100
AcDbPoint
 10
21.17188209567503
 20
9.120387316405844
 30
0.0
  0
ENDBLK
  5
D79
330
D77
100
AcDbEntity
  8
0
100
AcDbBlockEnd
  0
BLOCK
  5
D84
330
D83
100
AcDbEntity
  8
0
100
AcDbBlockBegin
  2
*D74
 70
     1
 10
0.0
 20
0.0
 30
0.0
  3
*D74
  1

  0
LINE
  5
E2F
330
D83
100
AcDbEntity
  8
DET-COTAS
 62
     8
370
    -2
100
AcDbLine
 10
26.33536357155995
 20
5.852640345513822
 30
0.0
 11
26.33536357155978
 21
5.30421180598239
 31
0.0
  0
LINE
  5
E30
330
D83
100
AcDbEntity
  8
DET-COTAS
 62
     8
370
    -2
100
AcDbLine
 10
29.15623908995818
 20
5.852640345512913
 30
0.0
 11
29.156239089958
 21
5.304211805981481
 31
0.0
  0
LINE
  5
E31
330
D83
100
AcDbEntity
  8
DET-COTAS
 62
     4
370
    -2
100
AcDbLine
 10
26.33536357155981
 20
5.40421180598239
 30
0.0
 11
29.15623908995803
 21
5.40421180598148
 31
0.0
  0
INSERT
  5
E32
330
D83
100
AcDbEntity
  8
DET-COTAS
 62
     4
370
    -2
100
AcDbBlockReference
  2
_Oblique
 10
26.33536357155981
 20
5.40421180598239
 30
0.0
 41
0.1
 42
0.1
 43
0.1
 50
179.9999999999815
  0
INSERT
  5
E33
330
D83
100
AcDbEntity
  8
DET-COTAS
 62
     4
370
    -2
100
AcDbBlockReference
  2
_Oblique
 10
29.15623908995803
 20
5.40421180598148
 30
0.0
 41
0.1
 42
0.1
 43
0.1
 50
359.9999999999815
  0
MTEXT
  5
E34
330
D83
100
AcDbEntity
  8
DET-COTAS
 62
     2
100
AcDbMText
 10
27.74580133075899
 20
5.604211805981934
 30
0.0
 40
0.2
 41
0.0
 46
0.0
 71
     5
 72
     1
  1
A
  7
Formato
 73
     1
 44
1.0
  0
POINT
  5
E35
330
D83
100
AcDbEntity
  8
Defpoints
 62
     0
100
AcDbPoint
 10
26.33536357155998
 20
5.932640345513823
 30
0.0
  0
POINT
  5
E36
330
D83
100
AcDbEntity
  8
Defpoints
 62
     0
100
AcDbPoint
 10
29.1562390899582
 20
5.932640345512913
 30
0.0
  0
POINT
  5
E37
330
D83
100
AcDbEntity
  8
Defpoints
 62
     0
100
AcDbPoint
 10
29.15623908995803
 20
5.40421180598148
 30
0.0
  0
ENDBLK
  5
D85
330
D83
100
AcDbEntity
  8
0
100
AcDbBlockEnd
  0
BLOCK
  5
D90
330
D8F
100
AcDbEntity
  8
0
100
AcDbBlockBegin
  2
*D75
 70
     1
 10
0.0
 20
0.0
 30
0.0
  3
*D75
  1

  0
LINE
  5
E38
330
D8F
100
AcDbEntity
  8
DET-COTAS
 62
     8
370
    -2
100
AcDbLine
 10
25.31163157200045
 20
11.51728802101431
 30
0.0
 11
23.75641255925037
 21
11.51728802101431
 31
0.0
  0
LINE
  5
E39
330
D8F
100
AcDbEntity
  8
DET-COTAS
 62
     8
370
    -2
100
AcDbLine
 10
24.91750039515192
 20
10.19965989855107
 30
0.0
 11
23.75641255925037
 21
10.19965989855107
 31
0.0
  0
LINE
  5
E3A
330
D8F
100
AcDbEntity
  8
DET-COTAS
 62
     4
370
    -2
100
AcDbLine
 10
23.85641255925037
 20
11.51728802101431
 30
0.0
 11
23.85641255925037
 21
10.19965989855107
 31
0.0
  0
INSERT
  5
E3B
330
D8F
100
AcDbEntity
  8
DET-COTAS
 62
     4
370
    -2
100
AcDbBlockReference
  2
_Oblique
 10
23.85641255925037
 20
11.51728802101431
 30
0.0
 41
0.1
 42
0.1
 43
0.1
 50
90.0
  0
INSERT
  5
E3C
330
D8F
100
AcDbEntity
  8
DET-COTAS
 62
     4
370
    -2
100
AcDbBlockReference
  2
_Oblique
 10
23.85641255925037
 20
10.19965989855107
 30
0.0
 41
0.1
 42
0.1
 43
0.1
 50
270.0
  0
MTEXT
  5
E3D
330
D8F
100
AcDbEntity
  8
DET-COTAS
 62
     2
100
AcDbMText
 10
23.65641255925037
 20
10.85847395978269
 30
0.0
 40
0.2
 41
0.0
 46
0.0
 71
     5
 72
     1
  1
D
  7
Formato
 11
0.0
 21
1.0
 31
0.0
 73
     1
 44
1.0
  0
POINT
  5
E3E
330
D8F
100
AcDbEntity
  8
Defpoints
 62
     0
100
AcDbPoint
 10
25.39163157200045
 20
11.51728802101431
 30
0.0
  0
POINT
  5
E3F
330
D8F
100
AcDbEntity
  8
Defpoints
 62
     0
100
AcDbPoint
 10
24.99750039515192
 20
10.19965989855107
 30
0.0
  0
POINT
  5
E40
330
D8F
100
AcDbEntity
  8
Defpoints
 62
     0
100
AcDbPoint
 10
23.85641255925037
 20
10.19965989855107
 30
0.0
  0
ENDBLK
  5
D91
330
D8F
100
AcDbEntity
  8
0
100
AcDbBlockEnd
  0
BLOCK
  5
D9C
330
D9B
100
AcDbEntity
  8
0
100
AcDbBlockBegin
  2
*D76
 70
     1
 10
0.0
 20
0.0
 30
0.0
  3
*D76
  1

  0
LINE
  5
E41
330
D9B
100
AcDbEntity
  8
DET-COTAS
 62
     8
370
    -2
100
AcDbLine
 10
24.91750039515192
 20
10.19965989855107
 30
0.0
 11
23.75641255924946
 21
10.19965989855107
 31
0.0
  0
LINE
  5
E42
330
D9B
100
AcDbEntity
  8
DET-COTAS
 62
     8
370
    -2
100
AcDbLine
 10
24.32215380924263
 20
7.12812582789636
 30
0.0
 11
23.75641255924946
 21
7.12812582789636
 31
0.0
  0
LINE
  5
E43
330
D9B
100
AcDbEntity
  8
DET-COTAS
 62
     4
370
    -2
100
AcDbLine
 10
23.85641255924946
 20
10.19965989855107
 30
0.0
 11
23.85641255924946
 21
7.12812582789636
 31
0.0
  0
INSERT
  5
E44
330
D9B
100
AcDbEntity
  8
DET-COTAS
 62
     4
370
    -2
100
AcDbBlockReference
  2
_Oblique
 10
23.85641255924946
 20
10.19965989855107
 30
0.0
 41
0.1
 42
0.1
 43
0.1
 50
90.0
  0
INSERT
  5
E45
330
D9B
100
AcDbEntity
  8
DET-COTAS
 62
     4
370
    -2
100
AcDbBlockReference
  2
_Oblique
 10
23.85641255924946
 20
7.12812582789636
 30
0.0
 41
0.1
 42
0.1
 43
0.1
 50
270.0
  0
MTEXT
  5
E46
330
D9B
100
AcDbEntity
  8
DET-COTAS
 62
     2
100
AcDbMText
 10
23.65641255924946
 20
8.663892863223713
 30
0.0
 40
0.2
 41
0.0
 46
0.0
 71
     5
 72
     1
  1
A
  7
Formato
 11
0.0
 21
1.0
 31
0.0
 73
     1
 44
1.0
  0
POINT
  5
E47
330
D9B
100
AcDbEntity
  8
Defpoints
 62
     0
100
AcDbPoint
 10
24.99750039515192
 20
10.19965989855107
 30
0.0
  0
POINT
  5
E48
330
D9B
100
AcDbEntity
  8
Defpoints
 62
     0
100
AcDbPoint
 10
24.40215380924263
 20
7.12812582789636
 30
0.0
  0
POINT
  5
E49
330
D9B
100
AcDbEntity
  8
Defpoints
 62
     0
100
AcDbPoint
 10
23.85641255924946
 20
7.12812582789636
 30
0.0
  0
ENDBLK
  5
D9D
330
D9B
100
AcDbEntity
  8
0
100
AcDbBlockEnd
  0
BLOCK
  5
DA8
330
DA7
100
AcDbEntity
  8
0
100
AcDbBlockBegin
  2
*D77
 70
     1
 10
0.0
 20
0.0
 30
0.0
  3
*D77
  1

  0
LINE
  5
E4A
330
DA7
100
AcDbEntity
  8
DET-COTAS
 62
     8
370
    -2
100
AcDbLine
 10
24.32215380924263
 20
7.12812582789636
 30
0.0
 11
23.75641255924946
 21
7.12812582789636
 31
0.0
  0
LINE
  5
E4B
330
DA7
100
AcDbEntity
  8
DET-COTAS
 62
     8
370
    -2
100
AcDbLine
 10
24.32215380924263
 20
5.875536984220593
 30
0.0
 11
23.75641255924946
 21
5.875536984220593
 31
0.0
  0
LINE
  5
E4C
330
DA7
100
AcDbEntity
  8
DET-COTAS
 62
     4
370
    -2
100
AcDbLine
 10
23.85641255924946
 20
7.12812582789636
 30
0.0
 11
23.85641255924946
 21
5.875536984220593
 31
0.0
  0
INSERT
  5
E4D
330
DA7
100
AcDbEntity
  8
DET-COTAS
 62
     4
370
    -2
100
AcDbBlockReference
  2
_Oblique
 10
23.85641255924946
 20
7.12812582789636
 30
0.0
 41
0.1
 42
0.1
 43
0.1
 50
90.0
  0
INSERT
  5
E4E
330
DA7
100
AcDbEntity
  8
DET-COTAS
 62
     4
370
    -2
100
AcDbBlockReference
  2
_Oblique
 10
23.85641255924946
 20
5.875536984220593
 30
0.0
 41
0.1
 42
0.1
 43
0.1
 50
270.0
  0
MTEXT
  5
E4F
330
DA7
100
AcDbEntity
  8
DET-COTAS
 62
     2
100
AcDbMText
 10
23.65641255924946
 20
6.501831406058476
 30
0.0
 40
0.2
 41
0.0
 46
0.0
 71
     5
 72
     1
  1
D
  7
Formato
 11
0.0
 21
1.0
 31
0.0
 73
     1
 44
1.0
  0
POINT
  5
E50
330
DA7
100
AcDbEntity
  8
Defpoints
 62
     0
100
AcDbPoint
 10
24.40215380924263
 20
7.12812582789636
 30
0.0
  0
POINT
  5
E51
330
DA7
100
AcDbEntity
  8
Defpoints
 62
     0
100
AcDbPoint
 10
24.40215380924263
 20
5.875536984220593
 30
0.0
  0
POINT
  5
E52
330
DA7
100
AcDbEntity
  8
Defpoints
 62
     0
100
AcDbPoint
 10
23.85641255924946
 20
5.875536984220593
 30
0.0
  0
ENDBLK
  5
DA9
330
DA7
100
AcDbEntity
  8
0
100
AcDbBlockEnd
  0
BLOCK
  5
DB4
330
DB3
100
AcDbEntity
  8
0
100
AcDbBlockBegin
  2
*D78
 70
     1
 10
0.0
 20
0.0
 30
0.0
  3
*D78
  1

  0
LINE
  5
E53
330
DB3
100
AcDbEntity
  8
DET-COTAS
 62
     8
370
    -2
100
AcDbLine
 10
4.179451028621027
 20
7.963522079731223
 30
0.0
 11
4.179451028621027
 21
7.342784422101317
 31
0.0
  0
LINE
  5
E54
330
DB3
100
AcDbEntity
  8
DET-COTAS
 62
     8
370
    -2
100
AcDbLine
 10
7.429451028621937
 20
7.963522079731223
 30
0.0
 11
7.429451028621937
 21
7.342784422101317
 31
0.0
  0
LINE
  5
E55
330
DB3
100
AcDbEntity
  8
DET-COTAS
 62
     4
370
    -2
100
AcDbLine
 10
4.179451028621027
 20
7.442784422101317
 30
0.0
 11
7.429451028621937
 21
7.442784422101317
 31
0.0
  0
INSERT
  5
E56
330
DB3
100
AcDbEntity
  8
DET-COTAS
 62
     4
370
    -2
100
AcDbBlockReference
  2
_Oblique
 10
4.179451028621027
 20
7.442784422101317
 30
0.0
 41
0.1
 42
0.1
 43
0.1
 50
180.0
  0
INSERT
  5
E57
330
DB3
100
AcDbEntity
  8
DET-COTAS
 62
     4
370
    -2
100
AcDbBlockReference
  2
_Oblique
 10
7.429451028621937
 20
7.442784422101317
 30
0.0
 41
0.1
 42
0.1
 43
0.1
  0
MTEXT
  5
E58
330
DB3
100
AcDbEntity
  8
DET-COTAS
 62
     2
100
AcDbMText
 10
5.804451028621482
 20
7.642784422101316
 30
0.0
 40
0.2
 41
0.0
 46
0.0
 71
     5
 72
     1
  1
A
  7
Formato
 73
     1
 44
1.0
  0
POINT
  5
E59
330
DB3
100
AcDbEntity
  8
Defpoints
 62
     0
100
AcDbPoint
 10
4.179451028621027
 20
8.043522079731223
 30
0.0
  0
POINT
  5
E5A
330
DB3
100
AcDbEntity
  8
Defpoints
 62
     0
100
AcDbPoint
 10
7.429451028621937
 20
8.043522079731223
 30
0.0
  0
POINT
  5
E5B
330
DB3
100
AcDbEntity
  8
Defpoints
 62
     0
100
AcDbPoint
 10
7.429451028621937
 20
7.442784422101317
 30
0.0
  0
ENDBLK
  5
DB5
330
DB3
100
AcDbEntity
  8
0
100
AcDbBlockEnd
  0
ENDSEC
  0
SECTION
  2
ENTITIES
  0
LINE
  5
BAC
330
1F
100
AcDbEntity
  8
DET-TEXTO
100
AcDbLine
 10
2.693216738102986
 20
1.125229490471587
 30
0.0
 11
2.693216738102986
 21
3.917321313492243
 31
0.0
  0
LINE
  5
BAD
330
1F
100
AcDbEntity
  8
DET-TEXTO
100
AcDbLine
 10
2.693216738102986
 20
3.917321313492243
 30
0.0
 11
17.43291119424946
 21
3.917321313492243
 31
0.0
  0
LINE
  5
BAE
330
1F
100
AcDbEntity
  8
DET-TEXTO
100
AcDbLine
 10
2.693216738102986
 20
2.486429543836925
 30
0.0
 11
17.43291119424946
 21
2.521275401981915
 31
0.0
  0
TEXT
  5
BAF
330
1F
100
AcDbEntity
  8
DET-TEXTO
100
AcDbText
 10
6.987956691170264
 20
4.154010374773838
 30
0.0
 40
0.26
  1
ENCEPADO 4 MICROPILOTES
  7
Estructura
 72
     1
 11
9.471301354664486
 21
4.154010374773838
 31
0.0
100
AcDbText
  0
TEXT
  5
BB0
330
1F
100
AcDbEntity
  8
DET-TEXTO
100
AcDbText
 10
3.77338191059914
 20
2.919201190765283
 30
0.0
 40
0.256
  1
%%c (mm)
  7
Estructura
 72
     1
 11
4.443315289253117
 21
2.919201190765283
 31
0.0
100
AcDbText
  0
TEXT
  5
BB1
330
1F
100
AcDbEntity
  8
DET-TEXTO
100
AcDbText
 10
4.414851247189066
 20
1.660274680980341
 30
0.0
 40
0.256
  1
180
  7
Estructura
 72
     1
 11
4.711139486482064
 21
1.660274680980341
 31
0.0
100
AcDbText
  0
LWPOLYLINE
  5
BB2
330
1F
100
AcDbEntity
  8
DET-TEXTO
100
AcDbPolyline
 90
        2
 70
     0
 43
0.2564884223999999
 10
3.350251609583832
 20
1.750396246919512
 42
0.4142135623717262
 10
3.478495820783958
 20
1.622152035720295
 42
1.0
  0
LINE
  5
BB3
330
1F
100
AcDbEntity
  8
DET-TEXTO
100
AcDbLine
 10
3.282561195268211
 20
1.750396246919512
 30
0.0
 11
3.649315734781961
 21
1.750396246919512
 31
0.0
  0
LINE
  5
BB4
330
1F
100
AcDbEntity
  8
DET-TEXTO
100
AcDbLine
 10
3.478495820783958
 20
1.962243651490529
 30
0.0
 11
3.478495820783958
 21
1.516536436077762
 31
0.0
  0
LINE
  5
BB5
330
1F
100
AcDbEntity
  8
DET-TEXTO
100
AcDbLine
 10
3.820480383983689
 20
1.750396246919512
 30
0.0
 11
3.136511257583773
 21
1.750396246919512
 31
0.0
  0
CIRCLE
  5
BB6
330
1F
100
AcDbEntity
  8
DET-TEXTO
100
AcDbCircle
 10
3.478495820783958
 20
1.750396246919512
 30
0.0
 40
0.2564884223999999
  0
LWPOLYLINE
  5
BB7
330
1F
100
AcDbEntity
  8
DET-TEXTO
100
AcDbPolyline
 90
        2
 70
     0
 43
0.2564884223999999
 10
3.606740031984084
 20
1.750396246919512
 42
0.4142135623717262
 10
3.478495820783958
 20
1.878640458118729
 42
1.0
  0
LINE
  5
BB8
330
1F
100
AcDbEntity
  8
DET-TEXTO
100
AcDbLine
 10
3.478495820783958
 20
2.149927189472668
 30
0.0
 11
3.478495820783958
 21
1.379912970119653
 31
0.0
  0
TEXT
  5
BB9
330
1F
100
AcDbEntity
  8
DET-TEXTO
100
AcDbText
 10
3.1315126439727
 20
3.350863647811797
 30
0.0
 40
0.256
  1
MICROPILOTE
  7
Estructura
 72
     1
 11
4.297870223850335
 21
3.350863647811797
 31
0.0
100
AcDbText
  0
TEXT
  5
BBA
330
1F
100
AcDbEntity
  8
DET-TEXTO TÍTULO
100
AcDbText
 10
0.1700867368805881
 20
12.81244562696427
 30
0.0
 40
0.3
  1
ENCEPADO TIPO 3- 4 MICROPILOTES
  7
Formato
100
AcDbText
  0
LINE
  5
BBB
330
1F
100
AcDbEntity
  8
DET-TEXTO
100
AcDbLine
 10
5.881760694439147
 20
1.125229490471587
 30
0.0
 11
5.881760694439147
 21
3.917321313492243
 31
0.0
  0
TEXT
  5
BBC
330
1F
100
AcDbEntity
  8
DET-TEXTO
100
AcDbText
 10
6.076481506168297
 20
2.919201190765283
 30
0.0
 40
0.256
  1
(cm)
  7
Estructura
 72
     1
 11
6.490501900457896
 21
2.919201190765283
 31
0.0
100
AcDbText
  0
TEXT
  5
BBD
330
1F
100
AcDbEntity
  8
DET-TEXTO
100
AcDbText
 10
6.33135838613836
 20
3.350863647811797
 30
0.0
 40
0.256
  1
H
  7
Estructura
 72
     1
 11
6.453093260373574
 21
3.350863647811797
 31
0.0
100
AcDbText
  0
LINE
  5
BBE
330
1F
100
AcDbEntity
  8
DET-TEXTO
100
AcDbLine
 10
2.693216738102986
 20
1.125229490471587
 30
0.0
 11
17.43291119424946
 21
1.125229490471587
 31
0.0
  0
TEXT
  5
BBF
330
1F
100
AcDbEntity
  8
DET-TEXTO
100
AcDbText
 10
6.235493069526665
 20
1.660274680980341
 30
0.0
 40
0.256
  1
95
  7
Estructura
 72
     1
 11
6.433018562388664
 21
1.660274680980341
 31
0.0
100
AcDbText
  0
LINE
  5
BC0
330
1F
100
AcDbEntity
  8
DET-TEXTO
100
AcDbLine
 10
7.087585824264973
 20
3.917321313492243
 30
0.0
 11
7.087585824264973
 21
1.125229490471587
 31
0.0
  0
TEXT
  5
BC1
330
1F
100
AcDbEntity
  8
DET-TEXTO
100
AcDbText
 10
7.282306635994123
 20
2.919201190765283
 30
0.0
 40
0.256
  1
(cm)
  7
Estructura
 72
     1
 11
7.696327030283722
 21
2.919201190765283
 31
0.0
100
AcDbText
  0
TEXT
  5
BC2
330
1F
100
AcDbEntity
  8
DET-TEXTO
100
AcDbText
 10
7.52708970223203
 20
3.350863647811797
 30
0.0
 40
0.256
  1
A
  7
Estructura
 72
     1
 11
7.658918390199399
 21
3.350863647811797
 31
0.0
100
AcDbText
  0
TEXT
  5
BC3
330
1F
100
AcDbEntity
  8
DET-TEXTO
100
AcDbText
 10
7.441318199352945
 20
1.660274680980341
 30
0.0
 40
0.256
  1
70
  7
Estructura
 72
     1
 11
7.638843692214944
 21
1.660274680980341
 31
0.0
100
AcDbText
  0
LINE
  5
BC4
330
1F
100
AcDbEntity
  8
DET-TEXTO
100
AcDbLine
 10
8.293410954090798
 20
3.917321313492243
 30
0.0
 11
8.293410954090798
 21
1.125229490471587
 31
0.0
  0
TEXT
  5
BC5
330
1F
100
AcDbEntity
  8
DET-TEXTO
100
AcDbText
 10
8.488131765820403
 20
2.919201190765283
 30
0.0
 40
0.256
  1
(cm)
  7
Estructura
 72
     1
 11
8.902152160110002
 21
2.919201190765283
 31
0.0
100
AcDbText
  0
TEXT
  5
BC6
330
1F
100
AcDbEntity
  8
DET-TEXTO
100
AcDbText
 10
8.733088863329101
 20
3.350863647811797
 30
0.0
 40
0.256
  1
L 
  7
Estructura
 72
     1
 11
8.864743520025225
 21
3.350863647811797
 31
0.0
100
AcDbText
  0
TEXT
  5
BC7
330
1F
100
AcDbEntity
  8
DET-TEXTO
100
AcDbText
 10
8.548380582747771
 20
1.660274680980341
 30
0.0
 40
0.256
  1
140
  7
Estructura
 72
     1
 11
8.84466882204077
 21
1.660274680980341
 31
0.0
100
AcDbText
  0
LINE
  5
BC8
330
1F
100
AcDbEntity
  8
DET-TEXTO
100
AcDbLine
 10
9.499236083916624
 20
3.917321313492243
 30
0.0
 11
9.499236083916624
 21
1.125229490471587
 31
0.0
  0
TEXT
  5
BC9
330
1F
100
AcDbEntity
  8
DET-TEXTO
100
AcDbText
 10
9.693956895646229
 20
2.919201190765283
 30
0.0
 40
0.256
  1
(cm)
  7
Estructura
 72
     1
 11
10.10797728993583
 21
2.919201190765283
 31
0.0
100
AcDbText
  0
TEXT
  5
BCA
330
1F
100
AcDbEntity
  8
DET-TEXTO
100
AcDbText
 10
9.937956821163993
 20
3.350863647811797
 30
0.0
 40
0.256
  1
D
  7
Estructura
 72
     1
 11
10.07056864985196
 21
3.350863647811797
 31
0.0
100
AcDbText
  0
TEXT
  5
BCB
330
1F
100
AcDbEntity
  8
DET-TEXTO
100
AcDbText
 10
9.704867847175908
 20
1.660274680980341
 30
0.0
 40
0.256
  1
32,5
  7
Estructura
 72
     1
 11
10.05049395186659
 21
1.660274680980341
 31
0.0
100
AcDbText
  0
LINE
  5
BCC
330
1F
100
AcDbEntity
  8
DET-TEXTO
100
AcDbLine
 10
10.70506121374336
 20
3.917321313492243
 30
0.0
 11
10.70506121374336
 21
1.125229490471587
 31
0.0
  0
TEXT
  5
BCD
330
1F
100
AcDbEntity
  8
DET-TEXTO
100
AcDbText
 10
11.11636978123548
 20
3.350106214884339
 30
0.0
 40
0.256
  1
As1
  7
Estructura
 72
     1
 11
11.41613864595336
 21
3.350106214884339
 31
0.0
100
AcDbText
  0
LINE
  5
BCE
330
1F
100
AcDbEntity
  8
DET-TEXTO
100
AcDbLine
 10
12.05063120984431
 20
3.917321313492243
 30
0.0
 11
12.05063120984431
 21
1.125229490471587
 31
0.0
  0
TEXT
  5
BCF
330
1F
100
AcDbEntity
  8
DET-TEXTO
100
AcDbText
 10
10.93631773875936
 20
1.660274680980341
 30
0.0
 40
0.256
  1
4%%C16
  7
Estructura
 72
     1
 11
11.38731977818832
 21
1.660274680980341
 31
0.0
100
AcDbText
  0
LWPOLYLINE
  5
BD0
330
1F
100
AcDbEntity
  8
DET-TEXTO
100
AcDbPolyline
 90
        4
 70
     0
 43
0.0
 10
11.88905076454437
 20
3.072277717293195
 10
11.88905076454437
 20
2.69268417656483
 10
10.88105626462237
 20
2.69268417656483
 10
10.88105626462237
 20
3.072277717293195
  0
TEXT
  5
BD1
330
1F
100
AcDbEntity
  8
DET-TEXTO
100
AcDbText
 10
12.46193977733598
 20
3.350106214884339
 30
0.0
 40
0.256
  1
As2
  7
Estructura
 72
     1
 11
12.76170864205386
 21
3.350106214884339
 31
0.0
100
AcDbText
  0
LINE
  5
BD2
330
1F
100
AcDbEntity
  8
DET-TEXTO
100
AcDbLine
 10
13.39620120594571
 20
3.917321313492243
 30
0.0
 11
13.39620120594571
 21
1.125229490471587
 31
0.0
  0
TEXT
  5
BD3
330
1F
100
AcDbEntity
  8
DET-TEXTO
100
AcDbText
 10
12.28188773486077
 20
1.660274680980341
 30
0.0
 40
0.256
  1
4%%C12
  7
Estructura
 72
     1
 11
12.73288977428973
 21
1.660274680980341
 31
0.0
100
AcDbText
  0
TEXT
  5
BD4
330
1F
100
AcDbEntity
  8
DET-TEXTO
100
AcDbText
 10
13.80750977343738
 20
3.350106214884339
 30
0.0
 40
0.256
  1
As3
  7
Estructura
 72
     1
 11
14.10727863815526
 21
3.350106214884339
 31
0.0
100
AcDbText
  0
LINE
  5
BD5
330
1F
100
AcDbEntity
  8
DET-TEXTO
100
AcDbLine
 10
14.74177120204666
 20
3.917321313492243
 30
0.0
 11
14.74177120204666
 21
1.125229490471587
 31
0.0
  0
TEXT
  5
BD6
330
1F
100
AcDbEntity
  8
DET-TEXTO
100
AcDbText
 10
13.62745773096126
 20
1.660274680980341
 30
0.0
 40
0.256
  1
4%%C16
  7
Estructura
 72
     1
 11
14.07845977039022
 21
1.660274680980341
 31
0.0
100
AcDbText
  0
LWPOLYLINE
  5
BD7
330
1F
100
AcDbEntity
  8
DET-TEXTO
100
AcDbPolyline
 90
        4
 70
     0
 43
0.0
 10
14.58019075674673
 20
3.072277717293195
 10
14.58019075674673
 20
2.69268417656483
 10
13.57219625682472
 20
2.69268417656483
 10
13.57219625682472
 20
3.072277717293195
  0
TEXT
  5
BD8
330
1F
100
AcDbEntity
  8
DET-TEXTO
100
AcDbText
 10
15.10374190414064
 20
3.350106214884339
 30
0.0
 40
0.256
  1
As4 
  7
Estructura
 72
     1
 11
15.45284863425621
 21
3.350106214884339
 31
0.0
100
AcDbText
  0
LINE
  5
BD9
330
1F
100
AcDbEntity
  8
DET-TEXTO
100
AcDbLine
 10
16.08734119814806
 20
3.917321313492243
 30
0.0
 11
16.08734119814806
 21
1.125229490471587
 31
0.0
  0
TEXT
  5
BDA
330
1F
100
AcDbEntity
  8
DET-TEXTO
100
AcDbText
 10
14.97302772706266
 20
1.660274680980341
 30
0.0
 40
0.256
  1
7%%C16
  7
Estructura
 72
     1
 11
15.42402976649162
 21
1.660274680980341
 31
0.0
100
AcDbText
  0
LWPOLYLINE
  5
BDB
330
1F
100
AcDbEntity
  8
DET-TEXTO
100
AcDbPolyline
 90
        4
 70
     0
 43
0.0
 10
13.23462076064578
 20
2.69268417656483
 10
13.23462076064578
 20
3.072277717293195
 10
12.22662626072332
 20
3.072277717293195
 10
12.22662626072332
 20
2.69268417656483
  0
LWPOLYLINE
  5
BDC
330
1F
100
AcDbEntity
  8
DET-TEXTO TÍTULO
100
AcDbPolyline
 90
        4
 70
     1
 43
0.0
 10
0.0930572255144249
 20
12.57020446987415
 10
37.79194433807623
 20
12.57020446987415
 10
37.79194433807623
 20
0.1577709234202071
 10
0.0930572255144249
 20
0.1577709234202071
  0
LINE
  5
BDD
330
1F
100
AcDbEntity
  8
DET-BORDE ESTRUCTURA
100
AcDbLine
 10
4.454451028621573
 20
9.120387316405844
 30
0.0
 11
4.454451028621573
 21
8.420406550387246
 31
0.0
  0
LINE
  5
BDE
330
1F
100
AcDbEntity
  8
DET-BORDE ESTRUCTURA
100
AcDbLine
 10
3.904451028621391
 20
9.120387316405844
 30
0.0
 11
3.904451028621391
 21
8.420406550387246
 31
0.0
  0
SPLINE
  5
BDF
330
1F
100
AcDbEntity
  8
DET-BORDE ESTRUCTURA
100
AcDbSpline
210
0.0
220
0.0
230
1.0
 70
     8
 71
     3
 72
    12
 73
     8
 74
     0
 42
0.000000001
 43
0.0000000001
 40
2.830196849179315
 40
2.830196849179315
 40
2.830196849179315
 40
2.830196849179315
 40
3.499536708348877
 40
4.340058987027271
 40
4.961362047448626
 40
5.239504918467535
 40
5.453044804461241
 40
5.453044804461241
 40
5.453044804461241
 40
5.453044804461241
 10
4.671572623419418
 20
5.676133403353082
 30
0.0
 10
4.684892998353173
 20
5.899006003539374
 30
0.0
 10
4.743954857300817
 20
6.402088246671132
 30
0.0
 10
4.603486677312215
 20
7.111537119742456
 30
0.0
 10
4.710636351758406
 20
7.687657782922292
 30
0.0
 10
4.710982051299364
 20
8.059421033080047
 30
0.0
 10
4.69554020984577
 20
8.222636790795808
 30
0.0
 10
4.688833753260663
 20
8.293522079730314
 30
0.0
  0
SPLINE
  5
BE0
330
1F
100
AcDbEntity
  8
DET-BORDE ESTRUCTURA
100
AcDbSpline
210
0.0
220
0.0
230
1.0
 70
     8
 71
     3
 72
    10
 73
     6
 74
     0
 42
0.000000001
 43
0.0000000001
 40
2.824712694087337
 40
2.824712694087337
 40
2.824712694087337
 40
2.824712694087337
 40
3.699666361755645
 40
4.827652403109656
 40
5.446041529277378
 40
5.446041529277378
 40
5.446041529277378
 40
5.446041529277378
 10
3.69485804661161
 20
5.676133403352855
 30
0.0
 10
3.710287565419715
 20
5.967746210683094
 30
0.0
 10
3.73466572631349
 20
6.635023830900967
 30
0.0
 10
3.6034167224804
 20
7.506005759503045
 30
0.0
 10
3.647493687746813
 20
8.087585475220725
 30
0.0
 10
3.663101282576629
 20
8.293522079730314
 30
0.0
  0
LINE
  5
BE1
330
1F
100
AcDbEntity
  8
FINO
100
AcDbLine
 10
3.536044715678766
 20
5.676133403353082
 30
0.0
 11
4.822857341563743
 21
5.676133403353082
 31
0.0
  0
LINE
  5
BE2
330
1F
100
AcDbEntity
  8
DET-BORDE ESTRUCTURA
100
AcDbLine
 10
3.84971933448531
 20
9.120387316405844
 30
0.0
 11
4.087156719547405
 21
9.120387316405844
 31
0.0
  0
LINE
  5
BE3
330
1F
100
AcDbEntity
  8
DET-BORDE ESTRUCTURA
100
AcDbLine
 10
4.259025155554521
 20
9.120387316405844
 30
0.0
 11
4.532152348988059
 21
9.120387316405844
 31
0.0
  0
LWPOLYLINE
  5
BE4
330
1F
100
AcDbEntity
  8
DET-BORDE ESTRUCTURA
100
AcDbPolyline
 90
        4
 70
     1
 43
0.0
 10
3.550065414488638
 20
8.370406550387519
 10
4.800065414488638
 20
8.370406550387519
 10
4.800065414488638
 20
8.420406550387246
 10
3.550065414488638
 20
8.420406550387246
  0
LINE
  5
BE5
330
1F
100
AcDbEntity
  8
DET-BORDE ESTRUCTURA
100
AcDbLine
 10
3.900065414488093
 20
8.720387316406208
 30
0.0
 11
3.550065414488638
 21
8.420406550387246
 31
0.0
  0
LINE
  5
BE6
330
1F
100
AcDbEntity
  8
DET-BORDE ESTRUCTURA
100
AcDbLine
 10
4.450065414488275
 20
8.720387316406208
 30
0.0
 11
4.800065414488638
 21
8.420406550387246
 31
0.0
  0
LINE
  5
BE7
330
1F
100
AcDbEntity
  8
DET-BORDE ESTRUCTURA
100
AcDbLine
 10
7.704451028621118
 20
9.120387316405844
 30
0.0
 11
7.704451028621118
 21
8.420406550387246
 31
0.0
  0
LINE
  5
BE8
330
1F
100
AcDbEntity
  8
DET-BORDE ESTRUCTURA
100
AcDbLine
 10
7.154451028621391
 20
9.120387316405844
 30
0.0
 11
7.154451028621391
 21
8.420406550387246
 31
0.0
  0
SPLINE
  5
BE9
330
1F
100
AcDbEntity
  8
DET-BORDE ESTRUCTURA
100
AcDbSpline
210
0.0
220
0.0
230
1.0
 70
     8
 71
     3
 72
    12
 73
     8
 74
     0
 42
0.000000001
 43
0.0000000001
 40
2.830196849179361
 40
2.830196849179361
 40
2.830196849179361
 40
2.830196849179361
 40
3.499536708348975
 40
4.34005898702737
 40
4.961362047448725
 40
5.239504918467632
 40
5.453044804461303
 40
5.453044804461303
 40
5.453044804461303
 40
5.453044804461303
 10
7.921572623419418
 20
5.676133403352855
 30
0.0
 10
7.934892998353173
 20
5.899006003539374
 30
0.0
 10
7.993954857300817
 20
6.402088246671132
 30
0.0
 10
7.85348667731176
 20
7.111537119742456
 30
0.0
 10
7.960636351758861
 20
7.687657782922292
 30
0.0
 10
7.960982051298454
 20
8.059421033080047
 30
0.0
 10
7.945540209845315
 20
8.222636790795808
 30
0.0
 10
7.938833753260663
 20
8.293522079730314
 30
0.0
  0
SPLINE
  5
BEA
330
1F
100
AcDbEntity
  8
DET-BORDE ESTRUCTURA
100
AcDbSpline
210
0.0
220
0.0
230
1.0
 70
     8
 71
     3
 72
    10
 73
     6
 74
     0
 42
0.000000001
 43
0.0000000001
 40
2.824712694087532
 40
2.824712694087532
 40
2.824712694087532
 40
2.824712694087532
 40
3.699666361755753
 40
4.827652403109826
 40
5.44604152927757
 40
5.44604152927757
 40
5.44604152927757
 40
5.44604152927757
 10
6.944858046612065
 20
5.676133403353082
 30
0.0
 10
6.960287565420625
 20
5.967746210683321
 30
0.0
 10
6.9846657263144
 20
6.635023830900967
 30
0.0
 10
6.85341672247949
 20
7.506005759503272
 30
0.0
 10
6.897493687746813
 20
8.087585475220725
 30
0.0
 10
6.913101282576629
 20
8.293522079730314
 30
0.0
  0
LINE
  5
BEB
330
1F
100
AcDbEntity
  8
FINO
100
AcDbLine
 10
6.786044715679221
 20
5.676133403353082
 30
0.0
 11
8.072857341563288
 21
5.676133403353082
 31
0.0
  0
LWPOLYLINE
  5
BEC
330
1F
100
AcDbEntity
  8
DET-BORDE ESTRUCTURA
100
AcDbPolyline
 90
        4
 70
     1
 43
0.0
 10
6.800065414488638
 20
8.370406550387519
 10
8.050065414488638
 20
8.370406550387519
 10
8.050065414488638
 20
8.420406550387246
 10
6.800065414488638
 20
8.420406550387246
  0
LINE
  5
BED
330
1F
100
AcDbEntity
  8
DET-BORDE ESTRUCTURA
100
AcDbLine
 10
7.154451028621391
 20
8.720387316406208
 30
0.0
 11
6.800065414488638
 21
8.420406550387246
 31
0.0
  0
LINE
  5
BEE
330
1F
100
AcDbEntity
  8
DET-BORDE ESTRUCTURA
100
AcDbLine
 10
7.704451028621118
 20
8.720387316406208
 30
0.0
 11
8.050065414488638
 21
8.420406550387246
 31
0.0
  0
LINE
  5
BEF
330
1F
100
AcDbEntity
  8
0-CYPE4
100
AcDbLine
 10
9.059968921393814
 20
8.486668749381328
 30
0.0
 11
2.548933135848695
 21
8.486668749381328
 31
0.0
  0
ARC
  5
BF0
330
1F
100
AcDbEntity
  8
0-CYPE4
100
AcDbCircle
 10
2.548933135848695
 20
8.673158613380996
 30
0.0
 40
0.1864898640000027
100
AcDbArc
 50
180.0
 51
270.0
  0
LINE
  5
BF1
330
1F
100
AcDbEntity
  8
0-CYPE4
100
AcDbLine
 10
2.362443271850391
 20
10.36573581140303
 30
0.0
 11
2.362443271848572
 21
8.673158613380996
 31
0.0
  0
LINE
  5
BF2
330
1F
100
AcDbEntity
  8
DET-BORDE ESTRUCTURA
100
AcDbLine
 10
2.179451028621482
 20
8.293522079730768
 30
0.0
 11
9.429451028621482
 21
8.293522079730768
 31
0.0
  0
LINE
  5
BF3
330
1F
100
AcDbEntity
  8
DET-BORDE ESTRUCTURA
100
AcDbLine
 10
9.429451028621482
 20
8.293522079730768
 30
0.0
 11
9.429451028621482
 21
11.29352207973077
 31
0.0
  0
LINE
  5
BF4
102
{ACAD_REACTORS
330
C2D
102
}
330
1F
100
AcDbEntity
  8
DET-BORDE ESTRUCTURA
100
AcDbLine
 10
2.179451028621482
 20
11.29352207973077
 30
0.0
 11
2.179451028621482
 21
8.293522079730768
 31
0.0
  0
LINE
  5
BF5
330
1F
100
AcDbEntity
  8
DET-BORDE ESTRUCTURA
100
AcDbLine
 10
3.663101282577084
 20
8.293522079730768
 30
0.0
 11
3.904451028621391
 21
8.293522079730768
 31
0.0
  0
LINE
  5
BF6
330
1F
100
AcDbEntity
  8
DET-BORDE ESTRUCTURA
100
AcDbLine
 10
4.688833753260663
 20
8.293522079730768
 30
0.0
 11
4.454451028621573
 21
8.293522079730768
 31
0.0
  0
LINE
  5
BF7
330
1F
100
AcDbEntity
  8
DET-BORDE ESTRUCTURA
100
AcDbLine
 10
6.913101282576629
 20
8.293522079730768
 30
0.0
 11
7.154451028621391
 21
8.293522079730768
 31
0.0
  0
LINE
  5
BF8
330
1F
100
AcDbEntity
  8
DET-BORDE ESTRUCTURA
100
AcDbLine
 10
7.938833753260663
 20
8.293522079730768
 30
0.0
 11
7.704451028621118
 21
8.293522079730768
 31
0.0
  0
LINE
  5
BF9
330
1F
100
AcDbEntity
  8
DET-BORDE ESTRUCTURA
100
AcDbLine
 10
3.904451028621391
 20
8.543541313711989
 30
0.0
 11
3.904451028621391
 21
5.676133403353082
 31
0.0
  0
LINE
  5
BFA
330
1F
100
AcDbEntity
  8
DET-BORDE ESTRUCTURA
100
AcDbLine
 10
4.454451028621573
 20
8.543541313711989
 30
0.0
 11
4.454451028621573
 21
5.676133403353082
 31
0.0
  0
LINE
  5
BFB
330
1F
100
AcDbEntity
  8
DET-BORDE ESTRUCTURA
100
AcDbLine
 10
7.154451028621391
 20
8.543541313711989
 30
0.0
 11
7.154451028621391
 21
5.676133403353082
 31
0.0
  0
LINE
  5
BFC
330
1F
100
AcDbEntity
  8
DET-BORDE ESTRUCTURA
100
AcDbLine
 10
7.704451028621118
 20
8.543541313711989
 30
0.0
 11
7.704451028621118
 21
5.676133403353082
 31
0.0
  0
LINE
  5
BFD
330
1F
100
AcDbEntity
  8
0-CYPE4
100
AcDbLine
 10
9.007451904791363
 20
11.14941417344923
 30
0.0
 11
2.621668116854092
 21
11.14941417344923
 31
0.0
  0
ARC
  5
BFE
330
1F
100
AcDbEntity
  8
0-CYPE4
100
AcDbCircle
 10
2.621668116854092
 20
10.96292430944911
 30
0.0
 40
0.1864898640000027
100
AcDbArc
 50
90.0
 51
180.0
  0
LINE
  5
BFF
330
1F
100
AcDbEntity
  8
0-CYPE4
100
AcDbLine
 10
2.435178252855333
 20
9.01870439686761
 30
0.0
 11
2.435178252855333
 21
10.96292430944911
 31
0.0
  0
LINE
  5
C00
330
1F
100
AcDbEntity
  8
DET-BORDE ESTRUCTURA
100
AcDbLine
 10
9.429451028621482
 20
11.29352207973077
 30
0.0
 11
2.179451028621482
 21
11.29352207973077
 31
0.0
  0
SOLID
  5
C01
330
1F
100
AcDbEntity
  8
FINO
100
AcDbTrace
 10
3.187105605361178
 20
8.293522079730768
 30
0.0
 11
3.05210560536096
 21
8.293522079730768
 31
0.0
 12
3.119605605361069
 22
8.486668749381328
 32
0.0
 13
3.119605605361069
 23
8.486668749381328
 33
0.0
  0
SOLID
  5
C02
330
1F
100
AcDbEntity
  8
FINO
100
AcDbTrace
 10
3.187105605361178
 20
8.293522079730768
 30
0.0
 11
3.05210560536096
 21
8.293522079730768
 31
0.0
 12
3.119605605361069
 22
8.486668749381328
 32
0.0
 13
3.119605605361069
 23
8.486668749381328
 33
0.0
  0
SOLID
  5
C03
330
1F
100
AcDbEntity
  8
FINO
100
AcDbTrace
 10
8.524045526680932
 20
8.293522079730768
 30
0.0
 11
8.389045526681169
 21
8.293522079730768
 31
0.0
 12
8.456545526681278
 22
8.486668749381328
 32
0.0
 13
8.456545526681278
 23
8.486668749381328
 33
0.0
  0
SOLID
  5
C04
330
1F
100
AcDbEntity
  8
FINO
100
AcDbTrace
 10
8.524045526680932
 20
8.293522079730768
 30
0.0
 11
8.389045526681169
 21
8.293522079730768
 31
0.0
 12
8.456545526681278
 22
8.486668749381328
 32
0.0
 13
8.456545526681278
 23
8.486668749381328
 33
0.0
  0
LINE
  5
C05
330
1F
100
AcDbEntity
  8
DET-TEXTO LÍNEA
100
AcDbLine
 10
8.498898372760034
 20
5.876793437218543
 30
0.0
 11
10.56050923360424
 21
5.876793437218543
 31
0.0
  0
LINE
  5
C06
330
1F
100
AcDbEntity
  8
DET-TEXTO LÍNEA
100
AcDbLine
 10
8.498898372760034
 20
5.876793437218543
 30
0.0
 11
7.548475516933816
 21
6.953119917286107
 31
0.0
  0
LINE
  5
C07
330
1F
100
AcDbEntity
  8
DET-TEXTO LÍNEA
100
AcDbLine
 10
8.498898372760034
 20
5.876793437218543
 30
0.0
 11
4.227729396224898
 21
6.627860465607204
 31
0.0
  0
LINE
  5
C08
330
1F
100
AcDbEntity
  8
DET-TEXTO LÍNEA
100
AcDbLine
 10
2.362443271849482
 20
9.291790486885451
 30
0.0
 11
0.7434492429312592
 21
9.29179048688818
 31
0.0
  0
LWPOLYLINE
  5
C09
102
{ACAD_REACTORS
330
C27
330
C2D
102
}
330
1F
100
AcDbEntity
  8
DET-BORDE ESTRUCTURA
100
AcDbPolyline
 90
        4
 70
     1
 43
0.0
 10
9.429451028621482
 20
8.293522079730768
 10
2.179451028621482
 20
8.293522079730768
 10
2.179451028621482
 20
8.043522079731223
 10
9.429451028621482
 20
8.043522079731223
  0
LINE
  5
C0A
330
1F
100
AcDbEntity
  8
DET-TEXTO LÍNEA
100
AcDbLine
 10
10.04060305538922
 20
7.397851231410163
 30
0.0
 11
11.92869800978058
 21
7.397851231410163
 31
0.0
  0
LINE
  5
C0B
330
1F
100
AcDbEntity
  8
DET-TEXTO LÍNEA
100
AcDbLine
 10
10.04060305538922
 20
7.397851231410163
 30
0.0
 11
9.259046098871007
 21
8.13767849376652
 31
0.0
  0
LINE
  5
C0C
330
1F
100
AcDbEntity
  8
0-CYPE4
100
AcDbLine
 10
2.790096092476854
 20
11.18827434685406
 30
0.0
 11
2.790096092476854
 21
8.430570262435344
 31
0.0
  0
ARC
  5
C0D
330
1F
100
AcDbEntity
  8
0-CYPE4
100
AcDbCircle
 10
9.059968921393814
 20
8.673158613380996
 30
0.0
 40
0.1864898640000027
100
AcDbArc
 50
270.0
 51
0.0
  0
LINE
  5
C0E
330
1F
100
AcDbEntity
  8
0-CYPE4
100
AcDbLine
 10
9.246458785392572
 20
10.36573581140303
 30
0.0
 11
9.246458785394391
 21
8.673158613380996
 31
0.0
  0
ARC
  5
C0F
330
1F
100
AcDbEntity
  8
0-CYPE4
100
AcDbCircle
 10
8.987233940387962
 20
10.96292430944911
 30
0.0
 40
0.1864898640000027
100
AcDbArc
 50
0.0
 51
90.0
  0
LINE
  5
C10
330
1F
100
AcDbEntity
  8
0-CYPE4
100
AcDbLine
 10
9.173723804386721
 20
9.01870439686761
 30
0.0
 11
9.17372380438854
 21
10.96292430944911
 31
0.0
  0
LINE
  5
C11
330
1F
100
AcDbEntity
  8
0-CYPE4
100
AcDbLine
 10
3.790096092476854
 20
11.18827434685406
 30
0.0
 11
3.790096092476854
 21
8.430570262435344
 31
0.0
  0
LINE
  5
C12
330
1F
100
AcDbEntity
  8
0-CYPE4
100
AcDbLine
 10
4.790096092476854
 20
11.18827434685406
 30
0.0
 11
4.790096092476854
 21
8.430570262435344
 31
0.0
  0
LINE
  5
C13
330
1F
100
AcDbEntity
  8
0-CYPE4
100
AcDbLine
 10
5.790096092476854
 20
11.18827434685406
 30
0.0
 11
5.790096092476854
 21
8.430570262435344
 31
0.0
  0
LINE
  5
C14
330
1F
100
AcDbEntity
  8
0-CYPE4
100
AcDbLine
 10
6.790096092476854
 20
11.18827434685406
 30
0.0
 11
6.790096092476854
 21
8.430570262435344
 31
0.0
  0
LINE
  5
C15
330
1F
100
AcDbEntity
  8
0-CYPE4
100
AcDbLine
 10
7.790096092476854
 20
11.18827434685406
 30
0.0
 11
7.790096092476854
 21
8.430570262435344
 31
0.0
  0
LINE
  5
C16
330
1F
100
AcDbEntity
  8
0-CYPE4
100
AcDbLine
 10
8.790096092476854
 20
11.18827434685406
 30
0.0
 11
8.790096092476854
 21
8.430570262435344
 31
0.0
  0
LINE
  5
C17
330
1F
100
AcDbEntity
  8
0-CYPE4
100
AcDbLine
 10
2.275582839015154
 20
8.714258411901914
 30
0.0
 11
9.309344773974938
 21
8.714258411901914
 31
0.0
  0
LINE
  5
C18
330
1F
100
AcDbEntity
  8
0-CYPE4
100
AcDbLine
 10
2.275582839015154
 20
9.464258411901914
 30
0.0
 11
9.309344773974938
 21
9.464258411901914
 31
0.0
  0
LINE
  5
C19
330
1F
100
AcDbEntity
  8
0-CYPE4
100
AcDbLine
 10
2.275582839015154
 20
10.21425841190191
 30
0.0
 11
9.309344773974938
 21
10.21425841190191
 31
0.0
  0
LINE
  5
C1A
330
1F
100
AcDbEntity
  8
0-CYPE4
100
AcDbLine
 10
2.275582839015154
 20
10.96425841190146
 30
0.0
 11
9.309344773974938
 21
10.96425841190146
 31
0.0
  0
TEXT
  5
C1B
330
1F
100
AcDbEntity
  8
DET-TEXTO
100
AcDbText
 10
0.7946690080008772
 20
9.376690441540608
 30
0.0
 40
0.2
  1
As1
  7
CENTURY
100
AcDbText
  0
LINE
  5
C1C
330
1F
100
AcDbEntity
  8
DET-TEXTO LÍNEA
100
AcDbLine
 10
2.435178252854878
 20
10.49248124125276
 30
0.0
 11
0.7434492429312592
 21
10.49248124125549
 31
0.0
  0
TEXT
  5
C1D
330
1F
100
AcDbEntity
  8
DET-TEXTO
100
AcDbText
 10
0.7946690080008772
 20
10.57738119590792
 30
0.0
 40
0.2
  1
As2
  7
CENTURY
100
AcDbText
  0
LINE
  5
C1E
330
1F
100
AcDbEntity
  8
DET-TEXTO LÍNEA
100
AcDbLine
 10
4.435061691497761
 20
11.79020463116555
 30
0.0
 11
5.17907241748588
 21
11.79020463116555
 31
0.0
  0
TEXT
  5
C1F
330
1F
100
AcDbEntity
  8
DET-TEXTO
100
AcDbText
 10
4.696243333097921
 20
11.89715831772444
 30
0.0
 40
0.2
  1
As4
  7
CENTURY
100
AcDbText
  0
LINE
  5
C20
330
1F
100
AcDbEntity
  8
DET-TEXTO LÍNEA
100
AcDbLine
 10
6.307449693862221
 20
11.79020463116555
 30
0.0
 11
7.212530679152845
 21
11.79020463116555
 31
0.0
  0
TEXT
  5
C21
330
1F
100
AcDbEntity
  8
DET-TEXTO
100
AcDbText
 10
6.648820863781732
 20
11.89715831772444
 30
0.0
 40
0.2
  1
As3
  7
CENTURY
100
AcDbText
  0
LINE
  5
C22
330
1F
100
AcDbEntity
  8
DET-TEXTO LÍNEA
100
AcDbLine
 10
6.307449693862221
 20
11.79020463116555
 30
0.0
 11
6.307449693862221
 21
10.21425841190191
 31
0.0
  0
LINE
  5
C23
330
1F
100
AcDbEntity
  8
DET-TEXTO LÍNEA
100
AcDbLine
 10
4.435061691497761
 20
11.79020463116555
 30
0.0
 11
3.790096092476854
 21
9.778836897173709
 31
0.0
  0
DIMENSION
  5
C24
330
1F
100
AcDbEntity
  8
DET-COTAS
100
AcDbDimension
280
     0
  2
*D62
 10
9.429451028621482
 20
6.814355882568838
 30
0.0
 11
5.802623115227955
 21
7.014355882568837
 31
0.0
 70
    33
  1
L
 71
     5
 42
362.6827913393527
 73
     0
 74
     0
 75
     0
  3
1 50
100
AcDbAlignedDimension
 13
2.175795201834429
 23
7.34278442210118
 33
0.0
 14
9.429451028621482
 24
7.34278442210118
 34
0.0
1001
ACAD_DSTYLE_DIMJOGGED_JOGANGLE_SYMBOL
1070
   384
1040
1.570796326794896
  0
DIMENSION
  5
C25
102
{ACAD_XDICTIONARY
360
C26
102
}
102
{ACAD_REACTORS
330
C27
102
}
330
1F
100
AcDbEntity
  8
DET-COTAS
100
AcDbDimension
280
     0
  2
*D63
 10
4.179451028621027
 20
7.442784422101317
 30
0.0
 11
3.179451028621254
 21
7.642784422101316
 31
0.0
 70
    32
  1
D
 71
     5
 42
99.99999999997726
 73
     0
 74
     0
 75
     0
  3
1 50
100
AcDbAlignedDimension
 13
2.179451028621482
 23
8.043522079731223
 33
0.0
 14
4.179451028621027
 24
8.043522079731223
 34
0.0
 50
0.0
100
AcDbRotatedDimension
1001
ACAD_DSTYLE_DIMJOGGED_JOGANGLE_SYMBOL
1070
   384
1040
1.570796326794896
  0
DIMENSION
  5
C28
330
1F
100
AcDbEntity
  8
DET-COTAS
100
AcDbDimension
280
     0
  2
*D64
 10
9.429451028621482
 20
7.442784422101317
 30
0.0
 11
8.429451028621709
 21
7.642784422101316
 31
0.0
 70
    32
  1
D
 71
     5
 42
99.99999999997726
 73
     0
 74
     0
 75
     0
  3
1 50
100
AcDbAlignedDimension
 13
7.429451028621937
 23
8.043522079731223
 33
0.0
 14
9.429451028621482
 24
8.043522079731223
 34
0.0
 50
0.0
100
AcDbRotatedDimension
1001
ACAD_DSTYLE_DIMJOGGED_JOGANGLE_SYMBOL
1070
   384
1040
1.570796326794896
  0
MTEXT
  5
C29
330
1F
100
AcDbEntity
  8
DET-TEXTO
100
AcDbMText
 10
10.13223742238841
 20
7.68660049286243
 30
0.0
 40
0.2
 41
9.018641700436546
 46
0.0
 71
     1
 72
     5
  1
Hormigón de\Plimpieza
  7
CENTURY
 73
     1
 44
1.0
101
Embedded Object
 70
     1
 10
1.0
 20
0.0
 30
0.0
 11
10.13223742238841
 21
7.68660049286243
 31
0.0
 40
9.018641700436546
 41
0.0
 42
1.72318150917743
 43
0.6135508724223885
 71
     2
 72
     1
 44
9.018641700436546
 45
12.5
 73
     0
 74
     0
 46
-0.6135508724223885
1001
ACAD
1000
MTEXTBEGIN
1070
    73
1070
     1
1070
    44
1040
1.0
1070
    74
1070
     0
1000
MTEXTEND
  0
MTEXT
  5
C2A
330
1F
100
AcDbEntity
  8
DET-TEXTO
100
AcDbMText
 10
8.812937036320075
 20
6.16554269867081
 30
0.0
 40
0.2
 41
2.245433495508677
 46
0.0
 71
     1
 72
     5
  1
Micropilotes según plano
  7
CENTURY
 73
     1
 44
1.0
101
Embedded Object
 70
     1
 10
1.0
 20
0.0
 30
0.0
 11
8.812937036320075
 21
6.16554269867081
 31
0.0
 40
2.245433495508677
 41
0.0
 42
1.659415363698164
 43
0.6173578064808521
 71
     2
 72
     1
 44
2.245433495508677
 45
12.5
 73
     0
 74
     0
 46
-0.6173578064808521
1001
ACAD
1000
MTEXTBEGIN
1070
    73
1070
     1
1070
    44
1040
1.0
1070
    74
1070
     0
1000
MTEXTEND
  0
DIMENSION
  5
C2B
102
{ACAD_XDICTIONARY
360
C2C
102
}
102
{ACAD_REACTORS
330
C2D
102
}
330
1F
100
AcDbEntity
  8
DET-COTAS
100
AcDbDimension
280
     0
  2
*D65
 10
1.726036948140684
 20
8.293522079730768
 30
0.0
 11
1.526036948140685
 21
9.793522079730768
 31
0.0
 70
    32
  1
H
 71
     5
 42
150.0
 73
     0
 74
     0
 75
     0
  3
1 50
100
AcDbAlignedDimension
 13
2.179451028621482
 23
11.29352207973077
 33
0.0
 14
2.179451028621482
 24
8.293522079730768
 34
0.0
 50
90.0
100
AcDbRotatedDimension
1001
ACAD_DSTYLE_DIMJOGGED_JOGANGLE_SYMBOL
1070
   384
1040
1.570796326794896
  0
DIMENSION
  5
C2E
330
1F
100
AcDbEntity
  8
FINO
100
AcDbDimension
280
     0
  2
*D66
 10
1.726036948142503
 20
8.043522079731223
 30
0.0
 11
1.571006356708106
 21
8.168522079730996
 31
0.0
 70
    32
  1
10
 71
     5
 42
24.99999999995452
 73
     0
 74
     0
 75
     0
  3
cotas formato 1.100
100
AcDbAlignedDimension
 13
2.179451028621482
 23
8.293522079730768
 33
0.0
 14
2.179451028621482
 24
8.043522079731223
 34
0.0
 50
90.0
100
AcDbRotatedDimension
1001
ACAD_DSTYLE_DIMJOGGED_JOGANGLE_SYMBOL
1070
   384
1040
1.570796326794896
  0
DIMENSION
  5
C2F
330
1F
100
AcDbEntity
  8
FINO
100
AcDbDimension
280
     0
  2
*D67
 10
10.18117610068827
 20
9.120387316405844
 30
0.0
 11
10.02866080497107
 21
10.2069546980683
 31
0.0
 70
    32
  1
H-15
 71
     5
 42
217.3134763324924
 73
     0
 74
     0
 75
     0
  3
cotas formato 1.100
100
AcDbAlignedDimension
 13
9.429451028621482
 23
11.29352207973077
 33
0.0
 14
9.429451028621482
 24
9.120387316405844
 34
0.0
 50
90.0
100
AcDbRotatedDimension
1001
ACAD_DSTYLE_DIMJOGGED_JOGANGLE_SYMBOL
1070
   384
1040
1.570796326794896
  0
LINE
  5
C30
330
1F
100
AcDbEntity
  8
DET-BORDE ESTRUCTURA
100
AcDbLine
 10
4.087156719547405
 20
9.120387316405844
 30
0.0
 11
4.133752869335406
 21
9.204577359753079
 31
0.0
  0
LINE
  5
C31
330
1F
100
AcDbEntity
  8
DET-BORDE ESTRUCTURA
100
AcDbLine
 10
4.133752869335406
 20
9.204577359753079
 30
0.0
 11
4.222282367528062
 21
9.043665436276773
 31
0.0
  0
LINE
  5
C32
330
1F
100
AcDbEntity
  8
DET-BORDE ESTRUCTURA
100
AcDbLine
 10
4.222282367528062
 20
9.043665436276773
 30
0.0
 11
4.259025155554521
 21
9.120387316405844
 31
0.0
  0
LINE
  5
C33
330
1F
100
AcDbEntity
  8
DET-BORDE ESTRUCTURA
100
AcDbLine
 10
7.09971933448531
 20
9.120387316405844
 30
0.0
 11
7.337156719547405
 21
9.120387316405844
 31
0.0
  0
LINE
  5
C34
330
1F
100
AcDbEntity
  8
DET-BORDE ESTRUCTURA
100
AcDbLine
 10
7.509025155554521
 20
9.120387316405844
 30
0.0
 11
7.782152348988059
 21
9.120387316405844
 31
0.0
  0
LINE
  5
C35
330
1F
100
AcDbEntity
  8
DET-BORDE ESTRUCTURA
100
AcDbLine
 10
7.337156719547405
 20
9.120387316405844
 30
0.0
 11
7.383752869335406
 21
9.204577359753079
 31
0.0
  0
LINE
  5
C36
330
1F
100
AcDbEntity
  8
DET-BORDE ESTRUCTURA
100
AcDbLine
 10
7.383752869335406
 20
9.204577359753079
 30
0.0
 11
7.472282367528062
 21
9.043665436276773
 31
0.0
  0
LINE
  5
C37
330
1F
100
AcDbEntity
  8
DET-BORDE ESTRUCTURA
100
AcDbLine
 10
7.472282367528062
 20
9.043665436276773
 30
0.0
 11
7.509025155554521
 21
9.120387316405844
 31
0.0
  0
LINE
  5
C38
330
1F
100
AcDbEntity
  8
DET-BORDE ESTRUCTURA
100
AcDbLine
 10
15.54614656035954
 20
9.120387316405844
 30
0.0
 11
15.54614656035954
 21
8.420406550387246
 31
0.0
  0
LINE
  5
C39
330
1F
100
AcDbEntity
  8
DET-BORDE ESTRUCTURA
100
AcDbLine
 10
14.99614656035936
 20
9.120387316405844
 30
0.0
 11
14.99614656035936
 21
8.420406550387246
 31
0.0
  0
SPLINE
  5
C3A
330
1F
100
AcDbEntity
  8
DET-BORDE ESTRUCTURA
100
AcDbSpline
210
0.0
220
0.0
230
1.0
 70
     8
 71
     3
 72
    12
 73
     8
 74
     0
 42
0.000000001
 43
0.0000000001
 40
2.830196849179315
 40
2.830196849179315
 40
2.830196849179315
 40
2.830196849179315
 40
3.499536708348877
 40
4.340058987027271
 40
4.961362047448626
 40
5.239504918467535
 40
5.453044804461241
 40
5.453044804461241
 40
5.453044804461241
 40
5.453044804461241
 10
15.76326815515739
 20
5.676133403353082
 30
0.0
 10
15.77658853009114
 20
5.899006003539374
 30
0.0
 10
15.83565038903878
 20
6.402088246671132
 30
0.0
 10
15.69518220905018
 20
7.111537119742456
 30
0.0
 10
15.80233188349637
 20
7.687657782922292
 30
0.0
 10
15.80267758303733
 20
8.059421033080047
 30
0.0
 10
15.78723574158374
 20
8.222636790795808
 30
0.0
 10
15.78052928499863
 20
8.293522079730314
 30
0.0
  0
SPLINE
  5
C3B
330
1F
100
AcDbEntity
  8
DET-BORDE ESTRUCTURA
100
AcDbSpline
210
0.0
220
0.0
230
1.0
 70
     8
 71
     3
 72
    10
 73
     6
 74
     0
 42
0.000000001
 43
0.0000000001
 40
2.824712694087337
 40
2.824712694087337
 40
2.824712694087337
 40
2.824712694087337
 40
3.699666361755645
 40
4.827652403109656
 40
5.446041529277378
 40
5.446041529277378
 40
5.446041529277378
 40
5.446041529277378
 10
14.78655357834958
 20
5.676133403352855
 30
0.0
 10
14.80198309715768
 20
5.967746210683094
 30
0.0
 10
14.82636125805146
 20
6.635023830900967
 30
0.0
 10
14.69511225421837
 20
7.506005759503045
 30
0.0
 10
14.73918921948478
 20
8.087585475220725
 30
0.0
 10
14.7547968143146
 20
8.293522079730314
 30
0.0
  0
LINE
  5
C3C
330
1F
100
AcDbEntity
  8
FINO
100
AcDbLine
 10
14.62774024741673
 20
5.676133403353082
 30
0.0
 11
15.91455287330171
 21
5.676133403353082
 31
0.0
  0
LINE
  5
C3D
330
1F
100
AcDbEntity
  8
DET-BORDE ESTRUCTURA
100
AcDbLine
 10
14.94141486622328
 20
9.120387316405844
 30
0.0
 11
15.17885225128537
 21
9.120387316405844
 31
0.0
  0
LINE
  5
C3E
330
1F
100
AcDbEntity
  8
DET-BORDE ESTRUCTURA
100
AcDbLine
 10
15.35072068729249
 20
9.120387316405844
 30
0.0
 11
15.62384788072603
 21
9.120387316405844
 31
0.0
  0
LWPOLYLINE
  5
C3F
330
1F
100
AcDbEntity
  8
DET-BORDE ESTRUCTURA
100
AcDbPolyline
 90
        4
 70
     1
 43
0.0
 10
14.64176094622661
 20
8.370406550387519
 10
15.89176094622661
 20
8.370406550387519
 10
15.89176094622661
 20
8.420406550387246
 10
14.64176094622661
 20
8.420406550387246
  0
LINE
  5
C40
330
1F
100
AcDbEntity
  8
DET-BORDE ESTRUCTURA
100
AcDbLine
 10
14.99176094622606
 20
8.720387316406208
 30
0.0
 11
14.64176094622661
 21
8.420406550387246
 31
0.0
  0
LINE
  5
C41
330
1F
100
AcDbEntity
  8
DET-BORDE ESTRUCTURA
100
AcDbLine
 10
15.54176094622624
 20
8.720387316406208
 30
0.0
 11
15.89176094622661
 21
8.420406550387246
 31
0.0
  0
LINE
  5
C42
330
1F
100
AcDbEntity
  8
DET-BORDE ESTRUCTURA
100
AcDbLine
 10
18.79614656035909
 20
9.120387316405844
 30
0.0
 11
18.79614656035909
 21
8.420406550387246
 31
0.0
  0
LINE
  5
C43
330
1F
100
AcDbEntity
  8
DET-BORDE ESTRUCTURA
100
AcDbLine
 10
18.24614656035936
 20
9.120387316405844
 30
0.0
 11
18.24614656035936
 21
8.420406550387246
 31
0.0
  0
SPLINE
  5
C44
330
1F
100
AcDbEntity
  8
DET-BORDE ESTRUCTURA
100
AcDbSpline
210
0.0
220
0.0
230
1.0
 70
     8
 71
     3
 72
    12
 73
     8
 74
     0
 42
0.000000001
 43
0.0000000001
 40
2.830196849179361
 40
2.830196849179361
 40
2.830196849179361
 40
2.830196849179361
 40
3.499536708348975
 40
4.34005898702737
 40
4.961362047448725
 40
5.239504918467632
 40
5.453044804461303
 40
5.453044804461303
 40
5.453044804461303
 40
5.453044804461303
 10
19.01326815515739
 20
5.676133403352855
 30
0.0
 10
19.02658853009114
 20
5.899006003539374
 30
0.0
 10
19.08565038903878
 20
6.402088246671132
 30
0.0
 10
18.94518220904973
 20
7.111537119742456
 30
0.0
 10
19.05233188349683
 20
7.687657782922292
 30
0.0
 10
19.05267758303642
 20
8.059421033080047
 30
0.0
 10
19.03723574158328
 20
8.222636790795808
 30
0.0
 10
19.03052928499863
 20
8.293522079730314
 30
0.0
  0
SPLINE
  5
C45
330
1F
100
AcDbEntity
  8
DET-BORDE ESTRUCTURA
100
AcDbSpline
210
0.0
220
0.0
230
1.0
 70
     8
 71
     3
 72
    10
 73
     6
 74
     0
 42
0.000000001
 43
0.0000000001
 40
2.824712694087532
 40
2.824712694087532
 40
2.824712694087532
 40
2.824712694087532
 40
3.699666361755753
 40
4.827652403109826
 40
5.44604152927757
 40
5.44604152927757
 40
5.44604152927757
 40
5.44604152927757
 10
18.03655357835003
 20
5.676133403353082
 30
0.0
 10
18.05198309715859
 20
5.967746210683321
 30
0.0
 10
18.07636125805237
 20
6.635023830900967
 30
0.0
 10
17.94511225421746
 20
7.506005759503272
 30
0.0
 10
17.98918921948478
 20
8.087585475220725
 30
0.0
 10
18.0047968143146
 20
8.293522079730314
 30
0.0
  0
LINE
  5
C46
330
1F
100
AcDbEntity
  8
FINO
100
AcDbLine
 10
17.87774024741719
 20
5.676133403353082
 30
0.0
 11
19.16455287330126
 21
5.676133403353082
 31
0.0
  0
LWPOLYLINE
  5
C47
330
1F
100
AcDbEntity
  8
DET-BORDE ESTRUCTURA
100
AcDbPolyline
 90
        4
 70
     1
 43
0.0
 10
17.89176094622661
 20
8.370406550387519
 10
19.14176094622661
 20
8.370406550387519
 10
19.14176094622661
 20
8.420406550387246
 10
17.89176094622661
 20
8.420406550387246
  0
LINE
  5
C48
330
1F
100
AcDbEntity
  8
DET-BORDE ESTRUCTURA
100
AcDbLine
 10
18.24614656035936
 20
8.720387316406208
 30
0.0
 11
17.89176094622661
 21
8.420406550387246
 31
0.0
  0
LINE
  5
C49
330
1F
100
AcDbEntity
  8
DET-BORDE ESTRUCTURA
100
AcDbLine
 10
18.79614656035909
 20
8.720387316406208
 30
0.0
 11
19.14176094622661
 21
8.420406550387246
 31
0.0
  0
LINE
  5
C4A
330
1F
100
AcDbEntity
  8
0-CYPE4
100
AcDbLine
 10
20.15166445313179
 20
8.486668749381328
 30
0.0
 11
13.64062866758666
 21
8.486668749381328
 31
0.0
  0
ARC
  5
C4B
330
1F
100
AcDbEntity
  8
0-CYPE4
100
AcDbCircle
 10
13.64062866758666
 20
8.673158613380996
 30
0.0
 40
0.1864898640000027
100
AcDbArc
 50
180.0
 51
270.0
  0
LINE
  5
C4C
330
1F
100
AcDbEntity
  8
0-CYPE4
100
AcDbLine
 10
13.45413880358836
 20
10.36573581140303
 30
0.0
 11
13.45413880358654
 21
8.673158613380996
 31
0.0
  0
LINE
  5
C4D
330
1F
100
AcDbEntity
  8
DET-BORDE ESTRUCTURA
100
AcDbLine
 10
13.27114656035945
 20
8.293522079730768
 30
0.0
 11
20.52114656035945
 21
8.293522079730768
 31
0.0
  0
LINE
  5
C4E
330
1F
100
AcDbEntity
  8
DET-BORDE ESTRUCTURA
100
AcDbLine
 10
20.52114656035945
 20
8.293522079730768
 30
0.0
 11
20.52114656035945
 21
11.29352207973077
 31
0.0
  0
LINE
  5
C4F
102
{ACAD_REACTORS
330
C88
102
}
330
1F
100
AcDbEntity
  8
DET-BORDE ESTRUCTURA
100
AcDbLine
 10
13.27114656035945
 20
11.29352207973077
 30
0.0
 11
13.27114656035945
 21
8.293522079730768
 31
0.0
  0
LINE
  5
C50
330
1F
100
AcDbEntity
  8
DET-BORDE ESTRUCTURA
100
AcDbLine
 10
14.75479681431505
 20
8.293522079730768
 30
0.0
 11
14.99614656035936
 21
8.293522079730768
 31
0.0
  0
LINE
  5
C51
330
1F
100
AcDbEntity
  8
DET-BORDE ESTRUCTURA
100
AcDbLine
 10
15.78052928499863
 20
8.293522079730768
 30
0.0
 11
15.54614656035954
 21
8.293522079730768
 31
0.0
  0
LINE
  5
C52
330
1F
100
AcDbEntity
  8
DET-BORDE ESTRUCTURA
100
AcDbLine
 10
18.0047968143146
 20
8.293522079730768
 30
0.0
 11
18.24614656035936
 21
8.293522079730768
 31
0.0
  0
LINE
  5
C53
330
1F
100
AcDbEntity
  8
DET-BORDE ESTRUCTURA
100
AcDbLine
 10
19.03052928499863
 20
8.293522079730768
 30
0.0
 11
18.79614656035909
 21
8.293522079730768
 31
0.0
  0
LINE
  5
C54
330
1F
100
AcDbEntity
  8
DET-BORDE ESTRUCTURA
100
AcDbLine
 10
14.99614656035936
 20
8.543541313711989
 30
0.0
 11
14.99614656035936
 21
5.676133403353082
 31
0.0
  0
LINE
  5
C55
330
1F
100
AcDbEntity
  8
DET-BORDE ESTRUCTURA
100
AcDbLine
 10
15.54614656035954
 20
8.543541313711989
 30
0.0
 11
15.54614656035954
 21
5.676133403353082
 31
0.0
  0
LINE
  5
C56
330
1F
100
AcDbEntity
  8
DET-BORDE ESTRUCTURA
100
AcDbLine
 10
18.24614656035936
 20
8.543541313711989
 30
0.0
 11
18.24614656035936
 21
5.676133403353082
 31
0.0
  0
LINE
  5
C57
330
1F
100
AcDbEntity
  8
DET-BORDE ESTRUCTURA
100
AcDbLine
 10
18.79614656035909
 20
8.543541313711989
 30
0.0
 11
18.79614656035909
 21
5.676133403353082
 31
0.0
  0
LINE
  5
C58
330
1F
100
AcDbEntity
  8
0-CYPE4
100
AcDbLine
 10
20.09914743652933
 20
11.14941417344923
 30
0.0
 11
13.71336364859206
 21
11.14941417344923
 31
0.0
  0
ARC
  5
C59
330
1F
100
AcDbEntity
  8
0-CYPE4
100
AcDbCircle
 10
13.71336364859206
 20
10.96292430944911
 30
0.0
 40
0.1864898640000027
100
AcDbArc
 50
90.0
 51
180.0
  0
LINE
  5
C5A
330
1F
100
AcDbEntity
  8
0-CYPE4
100
AcDbLine
 10
13.5268737845933
 20
9.01870439686761
 30
0.0
 11
13.5268737845933
 21
10.96292430944911
 31
0.0
  0
LINE
  5
C5B
330
1F
100
AcDbEntity
  8
DET-BORDE ESTRUCTURA
100
AcDbLine
 10
20.52114656035945
 20
11.29352207973077
 30
0.0
 11
13.27114656035945
 21
11.29352207973077
 31
0.0
  0
SOLID
  5
C5C
330
1F
100
AcDbEntity
  8
FINO
100
AcDbTrace
 10
14.27880113709915
 20
8.293522079730768
 30
0.0
 11
14.14380113709893
 21
8.293522079730768
 31
0.0
 12
14.21130113709904
 22
8.486668749381328
 32
0.0
 13
14.21130113709904
 23
8.486668749381328
 33
0.0
  0
SOLID
  5
C5D
330
1F
100
AcDbEntity
  8
FINO
100
AcDbTrace
 10
14.27880113709915
 20
8.293522079730768
 30
0.0
 11
14.14380113709893
 21
8.293522079730768
 31
0.0
 12
14.21130113709904
 22
8.486668749381328
 32
0.0
 13
14.21130113709904
 23
8.486668749381328
 33
0.0
  0
SOLID
  5
C5E
330
1F
100
AcDbEntity
  8
FINO
100
AcDbTrace
 10
19.6157410584189
 20
8.293522079730768
 30
0.0
 11
19.48074105841914
 21
8.293522079730768
 31
0.0
 12
19.54824105841925
 22
8.486668749381328
 32
0.0
 13
19.54824105841925
 23
8.486668749381328
 33
0.0
  0
SOLID
  5
C5F
330
1F
100
AcDbEntity
  8
FINO
100
AcDbTrace
 10
19.6157410584189
 20
8.293522079730768
 30
0.0
 11
19.48074105841914
 21
8.293522079730768
 31
0.0
 12
19.54824105841925
 22
8.486668749381328
 32
0.0
 13
19.54824105841925
 23
8.486668749381328
 33
0.0
  0
LINE
  5
C60
330
1F
100
AcDbEntity
  8
DET-TEXTO LÍNEA
100
AcDbLine
 10
19.590593904498
 20
5.876793437218543
 30
0.0
 11
21.65220476534222
 21
5.876793437218543
 31
0.0
  0
LINE
  5
C61
330
1F
100
AcDbEntity
  8
DET-TEXTO LÍNEA
100
AcDbLine
 10
19.590593904498
 20
5.876793437218543
 30
0.0
 11
18.64017104867178
 21
6.953119917286107
 31
0.0
  0
LINE
  5
C62
330
1F
100
AcDbEntity
  8
DET-TEXTO LÍNEA
100
AcDbLine
 10
19.590593904498
 20
5.876793437218543
 30
0.0
 11
15.31942492796287
 21
6.627860465607204
 31
0.0
  0
LINE
  5
C63
330
1F
100
AcDbEntity
  8
DET-TEXTO LÍNEA
100
AcDbLine
 10
13.45413880358745
 20
9.291790486885451
 30
0.0
 11
11.83514477466923
 21
9.29179048688818
 31
0.0
  0
LWPOLYLINE
  5
C64
102
{ACAD_REACTORS
330
C82
330
C88
102
}
330
1F
100
AcDbEntity
  8
DET-BORDE ESTRUCTURA
100
AcDbPolyline
 90
        4
 70
     1
 43
0.0
 10
20.52114656035945
 20
8.293522079730768
 10
13.27114656035945
 20
8.293522079730768
 10
13.27114656035945
 20
8.043522079731223
 10
20.52114656035945
 20
8.043522079731223
  0
LINE
  5
C65
330
1F
100
AcDbEntity
  8
DET-TEXTO LÍNEA
100
AcDbLine
 10
21.13229858712719
 20
7.397851231410163
 30
0.0
 11
23.02039354151856
 21
7.397851231410163
 31
0.0
  0
LINE
  5
C66
330
1F
100
AcDbEntity
  8
DET-TEXTO LÍNEA
100
AcDbLine
 10
21.13229858712719
 20
7.397851231410163
 30
0.0
 11
20.35074163060897
 21
8.13767849376652
 31
0.0
  0
LINE
  5
C67
330
1F
100
AcDbEntity
  8
0-CYPE4
100
AcDbLine
 10
13.88179162421482
 20
11.18827434685406
 30
0.0
 11
13.88179162421482
 21
8.430570262435344
 31
0.0
  0
ARC
  5
C68
330
1F
100
AcDbEntity
  8
0-CYPE4
100
AcDbCircle
 10
20.15166445313179
 20
8.673158613380996
 30
0.0
 40
0.1864898640000027
100
AcDbArc
 50
270.0
 51
0.0
  0
LINE
  5
C69
330
1F
100
AcDbEntity
  8
0-CYPE4
100
AcDbLine
 10
20.33815431713054
 20
10.36573581140303
 30
0.0
 11
20.33815431713236
 21
8.673158613380996
 31
0.0
  0
ARC
  5
C6A
330
1F
100
AcDbEntity
  8
0-CYPE4
100
AcDbCircle
 10
20.07892947212593
 20
10.96292430944911
 30
0.0
 40
0.1864898640000027
100
AcDbArc
 50
0.0
 51
90.0
  0
LINE
  5
C6B
330
1F
100
AcDbEntity
  8
0-CYPE4
100
AcDbLine
 10
20.26541933612469
 20
9.01870439686761
 30
0.0
 11
20.26541933612651
 21
10.96292430944911
 31
0.0
  0
LINE
  5
C6C
330
1F
100
AcDbEntity
  8
0-CYPE4
100
AcDbLine
 10
14.88179162421482
 20
11.18827434685406
 30
0.0
 11
14.88179162421482
 21
8.430570262435344
 31
0.0
  0
LINE
  5
C6D
330
1F
100
AcDbEntity
  8
0-CYPE4
100
AcDbLine
 10
15.88179162421482
 20
11.18827434685406
 30
0.0
 11
15.88179162421482
 21
8.430570262435344
 31
0.0
  0
LINE
  5
C6E
330
1F
100
AcDbEntity
  8
0-CYPE4
100
AcDbLine
 10
16.88179162421482
 20
11.18827434685406
 30
0.0
 11
16.88179162421482
 21
8.430570262435344
 31
0.0
  0
LINE
  5
C6F
330
1F
100
AcDbEntity
  8
0-CYPE4
100
AcDbLine
 10
17.88179162421482
 20
11.18827434685406
 30
0.0
 11
17.88179162421482
 21
8.430570262435344
 31
0.0
  0
LINE
  5
C70
330
1F
100
AcDbEntity
  8
0-CYPE4
100
AcDbLine
 10
18.88179162421482
 20
11.18827434685406
 30
0.0
 11
18.88179162421482
 21
8.430570262435344
 31
0.0
  0
LINE
  5
C71
330
1F
100
AcDbEntity
  8
0-CYPE4
100
AcDbLine
 10
19.88179162421482
 20
11.18827434685406
 30
0.0
 11
19.88179162421482
 21
8.430570262435344
 31
0.0
  0
LINE
  5
C72
330
1F
100
AcDbEntity
  8
0-CYPE4
100
AcDbLine
 10
13.36727837075312
 20
8.714258411901914
 30
0.0
 11
20.40104030571291
 21
8.714258411901914
 31
0.0
  0
LINE
  5
C73
330
1F
100
AcDbEntity
  8
0-CYPE4
100
AcDbLine
 10
13.36727837075312
 20
9.464258411901914
 30
0.0
 11
20.40104030571291
 21
9.464258411901914
 31
0.0
  0
LINE
  5
C74
330
1F
100
AcDbEntity
  8
0-CYPE4
100
AcDbLine
 10
13.36727837075312
 20
10.21425841190191
 30
0.0
 11
20.40104030571291
 21
10.21425841190191
 31
0.0
  0
LINE
  5
C75
330
1F
100
AcDbEntity
  8
0-CYPE4
100
AcDbLine
 10
13.36727837075312
 20
10.96425841190146
 30
0.0
 11
20.40104030571291
 21
10.96425841190146
 31
0.0
  0
TEXT
  5
C76
330
1F
100
AcDbEntity
  8
DET-TEXTO
100
AcDbText
 10
11.88636453973884
 20
9.376690441540608
 30
0.0
 40
0.2
  1
As1
  7
CENTURY
100
AcDbText
  0
LINE
  5
C77
330
1F
100
AcDbEntity
  8
DET-TEXTO LÍNEA
100
AcDbLine
 10
13.52687378459284
 20
10.49248124125276
 30
0.0
 11
11.83514477466923
 21
10.49248124125549
 31
0.0
  0
TEXT
  5
C78
330
1F
100
AcDbEntity
  8
DET-TEXTO
100
AcDbText
 10
11.88636453973884
 20
10.57738119590792
 30
0.0
 40
0.2
  1
As2
  7
CENTURY
100
AcDbText
  0
LINE
  5
C79
330
1F
100
AcDbEntity
  8
DET-TEXTO LÍNEA
100
AcDbLine
 10
15.52675722323573
 20
11.79020463116555
 30
0.0
 11
16.27076794922385
 21
11.79020463116555
 31
0.0
  0
TEXT
  5
C7A
330
1F
100
AcDbEntity
  8
DET-TEXTO
100
AcDbText
 10
15.78793886483589
 20
11.89715831772444
 30
0.0
 40
0.2
  1
As4
  7
CENTURY
100
AcDbText
  0
LINE
  5
C7B
330
1F
100
AcDbEntity
  8
DET-TEXTO LÍNEA
100
AcDbLine
 10
17.39914522560019
 20
11.79020463116555
 30
0.0
 11
18.30422621089081
 21
11.79020463116555
 31
0.0
  0
TEXT
  5
C7C
330
1F
100
AcDbEntity
  8
DET-TEXTO
100
AcDbText
 10
17.7405163955197
 20
11.89715831772444
 30
0.0
 40
0.2
  1
As3
  7
CENTURY
100
AcDbText
  0
LINE
  5
C7D
330
1F
100
AcDbEntity
  8
DET-TEXTO LÍNEA
100
AcDbLine
 10
17.39914522560019
 20
11.79020463116555
 30
0.0
 11
17.39914522560019
 21
10.21425841190191
 31
0.0
  0
LINE
  5
C7E
330
1F
100
AcDbEntity
  8
DET-TEXTO LÍNEA
100
AcDbLine
 10
15.52675722323573
 20
11.79020463116555
 30
0.0
 11
14.88179162421482
 21
9.778836897173709
 31
0.0
  0
DIMENSION
  5
C7F
330
1F
100
AcDbEntity
  8
DET-COTAS
100
AcDbDimension
280
     0
  2
*D68
 10
20.52114656035945
 20
6.814355882568838
 30
0.0
 11
16.89431864696592
 21
7.014355882568837
 31
0.0
 70
    33
  1
L
 71
     5
 42
362.6827913393527
 73
     0
 74
     0
 75
     0
  3
1 50
100
AcDbAlignedDimension
 13
13.2674907335724
 23
7.34278442210118
 33
0.0
 14
20.52114656035945
 24
7.34278442210118
 34
0.0
1001
ACAD_DSTYLE_DIMJOGGED_JOGANGLE_SYMBOL
1070
   384
1040
1.570796326794896
  0
DIMENSION
  5
C80
102
{ACAD_XDICTIONARY
360
C81
102
}
102
{ACAD_REACTORS
330
C82
102
}
330
1F
100
AcDbEntity
  8
DET-COTAS
100
AcDbDimension
280
     0
  2
*D69
 10
15.27114656035899
 20
7.442784422101317
 30
0.0
 11
14.27114656035922
 21
7.642784422101316
 31
0.0
 70
    32
  1
D
 71
     5
 42
99.99999999997726
 73
     0
 74
     0
 75
     0
  3
1 50
100
AcDbAlignedDimension
 13
13.27114656035945
 23
8.043522079731223
 33
0.0
 14
15.27114656035899
 24
8.043522079731223
 34
0.0
 50
0.0
100
AcDbRotatedDimension
1001
ACAD_DSTYLE_DIMJOGGED_JOGANGLE_SYMBOL
1070
   384
1040
1.570796326794896
  0
DIMENSION
  5
C83
330
1F
100
AcDbEntity
  8
DET-COTAS
100
AcDbDimension
280
     0
  2
*D70
 10
20.52114656035945
 20
7.442784422101317
 30
0.0
 11
19.52114656035968
 21
7.642784422101316
 31
0.0
 70
    32
  1
D
 71
     5
 42
99.99999999997726
 73
     0
 74
     0
 75
     0
  3
1 50
100
AcDbAlignedDimension
 13
18.5211465603599
 23
8.043522079731223
 33
0.0
 14
20.52114656035945
 24
8.043522079731223
 34
0.0
 50
0.0
100
AcDbRotatedDimension
1001
ACAD_DSTYLE_DIMJOGGED_JOGANGLE_SYMBOL
1070
   384
1040
1.570796326794896
  0
MTEXT
  5
C84
330
1F
100
AcDbEntity
  8
DET-TEXTO
100
AcDbMText
 10
21.22393295412638
 20
7.68660049286243
 30
0.0
 40
0.2
 41
9.018641700436546
 46
0.0
 71
     1
 72
     5
  1
Hormigón de\Plimpieza
  7
CENTURY
 73
     1
 44
1.0
101
Embedded Object
 70
     1
 10
1.0
 20
0.0
 30
0.0
 11
21.22393295412638
 21
7.68660049286243
 31
0.0
 40
9.018641700436546
 41
0.0
 42
1.72318150917743
 43
0.6135508724223885
 71
     2
 72
     1
 44
9.018641700436546
 45
12.5
 73
     0
 74
     0
 46
-0.6135508724223885
1001
ACAD
1000
MTEXTBEGIN
1070
    73
1070
     1
1070
    44
1040
1.0
1070
    74
1070
     0
1000
MTEXTEND
  0
MTEXT
  5
C85
330
1F
100
AcDbEntity
  8
DET-TEXTO
100
AcDbMText
 10
19.90463256805804
 20
6.16554269867081
 30
0.0
 40
0.2
 41
2.245433495508677
 46
0.0
 71
     1
 72
     5
  1
Micropilotes según plano
  7
CENTURY
 73
     1
 44
1.0
101
Embedded Object
 70
     1
 10
1.0
 20
0.0
 30
0.0
 11
19.90463256805804
 21
6.16554269867081
 31
0.0
 40
2.245433495508677
 41
0.0
 42
1.659415363698164
 43
0.6173578064808521
 71
     2
 72
     1
 44
2.245433495508677
 45
12.5
 73
     0
 74
     0
 46
-0.6173578064808521
1001
ACAD
1000
MTEXTBEGIN
1070
    73
1070
     1
1070
    44
1040
1.0
1070
    74
1070
     0
1000
MTEXTEND
  0
DIMENSION
  5
C86
102
{ACAD_XDICTIONARY
360
C87
102
}
102
{ACAD_REACTORS
330
C88
102
}
330
1F
100
AcDbEntity
  8
DET-COTAS
100
AcDbDimension
280
     0
  2
*D71
 10
12.81773247987865
 20
8.293522079730768
 30
0.0
 11
12.61773247987865
 21
9.793522079730768
 31
0.0
 70
    32
  1
H
 71
     5
 42
150.0
 73
     0
 74
     0
 75
     0
  3
1 50
100
AcDbAlignedDimension
 13
13.27114656035945
 23
11.29352207973077
 33
0.0
 14
13.27114656035945
 24
8.293522079730768
 34
0.0
 50
90.0
100
AcDbRotatedDimension
1001
ACAD_DSTYLE_DIMJOGGED_JOGANGLE_SYMBOL
1070
   384
1040
1.570796326794896
  0
DIMENSION
  5
C89
330
1F
100
AcDbEntity
  8
FINO
100
AcDbDimension
280
     0
  2
*D72
 10
12.81773247988138
 20
8.043522079731223
 30
0.0
 11
12.66270188844698
 21
8.168522079730996
 31
0.0
 70
    32
  1
10
 71
     5
 42
24.99999999995452
 73
     0
 74
     0
 75
     0
  3
cotas formato 1.100
100
AcDbAlignedDimension
 13
13.27114656035945
 23
8.293522079730768
 33
0.0
 14
13.27114656035945
 24
8.043522079731223
 34
0.0
 50
90.0
100
AcDbRotatedDimension
1001
ACAD_DSTYLE_DIMJOGGED_JOGANGLE_SYMBOL
1070
   384
1040
1.570796326794896
  0
DIMENSION
  5
C8A
330
1F
100
AcDbEntity
  8
FINO
100
AcDbDimension
280
     0
  2
*D73
 10
21.17188209567503
 20
9.120387316405844
 30
0.0
 11
21.01936679995783
 21
10.2069546980683
 31
0.0
 70
    32
  1
H-15
 71
     5
 42
217.3134763324924
 73
     0
 74
     0
 75
     0
  3
cotas formato 1.100
100
AcDbAlignedDimension
 13
20.52114656035945
 23
11.29352207973077
 33
0.0
 14
20.52114656035945
 24
9.120387316405844
 34
0.0
 50
90.0
100
AcDbRotatedDimension
1001
ACAD_DSTYLE_DIMJOGGED_JOGANGLE_SYMBOL
1070
   384
1040
1.570796326794896
  0
LINE
  5
C8B
330
1F
100
AcDbEntity
  8
DET-BORDE ESTRUCTURA
100
AcDbLine
 10
15.17885225128537
 20
9.120387316405844
 30
0.0
 11
15.22544840107337
 21
9.204577359753079
 31
0.0
  0
LINE
  5
C8C
330
1F
100
AcDbEntity
  8
DET-BORDE ESTRUCTURA
100
AcDbLine
 10
15.22544840107337
 20
9.204577359753079
 30
0.0
 11
15.31397789926603
 21
9.043665436276773
 31
0.0
  0
LINE
  5
C8D
330
1F
100
AcDbEntity
  8
DET-BORDE ESTRUCTURA
100
AcDbLine
 10
15.31397789926603
 20
9.043665436276773
 30
0.0
 11
15.35072068729249
 21
9.120387316405844
 31
0.0
  0
LINE
  5
C8E
330
1F
100
AcDbEntity
  8
DET-BORDE ESTRUCTURA
100
AcDbLine
 10
18.19141486622328
 20
9.120387316405844
 30
0.0
 11
18.42885225128537
 21
9.120387316405844
 31
0.0
  0
LINE
  5
C8F
330
1F
100
AcDbEntity
  8
DET-BORDE ESTRUCTURA
100
AcDbLine
 10
18.60072068729249
 20
9.120387316405844
 30
0.0
 11
18.87384788072603
 21
9.120387316405844
 31
0.0
  0
LINE
  5
C90
330
1F
100
AcDbEntity
  8
DET-BORDE ESTRUCTURA
100
AcDbLine
 10
18.42885225128537
 20
9.120387316405844
 30
0.0
 11
18.47544840107337
 21
9.204577359753079
 31
0.0
  0
LINE
  5
C91
330
1F
100
AcDbEntity
  8
DET-BORDE ESTRUCTURA
100
AcDbLine
 10
18.47544840107337
 20
9.204577359753079
 30
0.0
 11
18.56397789926603
 21
9.043665436276773
 31
0.0
  0
LINE
  5
C92
330
1F
100
AcDbEntity
  8
DET-BORDE ESTRUCTURA
100
AcDbLine
 10
18.56397789926603
 20
9.043665436276773
 30
0.0
 11
18.60072068729249
 21
9.120387316405844
 31
0.0
  0
LWPOLYLINE
  5
C93
330
1F
100
AcDbEntity
  8
ENCEPADO
100
AcDbPolyline
 90
        4
 70
     1
 43
0.0
 10
30.56667684915618
 20
11.51728802101431
 10
30.56667684915618
 20
5.875536984220593
 10
24.92492581236064
 20
5.875536984220593
 10
24.92492581236064
 20
11.51728802101431
  0
LWPOLYLINE
  5
C94
330
1F
100
AcDbEntity
  8
0-CYPE4
100
AcDbPolyline
 90
        4
 70
     1
 43
0.0
 10
30.40310004915653
 20
11.35371122101467
 10
30.40310004915653
 20
6.039113784220239
 10
25.08850261236029
 20
6.039113784220239
 10
25.08850261236029
 20
11.35371122101467
  0
CIRCLE
  5
C95
330
1F
100
AcDbEntity
  8
ENCEPADO
100
AcDbCircle
 10
26.33536357155998
 20
10.2075958160435
 30
0.0
 40
0.3626839952223555
  0
CIRCLE
  5
C96
330
1F
100
AcDbEntity
  8
ENCEPADO
100
AcDbCircle
 10
26.33536357155998
 20
10.2075958160435
 30
0.0
 40
0.2376839952223555
  0
CIRCLE
  5
C97
330
1F
100
AcDbEntity
  8
ENCEPADO
100
AcDbCircle
 10
26.33536357155998
 20
7.185229189189589
 30
0.0
 40
0.3626839952223555
  0
CIRCLE
  5
C98
330
1F
100
AcDbEntity
  8
ENCEPADO
100
AcDbCircle
 10
26.33536357155998
 20
7.185229189189589
 30
0.0
 40
0.2376839952223555
  0
CIRCLE
  5
C99
330
1F
100
AcDbEntity
  8
ENCEPADO
100
AcDbCircle
 10
29.15623908995866
 20
10.2075958160435
 30
0.0
 40
0.3626839952223555
  0
CIRCLE
  5
C9A
330
1F
100
AcDbEntity
  8
ENCEPADO
100
AcDbCircle
 10
29.15623908995866
 20
10.2075958160435
 30
0.0
 40
0.2376839952223555
  0
CIRCLE
  5
C9B
330
1F
100
AcDbEntity
  8
ENCEPADO
100
AcDbCircle
 10
29.15623908995866
 20
7.185229189189589
 30
0.0
 40
0.3626839952223555
  0
CIRCLE
  5
C9C
330
1F
100
AcDbEntity
  8
ENCEPADO
100
AcDbCircle
 10
29.15623908995866
 20
7.185229189189589
 30
0.0
 40
0.2376839952223555
  0
MTEXT
  5
C9D
330
1F
100
AcDbEntity
  8
DET-TEXTO
100
AcDbMText
 10
26.32311810866502
 20
12.00780721463522
 30
0.0
 40
0.2
 41
9.018641700436546
 46
0.0
 71
     1
 72
     5
  1
ARMADO INFERIOR
  7
CENTURY
 73
     1
 44
1.0
101
Embedded Object
 70
     1
 10
1.0
 20
0.0
 30
0.0
 11
26.32311810866502
 21
12.00780721463522
 31
0.0
 40
9.018641700436546
 41
0.0
 42
2.53704962610469
 43
0.2100611828687968
 71
     2
 72
     1
 44
9.018641700436546
 45
12.5
 73
     0
 74
     0
 46
-0.2100611828687968
1001
ACAD
1000
MTEXTBEGIN
1070
    73
1070
     1
1070
    44
1040
1.0
1070
    74
1070
     0
1000
MTEXTEND
  0
MTEXT
  5
C9E
330
1F
100
AcDbEntity
  8
DET-TEXTO
100
AcDbMText
 10
33.11995643327617
 20
12.00780721463522
 30
0.0
 40
0.2
 41
9.018641700436546
 46
0.0
 71
     1
 72
     5
  1
ARMADO SUPERIOR
  7
CENTURY
 73
     1
 44
1.0
101
Embedded Object
 70
     1
 10
1.0
 20
0.0
 30
0.0
 11
33.11995643327617
 21
12.00780721463522
 31
0.0
 40
9.018641700436546
 41
0.0
 42
2.618898708361658
 43
0.2100611828687968
 71
     2
 72
     1
 44
9.018641700436546
 45
12.5
 73
     0
 74
     0
 46
-0.2100611828687968
1001
ACAD
1000
MTEXTBEGIN
1070
    73
1070
     1
1070
    44
1040
1.0
1070
    74
1070
     0
1000
MTEXTEND
  0
LWPOLYLINE
  5
C9F
330
1F
100
AcDbEntity
  8
ENCEPADO
100
AcDbPolyline
 90
        4
 70
     1
 43
0.0
 10
37.12520592043956
 20
11.51728802101431
 10
37.12520592043956
 20
5.875536984220593
 10
31.48345488364401
 20
5.875536984220593
 10
31.48345488364401
 20
11.51728802101431
  0
CIRCLE
  5
CA0
330
1F
100
AcDbEntity
  8
ENCEPADO
100
AcDbCircle
 10
32.89389264284336
 20
10.2075958160435
 30
0.0
 40
0.3626839952223555
  0
CIRCLE
  5
CA1
330
1F
100
AcDbEntity
  8
ENCEPADO
100
AcDbCircle
 10
32.89389264284336
 20
10.2075958160435
 30
0.0
 40
0.2376839952223555
  0
CIRCLE
  5
CA2
330
1F
100
AcDbEntity
  8
ENCEPADO
100
AcDbCircle
 10
32.89389264284336
 20
7.185229189189589
 30
0.0
 40
0.3626839952223555
  0
CIRCLE
  5
CA3
330
1F
100
AcDbEntity
  8
ENCEPADO
100
AcDbCircle
 10
32.89389264284336
 20
7.185229189189589
 30
0.0
 40
0.2376839952223555
  0
CIRCLE
  5
CA4
330
1F
100
AcDbEntity
  8
ENCEPADO
100
AcDbCircle
 10
35.71476816124203
 20
10.2075958160435
 30
0.0
 40
0.3626839952223555
  0
CIRCLE
  5
CA5
330
1F
100
AcDbEntity
  8
ENCEPADO
100
AcDbCircle
 10
35.71476816124203
 20
10.2075958160435
 30
0.0
 40
0.2376839952223555
  0
CIRCLE
  5
CA6
330
1F
100
AcDbEntity
  8
ENCEPADO
100
AcDbCircle
 10
35.71476816124203
 20
7.185229189189589
 30
0.0
 40
0.3626839952223555
  0
CIRCLE
  5
CA7
330
1F
100
AcDbEntity
  8
ENCEPADO
100
AcDbCircle
 10
35.71476816124203
 20
7.185229189189589
 30
0.0
 40
0.2376839952223555
  0
DIMENSION
  5
CA8
330
1F
100
AcDbEntity
  8
DET-COTAS
100
AcDbDimension
280
     0
  2
*D74
 10
29.15623908995803
 20
5.40421180598148
 30
0.0
 11
27.74580133075899
 21
5.604211805981934
 31
0.0
 70
    33
  1
A
 71
     5
 42
141.0437759199112
 73
     0
 74
     0
 75
     0
  3
1 50
100
AcDbAlignedDimension
 13
26.33536357155998
 23
5.932640345513823
 33
0.0
 14
29.1562390899582
 24
5.932640345512913
 34
0.0
1001
ACAD_DSTYLE_DIMJOGGED_JOGANGLE_SYMBOL
1070
   384
1040
1.570796326794896
1001
ACAD
1000
DSTYLE
1002
{
1070
   340
1005
2DA
1002
}
  0
LINE
  5
CA9
330
1F
100
AcDbEntity
  8
0-CYPE4
100
AcDbLine
 10
36.13496854430167
 20
11.2528446822557
 30
0.0
 11
36.13496854430167
 21
6.139980322979203
 31
0.0
  0
LINE
  5
CAA
330
1F
100
AcDbEntity
  8
0-CYPE4
100
AcDbLine
 10
35.29456906327477
 20
11.2528446822557
 30
0.0
 11
35.29456906327477
 21
6.139980322979203
 31
0.0
  0
LINE
  5
CAB
330
1F
100
AcDbEntity
  8
0-CYPE4
100
AcDbLine
 10
33.31409302590299
 20
11.2528446822557
 30
0.0
 11
33.31409302590299
 21
6.139980322979203
 31
0.0
  0
LINE
  5
CAC
330
1F
100
AcDbEntity
  8
0-CYPE4
100
AcDbLine
 10
32.47369354487608
 20
11.2528446822557
 30
0.0
 11
32.47369354487608
 21
6.139980322979203
 31
0.0
  0
LINE
  5
CAD
330
1F
100
AcDbEntity
  8
0-CYPE4
100
AcDbLine
 10
36.86076258168095
 20
6.765028806129953
 30
0.0
 11
31.75571315536644
 21
6.765028806129953
 31
0.0
  0
LINE
  5
CAE
330
1F
100
AcDbEntity
  8
0-CYPE4
100
AcDbLine
 10
36.86076258168095
 20
7.605428287156859
 30
0.0
 11
31.75571315536644
 21
7.605428287156859
 31
0.0
  0
LINE
  5
CAF
330
1F
100
AcDbEntity
  8
0-CYPE4
100
AcDbLine
 10
36.86076258168095
 20
9.787395432983862
 30
0.0
 11
31.75571315536644
 21
9.787395432983862
 31
0.0
  0
LINE
  5
CB0
330
1F
100
AcDbEntity
  8
0-CYPE4
100
AcDbLine
 10
36.86076258168095
 20
10.62779491401077
 30
0.0
 11
31.75571315536644
 21
10.62779491401077
 31
0.0
  0
LINE
  5
CB1
330
1F
100
AcDbEntity
  8
DET-TEXTO LÍNEA
100
AcDbLine
 10
29.95419255017185
 20
6.039113784220239
 30
0.0
 11
30.31333596608982
 21
5.347108444688251
 31
0.0
  0
LINE
  5
CB2
330
1F
100
AcDbEntity
  8
DET-TEXTO LÍNEA
100
AcDbLine
 10
30.31333596608982
 20
5.347108444688251
 30
0.0
 11
31.13663804249716
 21
5.347108444688251
 31
0.0
  0
MTEXT
  5
CB3
330
1F
100
AcDbEntity
  8
DET-TEXTO
100
AcDbMText
 10
30.5059266299433
 20
5.635857706140518
 30
0.0
 40
0.2
 41
9.018641700436546
 46
0.0
 71
     1
 72
     5
  1
As4
  7
CENTURY
 73
     1
 44
1.0
101
Embedded Object
 70
     1
 10
1.0
 20
0.0
 30
0.0
 11
30.5059266299433
 21
5.635857706140518
 31
0.0
 40
9.018641700436546
 41
0.0
 42
0.4542488103331067
 43
0.208837525492862
 71
     2
 72
     1
 44
9.018641700436546
 45
12.5
 73
     0
 74
     0
 46
-0.208837525492862
1001
ACAD
1000
MTEXTBEGIN
1070
    73
1070
     1
1070
    44
1040
1.0
1070
    74
1070
     0
1000
MTEXTEND
  0
LINE
  5
CB4
330
1F
100
AcDbEntity
  8
0-CYPE4
100
AcDbLine
 10
25.00102901417011
 20
6.789753500598157
 30
0.0
 11
30.46707271541362
 21
6.770905214314074
 31
0.0
  0
LINE
  5
CB5
330
1F
100
AcDbEntity
  8
0-CYPE4
100
AcDbLine
 10
25.00195848090624
 20
7.631852611751559
 30
0.0
 11
30.4717231587785
 21
7.631852611751559
 31
0.0
  0
LINE
  5
CB6
330
1F
100
AcDbEntity
  8
0-CYPE4
100
AcDbLine
 10
25.04375439278436
 20
9.812120127452066
 30
0.0
 11
30.46707271541362
 21
9.793271841167983
 31
0.0
  0
LINE
  5
CB7
330
1F
100
AcDbEntity
  8
0-CYPE4
100
AcDbLine
 10
25.00195848090624
 20
10.65421923860547
 30
0.0
 11
30.4717231587785
 21
10.65421923860547
 31
0.0
  0
LINE
  5
CB8
330
1F
100
AcDbEntity
  8
DET-TEXTO LÍNEA
100
AcDbLine
 10
36.0869800759985
 20
8.128509721939485
 30
0.0
 11
36.18295701260485
 21
8.225888051473907
 31
0.0
  0
LINE
  5
CB9
330
1F
100
AcDbEntity
  8
DET-TEXTO LÍNEA
100
AcDbLine
 10
35.2468012978431
 20
8.128735285180232
 30
0.0
 11
35.34277823444808
 21
8.226113614715108
 31
0.0
  0
MTEXT
  5
CBA
330
1F
100
AcDbEntity
  8
DET-TEXTO
100
AcDbMText
 10
37.20218004554607
 20
8.426529672011133
 30
0.0
 40
0.2
 41
9.018641700436546
 46
0.0
 71
     1
 72
     5
  1
As2
  7
CENTURY
 73
     1
 44
1.0
101
Embedded Object
 70
     1
 10
1.0
 20
0.0
 30
0.0
 11
37.20218004554607
 21
8.426529672011133
 31
0.0
 40
9.018641700436546
 41
0.0
 42
0.4515295717199185
 43
0.208837525492862
 71
     2
 72
     1
 44
9.018641700436546
 45
12.5
 73
     0
 74
     0
 46
-0.208837525492862
1001
ACAD
1000
MTEXTBEGIN
1070
    73
1070
     1
1070
    44
1040
1.0
1070
    74
1070
     0
1000
MTEXTEND
  0
LINE
  5
CBB
330
1F
100
AcDbEntity
  8
DET-TEXTO LÍNEA
100
AcDbLine
 10
35.01032099941602
 20
8.177165689693287
 30
0.0
 11
37.66675458096614
 21
8.177623080844091
 31
0.0
  0
LINE
  5
CBC
330
1F
100
AcDbEntity
  8
DET-COTAS
100
AcDbLine
 10
23.85641255924082
 20
8.739644926848518
 30
0.0
 11
23.85641255924082
 21
11.58964492684979
 31
0.0
  0
DIMENSION
  5
CBD
330
1F
100
AcDbEntity
  8
DET-COTAS
100
AcDbDimension
280
     0
  2
*D75
 10
23.85641255925037
 20
10.19965989855107
 30
0.0
 11
23.65641255925037
 21
10.85847395978269
 31
0.0
 70
    32
  1
D
 71
     5
 42
65.88140612316237
 73
     0
 74
     0
 75
     0
  3
1 50
100
AcDbAlignedDimension
 13
25.39163157200045
 23
11.51728802101431
 33
0.0
 14
24.99750039515192
 24
10.19965989855107
 34
0.0
 50
90.0
100
AcDbRotatedDimension
1001
ACAD_DSTYLE_DIMJOGGED_JOGANGLE_SYMBOL
1070
   384
1040
1.570796326794896
1001
ACAD
1000
DSTYLE
1002
{
1070
   340
1005
2DA
1002
}
  0
DIMENSION
  5
CBE
330
1F
100
AcDbEntity
  8
DET-COTAS
100
AcDbDimension
280
     0
  2
*D76
 10
23.85641255924946
 20
7.12812582789636
 30
0.0
 11
23.65641255924946
 21
8.663892863223713
 31
0.0
 70
    32
  1
A
 71
     5
 42
153.5767035327353
 73
     0
 74
     0
 75
     0
  3
1 50
100
AcDbAlignedDimension
 13
24.99750039515192
 23
10.19965989855107
 33
0.0
 14
24.40215380924263
 24
7.12812582789636
 34
0.0
 50
90.0
100
AcDbRotatedDimension
1001
ACAD_DSTYLE_DIMJOGGED_JOGANGLE_SYMBOL
1070
   384
1040
1.570796326794896
1001
ACAD
1000
DSTYLE
1002
{
1070
   340
1005
2DA
1002
}
  0
DIMENSION
  5
CBF
330
1F
100
AcDbEntity
  8
DET-COTAS
100
AcDbDimension
280
     0
  2
*D77
 10
23.85641255924946
 20
5.875536984220593
 30
0.0
 11
23.65641255924946
 21
6.501831406058476
 31
0.0
 70
    32
  1
D
 71
     5
 42
62.62944218378834
 73
     0
 74
     0
 75
     0
  3
1 50
100
AcDbAlignedDimension
 13
24.40215380924263
 23
7.12812582789636
 33
0.0
 14
24.40215380924263
 24
5.875536984220593
 34
0.0
 50
90.0
100
AcDbRotatedDimension
1001
ACAD_DSTYLE_DIMJOGGED_JOGANGLE_SYMBOL
1070
   384
1040
1.570796326794896
1001
ACAD
1000
DSTYLE
1002
{
1070
   340
1005
2DA
1002
}
  0
LINE
  5
CC0
330
1F
100
AcDbEntity
  8
DET-TEXTO LÍNEA
100
AcDbLine
 10
25.48431743233794
 20
6.74373179598499
 30
0.0
 11
25.48431743233794
 21
9.162379137818765
 31
0.0
  0
LINE
  5
CC1
330
1F
100
AcDbEntity
  8
DET-TEXTO LÍNEA
100
AcDbLine
 10
25.48431743233794
 20
9.162379137818765
 30
0.0
 11
22.64192346468433
 21
9.162379137818765
 31
0.0
  0
LINE
  5
CC2
330
1F
100
AcDbEntity
  8
DET-TEXTO LÍNEA
100
AcDbLine
 10
25.43202667163694
 20
7.659847912467034
 30
0.0
 11
25.53960859279749
 21
7.586808169914524
 31
0.0
  0
LINE
  5
CC3
330
1F
100
AcDbEntity
  8
DET-TEXTO LÍNEA
100
AcDbLine
 10
25.43499070917567
 20
6.818666689600581
 30
0.0
 11
25.54257263033486
 21
6.745626947049663
 31
0.0
  0
MTEXT
  5
CC4
330
1F
100
AcDbEntity
  8
DET-TEXTO
100
AcDbMText
 10
22.64192346468433
 20
9.451128399271032
 30
0.0
 40
0.2
 41
9.018641700436546
 46
0.0
 71
     1
 72
     5
  1
As1
  7
CENTURY
 73
     1
 44
1.0
101
Embedded Object
 70
     1
 10
1.0
 20
0.0
 30
0.0
 11
22.64192346468433
 21
9.451128399271032
 31
0.0
 40
9.018641700436546
 41
0.0
 42
0.3982324949014276
 43
0.2038069340584637
 71
     2
 72
     1
 44
9.018641700436546
 45
12.5
 73
     0
 74
     0
 46
-0.2038069340584637
1001
ACAD
1000
MTEXTBEGIN
1070
    73
1070
     1
1070
    44
1040
1.0
1070
    74
1070
     0
1000
MTEXTEND
  0
LINE
  5
CC5
330
1F
100
AcDbEntity
  8
0-CYPE4
100
AcDbLine
 10
29.57643947301829
 20
11.2528446822557
 30
0.0
 11
29.57643947301829
 21
6.139980322979203
 31
0.0
  0
LINE
  5
CC6
330
1F
100
AcDbEntity
  8
0-CYPE4
100
AcDbLine
 10
28.73603999199139
 20
11.2528446822557
 30
0.0
 11
28.73603999199139
 21
6.139980322979203
 31
0.0
  0
LINE
  5
CC7
330
1F
100
AcDbEntity
  8
0-CYPE4
100
AcDbLine
 10
26.75556395461962
 20
11.2528446822557
 30
0.0
 11
26.75556395461962
 21
6.139980322979203
 31
0.0
  0
LINE
  5
CC8
330
1F
100
AcDbEntity
  8
0-CYPE4
100
AcDbLine
 10
25.91516447359271
 20
11.2528446822557
 30
0.0
 11
25.91516447359271
 21
6.139980322979203
 31
0.0
  0
LINE
  5
CC9
330
1F
100
AcDbEntity
  8
0-CYPE4
100
AcDbLine
 10
34.28835893202967
 20
6.102011755879606
 30
0.0
 11
34.28872371274855
 21
7.593252860127426
 31
0.0
  0
LINE
  5
CCA
330
1F
100
AcDbEntity
  8
0-CYPE4
100
AcDbLine
 10
34.30823786852369
 20
7.605428287156859
 30
0.0
 11
34.28888589700927
 21
11.27863653723168
 31
0.0
  0
LINE
  5
CCB
330
1F
100
AcDbEntity
  8
0-CYPE4
100
AcDbLine
 10
31.81067649462574
 20
8.716291439111477
 30
0.0
 11
35.29456906327477
 21
8.715931414801877
 31
0.0
  0
LINE
  5
CCC
330
1F
100
AcDbEntity
  8
0-CYPE4
100
AcDbLine
 10
36.76636573795503
 20
8.716291439111477
 30
0.0
 11
35.27512463370721
 21
8.715926658392595
 31
0.0
  0
LINE
  5
CCD
330
1F
100
AcDbEntity
  8
DET-TEXTO LÍNEA
100
AcDbLine
 10
28.5104085068894
 20
8.340155389930691
 30
0.0
 11
30.73940898967674
 21
8.977481694486618
 31
0.0
  0
LINE
  5
CCE
330
1F
100
AcDbEntity
  8
DET-TEXTO LÍNEA
100
AcDbLine
 10
31.38854329865325
 20
8.977481694486618
 30
0.0
 11
30.73940898967674
 21
8.977481694486618
 31
0.0
  0
MTEXT
  5
CCF
330
1F
100
AcDbEntity
  8
DET-TEXTO
100
AcDbMText
 10
30.73940898967674
 20
9.266230955938885
 30
0.0
 40
0.2
 41
9.018641700436546
 46
0.0
 71
     1
 72
     5
  1
As3
  7
CENTURY
 73
     1
 44
1.0
101
Embedded Object
 70
     1
 10
1.0
 20
0.0
 30
0.0
 11
30.73940898967674
 21
9.266230955938885
 31
0.0
 40
9.018641700436546
 41
0.0
 42
0.4509857239972808
 43
0.2100611828687968
 71
     2
 72
     1
 44
9.018641700436546
 45
12.5
 73
     0
 74
     0
 46
-0.2100611828687968
1001
ACAD
1000
MTEXTBEGIN
1070
    73
1070
     1
1070
    44
1040
1.0
1070
    74
1070
     0
1000
MTEXTEND
  0
MTEXT
  5
CD0
330
1F
100
AcDbEntity
  8
DET-TEXTO
100
AcDbMText
 10
37.2611547893186
 20
9.520346144922518
 30
0.0
 40
0.2
 41
9.018641700436546
 46
0.0
 71
     1
 72
     5
  1
As5
  7
CENTURY
 73
     1
 44
1.0
101
Embedded Object
 70
     1
 10
1.0
 20
0.0
 30
0.0
 11
37.2611547893186
 21
9.520346144922518
 31
0.0
 40
9.018641700436546
 41
0.0
 42
0.4494901427600273
 43
0.2050305914343984
 71
     2
 72
     1
 44
9.018641700436546
 45
12.5
 73
     0
 74
     0
 46
-0.2050305914343984
1001
ACAD
1000
MTEXTBEGIN
1070
    73
1070
     1
1070
    44
1040
1.0
1070
    74
1070
     0
1000
MTEXTEND
  0
LINE
  5
CD1
330
1F
100
AcDbEntity
  8
DET-TEXTO LÍNEA
100
AcDbLine
 10
36.39751253396361
 20
9.27121085817996
 30
0.0
 11
37.72572932473867
 21
9.271439553755476
 31
0.0
  0
LINE
  5
CD2
330
1F
100
AcDbEntity
  8
0-CYPE4
100
AcDbLine
 10
28.17702449545658
 20
11.2528446822557
 30
0.0
 11
28.17702449545658
 21
6.139980322979203
 31
0.0
  0
LINE
  5
CD3
330
1F
100
AcDbEntity
  8
0-CYPE4
100
AcDbLine
 10
27.33662501442967
 20
11.2528446822557
 30
0.0
 11
27.33662501442967
 21
6.139980322979203
 31
0.0
  0
LINE
  5
CD4
330
1F
100
AcDbEntity
  8
0-CYPE4
100
AcDbLine
 10
25.04375439278436
 20
8.352203454473942
 30
0.0
 11
30.46707271541362
 21
8.333355168189859
 31
0.0
  0
LINE
  5
CD5
330
1F
100
AcDbEntity
  8
0-CYPE4
100
AcDbLine
 10
25.00195848090624
 20
9.194302565627344
 30
0.0
 11
30.4717231587785
 21
9.194302565627344
 31
0.0
  0
TEXT
  5
CD6
330
1F
100
AcDbEntity
  8
DET-TEXTO
100
AcDbText
 10
16.44931190024204
 20
3.350106214884339
 30
0.0
 40
0.256
  1
As5 
  7
Estructura
 72
     1
 11
16.79841863035761
 21
3.350106214884339
 31
0.0
100
AcDbText
  0
LINE
  5
CD7
330
1F
100
AcDbEntity
  8
DET-TEXTO
100
AcDbLine
 10
17.43291119424946
 20
3.917321313492243
 30
0.0
 11
17.43291119424946
 21
1.125229490471587
 31
0.0
  0
TEXT
  5
CD8
330
1F
100
AcDbEntity
  8
DET-TEXTO
100
AcDbText
 10
16.31859772316406
 20
1.660274680980341
 30
0.0
 40
0.256
  1
5%%C16
  7
Estructura
 72
     1
 11
16.76959976259302
 21
1.660274680980341
 31
0.0
100
AcDbText
  0
LWPOLYLINE
  5
CD9
330
1F
100
AcDbEntity
  8
DET-TEXTO
100
AcDbPolyline
 90
        4
 70
     1
 43
0.0
 10
16.5829350155829
 20
3.222752507980635
 10
16.99129583679194
 20
3.222752507980635
 10
16.99129583679194
 20
2.597830775738634
 10
16.5829350155829
 20
2.597830775738634
  0
LINE
  5
CDA
330
1F
100
AcDbEntity
  8
DET-TEXTO
100
AcDbLine
 10
15.92576075284767
 20
3.072277717293195
 30
0.0
 11
15.92576075284767
 21
2.69268417656483
 31
0.0
  0
LINE
  5
CDB
330
1F
100
AcDbEntity
  8
DET-TEXTO
100
AcDbLine
 10
15.92576075284767
 20
2.69268417656483
 30
0.0
 11
14.91776625292567
 21
2.69268417656483
 31
0.0
  0
LINE
  5
CDC
330
1F
100
AcDbEntity
  8
DET-TEXTO
100
AcDbLine
 10
14.91776625292567
 20
2.69268417656483
 30
0.0
 11
14.91776625292567
 21
3.072277717293195
 31
0.0
  0
LINE
  5
CDD
330
1F
100
AcDbEntity
  8
DET-TEXTO
100
AcDbLine
 10
15.92576075284767
 20
3.072277717293195
 30
0.0
 11
14.91776625292567
 21
3.072277717293195
 31
0.0
  0
LWPOLYLINE
  5
CDE
330
1F
100
AcDbEntity
  8
DET-TEXTO LÍNEA
100
AcDbPolyline
 90
        2
 70
     0
 43
0.0
 10
36.39751253396361
 20
9.27121085817996
 10
35.70071313289844
 20
8.716030763944877
  0
LINE
  5
CDF
330
1F
100
AcDbEntity
  8
DET-TEXTO LÍNEA
100
AcDbLine
 10
26.72042610457191
 20
9.466278182260543
 30
0.0
 11
26.81640304117826
 21
9.563656511794965
 31
0.0
  0
LINE
  5
CE0
330
1F
100
AcDbEntity
  8
DET-TEXTO LÍNEA
100
AcDbLine
 10
25.88024732641651
 20
9.46650374550129
 30
0.0
 11
25.97622426302149
 21
9.563882075036167
 31
0.0
  0
LINE
  5
CE1
330
1F
100
AcDbEntity
  8
DET-TEXTO LÍNEA
100
AcDbLine
 10
27.18891805774473
 20
10.59702510059126
 30
0.0
 11
27.0915397282103
 21
10.6930020371976
 31
0.0
  0
LINE
  5
CE2
330
1F
100
AcDbEntity
  8
DET-TEXTO LÍNEA
100
AcDbLine
 10
27.18869249450398
 20
9.756846322435853
 30
0.0
 11
27.0913141649691
 21
9.852823259040837
 31
0.0
  0
LWPOLYLINE
  5
CE3
330
1F
100
AcDbEntity
  8
DET-TEXTO LÍNEA
100
AcDbPolyline
 90
        2
 70
     0
 43
0.0
 10
25.91516447359271
 20
9.501930730195885
 10
26.75556395461962
 20
9.501930730195885
  0
LWPOLYLINE
  5
CE4
330
1F
100
AcDbEntity
  8
DET-TEXTO LÍNEA
100
AcDbPolyline
 90
        2
 70
     0
 43
0.0
 10
27.14000332973654
 20
9.804834790738345
 10
27.14022889297729
 20
10.64501356889443
  0
LWPOLYLINE
  5
CE5
330
1F
100
AcDbEntity
  8
DET-TEXTO LÍNEA
100
AcDbPolyline
 90
        2
 70
     0
 43
0.0
 10
26.40821812270832
 20
9.501930730195885
 10
27.14011611135692
 20
10.22492417981627
  0
LWPOLYLINE
  5
CE6
330
1F
100
AcDbEntity
  8
DET-TEXTO LÍNEA
100
AcDbPolyline
 90
        2
 70
     0
 43
0.0
 10
27.14011611135692
 20
10.22492417981627
 10
28.37071099677796
 20
10.22492417987778
  0
MTEXT
  5
CE7
330
1F
100
AcDbEntity
  8
DET-TEXTO
100
AcDbMText
 10
27.51067097176445
 20
10.46998406785881
 30
0.0
 40
0.2
 41
9.018641700436546
 46
0.0
 71
     1
 72
     5
  1
As1
  7
CENTURY
 73
     1
 44
1.0
101
Embedded Object
 70
     1
 10
1.0
 20
0.0
 30
0.0
 11
27.51067097176445
 21
10.46998406785881
 31
0.0
 40
9.018641700436546
 41
0.0
 42
0.3982324949014276
 43
0.2038069340584637
 71
     2
 72
     1
 44
9.018641700436546
 45
12.5
 73
     0
 74
     0
 46
-0.2038069340584637
1001
ACAD
1000
MTEXTBEGIN
1070
    73
1070
     1
1070
    44
1040
1.0
1070
    74
1070
     0
1000
MTEXTEND
  0
LINE
  5
CE8
330
1F
100
AcDbEntity
  8
DET-TEXTO LÍNEA
100
AcDbLine
 10
36.39751253396361
 20
9.27121085817996
 30
0.0
 11
34.29946184095624
 21
9.27121085817996
 31
0.0
  0
LINE
  5
CE9
330
1F
100
AcDbEntity
  8
DET-TEXTO LÍNEA
100
AcDbLine
 10
30.04506038809648
 20
8.778950275702277
 30
0.0
 11
28.17702449545658
 21
8.778950275768329
 31
0.0
  0
LINE
  5
CEA
330
1F
100
AcDbEntity
  8
DET-TEXTO LÍNEA
100
AcDbLine
 10
28.79040100362466
 20
9.466278182256166
 30
0.0
 11
28.69442406701873
 21
9.563656511790986
 31
0.0
  0
LINE
  5
CEB
330
1F
100
AcDbEntity
  8
DET-TEXTO LÍNEA
100
AcDbLine
 10
29.63057978178007
 20
9.466503745493389
 30
0.0
 11
29.5346028451755
 21
9.563882075028663
 31
0.0
  0
LWPOLYLINE
  5
CEC
330
1F
100
AcDbEntity
  8
DET-TEXTO LÍNEA
100
AcDbPolyline
 90
        2
 70
     0
 43
0.0
 10
29.59566263460402
 20
9.501930730188155
 10
28.75526315357712
 20
9.501930730191679
  0
LWPOLYLINE
  5
CED
330
1F
100
AcDbEntity
  8
DET-TEXTO LÍNEA
100
AcDbPolyline
 90
        2
 70
     0
 43
0.0
 10
29.10260898548841
 20
9.501930730190201
 10
28.37071099684284
 20
10.22492417981366
  0
DIMENSION
  5
CEE
330
1F
100
AcDbEntity
  8
DET-COTAS
100
AcDbDimension
280
     0
  2
*D78
 10
7.429451028621937
 20
7.442784422101317
 30
0.0
 11
5.804451028621482
 21
7.642784422101316
 31
0.0
 70
    32
  1
A
 71
     5
 42
162.5000000000454
 73
     0
 74
     0
 75
     0
  3
1 50
100
AcDbAlignedDimension
 13
4.179451028621027
 23
8.043522079731223
 33
0.0
 14
7.429451028621937
 24
8.043522079731223
 34
0.0
 50
0.0
100
AcDbRotatedDimension
1001
ACAD_DSTYLE_DIMJOGGED_JOGANGLE_SYMBOL
1070
   384
1040
1.570796326794896
1001
ACAD
1000
DSTYLE
1002
{
1070
   340
1005
2DA
1002
}
  0
ENDSEC
  0
SECTION
  2
OBJECTS
  0
DICTIONARY
  5
C
330
0
100
AcDbDictionary
281
     1
  3
ACAD_CIP_PREVIOUS_PRODUCT_INFO
350
19E
  3
ACAD_COLOR
350
6C
  3
ACAD_DATALINK
350
238
  3
ACAD_DETAILVIEWSTYLE
350
1EB
  3
ACAD_GROUP
350
D
  3
ACAD_LAYOUT
350
1A
  3
ACAD_MATERIAL
350
6B
  3
ACAD_MLEADERSTYLE
350
DE
  3
ACAD_MLINESTYLE
350
17
  3
ACAD_PLOTSETTINGS
350
19
  3
ACAD_PLOTSTYLENAME
350
E
  3
ACAD_SCALELIST
350
B7
  3
ACAD_SECTIONVIEWSTYLE
350
1E9
  3
ACAD_TABLESTYLE
350
92
  3
ACAD_VISUALSTYLE
350
17F
  3
ACDB_RECOMPOSE_DATA
350
E5D
  3
AcDbVariableDictionary
350
A43
  3
TCH_DBCONFIG
350
243
  0
DICTIONARY
  5
FA
330
2
100
AcDbDictionary
280
     1
281
     1
  3
ACAD_LAYERSTATES
360
FB
  0
DICTIONARY
  5
C26
330
C25
100
AcDbDictionary
280
     1
281
     1
  3
ACAD_DIMASSOC
360
C27
  0
DICTIONARY
  5
C2C
330
C2B
100
AcDbDictionary
280
     1
281
     1
  3
ACAD_DIMASSOC
360
C2D
  0
DICTIONARY
  5
C81
330
C80
100
AcDbDictionary
280
     1
281
     1
  3
ACAD_DIMASSOC
360
C82
  0
DICTIONARY
  5
C87
330
C86
100
AcDbDictionary
280
     1
281
     1
  3
ACAD_DIMASSOC
360
C88
  0
XRECORD
  5
19E
102
{ACAD_REACTORS
330
C
102
}
330
C
100
AcDbXrecord
280
     1
300
ACD
300
2013
300
ACD_F_S
  0
DICTIONARY
  5
6C
102
{ACAD_REACTORS
330
C
102
}
330
C
100
AcDbDictionary
281
     1
  0
DICTIONARY
  5
238
102
{ACAD_REACTORS
330
C
102
}
330
C
100
AcDbDictionary
280
     1
281
     1
  0
DICTIONARY
  5
1EB
102
{ACAD_REACTORS
330
C
102
}
330
C
100
AcDbDictionary
281
     1
  3
Metric50
350
1EC
  0
DICTIONARY
  5
D
102
{ACAD_REACTORS
330
C
102
}
330
C
100
AcDbDictionary
281
     1
  0
DICTIONARY
  5
1A
102
{ACAD_REACTORS
330
C
102
}
330
C
100
AcDbDictionary
281
     1
  3
Model
350
22
  3
Presentación1
350
1E0
  3
Presentación2
350
1E4
  0
DICTIONARY
  5
6B
102
{ACAD_REACTORS
330
C
102
}
330
C
100
AcDbDictionary
281
     1
  3
ByBlock
350
16F
  3
ByLayer
350
167
  3
Global
350
177
  0
DICTIONARY
  5
DE
102
{ACAD_REACTORS
330
C
102
}
330
C
100
AcDbDictionary
281
     1
  3
Standard
350
E1
  0
DICTIONARY
  5
17
102
{ACAD_REACTORS
330
C
102
}
330
C
100
AcDbDictionary
281
     1
  3
Standard
350
18
  0
DICTIONARY
  5
19
102
{ACAD_REACTORS
330
C
102
}
330
C
100
AcDbDictionary
281
     1
  0
ACDBDICTIONARYWDFLT
  5
E
102
{ACAD_REACTORS
330
C
102
}
330
C
100
AcDbDictionary
281
     1
  3
Normal
350
F
100
AcDbDictionaryWithDefault
340
F
  0
DICTIONARY
  5
B7
102
{ACAD_REACTORS
330
C
102
}
330
C
100
AcDbDictionary
281
     1
  3
A0
350
B8
  3
A1
350
B9
  3
A2
350
BA
  3
A3
350
BB
  3
A4
350
BC
  3
A5
350
BD
  3
A6
350
BE
  3
A7
350
BF
  3
A8
350
C0
  3
A9
350
C1
  3
B0
350
C2
  3
B1
350
C3
  3
B2
350
C4
  3
B3
350
C5
  3
B4
350
C6
  3
B5
350
C7
  3
B6
350
C8
  3
B7
350
C9
  3
B8
350
CA
  3
B9
350
CB
  3
C0
350
CC
  3
C1
350
CD
  3
C2
350
CE
  3
C3
350
CF
  3
C4
350
D0
  3
C5
350
D1
  3
C6
350
D2
  3
C7
350
D3
  3
C8
350
D4
  3
C9
350
D5
  3
D0
350
D6
  3
D1
350
D7
  3
D2
350
D8
  0
DICTIONARY
  5
1E9
102
{ACAD_REACTORS
330
C
102
}
330
C
100
AcDbDictionary
281
     1
  3
Metric50
350
1EA
  0
DICTIONARY
  5
92
102
{ACAD_REACTORS
330
C
102
}
330
C
100
AcDbDictionary
281
     1
  3
Standard
350
93
  0
DICTIONARY
  5
17F
102
{ACAD_REACTORS
330
C
102
}
330
C
100
AcDbDictionary
281
     1
  3
2dWireframe
350
185
  3
Basic
350
184
  3
Brighten
350
18B
  3
ColorChange
350
18F
  3
Conceptual
350
188
  3
Dim
350
18A
  3
EdgeColorOff
350
197
  3
Facepattern
350
18E
  3
Flat
350
180
  3
FlatWithEdges
350
181
  3
Gouraud
350
182
  3
GouraudWithEdges
350
183
  3
Hidden
350
187
  3
JitterOff
350
195
  3
Linepattern
350
18D
  3
OverhangOff
350
196
  3
Realistic
350
189
  3
Shaded
350
194
  3
Shaded with edges
350
193
  3
Shades of Gray
350
190
  3
Sketchy
350
191
  3
Thicken
350
18C
  3
Wireframe
350
186
  3
X-Ray
350
192
  0
XRECORD
  5
E5D
102
{ACAD_REACTORS
330
C
102
}
330
C
100
AcDbXrecord
280
     1
 90
        1
330
93
  0
DICTIONARY
  5
A43
102
{ACAD_REACTORS
330
C
102
}
330
C
100
AcDbDictionary
281
     2
  3
#REVCLOUDAPPROXARCLEN
350
A44
  3
ANNOALLVISIBLE
350
A45
  3
CANNOSCALE
350
A46
  3
CENTEREXE
350
A47
  3
CENTERLTYPEFILE
350
A48
  3
CETRANSPARENCY
350
A49
  3
CMLEADERSTYLE
350
A4A
  3
CTABLESTYLE
350
A4B
  3
CVIEWSECTIONSTYLE
350
A4C
  3
DGNFRAME
350
A4D
  3
DIMADEC
350
A4E
  3
DIMASSOC
350
A4F
  3
DIMLAYER
350
A50
  3
DWFFRAME
350
A51
  3
EXPORTPAPERSPACE
350
A52
  3
HIDETEXT
350
A53
  3
HPCOLOR
350
A54
  3
HPINHERIT
350
A55
  3
HPORIGIN
350
A56
  3
HPTRANSPARENCY
350
A57
  3
INDEXCTL
350
A58
  3
LAYEREVAL
350
A59
  3
LAYERNOTIFY
350
A5A
  3
LIGHTINGUNITS
350
A5B
  3
MLEADERSCALE
350
A5C
  3
MSLTSCALE
350
A5D
  3
OLEFRAME
350
A5E
  3
PDFFRAME
350
A5F
  3
SKTOLERANCE
350
A60
  3
SOLIDHIST
350
A61
  3
SORTENTS
350
A62
  0
TCH_DBCONFIG
  5
243
102
{ACAD_REACTORS
330
C
102
}
330
C
100
TDbConfig
  0
DICTIONARY
  5
FB
102
{ACAD_REACTORS
330
FA
102
}
330
FA
100
AcDbDictionary
281
     1
  0
DIMASSOC
  5
C27
102
{ACAD_REACTORS
330
C26
102
}
330
C26
100
AcDbDimAssoc
330
C25
 90
        1
 70
     0
 71
     0
  1
AcDbOsnapPointRef
 72
     1
331
C09
 73
     2
 91
        2
 40
1.0
 10
0.0
 20
0.0
 30
2.000000000000000E+50
 75
     0
  0
DIMASSOC
  5
C2D
102
{ACAD_REACTORS
330
C2C
102
}
330
C2C
100
AcDbDimAssoc
330
C2B
 90
        3
 70
     0
 71
     0
  1
AcDbOsnapPointRef
 72
    13
331
BF4
 73
     2
 91
        0
 40
0.0
 10
0.0
 20
0.0
 30
2.000000000000000E+50
 75
     0
  1
AcDbOsnapPointRef
 72
     1
331
C09
 73
     2
 91
        1
 40
1.0
 10
0.0
 20
0.0
 30
2.000000000000000E+50
 75
     0
  0
DIMASSOC
  5
C82
102
{ACAD_REACTORS
330
C81
102
}
330
C81
100
AcDbDimAssoc
330
C80
 90
        1
 70
     0
 71
     0
  1
AcDbOsnapPointRef
 72
     1
331
C64
 73
     2
 91
        2
 40
1.0
 10
0.0
 20
0.0
 30
2.000000000000000E+50
 75
     0
  0
DIMASSOC
  5
C88
102
{ACAD_REACTORS
330
C87
102
}
330
C87
100
AcDbDimAssoc
330
C86
 90
        3
 70
     0
 71
     0
  1
AcDbOsnapPointRef
 72
    13
331
C4F
 73
     2
 91
        0
 40
0.0
 10
0.0
 20
0.0
 30
2.000000000000000E+50
 75
     0
  1
AcDbOsnapPointRef
 72
     1
331
C64
 73
     2
 91
        1
 40
1.0
 10
0.0
 20
0.0
 30
2.000000000000000E+50
 75
     0
  0
ACDBDETAILVIEWSTYLE
  5
1EC
102
{ACAD_REACTORS
330
1EB
102
}
330
1EB
100
AcDbModelDocViewStyle
 70
     0
  3
Metric50
290
     1
300
Metric50
 90
        0
100
AcDbDetailViewStyle
 70
     0
 71
     0
 90
        3
 71
     1
340
11
 62
   256
 40
5.0
340
0
 62
   256
 40
5.0
300

 40
0.0
280
     1
 71
     2
340
16
 90
       25
 62
   256
 71
     3
340
11
 62
   256
 40
5.0
 90
        0
 40
15.0
 90
        1
300
%<\AcVar ViewDetailId>% (%<\AcVar ViewScale \f "%sn">%)
 71
     4
340
16
 90
       25
 62
   256
340
16
 90
       25
 62
   256
280
     0
  0
LAYOUT
  5
22
102
{ACAD_REACTORS
330
1A
102
}
330
1A
100
AcDbPlotSettings
  1

  2
none_device
  4
none_user_media
  6

 40
6.349999904632568
 41
6.349999904632568
 42
6.350006103515625
 43
6.350006103515625
 44
215.8999938964844
 45
279.3999938964844
 46
0.0
 47
103.0606281331548
 48
0.0
 49
0.0
140
0.0
141
0.0
142
1.0
143
6.378855360305043
 70
 11445
 72
     1
 73
     0
 74
     0
  7

 75
     0
 76
     0
 77
     2
 78
   300
147
0.1567679377436423
148
69.14997379066472
149
-33.54320555294811
100
AcDbLayout
  1
Model
 70
     1
 71
     0
 10
0.0
 20
0.0
 11
420.0
 21
297.0
 12
0.0
 22
0.0
 32
0.0
 14
1.000000000000000E+20
 24
1.000000000000000E+20
 34
1.000000000000000E+20
 15
-1.000000000000000E+20
 25
-1.000000000000000E+20
 35
-1.000000000000000E+20
146
0.0
 13
0.0
 23
0.0
 33
0.0
 16
1.0
 26
0.0
 36
0.0
 17
0.0
 27
1.0
 37
0.0
 76
     0
330
1F
331
1CC
1001
ACAD_PSEXT
1000
Ninguno
1000
Ninguno
1000
No aplicable
1000
Seleccione un nuevo nombre de configuración de trazado para trazar la presentación actual.
1070
     0
  0
LAYOUT
  5
1E0
102
{ACAD_REACTORS
330
1A
102
}
330
1A
100
AcDbPlotSettings
  1

  2
None
  4
ISO_A4_(210.00_x_297.00_MM)
  6

 40
0.0
 41
0.0
 42
0.0
 43
0.0
 44
0.0
 45
0.0
 46
0.0
 47
0.0
 48
0.0
 49
0.0
140
0.0
141
0.0
142
1.0
143
1.0
 70
   688
 72
     1
 73
     1
 74
     5
  7

 75
    16
 76
     0
 77
     2
 78
   300
147
1.0
148
0.0
149
0.0
100
AcDbLayout
  1
Presentación1
 70
     1
 71
     1
 10
-20.0
 20
-7.5
 11
277.0
 21
202.5
 12
0.0
 22
0.0
 32
0.0
 14
25.69999999999999
 24
19.5
 34
0.0
 15
231.3
 25
175.5
 35
0.0
146
0.0
 13
0.0
 23
0.0
 33
0.0
 16
1.0
 26
0.0
 36
0.0
 17
0.0
 27
1.0
 37
0.0
 76
     0
330
1DF
  0
LAYOUT
  5
1E4
102
{ACAD_REACTORS
330
1A
102
}
330
1A
100
AcDbPlotSettings
  1

  2
None
  4
ISO_A4_(210.00_x_297.00_MM)
  6

 40
0.0
 41
0.0
 42
0.0
 43
0.0
 44
0.0
 45
0.0
 46
0.0
 47
0.0
 48
0.0
 49
0.0
140
0.0
141
0.0
142
1.0
143
1.0
 70
   688
 72
     1
 73
     1
 74
     5
  7

 75
    16
 76
     0
 77
     2
 78
   300
147
1.0
148
0.0
149
0.0
100
AcDbLayout
  1
Presentación2
 70
     1
 71
     2
 10
-20.0
 20
-7.5
 11
277.0
 21
202.5
 12
0.0
 22
0.0
 32
0.0
 14
25.69999999999999
 24
19.5
 34
0.0
 15
231.3
 25
175.5
 35
0.0
146
0.0
 13
0.0
 23
0.0
 33
0.0
 16
1.0
 26
0.0
 36
0.0
 17
0.0
 27
1.0
 37
0.0
 76
     0
330
1E3
  0
MATERIAL
  5
16F
102
{ACAD_REACTORS
330
6B
102
}
330
6B
100
AcDbMaterial
  1
ByBlock
 72
     0
 73
     2
 43
0.0008202099737533
 43
0.0
 43
0.0
 43
0.0
 43
0.0
 43
0.0008202099737533
 43
0.0
 43
0.0
 43
0.0
 43
0.0
 43
1.0
 43
0.0
 43
0.0
 43
0.0
 43
0.0
 43
1.0
 77
     0
 78
     2
 47
0.0008202099737533
 47
0.0
 47
0.0
 47
0.0
 47
0.0
 47
0.0008202099737533
 47
0.0
 47
0.0
 47
0.0
 47
0.0
 47
1.0
 47
0.0
 47
0.0
 47
0.0
 47
0.0
 47
1.0
171
     0
172
     2
 49
0.0008202099737533
 49
0.0
 49
0.0
 49
0.0
 49
0.0
 49
0.0008202099737533
 49
0.0
 49
0.0
 49
0.0
 49
0.0
 49
1.0
 49
0.0
 49
0.0
 49
0.0
 49
0.0
 49
1.0
175
     0
176
     2
142
0.0008202099737533
142
0.0
142
0.0
142
0.0
142
0.0
142
0.0008202099737533
142
0.0
142
0.0
142
0.0
142
0.0
142
1.0
142
0.0
142
0.0
142
0.0
142
0.0
142
1.0
179
     0
270
     2
144
0.0008202099737533
144
0.0
144
0.0
144
0.0
144
0.0
144
0.0008202099737533
144
0.0
144
0.0
144
0.0
144
0.0
144
1.0
144
0.0
144
0.0
144
0.0
144
0.0
144
1.0
274
     2
147
0.0008202099737533
147
0.0
147
0.0
147
0.0
147
0.0
147
0.0008202099737533
147
0.0
147
0.0
147
0.0
147
0.0
147
1.0
147
0.0
147
0.0
147
0.0
147
0.0
147
1.0
 94
      127
  0
MATERIAL
  5
167
102
{ACAD_REACTORS
330
6B
102
}
330
6B
100
AcDbMaterial
  1
ByLayer
 72
     0
 73
     2
 43
0.0008202099737533
 43
0.0
 43
0.0
 43
0.0
 43
0.0
 43
0.0008202099737533
 43
0.0
 43
0.0
 43
0.0
 43
0.0
 43
1.0
 43
0.0
 43
0.0
 43
0.0
 43
0.0
 43
1.0
 77
     0
 78
     2
 47
0.0008202099737533
 47
0.0
 47
0.0
 47
0.0
 47
0.0
 47
0.0008202099737533
 47
0.0
 47
0.0
 47
0.0
 47
0.0
 47
1.0
 47
0.0
 47
0.0
 47
0.0
 47
0.0
 47
1.0
171
     0
172
     2
 49
0.0008202099737533
 49
0.0
 49
0.0
 49
0.0
 49
0.0
 49
0.0008202099737533
 49
0.0
 49
0.0
 49
0.0
 49
0.0
 49
1.0
 49
0.0
 49
0.0
 49
0.0
 49
0.0
 49
1.0
175
     0
176
     2
142
0.0008202099737533
142
0.0
142
0.0
142
0.0
142
0.0
142
0.0008202099737533
142
0.0
142
0.0
142
0.0
142
0.0
142
1.0
142
0.0
142
0.0
142
0.0
142
0.0
142
1.0
179
     0
270
     2
144
0.0008202099737533
144
0.0
144
0.0
144
0.0
144
0.0
144
0.0008202099737533
144
0.0
144
0.0
144
0.0
144
0.0
144
1.0
144
0.0
144
0.0
144
0.0
144
0.0
144
1.0
274
     2
147
0.0008202099737533
147
0.0
147
0.0
147
0.0
147
0.0
147
0.0008202099737533
147
0.0
147
0.0
147
0.0
147
0.0
147
1.0
147
0.0
147
0.0
147
0.0
147
0.0
147
1.0
 94
      127
  0
MATERIAL
  5
177
102
{ACAD_REACTORS
330
6B
102
}
330
6B
100
AcDbMaterial
  1
Global
 72
     0
 73
     2
 43
0.0008202099737533
 43
0.0
 43
0.0
 43
0.0
 43
0.0
 43
0.0008202099737533
 43
0.0
 43
0.0
 43
0.0
 43
0.0
 43
1.0
 43
0.0
 43
0.0
 43
0.0
 43
0.0
 43
1.0
 77
     0
 78
     2
 47
0.0008202099737533
 47
0.0
 47
0.0
 47
0.0
 47
0.0
 47
0.0008202099737533
 47
0.0
 47
0.0
 47
0.0
 47
0.0
 47
1.0
 47
0.0
 47
0.0
 47
0.0
 47
0.0
 47
1.0
171
     0
172
     2
 49
0.0008202099737533
 49
0.0
 49
0.0
 49
0.0
 49
0.0
 49
0.0008202099737533
 49
0.0
 49
0.0
 49
0.0
 49
0.0
 49
1.0
 49
0.0
 49
0.0
 49
0.0
 49
0.0
 49
1.0
175
     0
176
     2
142
0.0008202099737533
142
0.0
142
0.0
142
0.0
142
0.0
142
0.0008202099737533
142
0.0
142
0.0
142
0.0
142
0.0
142
1.0
142
0.0
142
0.0
142
0.0
142
0.0
142
1.0
179
     0
270
     2
144
0.0008202099737533
144
0.0
144
0.0
144
0.0
144
0.0
144
0.0008202099737533
144
0.0
144
0.0
144
0.0
144
0.0
144
1.0
144
0.0
144
0.0
144
0.0
144
0.0
144
1.0
274
     2
147
0.0008202099737533
147
0.0
147
0.0
147
0.0
147
0.0
147
0.0008202099737533
147
0.0
147
0.0
147
0.0
147
0.0
147
1.0
147
0.0
147
0.0
147
0.0
147
0.0
147
1.0
 94
      127
  0
MLEADERSTYLE
  5
E1
102
{ACAD_REACTORS
330
DE
102
}
330
DE
100
AcDbMLeaderStyle
179
     2
170
     2
171
     1
172
     0
 90
        2
 40
0.0
 41
0.0
173
     1
 91
-1056964608
340
14
 92
       -2
290
     1
 42
2.0
291
     1
 43
8.0
  3
Standard
 44
4.0
300

342
11
174
     1
178
     1
175
     1
176
     0
 93
-1056964608
 45
4.0
292
     0
297
     0
 46
0.18
 94
-1056964608
 47
1.0
 49
1.0
140
1.0
293
     1
141
0.0
294
     1
177
     0
142
1.0
295
     0
296
     0
143
3.75
271
     0
272
     9
273
     9
298
     0
  0
MLINESTYLE
  5
18
102
{ACAD_REACTORS
330
17
102
}
330
17
100
AcDbMlineStyle
  2
STANDARD
 70
     0
  3

 62
   256
 51
90.0
 52
90.0
 71
     2
 49
0.5
 62
   256
  6
BYLAYER
 49
-0.5
 62
   256
  6
BYLAYER
  0
ACDBPLACEHOLDER
  5
F
102
{ACAD_REACTORS
330
E
102
}
330
E
  0
SCALE
  5
B8
102
{ACAD_REACTORS
330
B7
102
}
330
B7
100
AcDbScale
 70
     0
300
1:1
140
1.0
141
1.0
290
     1
  0
SCALE
  5
B9
102
{ACAD_REACTORS
330
B7
102
}
330
B7
100
AcDbScale
 70
     0
300
1:2
140
1.0
141
2.0
290
     0
  0
SCALE
  5
BA
102
{ACAD_REACTORS
330
B7
102
}
330
B7
100
AcDbScale
 70
     0
300
1:4
140
1.0
141
4.0
290
     0
  0
SCALE
  5
BB
102
{ACAD_REACTORS
330
B7
102
}
330
B7
100
AcDbScale
 70
     0
300
1:5
140
1.0
141
5.0
290
     0
  0
SCALE
  5
BC
102
{ACAD_REACTORS
330
B7
102
}
330
B7
100
AcDbScale
 70
     0
300
1:8
140
1.0
141
8.0
290
     0
  0
SCALE
  5
BD
102
{ACAD_REACTORS
330
B7
102
}
330
B7
100
AcDbScale
 70
     0
300
1:10
140
1.0
141
10.0
290
     0
  0
SCALE
  5
BE
102
{ACAD_REACTORS
330
B7
102
}
330
B7
100
AcDbScale
 70
     0
300
1:16
140
1.0
141
16.0
290
     0
  0
SCALE
  5
BF
102
{ACAD_REACTORS
330
B7
102
}
330
B7
100
AcDbScale
 70
     0
300
1:20
140
1.0
141
20.0
290
     0
  0
SCALE
  5
C0
102
{ACAD_REACTORS
330
B7
102
}
330
B7
100
AcDbScale
 70
     0
300
1:30
140
1.0
141
30.0
290
     0
  0
SCALE
  5
C1
102
{ACAD_REACTORS
330
B7
102
}
330
B7
100
AcDbScale
 70
     0
300
1:40
140
1.0
141
40.0
290
     0
  0
SCALE
  5
C2
102
{ACAD_REACTORS
330
B7
102
}
330
B7
100
AcDbScale
 70
     0
300
1:50
140
1.0
141
50.0
290
     0
  0
SCALE
  5
C3
102
{ACAD_REACTORS
330
B7
102
}
330
B7
100
AcDbScale
 70
     0
300
1:100
140
1.0
141
100.0
290
     0
  0
SCALE
  5
C4
102
{ACAD_REACTORS
330
B7
102
}
330
B7
100
AcDbScale
 70
     0
300
2:1
140
2.0
141
1.0
290
     0
  0
SCALE
  5
C5
102
{ACAD_REACTORS
330
B7
102
}
330
B7
100
AcDbScale
 70
     0
300
4:1
140
4.0
141
1.0
290
     0
  0
SCALE
  5
C6
102
{ACAD_REACTORS
330
B7
102
}
330
B7
100
AcDbScale
 70
     0
300
8:1
140
8.0
141
1.0
290
     0
  0
SCALE
  5
C7
102
{ACAD_REACTORS
330
B7
102
}
330
B7
100
AcDbScale
 70
     0
300
10:1
140
10.0
141
1.0
290
     0
  0
SCALE
  5
C8
102
{ACAD_REACTORS
330
B7
102
}
330
B7
100
AcDbScale
 70
     0
300
100:1
140
100.0
141
1.0
290
     0
  0
SCALE
  5
C9
102
{ACAD_REACTORS
330
B7
102
}
330
B7
100
AcDbScale
 70
     0
300
1/128" = 1'-0"
140
0.0078125
141
12.0
290
     0
  0
SCALE
  5
CA
102
{ACAD_REACTORS
330
B7
102
}
330
B7
100
AcDbScale
 70
     0
300
1/64" = 1'-0"
140
0.015625
141
12.0
290
     0
  0
SCALE
  5
CB
102
{ACAD_REACTORS
330
B7
102
}
330
B7
100
AcDbScale
 70
     0
300
1/32" = 1'-0"
140
0.03125
141
12.0
290
     0
  0
SCALE
  5
CC
102
{ACAD_REACTORS
330
B7
102
}
330
B7
100
AcDbScale
 70
     0
300
1/16" = 1'-0"
140
0.0625
141
12.0
290
     0
  0
SCALE
  5
CD
102
{ACAD_REACTORS
330
B7
102
}
330
B7
100
AcDbScale
 70
     0
300
3/32" = 1'-0"
140
0.09375
141
12.0
290
     0
  0
SCALE
  5
CE
102
{ACAD_REACTORS
330
B7
102
}
330
B7
100
AcDbScale
 70
     0
300
1/8" = 1'-0"
140
0.125
141
12.0
290
     0
  0
SCALE
  5
CF
102
{ACAD_REACTORS
330
B7
102
}
330
B7
100
AcDbScale
 70
     0
300
3/16" = 1'-0"
140
0.1875
141
12.0
290
     0
  0
SCALE
  5
D0
102
{ACAD_REACTORS
330
B7
102
}
330
B7
100
AcDbScale
 70
     0
300
1/4" = 1'-0"
140
0.25
141
12.0
290
     0
  0
SCALE
  5
D1
102
{ACAD_REACTORS
330
B7
102
}
330
B7
100
AcDbScale
 70
     0
300
3/8" = 1'-0"
140
0.375
141
12.0
290
     0
  0
SCALE
  5
D2
102
{ACAD_REACTORS
330
B7
102
}
330
B7
100
AcDbScale
 70
     0
300
1/2" = 1'-0"
140
0.5
141
12.0
290
     0
  0
SCALE
  5
D3
102
{ACAD_REACTORS
330
B7
102
}
330
B7
100
AcDbScale
 70
     0
300
3/4" = 1'-0"
140
0.75
141
12.0
290
     0
  0
SCALE
  5
D4
102
{ACAD_REACTORS
330
B7
102
}
330
B7
100
AcDbScale
 70
     0
300
1" = 1'-0"
140
1.0
141
12.0
290
     0
  0
SCALE
  5
D5
102
{ACAD_REACTORS
330
B7
102
}
330
B7
100
AcDbScale
 70
     0
300
1-1/2" = 1'-0"
140
1.5
141
12.0
290
     0
  0
SCALE
  5
D6
102
{ACAD_REACTORS
330
B7
102
}
330
B7
100
AcDbScale
 70
     0
300
3" = 1'-0"
140
3.0
141
12.0
290
     0
  0
SCALE
  5
D7
102
{ACAD_REACTORS
330
B7
102
}
330
B7
100
AcDbScale
 70
     0
300
6" = 1'-0"
140
6.0
141
12.0
290
     0
  0
SCALE
  5
D8
102
{ACAD_REACTORS
330
B7
102
}
330
B7
100
AcDbScale
 70
     0
300
1'-0" = 1'-0"
140
12.0
141
12.0
290
     0
  0
ACDBSECTIONVIEWSTYLE
  5
1EA
102
{ACAD_REACTORS
330
1E9
102
}
330
1E9
100
AcDbModelDocViewStyle
 70
     0
  3
Metric50
290
     1
300
Metric50
 90
        0
100
AcDbSectionViewStyle
 70
     0
 71
     0
 90
      102
 71
     1
340
11
 62
   256
 40
5.0
340
0
340
0
 62
   256
 40
5.0
300
I, O, Q, S, X, Z
 40
10.0
 90
        0
 40
2.5
 90
        0
 71
     2
340
16
 90
       25
 62
   256
340
16
 90
       50
 62
   256
 40
5.0
 40
2.5
 40
5.0
 71
     3
340
11
 62
   256
 40
5.0
 90
        0
 40
15.0
 90
        1
300
%<\AcVar ViewSectionStartId>%-%<\AcVar ViewSectionEndId>% (%<\AcVar ViewScale \f "%sn">%)
 71
     4
 62
   256
 62
   257
300
ANSI31
 40
1.0
 90
        0
290
     0
290
     0
 90
        6
 40
0.0
 40
1.570796326794896
 40
0.2617993877991494
 40
1.308996938995747
 40
-0.2617993877991494
 40
1.832595714594046
  0
TABLESTYLE
  5
93
102
{ACAD_XDICTIONARY
360
23A
102
}
102
{ACAD_REACTORS
330
92
102
}
330
92
100
AcDbTableStyle
280
     0
  3
Standard
 70
     0
 71
     0
 40
1.5
 41
1.5
280
     0
281
     0
  7
Standard
140
4.5
170
     2
 62
     0
 63
     7
283
     0
 90
      512
 91
        0
  1

274
    -2
284
     1
 64
     0
275
    -2
285
     1
 65
     0
276
    -2
286
     1
 66
     0
277
    -2
287
     1
 67
     0
278
    -2
288
     1
 68
     0
279
    -2
289
     1
 69
     0
  7
Standard
140
6.0
170
     5
 62
     0
 63
     7
283
     0
 90
      512
 91
        0
  1

274
    -2
284
     1
 64
     0
275
    -2
285
     1
 65
     0
276
    -2
286
     1
 66
     0
277
    -2
287
     1
 67
     0
278
    -2
288
     1
 68
     0
279
    -2
289
     1
 69
     0
  7
Standard
140
4.5
170
     5
 62
     0
 63
     7
283
     0
 90
      512
 91
        0
  1

274
    -2
284
     1
 64
     0
275
    -2
285
     1
 65
     0
276
    -2
286
     1
 66
     0
277
    -2
287
     1
 67
     0
278
    -2
288
     1
 68
     0
279
    -2
289
     1
 69
     0
1001
ACAD
1000
AcRTDxfName
1000
TABLESTYLE
  0
VISUALSTYLE
  5
185
102
{ACAD_REACTORS
330
17F
102
}
330
17F
100
AcDbVisualStyle
  2
2dWireframe
 70
     4
177
     3
291
     0
 70
    58
 90
        0
176
     1
 90
        2
176
     1
 90
        0
176
     1
 90
        0
176
     1
 40
0.6
176
     1
 40
30.0
176
     1
 62
     7
420
 16777215
176
     1
 90
        1
176
     1
 90
        4
176
     1
 62
     7
176
     1
 62
   257
176
     1
 90
        1
176
     1
 90
        1
176
     1
 40
1.0
176
     1
 90
        0
176
     1
 62
   257
176
     1
 40
1.0
176
     1
 90
        1
176
     1
 90
        6
176
     1
 90
        2
176
     1
 62
     7
176
     1
 90
        5
176
     1
 90
        0
176
     1
 90
        0
176
     1
290
     0
176
     1
 90
        1
176
     1
 40
0.0
176
     1
 90
        0
176
     1
290
     1
176
     1
290
     1
176
     1
290
     0
176
     1
290
     0
176
     1
290
     0
176
     1
290
     0
176
     1
290
     0
176
     1
290
     0
176
     1
290
     0
176
     1
 90
       50
176
     1
 40
0.0
176
     1
 40
1.0
176
     1
 90
        0
176
     1
 62
    18
420
        0
176
     1
 90
       50
176
     1
 90
        3
176
     1
 62
     5
420
      255
176
     1
290
     0
176
     1
 90
       50
176
     1
 90
       50
176
     1
 90
       50
176
     1
290
     0
176
     1
 90
       50
176
     1
 62
   256
176
     0
 40
1.0
176
     0
 90
        0
176
     1
  1
strokes_ogs.tif
176
     1
290
     0
176
     1
 40
1.0
176
     1
 40
1.0
176
     1
  0
VISUALSTYLE
  5
184
102
{ACAD_REACTORS
330
17F
102
}
330
17F
100
AcDbVisualStyle
  2
Basic
 70
     7
177
     3
291
     1
 70
    58
 90
        1
176
     1
 90
        0
176
     1
 90
        1
176
     1
 90
        0
176
     1
 40
0.6
176
     1
 40
30.0
176
     1
 62
     7
420
 16777215
176
     1
 90
        0
176
     1
 90
        4
176
     1
 62
     7
176
     1
 62
   257
176
     1
 90
        1
176
     1
 90
        1
176
     1
 40
1.0
176
     1
 90
        8
176
     1
 62
     7
176
     1
 40
1.0
176
     1
 90
        1
176
     1
 90
        6
176
     1
 90
        2
176
     1
 62
     7
176
     1
 90
        5
176
     1
 90
        0
176
     1
 90
        0
176
     1
290
     0
176
     1
 90
        1
176
     1
 40
0.0
176
     1
 90
        0
176
     1
290
     0
176
     1
290
     1
176
     1
290
     1
176
     1
290
     0
176
     1
290
     0
176
     1
290
     0
176
     1
290
     0
176
     1
290
     0
176
     1
290
     0
176
     1
 90
       50
176
     1
 40
0.0
176
     1
 40
1.0
176
     1
 90
        0
176
     1
 62
    18
420
        0
176
     1
 90
       50
176
     1
 90
        3
176
     1
 62
     5
420
      255
176
     1
290
     0
176
     1
 90
       50
176
     1
 90
       50
176
     1
 90
       50
176
     1
290
     0
176
     1
 90
       50
176
     1
 62
   256
176
     0
 40
1.0
176
     0
 90
        0
176
     1
  1
strokes_ogs.tif
176
     1
290
     0
176
     1
 40
1.0
176
     1
 40
1.0
176
     1
  0
VISUALSTYLE
  5
18B
102
{ACAD_REACTORS
330
17F
102
}
330
17F
100
AcDbVisualStyle
  2
Brighten
 70
    12
177
     3
291
     1
 70
    58
 90
        2
176
     1
 90
        2
176
     1
 90
        0
176
     1
 90
        0
176
     1
 40
0.6
176
     1
 40
30.0
176
     1
 62
     7
420
 16777215
176
     1
 90
        1
176
     1
 90
        4
176
     1
 62
     7
176
     1
 62
   257
176
     1
 90
        1
176
     1
 90
        1
176
     1
 40
1.0
176
     1
 90
        8
176
     1
 62
     7
176
     1
 40
1.0
176
     1
 90
        1
176
     1
 90
        6
176
     1
 90
        2
176
     1
 62
     7
176
     1
 90
        5
176
     1
 90
        0
176
     1
 90
        0
176
     1
290
     0
176
     1
 90
        1
176
     1
 40
50.0
176
     1
 90
        0
176
     1
290
     0
176
     1
290
     1
176
     1
290
     1
176
     1
290
     0
176
     1
290
     0
176
     1
290
     0
176
     1
290
     0
176
     1
290
     0
176
     1
290
     0
176
     1
 90
       50
176
     1
 40
0.0
176
     1
 40
1.0
176
     1
 90
        0
176
     1
 62
    18
420
        0
176
     1
 90
       50
176
     1
 90
        3
176
     1
 62
     5
420
      255
176
     1
290
     0
176
     1
 90
       50
176
     1
 90
       50
176
     1
 90
       50
176
     1
290
     0
176
     1
 90
       50
176
     1
 62
   256
176
     0
 40
1.0
176
     0
 90
        0
176
     1
  1
strokes_ogs.tif
176
     1
290
     0
176
     1
 40
1.0
176
     1
 40
1.0
176
     1
  0
VISUALSTYLE
  5
18F
102
{ACAD_REACTORS
330
17F
102
}
330
17F
100
AcDbVisualStyle
  2
ColorChange
 70
    16
177
     3
291
     1
 70
    58
 90
        2
176
     1
 90
        2
176
     1
 90
        3
176
     1
 90
        0
176
     1
 40
0.6
176
     1
 40
30.0
176
     1
 62
     8
420
  8421504
176
     1
 90
        1
176
     1
 90
        4
176
     1
 62
     7
176
     1
 62
   257
176
     1
 90
        1
176
     1
 90
        1
176
     1
 40
1.0
176
     1
 90
        8
176
     1
 62
     8
420
  8421504
176
     1
 40
1.0
176
     1
 90
        1
176
     1
 90
        6
176
     1
 90
        2
176
     1
 62
     7
176
     1
 90
        5
176
     1
 90
        0
176
     1
 90
        0
176
     1
290
     0
176
     1
 90
        1
176
     1
 40
0.0
176
     1
 90
        0
176
     1
290
     0
176
     1
290
     1
176
     1
290
     1
176
     1
290
     0
176
     1
290
     0
176
     1
290
     0
176
     1
290
     0
176
     1
290
     0
176
     1
290
     0
176
     1
 90
       50
176
     1
 40
0.0
176
     1
 40
1.0
176
     1
 90
        0
176
     1
 62
    18
420
        0
176
     1
 90
       50
176
     1
 90
        3
176
     1
 62
     5
420
      255
176
     1
290
     0
176
     1
 90
       50
176
     1
 90
       50
176
     1
 90
       50
176
     1
290
     0
176
     1
 90
       50
176
     1
 62
   256
176
     0
 40
1.0
176
     0
 90
        0
176
     1
  1
strokes_ogs.tif
176
     1
290
     0
176
     1
 40
1.0
176
     1
 40
1.0
176
     1
  0
VISUALSTYLE
  5
188
102
{ACAD_REACTORS
330
17F
102
}
330
17F
100
AcDbVisualStyle
  2
Conceptual
 70
     9
177
     3
291
     0
 70
    58
 90
        3
176
     1
 90
        2
176
     1
 90
        0
176
     1
 90
        0
176
     1
 40
0.6
176
     1
 40
30.0
176
     1
 62
     7
420
 16777215
176
     1
 90
        2
176
     1
 90
        2
176
     1
 62
     7
176
     1
 62
   257
176
     1
 90
        1
176
     1
 90
        1
176
     1
 40
179.0
176
     1
 90
        8
176
     1
 62
     7
176
     1
 40
1.0
176
     1
 90
        1
176
     1
 90
        6
176
     1
 90
        2
176
     1
 62
     7
176
     1
 90
        3
176
     1
 90
        0
176
     1
 90
        0
176
     1
290
     0
176
     1
 90
        1
176
     1
 40
0.0
176
     1
 90
        0
176
     1
290
     0
176
     1
290
     1
176
     1
290
     1
176
     1
290
     0
176
     1
290
     0
176
     1
290
     0
176
     1
290
     0
176
     1
290
     0
176
     1
290
     0
176
     1
 90
       50
176
     1
 40
0.0
176
     1
 40
1.0
176
     1
 90
        0
176
     1
 62
    18
420
        0
176
     1
 90
       50
176
     1
 90
        3
176
     1
 62
     5
420
      255
176
     1
290
     0
176
     1
 90
       50
176
     1
 90
       50
176
     1
 90
       50
176
     1
290
     0
176
     1
 90
       50
176
     1
 62
   256
176
     0
 40
1.0
176
     0
 90
        0
176
     1
  1
strokes_ogs.tif
176
     1
290
     0
176
     1
 40
1.0
176
     1
 40
1.0
176
     1
  0
VISUALSTYLE
  5
18A
102
{ACAD_REACTORS
330
17F
102
}
330
17F
100
AcDbVisualStyle
  2
Dim
 70
    11
177
     3
291
     1
 70
    58
 90
        2
176
     1
 90
        2
176
     1
 90
        0
176
     1
 90
        0
176
     1
 40
0.6
176
     1
 40
30.0
176
     1
 62
     7
420
 16777215
176
     1
 90
        1
176
     1
 90
        4
176
     1
 62
     7
176
     1
 62
   257
176
     1
 90
        1
176
     1
 90
        1
176
     1
 40
1.0
176
     1
 90
        8
176
     1
 62
     7
176
     1
 40
1.0
176
     1
 90
        1
176
     1
 90
        6
176
     1
 90
        2
176
     1
 62
     7
176
     1
 90
        5
176
     1
 90
        0
176
     1
 90
        0
176
     1
290
     0
176
     1
 90
        1
176
     1
 40
-50.0
176
     1
 90
        0
176
     1
290
     0
176
     1
290
     1
176
     1
290
     1
176
     1
290
     0
176
     1
290
     0
176
     1
290
     0
176
     1
290
     0
176
     1
290
     0
176
     1
290
     0
176
     1
 90
       50
176
     1
 40
0.0
176
     1
 40
1.0
176
     1
 90
        0
176
     1
 62
    18
420
        0
176
     1
 90
       50
176
     1
 90
        3
176
     1
 62
     5
420
      255
176
     1
290
     0
176
     1
 90
       50
176
     1
 90
       50
176
     1
 90
       50
176
     1
290
     0
176
     1
 90
       50
176
     1
 62
   256
176
     0
 40
1.0
176
     0
 90
        0
176
     1
  1
strokes_ogs.tif
176
     1
290
     0
176
     1
 40
1.0
176
     1
 40
1.0
176
     1
  0
VISUALSTYLE
  5
197
102
{ACAD_REACTORS
330
17F
102
}
330
17F
100
AcDbVisualStyle
  2
EdgeColorOff
 70
    22
177
     3
291
     1
 70
    58
 90
        2
176
     0
 90
        2
176
     0
 90
        0
176
     0
 90
        0
176
     0
 40
0.6
176
     0
 40
30.0
176
     0
 62
     7
420
 16777215
176
     0
 90
        1
176
     0
 90
        4
176
     0
 62
     7
176
     0
 62
   257
176
     0
 90
        1
176
     0
 90
        1
176
     0
 40
1.0
176
     0
 90
        8
176
     2
 62
     7
176
     0
 40
1.0
176
     0
 90
        1
176
     0
 90
        6
176
     0
 90
        2
176
     0
 62
     7
176
     0
 90
        5
176
     0
 90
        0
176
     0
 90
        0
176
     0
290
     0
176
     0
 90
        1
176
     0
 40
0.0
176
     0
 90
        0
176
     0
290
     0
176
     1
290
     1
176
     1
290
     1
176
     1
290
     0
176
     1
290
     0
176
     1
290
     0
176
     1
290
     0
176
     1
290
     0
176
     1
290
     0
176
     1
 90
       50
176
     1
 40
0.0
176
     1
 40
1.0
176
     1
 90
        0
176
     1
 62
    18
420
        0
176
     1
 90
       50
176
     1
 90
        3
176
     1
 62
     5
420
      255
176
     1
290
     0
176
     1
 90
       50
176
     1
 90
       50
176
     1
 90
       50
176
     1
290
     0
176
     1
 90
       50
176
     1
 62
   256
176
     0
 40
1.0
176
     0
 90
        0
176
     1
  1
strokes_ogs.tif
176
     1
290
     0
176
     1
 40
1.0
176
     1
 40
1.0
176
     1
  0
VISUALSTYLE
  5
18E
102
{ACAD_REACTORS
330
17F
102
}
330
17F
100
AcDbVisualStyle
  2
Facepattern
 70
    15
177
     3
291
     1
 70
    58
 90
        2
176
     1
 90
        2
176
     1
 90
        0
176
     1
 90
        0
176
     1
 40
0.6
176
     1
 40
30.0
176
     1
 62
     7
420
 16777215
176
     1
 90
        1
176
     1
 90
        4
176
     1
 62
     7
176
     1
 62
   257
176
     1
 90
        1
176
     1
 90
        1
176
     1
 40
1.0
176
     1
 90
        8
176
     1
 62
     7
176
     1
 40
1.0
176
     1
 90
        1
176
     1
 90
        6
176
     1
 90
        2
176
     1
 62
     7
176
     1
 90
        5
176
     1
 90
        0
176
     1
 90
        0
176
     1
290
     0
176
     1
 90
        1
176
     1
 40
0.0
176
     1
 90
        0
176
     1
290
     0
176
     1
290
     1
176
     1
290
     1
176
     1
290
     0
176
     1
290
     0
176
     1
290
     0
176
     1
290
     0
176
     1
290
     0
176
     1
290
     0
176
     1
 90
       50
176
     1
 40
0.0
176
     1
 40
1.0
176
     1
 90
        0
176
     1
 62
    18
420
        0
176
     1
 90
       50
176
     1
 90
        3
176
     1
 62
     5
420
      255
176
     1
290
     0
176
     1
 90
       50
176
     1
 90
       50
176
     1
 90
       50
176
     1
290
     0
176
     1
 90
       50
176
     1
 62
   256
176
     0
 40
1.0
176
     0
 90
        0
176
     1
  1
strokes_ogs.tif
176
     1
290
     0
176
     1
 40
1.0
176
     1
 40
1.0
176
     1
  0
VISUALSTYLE
  5
180
102
{ACAD_REACTORS
330
17F
102
}
330
17F
100
AcDbVisualStyle
  2
Flat
 70
     0
177
     3
291
     1
 70
    58
 90
        2
176
     1
 90
        1
176
     1
 90
        1
176
     1
 90
        2
176
     1
 40
0.6
176
     1
 40
30.0
176
     1
 62
     7
420
 16777215
176
     1
 90
        0
176
     1
 90
        0
176
     1
 62
     7
176
     1
 62
   257
176
     1
 90
        1
176
     1
 90
        1
176
     1
 40
1.0
176
     1
 90
        8
176
     1
 62
     7
176
     1
 40
1.0
176
     1
 90
        1
176
     1
 90
        6
176
     1
 90
        2
176
     1
 62
     7
176
     1
 90
        5
176
     1
 90
        0
176
     1
 90
        0
176
     1
290
     0
176
     1
 90
       13
176
     1
 40
0.0
176
     1
 90
        0
176
     1
290
     0
176
     1
290
     1
176
     1
290
     1
176
     1
290
     0
176
     1
290
     0
176
     1
290
     0
176
     1
290
     0
176
     1
290
     0
176
     1
290
     0
176
     1
 90
       50
176
     1
 40
0.0
176
     1
 40
1.0
176
     1
 90
        0
176
     1
 62
    18
420
        0
176
     1
 90
       50
176
     1
 90
        3
176
     1
 62
     5
420
      255
176
     1
290
     0
176
     1
 90
       50
176
     1
 90
       50
176
     1
 90
       50
176
     1
290
     0
176
     1
 90
       50
176
     1
 62
   256
176
     0
 40
1.0
176
     0
 90
        0
176
     1
  1
strokes_ogs.tif
176
     1
290
     0
176
     1
 40
1.0
176
     1
 40
1.0
176
     1
  0
VISUALSTYLE
  5
181
102
{ACAD_REACTORS
330
17F
102
}
330
17F
100
AcDbVisualStyle
  2
FlatWithEdges
 70
     1
177
     3
291
     1
 70
    58
 90
        2
176
     1
 90
        1
176
     1
 90
        1
176
     1
 90
        2
176
     1
 40
0.6
176
     1
 40
30.0
176
     1
 62
     7
420
 16777215
176
     1
 90
        1
176
     1
 90
        0
176
     1
 62
     7
176
     1
 62
   257
176
     1
 90
        1
176
     1
 90
        1
176
     1
 40
1.0
176
     1
 90
        0
176
     1
 62
   257
176
     1
 40
1.0
176
     1
 90
        1
176
     1
 90
        6
176
     1
 90
        2
176
     1
 62
     7
176
     1
 90
        5
176
     1
 90
        0
176
     1
 90
        0
176
     1
290
     0
176
     1
 90
       13
176
     1
 40
0.0
176
     1
 90
        0
176
     1
290
     0
176
     1
290
     1
176
     1
290
     1
176
     1
290
     0
176
     1
290
     0
176
     1
290
     0
176
     1
290
     0
176
     1
290
     0
176
     1
290
     0
176
     1
 90
       50
176
     1
 40
0.0
176
     1
 40
1.0
176
     1
 90
        0
176
     1
 62
    18
420
        0
176
     1
 90
       50
176
     1
 90
        3
176
     1
 62
     5
420
      255
176
     1
290
     0
176
     1
 90
       50
176
     1
 90
       50
176
     1
 90
       50
176
     1
290
     0
176
     1
 90
       50
176
     1
 62
   256
176
     0
 40
1.0
176
     0
 90
        0
176
     1
  1
strokes_ogs.tif
176
     1
290
     0
176
     1
 40
1.0
176
     1
 40
1.0
176
     1
  0
VISUALSTYLE
  5
182
102
{ACAD_REACTORS
330
17F
102
}
330
17F
100
AcDbVisualStyle
  2
Gouraud
 70
     2
177
     3
291
     1
 70
    58
 90
        2
176
     1
 90
        2
176
     1
 90
        1
176
     1
 90
        2
176
     1
 40
0.6
176
     1
 40
30.0
176
     1
 62
     7
420
 16777215
176
     1
 90
        0
176
     1
 90
        0
176
     1
 62
     7
176
     1
 62
   257
176
     1
 90
        1
176
     1
 90
        1
176
     1
 40
1.0
176
     1
 90
        0
176
     1
 62
     7
176
     1
 40
1.0
176
     1
 90
        1
176
     1
 90
        6
176
     1
 90
        2
176
     1
 62
     7
176
     1
 90
        5
176
     1
 90
        0
176
     1
 90
        0
176
     1
290
     0
176
     1
 90
       13
176
     1
 40
0.0
176
     1
 90
        0
176
     1
290
     0
176
     1
290
     1
176
     1
290
     1
176
     1
290
     0
176
     1
290
     0
176
     1
290
     0
176
     1
290
     0
176
     1
290
     0
176
     1
290
     0
176
     1
 90
       50
176
     1
 40
0.0
176
     1
 40
1.0
176
     1
 90
        0
176
     1
 62
    18
420
        0
176
     1
 90
       50
176
     1
 90
        3
176
     1
 62
     5
420
      255
176
     1
290
     0
176
     1
 90
       50
176
     1
 90
       50
176
     1
 90
       50
176
     1
290
     0
176
     1
 90
       50
176
     1
 62
   256
176
     0
 40
1.0
176
     0
 90
        0
176
     1
  1
strokes_ogs.tif
176
     1
290
     0
176
     1
 40
1.0
176
     1
 40
1.0
176
     1
  0
VISUALSTYLE
  5
183
102
{ACAD_REACTORS
330
17F
102
}
330
17F
100
AcDbVisualStyle
  2
GouraudWithEdges
 70
     3
177
     3
291
     1
 70
    58
 90
        2
176
     1
 90
        2
176
     1
 90
        1
176
     1
 90
        2
176
     1
 40
0.6
176
     1
 40
30.0
176
     1
 62
     7
420
 16777215
176
     1
 90
        1
176
     1
 90
        0
176
     1
 62
     7
176
     1
 62
   257
176
     1
 90
        1
176
     1
 90
        1
176
     1
 40
1.0
176
     1
 90
        0
176
     1
 62
   257
176
     1
 40
1.0
176
     1
 90
        1
176
     1
 90
        6
176
     1
 90
        2
176
     1
 62
     7
176
     1
 90
        5
176
     1
 90
        0
176
     1
 90
        0
176
     1
290
     0
176
     1
 90
       13
176
     1
 40
0.0
176
     1
 90
        0
176
     1
290
     0
176
     1
290
     1
176
     1
290
     1
176
     1
290
     0
176
     1
290
     0
176
     1
290
     0
176
     1
290
     0
176
     1
290
     0
176
     1
290
     0
176
     1
 90
       50
176
     1
 40
0.0
176
     1
 40
1.0
176
     1
 90
        0
176
     1
 62
    18
420
        0
176
     1
 90
       50
176
     1
 90
        3
176
     1
 62
     5
420
      255
176
     1
290
     0
176
     1
 90
       50
176
     1
 90
       50
176
     1
 90
       50
176
     1
290
     0
176
     1
 90
       50
176
     1
 62
   256
176
     0
 40
1.0
176
     0
 90
        0
176
     1
  1
strokes_ogs.tif
176
     1
290
     0
176
     1
 40
1.0
176
     1
 40
1.0
176
     1
  0
VISUALSTYLE
  5
187
102
{ACAD_REACTORS
330
17F
102
}
330
17F
100
AcDbVisualStyle
  2
Hidden
 70
     6
177
     3
291
     0
 70
    58
 90
        1
176
     1
 90
        2
176
     1
 90
        2
176
     1
 90
        0
176
     1
 40
0.6
176
     1
 40
30.0
176
     1
 62
     7
420
 16777215
176
     1
 90
        2
176
     1
 90
        2
176
     1
 62
     7
176
     1
 62
   257
176
     1
 90
        2
176
     1
 90
        1
176
     1
 40
40.0
176
     1
 90
        0
176
     1
 62
   257
176
     1
 40
1.0
176
     1
 90
        1
176
     1
 90
        6
176
     1
 90
        2
176
     1
 62
     7
176
     1
 90
        3
176
     1
 90
        0
176
     1
 90
        0
176
     1
290
     0
176
     1
 90
        1
176
     1
 40
0.0
176
     1
 90
        0
176
     1
290
     0
176
     1
290
     1
176
     1
290
     1
176
     1
290
     0
176
     1
290
     0
176
     1
290
     0
176
     1
290
     0
176
     1
290
     0
176
     1
290
     0
176
     1
 90
       50
176
     1
 40
0.0
176
     1
 40
1.0
176
     1
 90
        0
176
     1
 62
    18
420
        0
176
     1
 90
       50
176
     1
 90
        3
176
     1
 62
     5
420
      255
176
     1
290
     0
176
     1
 90
       50
176
     1
 90
       50
176
     1
 90
       50
176
     1
290
     0
176
     1
 90
       50
176
     1
 62
   256
176
     0
 40
1.0
176
     0
 90
        0
176
     1
  1
strokes_ogs.tif
176
     1
290
     0
176
     1
 40
1.0
176
     1
 40
1.0
176
     1
  0
VISUALSTYLE
  5
195
102
{ACAD_REACTORS
330
17F
102
}
330
17F
100
AcDbVisualStyle
  2
JitterOff
 70
    20
177
     3
291
     1
 70
    58
 90
        2
176
     0
 90
        2
176
     0
 90
        0
176
     0
 90
        0
176
     0
 40
0.6
176
     0
 40
30.0
176
     0
 62
     7
420
 16777215
176
     0
 90
        1
176
     0
 90
        4
176
     0
 62
     7
176
     0
 62
   257
176
     0
 90
        1
176
     0
 90
        1
176
     0
 40
1.0
176
     0
 90
       10
176
     2
 62
     7
176
     0
 40
1.0
176
     0
 90
        1
176
     0
 90
        6
176
     0
 90
        2
176
     0
 62
     7
176
     0
 90
        5
176
     0
 90
        0
176
     0
 90
        0
176
     0
290
     0
176
     0
 90
        1
176
     0
 40
0.0
176
     0
 90
        0
176
     0
290
     0
176
     1
290
     1
176
     1
290
     1
176
     1
290
     0
176
     1
290
     0
176
     1
290
     0
176
     1
290
     0
176
     1
290
     0
176
     1
290
     0
176
     1
 90
       50
176
     1
 40
0.0
176
     1
 40
1.0
176
     1
 90
        0
176
     1
 62
    18
420
        0
176
     1
 90
       50
176
     1
 90
        3
176
     1
 62
     5
420
      255
176
     1
290
     0
176
     1
 90
       50
176
     1
 90
       50
176
     1
 90
       50
176
     1
290
     0
176
     1
 90
       50
176
     1
 62
   256
176
     0
 40
1.0
176
     0
 90
        0
176
     1
  1
strokes_ogs.tif
176
     1
290
     0
176
     1
 40
1.0
176
     1
 40
1.0
176
     1
  0
VISUALSTYLE
  5
18D
102
{ACAD_REACTORS
330
17F
102
}
330
17F
100
AcDbVisualStyle
  2
Linepattern
 70
    14
177
     3
291
     1
 70
    58
 90
        2
176
     1
 90
        2
176
     1
 90
        0
176
     1
 90
        0
176
     1
 40
0.6
176
     1
 40
30.0
176
     1
 62
     7
420
 16777215
176
     1
 90
        1
176
     1
 90
        4
176
     1
 62
     7
176
     1
 62
   257
176
     1
 90
        7
176
     1
 90
        7
176
     1
 40
1.0
176
     1
 90
        8
176
     1
 62
     7
176
     1
 40
1.0
176
     1
 90
        1
176
     1
 90
        6
176
     1
 90
        2
176
     1
 62
     7
176
     1
 90
        5
176
     1
 90
        0
176
     1
 90
        0
176
     1
290
     0
176
     1
 90
        1
176
     1
 40
0.0
176
     1
 90
        0
176
     1
290
     0
176
     1
290
     1
176
     1
290
     1
176
     1
290
     0
176
     1
290
     0
176
     1
290
     0
176
     1
290
     0
176
     1
290
     0
176
     1
290
     0
176
     1
 90
       50
176
     1
 40
0.0
176
     1
 40
1.0
176
     1
 90
        0
176
     1
 62
    18
420
        0
176
     1
 90
       50
176
     1
 90
        3
176
     1
 62
     5
420
      255
176
     1
290
     0
176
     1
 90
       50
176
     1
 90
       50
176
     1
 90
       50
176
     1
290
     0
176
     1
 90
       50
176
     1
 62
   256
176
     0
 40
1.0
176
     0
 90
        0
176
     1
  1
strokes_ogs.tif
176
     1
290
     0
176
     1
 40
1.0
176
     1
 40
1.0
176
     1
  0
VISUALSTYLE
  5
196
102
{ACAD_REACTORS
330
17F
102
}
330
17F
100
AcDbVisualStyle
  2
OverhangOff
 70
    21
177
     3
291
     1
 70
    58
 90
        2
176
     0
 90
        2
176
     0
 90
        0
176
     0
 90
        0
176
     0
 40
0.6
176
     0
 40
30.0
176
     0
 62
     7
420
 16777215
176
     0
 90
        1
176
     0
 90
        4
176
     0
 62
     7
176
     0
 62
   257
176
     0
 90
        1
176
     0
 90
        1
176
     0
 40
1.0
176
     0
 90
        9
176
     2
 62
     7
176
     0
 40
1.0
176
     0
 90
        1
176
     0
 90
        6
176
     0
 90
        2
176
     0
 62
     7
176
     0
 90
        5
176
     0
 90
        0
176
     0
 90
        0
176
     0
290
     0
176
     0
 90
        1
176
     0
 40
0.0
176
     0
 90
        0
176
     0
290
     0
176
     1
290
     1
176
     1
290
     1
176
     1
290
     0
176
     1
290
     0
176
     1
290
     0
176
     1
290
     0
176
     1
290
     0
176
     1
290
     0
176
     1
 90
       50
176
     1
 40
0.0
176
     1
 40
1.0
176
     1
 90
        0
176
     1
 62
    18
420
        0
176
     1
 90
       50
176
     1
 90
        3
176
     1
 62
     5
420
      255
176
     1
290
     0
176
     1
 90
       50
176
     1
 90
       50
176
     1
 90
       50
176
     1
290
     0
176
     1
 90
       50
176
     1
 62
   256
176
     0
 40
1.0
176
     0
 90
        0
176
     1
  1
strokes_ogs.tif
176
     1
290
     0
176
     1
 40
1.0
176
     1
 40
1.0
176
     1
  0
VISUALSTYLE
  5
189
102
{ACAD_REACTORS
330
17F
102
}
330
17F
100
AcDbVisualStyle
  2
Realistic
 70
     8
177
     3
291
     0
 70
    58
 90
        2
176
     1
 90
        3
176
     1
 90
        0
176
     1
 90
        2
176
     1
 40
0.6
176
     1
 40
30.0
176
     1
 62
     7
420
 16777215
176
     1
 90
        0
176
     1
 90
        0
176
     1
 62
     7
176
     1
 62
   257
176
     1
 90
        1
176
     1
 90
        1
176
     1
 40
1.0
176
     1
 90
        8
176
     1
 62
   257
176
     1
 40
1.0
176
     1
 90
        1
176
     1
 90
        6
176
     1
 90
        2
176
     1
 62
     7
176
     1
 90
        3
176
     1
 90
        0
176
     1
 90
        0
176
     1
290
     0
176
     1
 90
       13
176
     1
 40
0.0
176
     1
 90
        0
176
     1
290
     0
176
     1
290
     1
176
     1
290
     1
176
     1
290
     0
176
     1
290
     0
176
     1
290
     0
176
     1
290
     0
176
     1
290
     0
176
     1
290
     0
176
     1
 90
       50
176
     1
 40
0.0
176
     1
 40
1.0
176
     1
 90
        0
176
     1
 62
    18
420
        0
176
     1
 90
       50
176
     1
 90
        3
176
     1
 62
     5
420
      255
176
     1
290
     0
176
     1
 90
       50
176
     1
 90
       50
176
     1
 90
       50
176
     1
290
     0
176
     1
 90
       50
176
     1
 62
   256
176
     0
 40
1.0
176
     0
 90
        0
176
     1
  1
strokes_ogs.tif
176
     1
290
     0
176
     1
 40
1.0
176
     1
 40
1.0
176
     1
  0
VISUALSTYLE
  5
194
102
{ACAD_REACTORS
330
17F
102
}
330
17F
100
AcDbVisualStyle
  2
Shaded
 70
    27
177
     3
291
     0
 70
    58
 90
        2
176
     1
 90
        2
176
     1
 90
        1
176
     1
 90
        2
176
     1
 40
0.6
176
     1
 40
30.0
176
     1
 62
     7
420
 16777215
176
     1
 90
        0
176
     1
 90
        4
176
     1
 62
     7
176
     1
 62
   257
176
     1
 90
        1
176
     1
 90
        1
176
     1
 40
1.0
176
     1
 90
        8
176
     1
 62
   257
176
     1
 40
1.0
176
     1
 90
        1
176
     1
 90
        6
176
     1
 90
        2
176
     1
 62
     8
420
  7895160
176
     1
 90
        3
176
     1
 90
        0
176
     1
 90
        0
176
     1
290
     0
176
     1
 90
        5
176
     1
 40
0.0
176
     1
 90
        0
176
     1
290
     0
176
     1
290
     1
176
     1
290
     1
176
     1
290
     0
176
     1
290
     0
176
     1
290
     0
176
     1
290
     0
176
     1
290
     0
176
     1
290
     0
176
     1
 90
       50
176
     1
 40
0.0
176
     1
 40
1.0
176
     1
 90
        0
176
     1
 62
    18
420
        0
176
     1
 90
       50
176
     1
 90
        3
176
     1
 62
     5
420
      255
176
     1
290
     0
176
     1
 90
       50
176
     1
 90
       50
176
     1
 90
       50
176
     1
290
     0
176
     1
 90
       50
176
     1
 62
   256
176
     0
 40
1.0
176
     0
 90
        0
176
     1
  1
strokes_ogs.tif
176
     1
290
     0
176
     1
 40
1.0
176
     1
 40
1.0
176
     1
  0
VISUALSTYLE
  5
193
102
{ACAD_REACTORS
330
17F
102
}
330
17F
100
AcDbVisualStyle
  2
Shaded with edges
 70
    26
177
     3
291
     0
 70
    58
 90
        2
176
     1
 90
        2
176
     1
 90
        1
176
     1
 90
        2
176
     1
 40
0.6
176
     1
 40
30.0
176
     1
 62
     7
420
 16777215
176
     1
 90
        1
176
     1
 90
       10
176
     1
 62
     7
176
     1
 62
   257
176
     1
 90
        2
176
     1
 90
        1
176
     1
 40
1.0
176
     1
 90
        8
176
     1
 62
   257
176
     1
 40
1.0
176
     1
 90
        1
176
     1
 90
        6
176
     1
 90
        2
176
     1
 62
     7
176
     1
 90
        3
176
     1
 90
        0
176
     1
 90
        0
176
     1
290
     0
176
     1
 90
        5
176
     1
 40
0.0
176
     1
 90
        0
176
     1
290
     0
176
     1
290
     1
176
     1
290
     1
176
     1
290
     0
176
     1
290
     0
176
     1
290
     0
176
     1
290
     0
176
     1
290
     0
176
     1
290
     0
176
     1
 90
       50
176
     1
 40
0.0
176
     1
 40
1.0
176
     1
 90
        0
176
     1
 62
    18
420
        0
176
     1
 90
       50
176
     1
 90
        3
176
     1
 62
     5
420
      255
176
     1
290
     0
176
     1
 90
       50
176
     1
 90
       50
176
     1
 90
       50
176
     1
290
     0
176
     1
 90
       50
176
     1
 62
   256
176
     0
 40
1.0
176
     0
 90
        0
176
     1
  1
strokes_ogs.tif
176
     1
290
     0
176
     1
 40
1.0
176
     1
 40
1.0
176
     1
  0
VISUALSTYLE
  5
190
102
{ACAD_REACTORS
330
17F
102
}
330
17F
100
AcDbVisualStyle
  2
Shades of Gray
 70
    23
177
     3
291
     0
 70
    58
 90
        2
176
     1
 90
        2
176
     1
 90
        3
176
     1
 90
        0
176
     1
 40
0.6
176
     1
 40
30.0
176
     1
 62
     7
420
 16777215
176
     1
 90
        2
176
     1
 90
        2
176
     1
 62
     7
176
     1
 62
     7
176
     1
 90
        1
176
     1
 90
        1
176
     1
 40
40.0
176
     1
 90
        8
176
     1
 62
     7
176
     1
 40
1.0
176
     1
 90
        1
176
     1
 90
        6
176
     1
 90
        2
176
     1
 62
     7
176
     1
 90
        3
176
     1
 90
        0
176
     1
 90
        0
176
     1
290
     0
176
     1
 90
        1
176
     1
 40
0.0
176
     1
 90
        0
176
     1
290
     0
176
     1
290
     1
176
     1
290
     1
176
     1
290
     0
176
     1
290
     0
176
     1
290
     0
176
     1
290
     0
176
     1
290
     0
176
     1
290
     0
176
     1
 90
       50
176
     1
 40
0.0
176
     1
 40
1.0
176
     1
 90
        0
176
     1
 62
    18
420
        0
176
     1
 90
       50
176
     1
 90
        3
176
     1
 62
     5
420
      255
176
     1
290
     0
176
     1
 90
       50
176
     1
 90
       50
176
     1
 90
       50
176
     1
290
     0
176
     1
 90
       50
176
     1
 62
   256
176
     0
 40
1.0
176
     0
 90
        0
176
     1
  1
strokes_ogs.tif
176
     1
290
     0
176
     1
 40
1.0
176
     1
 40
1.0
176
     1
  0
VISUALSTYLE
  5
191
102
{ACAD_REACTORS
330
17F
102
}
330
17F
100
AcDbVisualStyle
  2
Sketchy
 70
    24
177
     3
291
     0
 70
    58
 90
        1
176
     1
 90
        2
176
     1
 90
        2
176
     1
 90
        0
176
     1
 40
0.6
176
     1
 40
30.0
176
     1
 62
     7
420
 16777215
176
     1
 90
        2
176
     1
 90
        2
176
     1
 62
     7
176
     1
 62
     7
176
     1
 90
        1
176
     1
 90
        1
176
     1
 40
40.0
176
     1
 90
       11
176
     1
 62
     7
176
     1
 40
1.0
176
     1
 90
        1
176
     1
 90
        6
176
     1
 90
        2
176
     1
 62
     7
176
     1
 90
        6
176
     1
 90
        0
176
     1
 90
        0
176
     1
290
     0
176
     1
 90
        1
176
     1
 40
0.0
176
     1
 90
        0
176
     1
290
     0
176
     1
290
     1
176
     1
290
     1
176
     1
290
     0
176
     1
290
     0
176
     1
290
     0
176
     1
290
     0
176
     1
290
     0
176
     1
290
     0
176
     1
 90
       50
176
     1
 40
0.0
176
     1
 40
1.0
176
     1
 90
        0
176
     1
 62
    18
420
        0
176
     1
 90
       50
176
     1
 90
        3
176
     1
 62
     5
420
      255
176
     1
290
     0
176
     1
 90
       50
176
     1
 90
       50
176
     1
 90
       50
176
     1
290
     0
176
     1
 90
       50
176
     1
 62
   256
176
     0
 40
1.0
176
     0
 90
        0
176
     1
  1
strokes_ogs.tif
176
     1
290
     0
176
     1
 40
1.0
176
     1
 40
1.0
176
     1
  0
VISUALSTYLE
  5
18C
102
{ACAD_REACTORS
330
17F
102
}
330
17F
100
AcDbVisualStyle
  2
Thicken
 70
    13
177
     3
291
     1
 70
    58
 90
        2
176
     1
 90
        2
176
     1
 90
        0
176
     1
 90
        0
176
     1
 40
0.6
176
     1
 40
30.0
176
     1
 62
     7
420
 16777215
176
     1
 90
        1
176
     1
 90
        4
176
     1
 62
     7
176
     1
 62
   257
176
     1
 90
        1
176
     1
 90
        1
176
     1
 40
1.0
176
     1
 90
       12
176
     1
 62
     7
176
     1
 40
1.0
176
     1
 90
        1
176
     1
 90
        6
176
     1
 90
        2
176
     1
 62
     7
176
     1
 90
        5
176
     1
 90
        0
176
     1
 90
        0
176
     1
290
     0
176
     1
 90
        1
176
     1
 40
0.0
176
     1
 90
        0
176
     1
290
     0
176
     1
290
     1
176
     1
290
     1
176
     1
290
     0
176
     1
290
     0
176
     1
290
     0
176
     1
290
     0
176
     1
290
     0
176
     1
290
     0
176
     1
 90
       50
176
     1
 40
0.0
176
     1
 40
1.0
176
     1
 90
        0
176
     1
 62
    18
420
        0
176
     1
 90
       50
176
     1
 90
        3
176
     1
 62
     5
420
      255
176
     1
290
     0
176
     1
 90
       50
176
     1
 90
       50
176
     1
 90
       50
176
     1
290
     0
176
     1
 90
       50
176
     1
 62
   256
176
     0
 40
1.0
176
     0
 90
        0
176
     1
  1
strokes_ogs.tif
176
     1
290
     0
176
     1
 40
1.0
176
     1
 40
1.0
176
     1
  0
VISUALSTYLE
  5
186
102
{ACAD_REACTORS
330
17F
102
}
330
17F
100
AcDbVisualStyle
  2
Wireframe
 70
     5
177
     3
291
     0
 70
    58
 90
        0
176
     1
 90
        2
176
     1
 90
        0
176
     1
 90
        0
176
     1
 40
0.6
176
     1
 40
30.0
176
     1
 62
     7
420
 16777215
176
     1
 90
        1
176
     1
 90
        4
176
     1
 62
     7
176
     1
 62
   257
176
     1
 90
        1
176
     1
 90
        1
176
     1
 40
1.0
176
     1
 90
        0
176
     1
 62
   257
176
     1
 40
1.0
176
     1
 90
        1
176
     1
 90
        6
176
     1
 90
        2
176
     1
 62
     7
176
     1
 90
        3
176
     1
 90
        0
176
     1
 90
        0
176
     1
290
     0
176
     1
 90
        1
176
     1
 40
0.0
176
     1
 90
        0
176
     1
290
     0
176
     1
290
     1
176
     1
290
     1
176
     1
290
     0
176
     1
290
     0
176
     1
290
     0
176
     1
290
     0
176
     1
290
     0
176
     1
290
     0
176
     1
 90
       50
176
     1
 40
0.0
176
     1
 40
1.0
176
     1
 90
        0
176
     1
 62
    18
420
        0
176
     1
 90
       50
176
     1
 90
        3
176
     1
 62
     5
420
      255
176
     1
290
     0
176
     1
 90
       50
176
     1
 90
       50
176
     1
 90
       50
176
     1
290
     0
176
     1
 90
       50
176
     1
 62
   256
176
     0
 40
1.0
176
     0
 90
        0
176
     1
  1
strokes_ogs.tif
176
     1
290
     0
176
     1
 40
1.0
176
     1
 40
1.0
176
     1
  0
VISUALSTYLE
  5
192
102
{ACAD_REACTORS
330
17F
102
}
330
17F
100
AcDbVisualStyle
  2
X-Ray
 70
    25
177
     3
291
     0
 70
    58
 90
        2
176
     1
 90
        2
176
     1
 90
        1
176
     1
 90
        1
176
     1
 40
0.5
176
     1
 40
30.0
176
     1
 62
     7
420
 16777215
176
     1
 90
        1
176
     1
 90
        0
176
     1
 62
     7
176
     1
 62
   257
176
     1
 90
        1
176
     1
 90
        1
176
     1
 40
1.0
176
     1
 90
        8
176
     1
 62
     7
176
     1
 40
1.0
176
     1
 90
        1
176
     1
 90
        6
176
     1
 90
        2
176
     1
 62
     7
176
     1
 90
        3
176
     1
 90
        0
176
     1
 90
        0
176
     1
290
     0
176
     1
 90
       13
176
     1
 40
0.0
176
     1
 90
        0
176
     1
290
     0
176
     1
290
     1
176
     1
290
     1
176
     1
290
     0
176
     1
290
     0
176
     1
290
     0
176
     1
290
     0
176
     1
290
     0
176
     1
290
     0
176
     1
 90
       50
176
     1
 40
0.0
176
     1
 40
1.0
176
     1
 90
        0
176
     1
 62
    18
420
        0
176
     1
 90
       50
176
     1
 90
        3
176
     1
 62
     5
420
      255
176
     1
290
     0
176
     1
 90
       50
176
     1
 90
       50
176
     1
 90
       50
176
     1
290
     0
176
     1
 90
       50
176
     1
 62
   256
176
     0
 40
1.0
176
     0
 90
        0
176
     1
  1
strokes_ogs.tif
176
     1
290
     0
176
     1
 40
1.0
176
     1
 40
1.0
176
     1
  0
DICTIONARYVAR
  5
A44
102
{ACAD_REACTORS
330
A43
102
}
330
A43
100
DictionaryVariables
280
     0
  1
0.300000
  0
DICTIONARYVAR
  5
A45
102
{ACAD_REACTORS
330
A43
102
}
330
A43
100
DictionaryVariables
280
     0
  1
1
  0
DICTIONARYVAR
  5
A46
102
{ACAD_REACTORS
330
A43
102
}
330
A43
100
DictionaryVariables
280
     0
  1
1:1
  0
DICTIONARYVAR
  5
A47
102
{ACAD_REACTORS
330
A43
102
}
330
A43
100
DictionaryVariables
280
     0
  1
0.120000
  0
DICTIONARYVAR
  5
A48
102
{ACAD_REACTORS
330
A43
102
}
330
A43
100
DictionaryVariables
280
     0
  1
zwcad.lin
  0
DICTIONARYVAR
  5
A49
102
{ACAD_REACTORS
330
A43
102
}
330
A43
100
DictionaryVariables
280
     0
  1
0
  0
DICTIONARYVAR
  5
A4A
102
{ACAD_REACTORS
330
A43
102
}
330
A43
100
DictionaryVariables
280
     0
  1
STANDARD
  0
DICTIONARYVAR
  5
A4B
102
{ACAD_REACTORS
330
A43
102
}
330
A43
100
DictionaryVariables
280
     0
  1
STANDARD
  0
DICTIONARYVAR
  5
A4C
102
{ACAD_REACTORS
330
A43
102
}
330
A43
100
DictionaryVariables
280
     0
  1
Metric50
  0
DICTIONARYVAR
  5
A4D
102
{ACAD_REACTORS
330
A43
102
}
330
A43
100
DictionaryVariables
280
     0
  1
1
  0
DICTIONARYVAR
  5
A4E
102
{ACAD_REACTORS
330
A43
102
}
330
A43
100
DictionaryVariables
280
     0
  1
0
  0
DICTIONARYVAR
  5
A4F
102
{ACAD_REACTORS
330
A43
102
}
330
A43
100
DictionaryVariables
280
     0
  1
2
  0
DICTIONARYVAR
  5
A50
102
{ACAD_REACTORS
330
A43
102
}
330
A43
100
DictionaryVariables
280
     0
  1
969_Cotas
  0
DICTIONARYVAR
  5
A51
102
{ACAD_REACTORS
330
A43
102
}
330
A43
100
DictionaryVariables
280
     0
  1
1
  0
DICTIONARYVAR
  5
A52
102
{ACAD_REACTORS
330
A43
102
}
330
A43
100
DictionaryVariables
280
     0
  1
1
  0
DICTIONARYVAR
  5
A53
102
{ACAD_REACTORS
330
A43
102
}
330
A43
100
DictionaryVariables
280
     0
  1
1
  0
DICTIONARYVAR
  5
A54
102
{ACAD_REACTORS
330
A43
102
}
330
A43
100
DictionaryVariables
280
     0
  1
RGB:135,135,135
  0
DICTIONARYVAR
  5
A55
102
{ACAD_REACTORS
330
A43
102
}
330
A43
100
DictionaryVariables
280
     0
  1
0
  0
DICTIONARYVAR
  5
A56
102
{ACAD_REACTORS
330
A43
102
}
330
A43
100
DictionaryVariables
280
     0
  1
0.000000;0.000000
  0
DICTIONARYVAR
  5
A57
102
{ACAD_REACTORS
330
A43
102
}
330
A43
100
DictionaryVariables
280
     0
  1
.
  0
DICTIONARYVAR
  5
A58
102
{ACAD_REACTORS
330
A43
102
}
330
A43
100
DictionaryVariables
280
     0
  1
0
  0
DICTIONARYVAR
  5
A59
102
{ACAD_REACTORS
330
A43
102
}
330
A43
100
DictionaryVariables
280
     0
  1
0
  0
DICTIONARYVAR
  5
A5A
102
{ACAD_REACTORS
330
A43
102
}
330
A43
100
DictionaryVariables
280
     0
  1
0
  0
DICTIONARYVAR
  5
A5B
102
{ACAD_REACTORS
330
A43
102
}
330
A43
100
DictionaryVariables
280
     0
  1
2
  0
DICTIONARYVAR
  5
A5C
102
{ACAD_REACTORS
330
A43
102
}
330
A43
100
DictionaryVariables
280
     0
  1
1.000000
  0
DICTIONARYVAR
  5
A5D
102
{ACAD_REACTORS
330
A43
102
}
330
A43
100
DictionaryVariables
280
     0
  1
1
  0
DICTIONARYVAR
  5
A5E
102
{ACAD_REACTORS
330
A43
102
}
330
A43
100
DictionaryVariables
280
     0
  1
2
  0
DICTIONARYVAR
  5
A5F
102
{ACAD_REACTORS
330
A43
102
}
330
A43
100
DictionaryVariables
280
     0
  1
1
  0
DICTIONARYVAR
  5
A60
102
{ACAD_REACTORS
330
A43
102
}
330
A43
100
DictionaryVariables
280
     0
  1
0.050000
  0
DICTIONARYVAR
  5
A61
102
{ACAD_REACTORS
330
A43
102
}
330
A43
100
DictionaryVariables
280
     0
  1
0
  0
DICTIONARYVAR
  5
A62
102
{ACAD_REACTORS
330
A43
102
}
330
A43
100
DictionaryVariables
280
     0
  1
127
  0
DICTIONARY
  5
23A
330
93
100
AcDbDictionary
280
     1
281
     1
  3
ACAD_ROUNDTRIP_2008_TABLESTYLE_CELLSTYLEMAP
360
E5C
  0
CELLSTYLEMAP
  5
E5C
102
{ACAD_REACTORS
330
23A
102
}
330
23A
100
AcDbCellStyleMap
 90
        3
300
CELLSTYLE
  1
TABLEFORMAT_BEGIN
 90
        5
170
     1
 91
        0
 92
    32768
 62
   257
 93
        1
300
CONTENTFORMAT
  1
CONTENTFORMAT_BEGIN
 90
        0
 91
        0
 92
      512
 93
        0
300

 40
0.0
140
1.0
 94
        5
 62
     0
340
11
144
6.0
309
CONTENTFORMAT_END
171
     1
301
MARGIN
  1
CELLMARGIN_BEGIN
 40
1.5
 40
1.5
 40
0.06
 40
0.06
 40
0.18
 40
0.18
309
CELLMARGIN_END
 94
        6
 95
        1
302
GRIDFORMAT
  1
GRIDFORMAT_BEGIN
 90
        0
 91
        1
 62
     0
 92
       -2
340
0
 93
        0
 40
0.045
309
GRIDFORMAT_END
 95
        2
302
GRIDFORMAT
  1
GRIDFORMAT_BEGIN
 90
        0
 91
        1
 62
     0
 92
       -2
340
0
 93
        0
 40
0.045
309
GRIDFORMAT_END
 95
        4
302
GRIDFORMAT
  1
GRIDFORMAT_BEGIN
 90
        0
 91
        1
 62
     0
 92
       -2
340
0
 93
        0
 40
0.045
309
GRIDFORMAT_END
 95
        8
302
GRIDFORMAT
  1
GRIDFORMAT_BEGIN
 90
        0
 91
        1
 62
     0
 92
       -2
340
0
 93
        0
 40
0.045
309
GRIDFORMAT_END
 95
       16
302
GRIDFORMAT
  1
GRIDFORMAT_BEGIN
 90
        0
 91
        1
 62
     0
 92
       -2
340
0
 93
        0
 40
0.045
309
GRIDFORMAT_END
 95
       32
302
GRIDFORMAT
  1
GRIDFORMAT_BEGIN
 90
        0
 91
        1
 62
     0
 92
       -2
340
0
 93
        0
 40
0.045
309
GRIDFORMAT_END
309
TABLEFORMAT_END
  1
CELLSTYLE_BEGIN
 90
        1
 91
        1
300
_TITLE
309
CELLSTYLE_END
300
CELLSTYLE
  1
TABLEFORMAT_BEGIN
 90
        5
170
     1
 91
        0
 92
        0
 62
   257
 93
        1
300
CONTENTFORMAT
  1
CONTENTFORMAT_BEGIN
 90
        0
 91
        0
 92
      512
 93
        0
300

 40
0.0
140
1.0
 94
        5
 62
     0
340
11
144
4.5
309
CONTENTFORMAT_END
171
     1
301
MARGIN
  1
CELLMARGIN_BEGIN
 40
1.5
 40
1.5
 40
0.06
 40
0.06
 40
0.18
 40
0.18
309
CELLMARGIN_END
 94
        6
 95
        1
302
GRIDFORMAT
  1
GRIDFORMAT_BEGIN
 90
        0
 91
        1
 62
     0
 92
       -2
340
0
 93
        0
 40
0.045
309
GRIDFORMAT_END
 95
        2
302
GRIDFORMAT
  1
GRIDFORMAT_BEGIN
 90
        0
 91
        1
 62
     0
 92
       -2
340
0
 93
        0
 40
0.045
309
GRIDFORMAT_END
 95
        4
302
GRIDFORMAT
  1
GRIDFORMAT_BEGIN
 90
        0
 91
        1
 62
     0
 92
       -2
340
0
 93
        0
 40
0.045
309
GRIDFORMAT_END
 95
        8
302
GRIDFORMAT
  1
GRIDFORMAT_BEGIN
 90
        0
 91
        1
 62
     0
 92
       -2
340
0
 93
        0
 40
0.045
309
GRIDFORMAT_END
 95
       16
302
GRIDFORMAT
  1
GRIDFORMAT_BEGIN
 90
        0
 91
        1
 62
     0
 92
       -2
340
0
 93
        0
 40
0.045
309
GRIDFORMAT_END
 95
       32
302
GRIDFORMAT
  1
GRIDFORMAT_BEGIN
 90
        0
 91
        1
 62
     0
 92
       -2
340
0
 93
        0
 40
0.045
309
GRIDFORMAT_END
309
TABLEFORMAT_END
  1
CELLSTYLE_BEGIN
 90
        2
 91
        1
300
_HEADER
309
CELLSTYLE_END
300
CELLSTYLE
  1
TABLEFORMAT_BEGIN
 90
        5
170
     1
 91
        0
 92
        0
 62
   257
 93
        1
300
CONTENTFORMAT
  1
CONTENTFORMAT_BEGIN
 90
        0
 91
        0
 92
      512
 93
        0
300

 40
0.0
140
1.0
 94
        2
 62
     0
340
11
144
4.5
309
CONTENTFORMAT_END
171
     1
301
MARGIN
  1
CELLMARGIN_BEGIN
 40
1.5
 40
1.5
 40
0.06
 40
0.06
 40
0.18
 40
0.18
309
CELLMARGIN_END
 94
        6
 95
        1
302
GRIDFORMAT
  1
GRIDFORMAT_BEGIN
 90
        0
 91
        1
 62
     0
 92
       -2
340
0
 93
        0
 40
0.045
309
GRIDFORMAT_END
 95
        2
302
GRIDFORMAT
  1
GRIDFORMAT_BEGIN
 90
        0
 91
        1
 62
     0
 92
       -2
340
0
 93
        0
 40
0.045
309
GRIDFORMAT_END
 95
        4
302
GRIDFORMAT
  1
GRIDFORMAT_BEGIN
 90
        0
 91
        1
 62
     0
 92
       -2
340
0
 93
        0
 40
0.045
309
GRIDFORMAT_END
 95
        8
302
GRIDFORMAT
  1
GRIDFORMAT_BEGIN
 90
        0
 91
        1
 62
     0
 92
       -2
340
0
 93
        0
 40
0.045
309
GRIDFORMAT_END
 95
       16
302
GRIDFORMAT
  1
GRIDFORMAT_BEGIN
 90
        0
 91
        1
 62
     0
 92
       -2
340
0
 93
        0
 40
0.045
309
GRIDFORMAT_END
 95
       32
302
GRIDFORMAT
  1
GRIDFORMAT_BEGIN
 90
        0
 91
        1
 62
     0
 92
       -2
340
0
 93
        0
 40
0.045
309
GRIDFORMAT_END
309
TABLEFORMAT_END
  1
CELLSTYLE_BEGIN
 90
        3
 91
        2
300
_DATA
309
CELLSTYLE_END
  0
ENDSEC
  0
SECTION
  2
ACDSDATA
 70
     2
 71
     2
  0
ACDSSCHEMA
 90
        0
  1
AcDb_Thumbnail_Schema
  2
AcDbDs::ID
280
    10
 91
        0
  2
Thumbnail_Data
280
    15
 91
        0
101
ACDSRECORD
 95
        0
 90
        2
  2
AcDbDs::TreatedAsObjectData
280
     1
291
     1
101
ACDSRECORD
 95
        0
 90
        3
  2
AcDbDs::Legacy
280
     1
291
     1
101
ACDSRECORD
  1
AcDbDs::ID
 90
        4
  2
AcDs:Indexable
280
     1
291
     1
101
ACDSRECORD
  1
AcDbDs::ID
 90
        5
  2
AcDbDs::HandleAttribute
280
     7
282
     1
  0
ACDSSCHEMA
 90
        1
  1
AcDb3DSolid_ASM_Data
  2
AcDbDs::ID
280
    10
 91
        0
  2
ASM_Data
280
    15
 91
        0
101
ACDSRECORD
 95
        1
 90
        2
  2
AcDbDs::TreatedAsObjectData
280
     1
291
     1
101
ACDSRECORD
 95
        1
 90
        3
  2
AcDbDs::Legacy
280
     1
291
     1
101
ACDSRECORD
  1
AcDbDs::ID
 90
        4
  2
AcDs:Indexable
280
     1
291
     1
101
ACDSRECORD
  1
AcDbDs::ID
 90
        5
  2
AcDbDs::HandleAttribute
280
     7
282
     1
  0
ACDSSCHEMA
 90
        2
  1
AcDbDs::TreatedAsObjectDataSchema
  2
AcDbDs::TreatedAsObjectData
280
     1
 91
        0
  0
ACDSSCHEMA
 90
        3
  1
AcDbDs::LegacySchema
  2
AcDbDs::Legacy
280
     1
 91
        0
  0
ACDSSCHEMA
 90
        4
  1
AcDbDs::IndexedPropertySchema
  2
AcDs:Indexable
280
     1
 91
        0
  0
ACDSSCHEMA
 90
        5
  1
AcDbDs::HandleAttributeSchema
  2
AcDbDs::HandleAttribute
280
     7
 91
        8
  0
ENDSEC
  0
EOF
