  0
SECTION
  2
HEADER
  9
$ACADVER
  1
AC1032
  9
$ACADMAINTVER
 90
        4
  9
$DWGCODEPAGE
  3
ANSI_1252
  9
$LASTSAVEDBY
  1
javie
  9
$REQUIREDVERSIONS
160
                 0
  9
$INSBASE
 10
0.0
 20
0.0
 30
0.0
  9
$EXTMIN
 10
0.031048566584118
 20
0.0312918742495274
 30
0.0
  9
$EXTMAX
 10
37.79194433807623
 20
13.14589165134381
 30
0.0
  9
$LIMMIN
 10
0.0
 20
0.0
  9
$LIMMAX
 10
420.0
 20
297.0
  9
$ORTHOMODE
 70
     1
  9
$REGENMODE
 70
     1
  9
$FILLMODE
 70
     1
  9
$QTEXTMODE
 70
     0
  9
$MIRRTEXT
 70
     1
  9
$LTSCALE
 40
1.0
  9
$ATTMODE
 70
     1
  9
$TEXTSIZE
 40
2.5
  9
$TRACEWID
 40
1.0
  9
$TEXTSTYLE
  7
Standard
  9
$CLAYER
  8
0
  9
$CELTYPE
  6
ByLayer
  9
$CECOLOR
 62
   256
  9
$CELTSCALE
 40
1.0
  9
$DISPSILH
 70
     0
  9
$DIMSCALE
 40
1.0
  9
$DIMASZ
 40
2.5
  9
$DIMEXO
 40
0.625
  9
$DIMDLI
 40
3.75
  9
$DIMRND
 40
0.0
  9
$DIMDLE
 40
0.0
  9
$DIMEXE
 40
1.25
  9
$DIMTP
 40
0.0
  9
$DIMTM
 40
0.0
  9
$DIMTXT
 40
2.5
  9
$DIMCEN
 40
2.5
  9
$DIMTSZ
 40
0.0
  9
$DIMTOL
 70
     0
  9
$DIMLIM
 70
     0
  9
$DIMTIH
 70
     0
  9
$DIMTOH
 70
     0
  9
$DIMSE1
 70
     0
  9
$DIMSE2
 70
     0
  9
$DIMTAD
 70
     1
  9
$DIMZIN
 70
     8
  9
$DIMBLK
  1

  9
$DIMASO
 70
     1
  9
$DIMSHO
 70
     1
  9
$DIMPOST
  1

  9
$DIMAPOST
  1

  9
$DIMALT
 70
     0
  9
$DIMALTD
 70
     3
  9
$DIMALTF
 40
0.03937007874016
  9
$DIMLFAC
 40
1.0
  9
$DIMTOFL
 70
     1
  9
$DIMTVP
 40
0.0
  9
$DIMTIX
 70
     0
  9
$DIMSOXD
 70
     0
  9
$DIMSAH
 70
     0
  9
$DIMBLK1
  1

  9
$DIMBLK2
  1

  9
$DIMSTYLE
  2
ISO-25
  9
$DIMCLRD
 70
     0
  9
$DIMCLRE
 70
     0
  9
$DIMCLRT
 70
     0
  9
$DIMTFAC
 40
1.0
  9
$DIMGAP
 40
0.625
  9
$DIMJUST
 70
     0
  9
$DIMSD1
 70
     0
  9
$DIMSD2
 70
     0
  9
$DIMTOLJ
 70
     0
  9
$DIMTZIN
 70
     8
  9
$DIMALTZ
 70
     0
  9
$DIMALTTZ
 70
     0
  9
$DIMUPT
 70
     0
  9
$DIMDEC
 70
     2
  9
$DIMTDEC
 70
     2
  9
$DIMALTU
 70
     2
  9
$DIMALTTD
 70
     3
  9
$DIMTXSTY
  7
Standard
  9
$DIMAUNIT
 70
     0
  9
$DIMADEC
 70
     0
  9
$DIMALTRND
 40
0.0
  9
$DIMAZIN
 70
     0
  9
$DIMDSEP
 70
    44
  9
$DIMATFIT
 70
     3
  9
$DIMFRAC
 70
     0
  9
$DIMLDRBLK
  1

  9
$DIMLUNIT
 70
     2
  9
$DIMLWD
 70
    -2
  9
$DIMLWE
 70
    -2
  9
$DIMTMOVE
 70
     0
  9
$DIMFXL
 40
1.0
  9
$DIMFXLON
 70
     0
  9
$DIMJOGANG
 40
0.7853981633974483
  9
$DIMTFILL
 70
     0
  9
$DIMTFILLCLR
 70
     0
  9
$DIMARCSYM
 70
     0
  9
$DIMLTYPE
  6

  9
$DIMLTEX1
  6

  9
$DIMLTEX2
  6

  9
$DIMTXTDIRECTION
 70
     0
  9
$LUNITS
 70
     2
  9
$LUPREC
 70
     4
  9
$SKETCHINC
 40
1.0
  9
$FILLETRAD
 40
0.0
  9
$AUNITS
 70
     0
  9
$AUPREC
 70
     0
  9
$MENU
  1
.
  9
$ELEVATION
 40
0.0
  9
$PELEVATION
 40
0.0
  9
$THICKNESS
 40
0.0
  9
$LIMCHECK
 70
     0
  9
$CHAMFERA
 40
0.0
  9
$CHAMFERB
 40
0.0
  9
$CHAMFERC
 40
0.0
  9
$CHAMFERD
 40
0.0
  9
$SKPOLY
 70
     0
  9
$TDCREATE
 40
2461301.517965590
  9
$TDUCREATE
 40
2461301.434632257
  9
$TDUPDATE
 40
2461301.520428750
  9
$TDUUPDATE
 40
2461301.437095417
  9
$TDINDWG
 40
0.002463611
  9
$TDUSRTIMER
 40
0.002463345
  9
$USRTIMER
 70
     1
  9
$ANGBASE
 50
0.0
  9
$ANGDIR
 70
     0
  9
$PDMODE
 70
     0
  9
$PDSIZE
 40
0.0
  9
$PLINEWID
 40
0.0
  9
$SPLFRAME
 70
     0
  9
$SPLINETYPE
 70
     6
  9
$SPLINESEGS
 70
     8
  9
$HANDSEED
  5
146C
  9
$SURFTAB1
 70
     6
  9
$SURFTAB2
 70
     6
  9
$SURFTYPE
 70
     6
  9
$SURFU
 70
     6
  9
$SURFV
 70
     6
  9
$UCSBASE
  2

  9
$UCSNAME
  2

  9
$UCSORG
 10
0.0
 20
0.0
 30
0.0
  9
$UCSXDIR
 10
1.0
 20
0.0
 30
0.0
  9
$UCSYDIR
 10
0.0
 20
1.0
 30
0.0
  9
$UCSORTHOREF
  2

  9
$UCSORTHOVIEW
 70
     0
  9
$UCSORGTOP
 10
0.0
 20
0.0
 30
0.0
  9
$UCSORGBOTTOM
 10
0.0
 20
0.0
 30
0.0
  9
$UCSORGLEFT
 10
0.0
 20
0.0
 30
0.0
  9
$UCSORGRIGHT
 10
0.0
 20
0.0
 30
0.0
  9
$UCSORGFRONT
 10
0.0
 20
0.0
 30
0.0
  9
$UCSORGBACK
 10
0.0
 20
0.0
 30
0.0
  9
$PUCSBASE
  2

  9
$PUCSNAME
  2

  9
$PUCSORG
 10
0.0
 20
0.0
 30
0.0
  9
$PUCSXDIR
 10
1.0
 20
0.0
 30
0.0
  9
$PUCSYDIR
 10
0.0
 20
1.0
 30
0.0
  9
$PUCSORTHOREF
  2

  9
$PUCSORTHOVIEW
 70
     0
  9
$PUCSORGTOP
 10
0.0
 20
0.0
 30
0.0
  9
$PUCSORGBOTTOM
 10
0.0
 20
0.0
 30
0.0
  9
$PUCSORGLEFT
 10
0.0
 20
0.0
 30
0.0
  9
$PUCSORGRIGHT
 10
0.0
 20
0.0
 30
0.0
  9
$PUCSORGFRONT
 10
0.0
 20
0.0
 30
0.0
  9
$PUCSORGBACK
 10
0.0
 20
0.0
 30
0.0
  9
$USERI1
 70
     0
  9
$USERI2
 70
     0
  9
$USERI3
 70
     0
  9
$USERI4
 70
     0
  9
$USERI5
 70
     0
  9
$USERR1
 40
0.0
  9
$USERR2
 40
0.0
  9
$USERR3
 40
0.0
  9
$USERR4
 40
0.0
  9
$USERR5
 40
0.0
  9
$WORLDVIEW
 70
     1
  9
$SHADEDGE
 70
     3
  9
$SHADEDIF
 70
    70
  9
$TILEMODE
 70
     1
  9
$MAXACTVP
 70
    64
  9
$PINSBASE
 10
0.0
 20
0.0
 30
0.0
  9
$PLIMCHECK
 70
     0
  9
$PEXTMIN
 10
25.69999999999999
 20
19.5
 30
0.0
  9
$PEXTMAX
 10
231.3
 20
175.5
 30
0.0
  9
$PLIMMIN
 10
-20.0
 20
-7.5
  9
$PLIMMAX
 10
277.0
 20
202.5
  9
$UNITMODE
 70
     0
  9
$VISRETAIN
 70
     1
  9
$PLINEGEN
 70
     0
  9
$PSLTSCALE
 70
     1
  9
$TREEDEPTH
 70
  3020
  9
$CMLSTYLE
  2
Standard
  9
$CMLJUST
 70
     0
  9
$CMLSCALE
 40
20.0
  9
$PROXYGRAPHICS
 70
     1
  9
$MEASUREMENT
 70
     1
  9
$CELWEIGHT
370
    -1
  9
$ENDCAPS
280
     0
  9
$JOINSTYLE
280
     0
  9
$LWDISPLAY
290
     0
  9
$INSUNITS
 70
     4
  9
$HYPERLINKBASE
  1

  9
$STYLESHEET
  1

  9
$XEDIT
290
     1
  9
$CEPSNTYPE
380
     0
  9
$PSTYLEMODE
290
     1
  9
$FINGERPRINTGUID
  2
{A4CAB1FC-42A2-4D6F-B95F-085582C7A8C3}
  9
$VERSIONGUID
  2
{36C78A16-883F-4C7E-B359-DA080A775EF3}
  9
$EXTNAMES
290
     1
  9
$PSVPSCALE
 40
0.0
  9
$OLESTARTUP
290
     0
  9
$SORTENTS
280
   127
  9
$INDEXCTL
280
     0
  9
$HIDETEXT
280
     1
  9
$XCLIPFRAME
280
     2
  9
$HALOGAP
280
     0
  9
$OBSCOLOR
 70
   257
  9
$OBSLTYPE
280
     0
  9
$INTERSECTIONDISPLAY
280
     0
  9
$INTERSECTIONCOLOR
 70
   257
  9
$DIMASSOC
280
     2
  9
$PROJECTNAME
  1

  9
$CAMERADISPLAY
290
     0
  9
$LENSLENGTH
 40
50.0
  9
$CAMERAHEIGHT
 40
0.0
  9
$STEPSPERSEC
 40
2.0
  9
$STEPSIZE
 40
6.0
  9
$3DDWFPREC
 40
2.0
  9
$PSOLWIDTH
 40
0.25
  9
$PSOLHEIGHT
 40
4.0
  9
$LOFTANG1
 40
1.570796326794896
  9
$LOFTANG2
 40
1.570796326794896
  9
$LOFTMAG1
 40
0.0
  9
$LOFTMAG2
 40
0.0
  9
$LOFTPARAM
 70
     7
  9
$LOFTNORMALS
280
     1
  9
$LATITUDE
 40
37.795
  9
$LONGITUDE
 40
-122.394
  9
$NORTHDIRECTION
 40
0.0
  9
$TIMEZONE
 70
 -8000
  9
$LIGHTGLYPHDISPLAY
280
     1
  9
$TILEMODELIGHTSYNCH
280
     1
  9
$CMATERIAL
347
167
  9
$SOLIDHIST
280
     0
  9
$SHOWHIST
280
     1
  9
$DWFFRAME
280
     1
  9
$DGNFRAME
280
     1
  9
$REALWORLDSCALE
290
     1
  9
$INTERFERECOLOR
 62
   256
  9
$CSHADOW
280
     0
  9
$SHADOWPLANELOCATION
 40
0.0
  0
ENDSEC
  0
SECTION
  2
CLASSES
  0
CLASS
  1
ACDBDICTIONARYWDFLT
  2
AcDbDictionaryWithDefault
  3
ObjectDBX Classes
 90
        0
 91
        1
280
     0
281
     0
  0
CLASS
  1
ACDBPLACEHOLDER
  2
AcDbPlaceHolder
  3
ObjectDBX Classes
 90
        0
 91
        0
280
     0
281
     0
  0
CLASS
  1
LAYOUT
  2
AcDbLayout
  3
ObjectDBX Classes
 90
        0
 91
        0
280
     0
281
     0
  0
CLASS
  1
DICTIONARYVAR
  2
AcDbDictionaryVar
  3
ObjectDBX Classes
 90
        0
 91
      135
280
     0
281
     0
  0
CLASS
  1
TABLESTYLE
  2
AcDbTableStyle
  3
ObjectDBX Classes
 90
     4095
 91
        1
280
     0
281
     0
  0
CLASS
  1
WIPEOUTVARIABLES
  2
AcDbWipeoutVariables
  3
"WipeOut|Product Desc:     WipeOut Dbx Application|Company:          Autodesk, Inc.|WEB Address:      www.autodesk.com"
 90
        0
 91
        0
280
     0
281
     0
  0
CLASS
  1
SCALE
  2
AcDbScale
  3
ObjectDBX Classes
 90
     1153
 91
       33
280
     0
281
     0
  0
CLASS
  1
MLEADERSTYLE
  2
AcDbMLeaderStyle
  3
ACDB_MLEADERSTYLE_CLASS
 90
     4095
 91
        2
280
     0
281
     0
  0
CLASS
  1
MATERIAL
  2
AcDbMaterial
  3
ObjectDBX Classes
 90
     1153
 91
        3
280
     0
281
     0
  0
CLASS
  1
VISUALSTYLE
  2
AcDbVisualStyle
  3
ObjectDBX Classes
 90
     4095
 91
       24
280
     0
281
     0
  0
CLASS
  1
ACDBSECTIONVIEWSTYLE
  2
AcDbSectionViewStyle
  3
ObjectDBX Classes
 90
     1025
 91
        1
280
     0
281
     0
  0
CLASS
  1
ACDBDETAILVIEWSTYLE
  2
AcDbDetailViewStyle
  3
ObjectDBX Classes
 90
     1025
 91
        1
280
     0
281
     0
  0
CLASS
  1
CELLSTYLEMAP
  2
AcDbCellStyleMap
  3
ObjectDBX Classes
 90
     1152
 91
        6
280
     0
281
     0
  0
CLASS
  1
TCH_DBCONFIG
  2
TDbConfig
  3
TCH_KERNAL|缺乏中望建筑解释器, 请下载中望建筑相关产品|网址: www.zwsoft.cn
 90
        1
 91
        1
280
     0
281
     0
  0
CLASS
  1
DIMASSOC
  2
AcDbDimAssoc
  3
ZcDbDimAssoc ObjectDBX Classes
 90
        0
 91
       26
280
     0
281
     0
  0
CLASS
  1
SORTENTSTABLE
  2
AcDbSortentsTable
  3
ObjectDBX Classes
 90
        0
 91
        4
280
     0
281
     0
  0
ENDSEC
  0
SECTION
  2
TABLES
  0
TABLE
  2
VPORT
  5
8
330
0
100
AcDbSymbolTable
 70
     1
  0
VPORT
  5
1CC
330
8
100
AcDbSymbolTableRecord
100
AcDbViewportTableRecord
  2
*Active
 70
     0
 10
0.0
 20
0.0
 11
1.0
 21
1.0
 12
19.82936715633391
 22
6.58483918987643
 13
0.0
 23
0.0
 14
10.0
 24
10.0
 15
10.0
 25
10.0
 16
0.0
 26
0.0
 36
1.0
 17
0.0
 27
0.0
 37
0.0
 40
28.70055520708773
 41
2.654631083202511
 42
50.0
 43
0.0
 44
0.0
 50
0.0
 51
0.0
 71
    16
 72
  1000
 73
     1
 74
     3
 75
     0
 76
     1
 77
     0
 78
     0
281
     0
 65
     1
110
0.0
120
0.0
130
0.0
111
1.0
121
0.0
131
0.0
112
0.0
122
1.0
132
0.0
 79
     0
146
0.0
348
185
 60
     3
 61
     5
292
     1
282
     1
141
0.0
142
0.0
 63
   250
1001
ACAD_NAV_VCDISPLAY
1070
     3
  0
ENDTAB
  0
TABLE
  2
LTYPE
  5
5
330
0
100
AcDbSymbolTable
 70
     2
  0
LTYPE
  5
14
330
5
100
AcDbSymbolTableRecord
100
AcDbLinetypeTableRecord
  2
ByBlock
 70
     0
  3

 72
    65
 73
     0
 40
0.0
  0
LTYPE
  5
15
330
5
100
AcDbSymbolTableRecord
100
AcDbLinetypeTableRecord
  2
ByLayer
 70
     0
  3

 72
    65
 73
     0
 40
0.0
  0
LTYPE
  5
16
330
5
100
AcDbSymbolTableRecord
100
AcDbLinetypeTableRecord
  2
Continuous
 70
     0
  3
Solid line
 72
    65
 73
     0
 40
0.0
  0
ENDTAB
  0
TABLE
  2
LAYER
  5
2
102
{ACAD_XDICTIONARY
360
FA
102
}
330
0
100
AcDbSymbolTable
 70
    15
  0
LAYER
  5
10
330
2
100
AcDbSymbolTableRecord
100
AcDbLayerTableRecord
  2
0
 70
     0
 62
     7
  6
Continuous
370
    -3
390
F
347
177
348
0
  0
LAYER
  5
2D0
330
2
100
AcDbSymbolTableRecord
100
AcDbLayerTableRecord
  2
Defpoints
 70
     0
 62
     7
  6
Continuous
290
     0
370
    -3
390
F
347
177
348
0
  0
LAYER
  5
2D1
330
2
100
AcDbSymbolTableRecord
100
AcDbLayerTableRecord
  2
DET-TEXTO TÍTULO
 70
     0
 62
     1
  6
Continuous
370
    -3
390
F
347
177
348
0
1001
AcAecLayerStandard
1000

1000

1001
AcCmTransparency
1071
        0
  0
LAYER
  5
2D2
330
2
100
AcDbSymbolTableRecord
100
AcDbLayerTableRecord
  2
DET-BORDE ESTRUCTURA
 70
     0
 62
     2
  6
Continuous
370
    -3
390
F
347
177
348
0
1001
AcAecLayerStandard
1000

1000

1001
AcCmTransparency
1071
 33554687
  0
LAYER
  5
2D3
330
2
100
AcDbSymbolTableRecord
100
AcDbLayerTableRecord
  2
DET-TEXTO LÍNEA
 70
     0
 62
     8
  6
Continuous
370
    -3
390
F
347
177
348
0
1001
AcAecLayerStandard
1000

1000

1001
AcCmTransparency
1071
        0
  0
LAYER
  5
2D4
330
2
100
AcDbSymbolTableRecord
100
AcDbLayerTableRecord
  2
DET-TEXTO
 70
     0
 62
     2
  6
Continuous
370
    -3
390
F
347
177
348
0
1001
AcAecLayerStandard
1000

1000

1001
AcCmTransparency
1071
 33554687
  0
LAYER
  5
2D5
330
2
100
AcDbSymbolTableRecord
100
AcDbLayerTableRecord
  2
DET-COTAS
 70
     0
 62
     8
  6
Continuous
370
    -3
390
F
347
177
348
0
1001
AcAecLayerStandard
1000

1000

1001
AcCmTransparency
1071
        0
  0
LAYER
  5
2D6
330
2
100
AcDbSymbolTableRecord
100
AcDbLayerTableRecord
  2
FINO
 70
     0
 62
     8
  6
Continuous
370
    -3
390
F
347
177
348
0
  0
LAYER
  5
2D8
330
2
100
AcDbSymbolTableRecord
100
AcDbLayerTableRecord
  2
0-CYPE4
 70
     0
 62
     6
  6
Continuous
370
    -3
390
F
347
177
348
0
  0
LAYER
  5
A3D
330
2
100
AcDbSymbolTableRecord
100
AcDbLayerTableRecord
  2
ENCEPADO
 70
     0
 62
     2
  6
Continuous
370
    -3
390
F
347
177
348
0
1001
AcAecLayerStandard
1000

1000

1001
AcCmTransparency
1071
        0
  0
ENDTAB
  0
TABLE
  2
STYLE
  5
3
330
0
100
AcDbSymbolTable
 70
     9
  0
STYLE
  5
11
330
3
100
AcDbSymbolTableRecord
100
AcDbTextStyleTableRecord
  2
Standard
 70
     0
 40
0.0
 41
1.0
 50
0.0
 71
     0
 42
2.5
  3
arial.ttf
  4

1001
ACAD
1000
Arial
1071
       34
  0
STYLE
  5
2DA
330
3
100
AcDbSymbolTableRecord
100
AcDbTextStyleTableRecord
  2
Formato
 70
     0
 40
0.0
 41
1.0
 50
0.0
 71
     0
 42
0.1
  3
GOTHIC.TTF
  4

1001
ACAD
1000
Century Gothic
1071
       34
  0
STYLE
  5
2DB
330
3
100
AcDbSymbolTableRecord
100
AcDbTextStyleTableRecord
  2
CENTURY
 70
     0
 40
0.0
 41
1.0
 50
0.0
 71
     0
 42
0.5
  3
GOTHIC.TTF
  4

1001
ACAD
1000
Century Gothic
1071
       34
  0
STYLE
  5
2DC
330
3
100
AcDbSymbolTableRecord
100
AcDbTextStyleTableRecord
  2
Estructura
 70
     0
 40
0.2
 41
1.0
 50
0.0
 71
     0
 42
0.18
  3
GOTHIC.TTF
  4

1001
ACAD
1000
Century Gothic
1071
       34
  0
ENDTAB
  0
TABLE
  2
VIEW
  5
6
330
0
100
AcDbSymbolTable
 70
     0
  0
ENDTAB
  0
TABLE
  2
UCS
  5
7
330
0
100
AcDbSymbolTable
 70
     0
  0
ENDTAB
  0
TABLE
  2
APPID
  5
9
330
0
100
AcDbSymbolTable
 70
    12
  0
APPID
  5
12
330
9
100
AcDbSymbolTableRecord
100
AcDbRegAppTableRecord
  2
ACAD
 70
     0
  0
APPID
  5
F4
330
9
100
AcDbSymbolTableRecord
100
AcDbRegAppTableRecord
  2
ACAD_PSEXT
 70
     0
  0
APPID
  5
1A9
330
9
100
AcDbSymbolTableRecord
100
AcDbRegAppTableRecord
  2
ACAD_NAV_VCDISPLAY
 70
     0
  0
APPID
  5
230
330
9
100
AcDbSymbolTableRecord
100
AcDbRegAppTableRecord
  2
AcadAnnoPO
 70
     0
  0
APPID
  5
231
330
9
100
AcDbSymbolTableRecord
100
AcDbRegAppTableRecord
  2
AcadAnnotative
 70
     0
  0
APPID
  5
233
330
9
100
AcDbSymbolTableRecord
100
AcDbRegAppTableRecord
  2
ACAD_DSTYLE_DIMJAG
 70
     0
  0
APPID
  5
234
330
9
100
AcDbSymbolTableRecord
100
AcDbRegAppTableRecord
  2
ACAD_DSTYLE_DIMBREAK
 70
     0
  0
APPID
  5
235
330
9
100
AcDbSymbolTableRecord
100
AcDbRegAppTableRecord
  2
ACAD_DSTYLE_DIMTALN
 70
     0
  0
APPID
  5
2E2
330
9
100
AcDbSymbolTableRecord
100
AcDbRegAppTableRecord
  2
AcAecLayerStandard
 70
     0
  0
APPID
  5
2E3
330
9
100
AcDbSymbolTableRecord
100
AcDbRegAppTableRecord
  2
AcCmTransparency
 70
     0
  0
APPID
  5
2E4
330
9
100
AcDbSymbolTableRecord
100
AcDbRegAppTableRecord
  2
AcLayerTools
 70
     0
  0
APPID
  5
608
330
9
100
AcDbSymbolTableRecord
100
AcDbRegAppTableRecord
  2
ACAD_DSTYLE_DIMJOGGED_JOGANGLE_SYMBOL
 70
     0
  0
ENDTAB
  0
TABLE
  2
DIMSTYLE
  5
A
330
0
100
AcDbSymbolTable
 70
    19
100
AcDbDimStyleTable
 71
     1
340
9C
  0
DIMSTYLE
105
27
330
A
100
AcDbSymbolTableRecord
100
AcDbDimStyleTableRecord
  2
Standard
 70
     0
340
11
  0
DIMSTYLE
105
9C
330
A
100
AcDbSymbolTableRecord
100
AcDbDimStyleTableRecord
  2
ISO-25
 70
     0
 41
2.5
 42
0.625
 43
3.75
 44
1.25
 73
     0
 74
     0
 77
     1
 78
     8
140
2.5
141
2.5
143
0.03937007874016
147
0.625
171
     3
172
     1
271
     2
272
     2
274
     3
278
    44
283
     0
284
     8
340
11
  0
DIMSTYLE
105
2E1
102
{ACAD_REACTORS
330
3AA
330
3AB
330
3AE
330
3B1
330
3B5
330
3B6
330
3CC
330
3AA
330
72A
330
72B
330
72C
330
72D
330
72E
330
731
330
739
330
73B
330
73C
330
ADC
330
ADD
330
AE0
330
AE3
330
B37
330
B38
330
B3B
330
B3E
330
B60
330
B75
330
B76
330
B77
330
BA6
330
FF0
330
FF1
330
FF4
330
FF7
330
103C
330
103D
330
1040
330
1073
330
1074
330
10C0
330
10C1
330
10C2
330
10E8
330
10F2
330
10F3
330
1112
330
1113
330
1191
330
1192
330
1195
330
1198
330
11DD
330
11DE
330
11E1
330
1214
330
1215
330
1261
330
1262
330
1263
330
1289
330
1293
330
1294
330
12B3
330
12B4
102
}
330
A
100
AcDbSymbolTableRecord
100
AcDbDimStyleTableRecord
  2
1 50
 70
     0
 41
0.1
 42
0.08
 43
0.2
 44
0.1
 50
90.0
 73
     0
 74
     0
 77
     1
 78
     1
140
0.2
141
-0.05
143
0.03937007874016
144
50.0
147
0.1
171
     3
172
     1
174
     1
176
     4
177
     8
271
     0
178
     2
271
     0
272
     0
274
     3
278
    44
283
     0
284
     8
289
     2
340
2DA
341
244
342
244
1001
ACAD_DSTYLE_DIMBREAK
1070
   391
1040
2.0
1001
ACAD_DSTYLE_DIMJAG
1070
   388
1040
1.5
1001
ACAD_DSTYLE_DIMTALN
1070
   392
1070
     0
  0
DIMSTYLE
105
A40
102
{ACAD_REACTORS
330
AE6
330
AE7
330
B41
330
B42
330
AE6
330
AE7
330
B41
330
B42
330
AE6
330
FFA
330
FFB
330
1043
330
119B
330
119C
330
11E4
102
}
330
A
100
AcDbSymbolTableRecord
100
AcDbDimStyleTableRecord
  2
cotas formato 1.100
 70
     0
 41
0.14
 42
0.16
 43
0.3
 44
0.2
 45
5.0
 50
90.0
 73
     0
 74
     0
 77
     1
 78
     1
140
0.2
141
-0.05
143
0.03937007874016
144
100.0
147
0.05
171
     3
172
     1
174
     1
176
     4
177
     8
271
     0
178
     2
271
     0
272
     0
274
     3
278
    44
283
     0
284
     8
289
     2
340
2DA
341
244
342
244
1001
ACAD_DSTYLE_DIMBREAK
1070
   391
1040
2.0
1001
ACAD_DSTYLE_DIMJAG
1070
   388
1040
1.5
1001
ACAD_DSTYLE_DIMTALN
1070
   392
1070
     0
  0
ENDTAB
  0
TABLE
  2
BLOCK_RECORD
  5
1
330
0
100
AcDbSymbolTable
 70
   121
  0
BLOCK_RECORD
  5
1F
330
1
100
AcDbSymbolTableRecord
100
AcDbBlockTableRecord
  2
*Model_Space
340
22
 70
     0
280
     1
281
     0
  0
BLOCK_RECORD
  5
1E3
330
1
100
AcDbSymbolTableRecord
100
AcDbBlockTableRecord
  2
*Paper_Space
340
1E4
 70
     0
280
     1
281
     0
  0
BLOCK_RECORD
  5
1DF
330
1
100
AcDbSymbolTableRecord
100
AcDbBlockTableRecord
  2
*Paper_Space0
340
1E0
 70
     0
280
     1
281
     0
  0
BLOCK_RECORD
  5
244
330
1
100
AcDbSymbolTableRecord
100
AcDbBlockTableRecord
  2
_Oblique
340
0
102
{BLKREFS
331
24D
331
24E
331
259
331
25A
331
265
331
266
331
271
331
272
331
27F
331
280
331
28B
331
28C
331
297
331
298
331
2A5
331
2A6
331
2B1
331
2B2
331
2BD
331
2BE
331
2C9
331
2CA
331
4A7
331
4A8
331
4B3
331
4B4
331
4BF
331
4C0
331
4CB
331
4CC
331
4D9
331
4DA
331
4E5
331
4E6
331
4F1
331
4F2
331
4FF
331
500
331
50B
331
50C
331
517
331
518
331
523
331
524
331
52C
331
52D
331
535
331
536
331
53E
331
53F
331
547
331
548
331
552
331
553
331
55B
331
55C
331
564
331
565
331
56F
331
570
331
578
331
579
331
581
331
582
331
58A
331
58B
331
597
331
598
331
5A3
331
5A4
331
5AF
331
5B0
331
5BB
331
5BC
331
5C7
331
5C8
331
5D5
331
5D6
331
5E1
331
5E2
331
5ED
331
5EE
331
5FB
331
5FC
331
8AB
331
8AC
331
8B7
331
8B8
331
8C3
331
8C4
331
8CF
331
8D0
331
8DB
331
8DC
331
8E9
331
8EA
331
8F5
331
8F6
331
901
331
902
331
90F
331
910
331
918
331
919
331
921
331
922
331
92A
331
92B
331
933
331
934
331
93C
331
93D
331
947
331
948
331
950
331
951
331
959
331
95A
331
964
331
965
331
971
331
972
331
97D
331
97E
331
989
331
98A
331
995
331
996
331
9A3
331
9A4
331
9AF
331
9B0
331
9BB
331
9BC
331
9C7
331
9C8
331
9D3
331
9D4
331
9DF
331
9E0
331
9ED
331
9EE
331
9F9
331
9FA
331
A05
331
A06
331
A11
331
A12
331
A1D
331
A1E
331
A29
331
A2A
331
A35
331
A36
331
CF5
331
CF6
331
D01
331
D02
331
D0D
331
D0E
331
D19
331
D1A
331
D27
331
D28
331
D33
331
D34
331
D3F
331
D40
331
D4B
331
D4C
331
D57
331
D58
331
D63
331
D64
331
D71
331
D72
331
D7D
331
D7E
331
D89
331
D8A
331
D95
331
D96
331
DA1
331
DA2
331
DAD
331
DAE
331
DB9
331
DBA
331
DC2
331
DC3
331
DCB
331
DCC
331
DD4
331
DD5
331
DDD
331
DDE
331
DE8
331
DE9
331
DF1
331
DF2
331
DFA
331
DFB
331
E03
331
E04
331
E0C
331
E0D
331
E15
331
E16
331
E20
331
E21
331
E29
331
E2A
331
E32
331
E33
331
E3B
331
E3C
331
E44
331
E45
331
E4D
331
E4E
331
E56
331
E57
331
E63
331
E64
331
E6F
331
E70
331
E7B
331
E7C
331
E87
331
E88
331
E95
331
E96
331
EA1
331
EA2
331
EAD
331
EAE
331
EB9
331
EBA
331
EC5
331
EC6
331
ED3
331
ED4
331
EDF
331
EE0
331
EEB
331
EEC
331
EF7
331
EF8
331
F03
331
F04
331
F0F
331
F10
331
F1B
331
F1C
331
F27
331
F28
331
F33
331
F34
331
F3F
331
F40
331
F4B
331
F4C
331
12BB
331
12BC
331
12C7
331
12C8
331
12D3
331
12D4
331
12DF
331
12E0
331
12ED
331
12EE
331
12F9
331
12FA
331
1305
331
1306
331
1311
331
1312
331
131D
331
131E
331
132B
331
132C
331
1337
331
1338
331
1343
331
1344
331
134F
331
1350
331
135B
331
135C
331
1367
331
1368
331
1373
331
1374
331
137F
331
1380
331
138B
331
138C
331
1397
331
1398
331
13A3
331
13A4
331
13AC
331
13AD
331
13B5
331
13B6
331
13BE
331
13BF
331
13C7
331
13C8
331
13D2
331
13D3
331
13DB
331
13DC
331
13E4
331
13E5
331
13ED
331
13EE
331
13F6
331
13F7
331
1401
331
1402
331
140A
331
140B
331
1413
331
1414
331
141C
331
141D
331
1425
331
1426
331
142E
331
142F
331
1437
331
1438
331
1440
331
1441
331
1449
331
144A
331
1452
331
1453
331
145B
331
145C
102
}
 70
     0
280
     1
281
     0
  0
BLOCK_RECORD
  5
12B5
330
1
100
AcDbSymbolTableRecord
100
AcDbBlockTableRecord
  2
*D100
340
0
 70
     0
280
     1
281
     0
  0
BLOCK_RECORD
  5
12C1
330
1
100
AcDbSymbolTableRecord
100
AcDbBlockTableRecord
  2
*D101
340
0
 70
     0
280
     1
281
     0
  0
BLOCK_RECORD
  5
12CD
330
1
100
AcDbSymbolTableRecord
100
AcDbBlockTableRecord
  2
*D102
340
0
 70
     0
280
     1
281
     0
  0
BLOCK_RECORD
  5
12D9
330
1
100
AcDbSymbolTableRecord
100
AcDbBlockTableRecord
  2
*D103
340
0
 70
     0
280
     1
281
     0
  0
BLOCK_RECORD
  5
12E5
330
1
100
AcDbSymbolTableRecord
100
AcDbBlockTableRecord
  2
*D104
340
0
 70
     0
280
     1
281
     0
  0
BLOCK_RECORD
  5
12F3
330
1
100
AcDbSymbolTableRecord
100
AcDbBlockTableRecord
  2
*D105
340
0
 70
     0
280
     1
281
     0
  0
BLOCK_RECORD
  5
12FF
330
1
100
AcDbSymbolTableRecord
100
AcDbBlockTableRecord
  2
*D106
340
0
 70
     0
280
     1
281
     0
  0
BLOCK_RECORD
  5
130B
330
1
100
AcDbSymbolTableRecord
100
AcDbBlockTableRecord
  2
*D107
340
0
 70
     0
280
     1
281
     0
  0
BLOCK_RECORD
  5
1317
330
1
100
AcDbSymbolTableRecord
100
AcDbBlockTableRecord
  2
*D108
340
0
 70
     0
280
     1
281
     0
  0
BLOCK_RECORD
  5
1323
330
1
100
AcDbSymbolTableRecord
100
AcDbBlockTableRecord
  2
*D109
340
0
 70
     0
280
     1
281
     0
  0
BLOCK_RECORD
  5
1331
330
1
100
AcDbSymbolTableRecord
100
AcDbBlockTableRecord
  2
*D110
340
0
 70
     0
280
     1
281
     0
  0
BLOCK_RECORD
  5
133D
330
1
100
AcDbSymbolTableRecord
100
AcDbBlockTableRecord
  2
*D111
340
0
 70
     0
280
     1
281
     0
  0
BLOCK_RECORD
  5
1349
330
1
100
AcDbSymbolTableRecord
100
AcDbBlockTableRecord
  2
*D112
340
0
 70
     0
280
     1
281
     0
  0
BLOCK_RECORD
  5
1355
330
1
100
AcDbSymbolTableRecord
100
AcDbBlockTableRecord
  2
*D113
340
0
 70
     0
280
     1
281
     0
  0
BLOCK_RECORD
  5
1361
330
1
100
AcDbSymbolTableRecord
100
AcDbBlockTableRecord
  2
*D114
340
0
 70
     0
280
     1
281
     0
  0
BLOCK_RECORD
  5
136D
330
1
100
AcDbSymbolTableRecord
100
AcDbBlockTableRecord
  2
*D115
340
0
 70
     0
280
     1
281
     0
  0
BLOCK_RECORD
  5
1379
330
1
100
AcDbSymbolTableRecord
100
AcDbBlockTableRecord
  2
*D116
340
0
 70
     0
280
     1
281
     0
  0
BLOCK_RECORD
  5
1385
330
1
100
AcDbSymbolTableRecord
100
AcDbBlockTableRecord
  2
*D117
340
0
 70
     0
280
     1
281
     0
  0
BLOCK_RECORD
  5
1391
330
1
100
AcDbSymbolTableRecord
100
AcDbBlockTableRecord
  2
*D118
340
0
 70
     0
280
     1
281
     0
  0
BLOCK_RECORD
  5
139D
330
1
100
AcDbSymbolTableRecord
100
AcDbBlockTableRecord
  2
*D119
340
0
 70
     0
280
     1
281
     0
  0
ENDTAB
  0
ENDSEC
  0
SECTION
  2
BLOCKS
  0
BLOCK
  5
20
330
1F
100
AcDbEntity
  8
0
100
AcDbBlockBegin
  2
*Model_Space
 70
     0
 10
0.0
 20
0.0
 30
0.0
  3
*Model_Space
  1

  0
ENDBLK
  5
21
330
1F
100
AcDbEntity
  8
0
100
AcDbBlockEnd
  0
BLOCK
  5
1E5
330
1E3
100
AcDbEntity
 67
     1
  8
0
100
AcDbBlockBegin
  2
*Paper_Space
 70
     0
 10
0.0
 20
0.0
 30
0.0
  3
*Paper_Space
  1

  0
ENDBLK
  5
1E6
330
1E3
100
AcDbEntity
 67
     1
  8
0
100
AcDbBlockEnd
  0
BLOCK
  5
1E1
330
1DF
100
AcDbEntity
  8
0
100
AcDbBlockBegin
  2
*Paper_Space0
 70
     0
 10
0.0
 20
0.0
 30
0.0
  3
*Paper_Space0
  1

  0
ENDBLK
  5
1E2
330
1DF
100
AcDbEntity
  8
0
100
AcDbBlockEnd
  0
BLOCK
  5
245
330
244
100
AcDbEntity
  8
0
100
AcDbBlockBegin
  2
_Oblique
 70
     0
 10
0.0
 20
0.0
 30
0.0
  3
_Oblique
  1

  0
LINE
  5
246
330
244
100
AcDbEntity
  8
0
  6
ByBlock
 62
     0
370
    -2
100
AcDbLine
 10
-0.5
 20
-0.5
 30
0.0
 11
0.5
 21
0.5
 31
0.0
  0
ENDBLK
  5
247
330
244
100
AcDbEntity
  8
0
100
AcDbBlockEnd
  0
BLOCK
  5
12B6
330
12B5
100
AcDbEntity
  8
0
100
AcDbBlockBegin
  2
*D100
 70
     1
 10
0.0
 20
0.0
 30
0.0
  3
*D100
  1

  0
LINE
  5
13A9
330
12B5
100
AcDbEntity
  8
DET-COTAS
 62
     8
370
    -2
100
AcDbLine
 10
2.113786542904122
 20
7.1363053729305
 30
0.0
 11
2.113786542904122
 21
6.587876833398158
 31
0.0
  0
LINE
  5
13AA
330
12B5
100
AcDbEntity
  8
DET-COTAS
 62
     8
370
    -2
100
AcDbLine
 10
9.367442369691175
 20
7.1363053729305
 30
0.0
 11
9.367442369691175
 21
6.587876833398158
 31
0.0
  0
LINE
  5
13AB
330
12B5
100
AcDbEntity
  8
DET-COTAS
 62
     4
370
    -2
100
AcDbLine
 10
2.113786542904122
 20
6.687876833398158
 30
0.0
 11
9.367442369691175
 21
6.687876833398158
 31
0.0
  0
INSERT
  5
13AC
330
12B5
100
AcDbEntity
  8
DET-COTAS
 62
     4
370
    -2
100
AcDbBlockReference
  2
_Oblique
 10
2.113786542904122
 20
6.687876833398158
 30
0.0
 41
0.1
 42
0.1
 43
0.1
 50
180.0
  0
INSERT
  5
13AD
330
12B5
100
AcDbEntity
  8
DET-COTAS
 62
     4
370
    -2
100
AcDbBlockReference
  2
_Oblique
 10
9.367442369691175
 20
6.687876833398158
 30
0.0
 41
0.1
 42
0.1
 43
0.1
  0
MTEXT
  5
13AE
330
12B5
100
AcDbEntity
  8
DET-COTAS
 62
     2
100
AcDbMText
 10
5.740614456297649
 20
6.887876833398157
 30
0.0
 40
0.2
 41
0.0
 46
0.0
 71
     5
 72
     1
  1
L1
  7
Formato
 73
     1
 44
1.0
  0
POINT
  5
13AF
330
12B5
100
AcDbEntity
  8
Defpoints
 62
     0
100
AcDbPoint
 10
2.113786542904122
 20
7.2163053729305
 30
0.0
  0
POINT
  5
13B0
330
12B5
100
AcDbEntity
  8
Defpoints
 62
     0
100
AcDbPoint
 10
9.367442369691175
 20
7.2163053729305
 30
0.0
  0
POINT
  5
13B1
330
12B5
100
AcDbEntity
  8
Defpoints
 62
     0
100
AcDbPoint
 10
9.367442369691175
 20
6.687876833398158
 30
0.0
  0
ENDBLK
  5
12B7
330
12B5
100
AcDbEntity
  8
0
100
AcDbBlockEnd
  0
BLOCK
  5
12C2
330
12C1
100
AcDbEntity
  8
0
100
AcDbBlockBegin
  2
*D101
 70
     1
 10
0.0
 20
0.0
 30
0.0
  3
*D101
  1

  0
LINE
  5
13B2
330
12C1
100
AcDbEntity
  8
DET-COTAS
 62
     8
370
    -2
100
AcDbLine
 10
2.117442369691175
 20
7.837043030560543
 30
0.0
 11
2.117442369691175
 21
7.216305372930637
 31
0.0
  0
LINE
  5
13B3
330
12C1
100
AcDbEntity
  8
DET-COTAS
 62
     8
370
    -2
100
AcDbLine
 10
4.117442369690721
 20
7.837043030560543
 30
0.0
 11
4.117442369690721
 21
7.216305372930637
 31
0.0
  0
LINE
  5
13B4
330
12C1
100
AcDbEntity
  8
DET-COTAS
 62
     4
370
    -2
100
AcDbLine
 10
2.117442369691175
 20
7.316305372930637
 30
0.0
 11
4.117442369690721
 21
7.316305372930637
 31
0.0
  0
INSERT
  5
13B5
330
12C1
100
AcDbEntity
  8
DET-COTAS
 62
     4
370
    -2
100
AcDbBlockReference
  2
_Oblique
 10
2.117442369691175
 20
7.316305372930637
 30
0.0
 41
0.1
 42
0.1
 43
0.1
 50
180.0
  0
INSERT
  5
13B6
330
12C1
100
AcDbEntity
  8
DET-COTAS
 62
     4
370
    -2
100
AcDbBlockReference
  2
_Oblique
 10
4.117442369690721
 20
7.316305372930637
 30
0.0
 41
0.1
 42
0.1
 43
0.1
  0
MTEXT
  5
13B7
330
12C1
100
AcDbEntity
  8
DET-COTAS
 62
     2
100
AcDbMText
 10
3.117442369690948
 20
7.516305372930636
 30
0.0
 40
0.2
 41
0.0
 46
0.0
 71
     5
 72
     1
  1
D
  7
Formato
 73
     1
 44
1.0
  0
POINT
  5
13B8
330
12C1
100
AcDbEntity
  8
Defpoints
 62
     0
100
AcDbPoint
 10
2.117442369691175
 20
7.917043030560543
 30
0.0
  0
POINT
  5
13B9
330
12C1
100
AcDbEntity
  8
Defpoints
 62
     0
100
AcDbPoint
 10
4.117442369690721
 20
7.917043030560543
 30
0.0
  0
POINT
  5
13BA
330
12C1
100
AcDbEntity
  8
Defpoints
 62
     0
100
AcDbPoint
 10
4.117442369690721
 20
7.316305372930637
 30
0.0
  0
ENDBLK
  5
12C3
330
12C1
100
AcDbEntity
  8
0
100
AcDbBlockEnd
  0
BLOCK
  5
12CE
330
12CD
100
AcDbEntity
  8
0
100
AcDbBlockBegin
  2
*D102
 70
     1
 10
0.0
 20
0.0
 30
0.0
  3
*D102
  1

  0
LINE
  5
13BB
330
12CD
100
AcDbEntity
  8
DET-COTAS
 62
     8
370
    -2
100
AcDbLine
 10
7.36744236969163
 20
7.837043030560543
 30
0.0
 11
7.36744236969163
 21
7.216305372930637
 31
0.0
  0
LINE
  5
13BC
330
12CD
100
AcDbEntity
  8
DET-COTAS
 62
     8
370
    -2
100
AcDbLine
 10
9.367442369691175
 20
7.837043030560543
 30
0.0
 11
9.367442369691175
 21
7.216305372930637
 31
0.0
  0
LINE
  5
13BD
330
12CD
100
AcDbEntity
  8
DET-COTAS
 62
     4
370
    -2
100
AcDbLine
 10
7.36744236969163
 20
7.316305372930637
 30
0.0
 11
9.367442369691175
 21
7.316305372930637
 31
0.0
  0
INSERT
  5
13BE
330
12CD
100
AcDbEntity
  8
DET-COTAS
 62
     4
370
    -2
100
AcDbBlockReference
  2
_Oblique
 10
7.36744236969163
 20
7.316305372930637
 30
0.0
 41
0.1
 42
0.1
 43
0.1
 50
180.0
  0
INSERT
  5
13BF
330
12CD
100
AcDbEntity
  8
DET-COTAS
 62
     4
370
    -2
100
AcDbBlockReference
  2
_Oblique
 10
9.367442369691175
 20
7.316305372930637
 30
0.0
 41
0.1
 42
0.1
 43
0.1
  0
MTEXT
  5
13C0
330
12CD
100
AcDbEntity
  8
DET-COTAS
 62
     2
100
AcDbMText
 10
8.367442369691403
 20
7.516305372930636
 30
0.0
 40
0.2
 41
0.0
 46
0.0
 71
     5
 72
     1
  1
D
  7
Formato
 73
     1
 44
1.0
  0
POINT
  5
13C1
330
12CD
100
AcDbEntity
  8
Defpoints
 62
     0
100
AcDbPoint
 10
7.36744236969163
 20
7.917043030560543
 30
0.0
  0
POINT
  5
13C2
330
12CD
100
AcDbEntity
  8
Defpoints
 62
     0
100
AcDbPoint
 10
9.367442369691175
 20
7.917043030560543
 30
0.0
  0
POINT
  5
13C3
330
12CD
100
AcDbEntity
  8
Defpoints
 62
     0
100
AcDbPoint
 10
9.367442369691175
 20
7.316305372930637
 30
0.0
  0
ENDBLK
  5
12CF
330
12CD
100
AcDbEntity
  8
0
100
AcDbBlockEnd
  0
BLOCK
  5
12DA
330
12D9
100
AcDbEntity
  8
0
100
AcDbBlockBegin
  2
*D103
 70
     1
 10
0.0
 20
0.0
 30
0.0
  3
*D103
  1

  0
LINE
  5
13C4
330
12D9
100
AcDbEntity
  8
DET-COTAS
 62
     8
370
    -2
100
AcDbLine
 10
2.037442369691175
 20
11.16704303056009
 30
0.0
 11
1.564028289210378
 21
11.16704303056009
 31
0.0
  0
LINE
  5
13C5
330
12D9
100
AcDbEntity
  8
DET-COTAS
 62
     8
370
    -2
100
AcDbLine
 10
2.037442369691175
 20
8.167043030560089
 30
0.0
 11
1.564028289210377
 21
8.167043030560089
 31
0.0
  0
LINE
  5
13C6
330
12D9
100
AcDbEntity
  8
DET-COTAS
 62
     4
370
    -2
100
AcDbLine
 10
1.664028289210378
 20
11.16704303056009
 30
0.0
 11
1.664028289210377
 21
8.167043030560089
 31
0.0
  0
INSERT
  5
13C7
330
12D9
100
AcDbEntity
  8
DET-COTAS
 62
     4
370
    -2
100
AcDbBlockReference
  2
_Oblique
 10
1.664028289210378
 20
11.16704303056009
 30
0.0
 41
0.1
 42
0.1
 43
0.1
 50
90.0
  0
INSERT
  5
13C8
330
12D9
100
AcDbEntity
  8
DET-COTAS
 62
     4
370
    -2
100
AcDbBlockReference
  2
_Oblique
 10
1.664028289210377
 20
8.167043030560089
 30
0.0
 41
0.1
 42
0.1
 43
0.1
 50
270.0
  0
MTEXT
  5
13C9
330
12D9
100
AcDbEntity
  8
DET-COTAS
 62
     2
100
AcDbMText
 10
1.464028289210378
 20
9.667043030560089
 30
0.0
 40
0.2
 41
0.0
 46
0.0
 71
     5
 72
     1
  1
H
  7
Formato
 11
0.0000000000000001
 21
1.0
 31
0.0
 73
     1
 44
1.0
  0
POINT
  5
13CA
330
12D9
100
AcDbEntity
  8
Defpoints
 62
     0
100
AcDbPoint
 10
2.117442369691175
 20
11.16704303056009
 30
0.0
  0
POINT
  5
13CB
330
12D9
100
AcDbEntity
  8
Defpoints
 62
     0
100
AcDbPoint
 10
2.117442369691175
 20
8.167043030560089
 30
0.0
  0
POINT
  5
13CC
330
12D9
100
AcDbEntity
  8
Defpoints
 62
     0
100
AcDbPoint
 10
1.664028289210377
 20
8.167043030560089
 30
0.0
  0
ENDBLK
  5
12DB
330
12D9
100
AcDbEntity
  8
0
100
AcDbBlockEnd
  0
BLOCK
  5
12E6
330
12E5
100
AcDbEntity
  8
0
100
AcDbBlockBegin
  2
*D104
 70
     1
 10
0.0
 20
0.0
 30
0.0
  3
*D104
  1

  0
LINE
  5
13CD
330
12E5
100
AcDbEntity
  8
FINO
 62
     8
370
    -2
100
AcDbLine
 10
1.957442369691175
 20
8.167043030560089
 30
0.0
 11
1.464028289212197
 21
8.167043030560089
 31
0.0
  0
LINE
  5
13CE
330
12E5
100
AcDbEntity
  8
FINO
 62
     8
370
    -2
100
AcDbLine
 10
1.957442369691175
 20
7.917043030560543
 30
0.0
 11
1.464028289212197
 21
7.917043030560543
 31
0.0
  0
LINE
  5
13CF
330
12E5
100
AcDbEntity
  8
FINO
 62
     4
370
    -2
100
AcDbLine
 10
1.664028289212196
 20
8.167043030560089
 30
0.0
 11
1.664028289212196
 21
7.917043030560543
 31
0.0
  0
LINE
  5
13D0
330
12E5
100
AcDbEntity
  8
FINO
 62
     4
370
    -2
100
AcDbLine
 10
1.664028289212196
 20
8.167043030560089
 30
0.0
 11
1.664028289212196
 21
8.307043030560089
 31
0.0
  0
LINE
  5
13D1
330
12E5
100
AcDbEntity
  8
FINO
 62
     4
370
    -2
100
AcDbLine
 10
1.664028289212196
 20
7.917043030560543
 30
0.0
 11
1.664028289212196
 21
7.777043030560544
 31
0.0
  0
INSERT
  5
13D2
330
12E5
100
AcDbEntity
  8
FINO
 62
     4
370
    -2
100
AcDbBlockReference
  2
_Oblique
 10
1.664028289212196
 20
8.167043030560089
 30
0.0
 41
0.14
 42
0.14
 43
0.14
 50
270.0
  0
INSERT
  5
13D3
330
12E5
100
AcDbEntity
  8
FINO
 62
     4
370
    -2
100
AcDbBlockReference
  2
_Oblique
 10
1.664028289212196
 20
7.917043030560543
 30
0.0
 41
0.14
 42
0.14
 43
0.14
 50
90.0
  0
MTEXT
  5
13D4
330
12E5
100
AcDbEntity
  8
FINO
 62
     2
100
AcDbMText
 10
1.508997697777798
 20
8.042043030560316
 30
0.0
 40
0.2
 41
0.0
 46
0.0
 71
     5
 72
     1
  1
10
  7
Formato
 11
0.0
 21
1.0
 31
0.0
 73
     1
 44
1.0
  0
POINT
  5
13D5
330
12E5
100
AcDbEntity
  8
Defpoints
 62
     0
100
AcDbPoint
 10
2.117442369691175
 20
8.167043030560089
 30
0.0
  0
POINT
  5
13D6
330
12E5
100
AcDbEntity
  8
Defpoints
 62
     0
100
AcDbPoint
 10
2.117442369691175
 20
7.917043030560543
 30
0.0
  0
POINT
  5
13D7
330
12E5
100
AcDbEntity
  8
Defpoints
 62
     0
100
AcDbPoint
 10
1.664028289212196
 20
7.917043030560543
 30
0.0
  0
ENDBLK
  5
12E7
330
12E5
100
AcDbEntity
  8
0
100
AcDbBlockEnd
  0
BLOCK
  5
12F4
330
12F3
100
AcDbEntity
  8
0
100
AcDbBlockBegin
  2
*D105
 70
     1
 10
0.0
 20
0.0
 30
0.0
  3
*D105
  1

  0
LINE
  5
13D8
330
12F3
100
AcDbEntity
  8
FINO
 62
     8
370
    -2
100
AcDbLine
 10
9.527442369691176
 20
11.16704303056009
 30
0.0
 11
10.31916744175796
 21
11.16704303056009
 31
0.0
  0
LINE
  5
13D9
330
12F3
100
AcDbEntity
  8
FINO
 62
     8
370
    -2
100
AcDbLine
 10
9.527442369691176
 20
8.993908267235164
 30
0.0
 11
10.31916744175796
 21
8.993908267235164
 31
0.0
  0
LINE
  5
13DA
330
12F3
100
AcDbEntity
  8
FINO
 62
     4
370
    -2
100
AcDbLine
 10
10.11916744175796
 20
11.16704303056009
 30
0.0
 11
10.11916744175796
 21
8.993908267235164
 31
0.0
  0
INSERT
  5
13DB
330
12F3
100
AcDbEntity
  8
FINO
 62
     4
370
    -2
100
AcDbBlockReference
  2
_Oblique
 10
10.11916744175796
 20
11.16704303056009
 30
0.0
 41
0.14
 42
0.14
 43
0.14
 50
90.0
  0
INSERT
  5
13DC
330
12F3
100
AcDbEntity
  8
FINO
 62
     4
370
    -2
100
AcDbBlockReference
  2
_Oblique
 10
10.11916744175796
 20
8.993908267235164
 30
0.0
 41
0.14
 42
0.14
 43
0.14
 50
270.0
  0
MTEXT
  5
13DD
330
12F3
100
AcDbEntity
  8
FINO
 62
     2
100
AcDbMText
 10
9.966652146040766
 20
10.08047564889762
 30
0.0
 40
0.2
 41
0.0
 46
0.0
 71
     5
 72
     1
  1
H-15
  7
Formato
 11
0.0
 21
1.0
 31
0.0
 73
     1
 44
1.0
  0
POINT
  5
13DE
330
12F3
100
AcDbEntity
  8
Defpoints
 62
     0
100
AcDbPoint
 10
9.367442369691175
 20
11.16704303056009
 30
0.0
  0
POINT
  5
13DF
330
12F3
100
AcDbEntity
  8
Defpoints
 62
     0
100
AcDbPoint
 10
9.367442369691175
 20
8.993908267235164
 30
0.0
  0
POINT
  5
13E0
330
12F3
100
AcDbEntity
  8
Defpoints
 62
     0
100
AcDbPoint
 10
10.11916744175796
 20
8.993908267235164
 30
0.0
  0
ENDBLK
  5
12F5
330
12F3
100
AcDbEntity
  8
0
100
AcDbBlockEnd
  0
BLOCK
  5
1300
330
12FF
100
AcDbEntity
  8
0
100
AcDbBlockBegin
  2
*D106
 70
     1
 10
0.0
 20
0.0
 30
0.0
  3
*D106
  1

  0
LINE
  5
13E1
330
12FF
100
AcDbEntity
  8
DET-COTAS
 62
     8
370
    -2
100
AcDbLine
 10
12.42378235804537
 20
7.136305373027873
 30
0.0
 11
12.42378235804537
 21
6.587876833495531
 31
0.0
  0
LINE
  5
13E2
330
12FF
100
AcDbEntity
  8
DET-COTAS
 62
     8
370
    -2
100
AcDbLine
 10
22.92743818485707
 20
7.136305373027873
 30
0.0
 11
22.92743818485707
 21
6.587876833495531
 31
0.0
  0
LINE
  5
13E3
330
12FF
100
AcDbEntity
  8
DET-COTAS
 62
     4
370
    -2
100
AcDbLine
 10
12.42378235804537
 20
6.687876833495531
 30
0.0
 11
22.92743818485707
 21
6.687876833495531
 31
0.0
  0
INSERT
  5
13E4
330
12FF
100
AcDbEntity
  8
DET-COTAS
 62
     4
370
    -2
100
AcDbBlockReference
  2
_Oblique
 10
12.42378235804537
 20
6.687876833495531
 30
0.0
 41
0.1
 42
0.1
 43
0.1
 50
180.0
  0
INSERT
  5
13E5
330
12FF
100
AcDbEntity
  8
DET-COTAS
 62
     4
370
    -2
100
AcDbBlockReference
  2
_Oblique
 10
22.92743818485707
 20
6.687876833495531
 30
0.0
 41
0.1
 42
0.1
 43
0.1
  0
MTEXT
  5
13E6
330
12FF
100
AcDbEntity
  8
DET-COTAS
 62
     2
100
AcDbMText
 10
17.67561027145122
 20
6.89039212921273
 30
0.0
 40
0.2
 41
0.0
 46
0.0
 71
     5
 72
     1
  1
L2
  7
Formato
 73
     1
 44
1.0
  0
POINT
  5
13E7
330
12FF
100
AcDbEntity
  8
Defpoints
 62
     0
100
AcDbPoint
 10
12.42378235804537
 20
7.216305373027873
 30
0.0
  0
POINT
  5
13E8
330
12FF
100
AcDbEntity
  8
Defpoints
 62
     0
100
AcDbPoint
 10
22.92743818485707
 20
7.216305373027873
 30
0.0
  0
POINT
  5
13E9
330
12FF
100
AcDbEntity
  8
Defpoints
 62
     0
100
AcDbPoint
 10
22.92743818485707
 20
6.687876833495531
 30
0.0
  0
ENDBLK
  5
1301
330
12FF
100
AcDbEntity
  8
0
100
AcDbBlockEnd
  0
BLOCK
  5
130C
330
130B
100
AcDbEntity
  8
0
100
AcDbBlockBegin
  2
*D107
 70
     1
 10
0.0
 20
0.0
 30
0.0
  3
*D107
  1

  0
LINE
  5
13EA
330
130B
100
AcDbEntity
  8
DET-COTAS
 62
     8
370
    -2
100
AcDbLine
 10
12.42743818483242
 20
7.837043030657916
 30
0.0
 11
12.42743818483242
 21
7.21630537302801
 31
0.0
  0
LINE
  5
13EB
330
130B
100
AcDbEntity
  8
DET-COTAS
 62
     8
370
    -2
100
AcDbLine
 10
14.42743818483197
 20
7.837043030657916
 30
0.0
 11
14.42743818483197
 21
7.21630537302801
 31
0.0
  0
LINE
  5
13EC
330
130B
100
AcDbEntity
  8
DET-COTAS
 62
     4
370
    -2
100
AcDbLine
 10
12.42743818483242
 20
7.31630537302801
 30
0.0
 11
14.42743818483197
 21
7.31630537302801
 31
0.0
  0
INSERT
  5
13ED
330
130B
100
AcDbEntity
  8
DET-COTAS
 62
     4
370
    -2
100
AcDbBlockReference
  2
_Oblique
 10
12.42743818483242
 20
7.31630537302801
 30
0.0
 41
0.1
 42
0.1
 43
0.1
 50
180.0
  0
INSERT
  5
13EE
330
130B
100
AcDbEntity
  8
DET-COTAS
 62
     4
370
    -2
100
AcDbBlockReference
  2
_Oblique
 10
14.42743818483197
 20
7.31630537302801
 30
0.0
 41
0.1
 42
0.1
 43
0.1
  0
MTEXT
  5
13EF
330
130B
100
AcDbEntity
  8
DET-COTAS
 62
     2
100
AcDbMText
 10
13.4274381848322
 20
7.516305373028009
 30
0.0
 40
0.2
 41
0.0
 46
0.0
 71
     5
 72
     1
  1
D
  7
Formato
 73
     1
 44
1.0
  0
POINT
  5
13F0
330
130B
100
AcDbEntity
  8
Defpoints
 62
     0
100
AcDbPoint
 10
12.42743818483242
 20
7.917043030657916
 30
0.0
  0
POINT
  5
13F1
330
130B
100
AcDbEntity
  8
Defpoints
 62
     0
100
AcDbPoint
 10
14.42743818483197
 20
7.917043030657916
 30
0.0
  0
POINT
  5
13F2
330
130B
100
AcDbEntity
  8
Defpoints
 62
     0
100
AcDbPoint
 10
14.42743818483197
 20
7.31630537302801
 30
0.0
  0
ENDBLK
  5
130D
330
130B
100
AcDbEntity
  8
0
100
AcDbBlockEnd
  0
BLOCK
  5
1318
330
1317
100
AcDbEntity
  8
0
100
AcDbBlockBegin
  2
*D108
 70
     1
 10
0.0
 20
0.0
 30
0.0
  3
*D108
  1

  0
LINE
  5
13F3
330
1317
100
AcDbEntity
  8
DET-COTAS
 62
     8
370
    -2
100
AcDbLine
 10
12.34743818483242
 20
11.16704303065746
 30
0.0
 11
11.87402410435163
 21
11.16704303065746
 31
0.0
  0
LINE
  5
13F4
330
1317
100
AcDbEntity
  8
DET-COTAS
 62
     8
370
    -2
100
AcDbLine
 10
12.34743818483242
 20
8.167043030657461
 30
0.0
 11
11.87402410435163
 21
8.167043030657461
 31
0.0
  0
LINE
  5
13F5
330
1317
100
AcDbEntity
  8
DET-COTAS
 62
     4
370
    -2
100
AcDbLine
 10
11.97402410435163
 20
11.16704303065746
 30
0.0
 11
11.97402410435163
 21
8.167043030657461
 31
0.0
  0
INSERT
  5
13F6
330
1317
100
AcDbEntity
  8
DET-COTAS
 62
     4
370
    -2
100
AcDbBlockReference
  2
_Oblique
 10
11.97402410435163
 20
11.16704303065746
 30
0.0
 41
0.1
 42
0.1
 43
0.1
 50
90.0
  0
INSERT
  5
13F7
330
1317
100
AcDbEntity
  8
DET-COTAS
 62
     4
370
    -2
100
AcDbBlockReference
  2
_Oblique
 10
11.97402410435163
 20
8.167043030657461
 30
0.0
 41
0.1
 42
0.1
 43
0.1
 50
270.0
  0
MTEXT
  5
13F8
330
1317
100
AcDbEntity
  8
DET-COTAS
 62
     2
100
AcDbMText
 10
11.77402410435163
 20
9.667043030657461
 30
0.0
 40
0.2
 41
0.0
 46
0.0
 71
     5
 72
     1
  1
H
  7
Formato
 11
0.0
 21
1.0
 31
0.0
 73
     1
 44
1.0
  0
POINT
  5
13F9
330
1317
100
AcDbEntity
  8
Defpoints
 62
     0
100
AcDbPoint
 10
12.42743818483242
 20
11.16704303065746
 30
0.0
  0
POINT
  5
13FA
330
1317
100
AcDbEntity
  8
Defpoints
 62
     0
100
AcDbPoint
 10
12.42743818483242
 20
8.167043030657461
 30
0.0
  0
POINT
  5
13FB
330
1317
100
AcDbEntity
  8
Defpoints
 62
     0
100
AcDbPoint
 10
11.97402410435163
 20
8.167043030657461
 30
0.0
  0
ENDBLK
  5
1319
330
1317
100
AcDbEntity
  8
0
100
AcDbBlockEnd
  0
BLOCK
  5
1324
330
1323
100
AcDbEntity
  8
0
100
AcDbBlockBegin
  2
*D109
 70
     1
 10
0.0
 20
0.0
 30
0.0
  3
*D109
  1

  0
LINE
  5
13FC
330
1323
100
AcDbEntity
  8
FINO
 62
     8
370
    -2
100
AcDbLine
 10
12.26743818483242
 20
8.167043030657461
 30
0.0
 11
11.77402410435435
 21
8.167043030657461
 31
0.0
  0
LINE
  5
13FD
330
1323
100
AcDbEntity
  8
FINO
 62
     8
370
    -2
100
AcDbLine
 10
12.26743818483242
 20
7.917043030657916
 30
0.0
 11
11.77402410435435
 21
7.917043030657916
 31
0.0
  0
LINE
  5
13FE
330
1323
100
AcDbEntity
  8
FINO
 62
     4
370
    -2
100
AcDbLine
 10
11.97402410435435
 20
8.167043030657461
 30
0.0
 11
11.97402410435435
 21
7.917043030657916
 31
0.0
  0
LINE
  5
13FF
330
1323
100
AcDbEntity
  8
FINO
 62
     4
370
    -2
100
AcDbLine
 10
11.97402410435435
 20
8.167043030657461
 30
0.0
 11
11.97402410435435
 21
8.307043030657462
 31
0.0
  0
LINE
  5
1400
330
1323
100
AcDbEntity
  8
FINO
 62
     4
370
    -2
100
AcDbLine
 10
11.97402410435435
 20
7.917043030657916
 30
0.0
 11
11.97402410435435
 21
7.777043030657917
 31
0.0
  0
INSERT
  5
1401
330
1323
100
AcDbEntity
  8
FINO
 62
     4
370
    -2
100
AcDbBlockReference
  2
_Oblique
 10
11.97402410435435
 20
8.167043030657461
 30
0.0
 41
0.14
 42
0.14
 43
0.14
 50
270.0
  0
INSERT
  5
1402
330
1323
100
AcDbEntity
  8
FINO
 62
     4
370
    -2
100
AcDbBlockReference
  2
_Oblique
 10
11.97402410435435
 20
7.917043030657916
 30
0.0
 41
0.14
 42
0.14
 43
0.14
 50
90.0
  0
MTEXT
  5
1403
330
1323
100
AcDbEntity
  8
FINO
 62
     2
100
AcDbMText
 10
11.81899351291995
 20
8.042043030657689
 30
0.0
 40
0.2
 41
0.0
 46
0.0
 71
     5
 72
     1
  1
10
  7
Formato
 11
0.0
 21
1.0
 31
0.0
 73
     1
 44
1.0
  0
POINT
  5
1404
330
1323
100
AcDbEntity
  8
Defpoints
 62
     0
100
AcDbPoint
 10
12.42743818483242
 20
8.167043030657461
 30
0.0
  0
POINT
  5
1405
330
1323
100
AcDbEntity
  8
Defpoints
 62
     0
100
AcDbPoint
 10
12.42743818483242
 20
7.917043030657916
 30
0.0
  0
POINT
  5
1406
330
1323
100
AcDbEntity
  8
Defpoints
 62
     0
100
AcDbPoint
 10
11.97402410435435
 20
7.917043030657916
 30
0.0
  0
ENDBLK
  5
1325
330
1323
100
AcDbEntity
  8
0
100
AcDbBlockEnd
  0
BLOCK
  5
1332
330
1331
100
AcDbEntity
  8
0
100
AcDbBlockBegin
  2
*D110
 70
     1
 10
0.0
 20
0.0
 30
0.0
  3
*D110
  1

  0
LINE
  5
1407
330
1331
100
AcDbEntity
  8
DET-COTAS
 62
     8
370
    -2
100
AcDbLine
 10
24.78291715343033
 20
11.39080897184363
 30
0.0
 11
23.69440390032006
 21
11.39080897184363
 31
0.0
  0
LINE
  5
1408
330
1331
100
AcDbEntity
  8
DET-COTAS
 62
     8
370
    -2
100
AcDbLine
 10
24.85549173622161
 20
10.07318084938038
 30
0.0
 11
23.69440390032006
 21
10.07318084938038
 31
0.0
  0
LINE
  5
1409
330
1331
100
AcDbEntity
  8
DET-COTAS
 62
     4
370
    -2
100
AcDbLine
 10
23.79440390032006
 20
11.39080897184363
 30
0.0
 11
23.79440390032006
 21
10.07318084938038
 31
0.0
  0
INSERT
  5
140A
330
1331
100
AcDbEntity
  8
DET-COTAS
 62
     4
370
    -2
100
AcDbBlockReference
  2
_Oblique
 10
23.79440390032006
 20
11.39080897184363
 30
0.0
 41
0.1
 42
0.1
 43
0.1
 50
90.0
  0
INSERT
  5
140B
330
1331
100
AcDbEntity
  8
DET-COTAS
 62
     4
370
    -2
100
AcDbBlockReference
  2
_Oblique
 10
23.79440390032006
 20
10.07318084938038
 30
0.0
 41
0.1
 42
0.1
 43
0.1
 50
270.0
  0
MTEXT
  5
140C
330
1331
100
AcDbEntity
  8
DET-COTAS
 62
     2
100
AcDbMText
 10
23.59440390032006
 20
10.73199491061201
 30
0.0
 40
0.2
 41
0.0
 46
0.0
 71
     5
 72
     1
  1
D
  7
Formato
 11
0.0
 21
1.0
 31
0.0
 73
     1
 44
1.0
  0
POINT
  5
140D
330
1331
100
AcDbEntity
  8
Defpoints
 62
     0
100
AcDbPoint
 10
24.86291715343033
 20
11.39080897184363
 30
0.0
  0
POINT
  5
140E
330
1331
100
AcDbEntity
  8
Defpoints
 62
     0
100
AcDbPoint
 10
24.93549173622161
 20
10.07318084938038
 30
0.0
  0
POINT
  5
140F
330
1331
100
AcDbEntity
  8
Defpoints
 62
     0
100
AcDbPoint
 10
23.79440390032006
 20
10.07318084938038
 30
0.0
  0
ENDBLK
  5
1333
330
1331
100
AcDbEntity
  8
0
100
AcDbBlockEnd
  0
BLOCK
  5
133E
330
133D
100
AcDbEntity
  8
0
100
AcDbBlockBegin
  2
*D111
 70
     1
 10
0.0
 20
0.0
 30
0.0
  3
*D111
  1

  0
LINE
  5
1410
330
133D
100
AcDbEntity
  8
DET-COTAS
 62
     8
370
    -2
100
AcDbLine
 10
24.78291715343033
 20
10.07318084938038
 30
0.0
 11
23.69440390031915
 21
10.07318084938038
 31
0.0
  0
LINE
  5
1411
330
133D
100
AcDbEntity
  8
DET-COTAS
 62
     8
370
    -2
100
AcDbLine
 10
24.78291715343033
 20
7.058750139949617
 30
0.0
 11
23.69440390031915
 21
7.058750139949617
 31
0.0
  0
LINE
  5
1412
330
133D
100
AcDbEntity
  8
DET-COTAS
 62
     4
370
    -2
100
AcDbLine
 10
23.79440390031915
 20
10.07318084938038
 30
0.0
 11
23.79440390031915
 21
7.058750139949617
 31
0.0
  0
INSERT
  5
1413
330
133D
100
AcDbEntity
  8
DET-COTAS
 62
     4
370
    -2
100
AcDbBlockReference
  2
_Oblique
 10
23.79440390031915
 20
10.07318084938038
 30
0.0
 41
0.1
 42
0.1
 43
0.1
 50
90.0
  0
INSERT
  5
1414
330
133D
100
AcDbEntity
  8
DET-COTAS
 62
     4
370
    -2
100
AcDbBlockReference
  2
_Oblique
 10
23.79440390031915
 20
7.058750139949617
 30
0.0
 41
0.1
 42
0.1
 43
0.1
 50
270.0
  0
MTEXT
  5
1415
330
133D
100
AcDbEntity
  8
DET-COTAS
 62
     2
100
AcDbMText
 10
23.59440390031915
 20
8.565965494665002
 30
0.0
 40
0.2
 41
0.0
 46
0.0
 71
     5
 72
     1
  1
B
  7
Formato
 11
0.0
 21
1.0
 31
0.0
 73
     1
 44
1.0
  0
POINT
  5
1416
330
133D
100
AcDbEntity
  8
Defpoints
 62
     0
100
AcDbPoint
 10
24.86291715343033
 20
10.07318084938038
 30
0.0
  0
POINT
  5
1417
330
133D
100
AcDbEntity
  8
Defpoints
 62
     0
100
AcDbPoint
 10
24.86291715343033
 20
7.058750139949617
 30
0.0
  0
POINT
  5
1418
330
133D
100
AcDbEntity
  8
Defpoints
 62
     0
100
AcDbPoint
 10
23.79440390031915
 20
7.058750139949617
 30
0.0
  0
ENDBLK
  5
133F
330
133D
100
AcDbEntity
  8
0
100
AcDbBlockEnd
  0
BLOCK
  5
134A
330
1349
100
AcDbEntity
  8
0
100
AcDbBlockBegin
  2
*D112
 70
     1
 10
0.0
 20
0.0
 30
0.0
  3
*D112
  1

  0
LINE
  5
1419
330
1349
100
AcDbEntity
  8
DET-COTAS
 62
     8
370
    -2
100
AcDbLine
 10
24.78291715343033
 20
2.726691308055601
 30
0.0
 11
23.69440390032006
 21
2.726691308055601
 31
0.0
  0
LINE
  5
141A
330
1349
100
AcDbEntity
  8
DET-COTAS
 62
     8
370
    -2
100
AcDbLine
 10
24.78291715343033
 20
4.044319430657433
 30
0.0
 11
23.69440390032006
 21
4.044319430657433
 31
0.0
  0
LINE
  5
141B
330
1349
100
AcDbEntity
  8
DET-COTAS
 62
     4
370
    -2
100
AcDbLine
 10
23.79440390032006
 20
2.726691308055601
 30
0.0
 11
23.79440390032006
 21
4.044319430657433
 31
0.0
  0
INSERT
  5
141C
330
1349
100
AcDbEntity
  8
DET-COTAS
 62
     4
370
    -2
100
AcDbBlockReference
  2
_Oblique
 10
23.79440390032006
 20
2.726691308055601
 30
0.0
 41
0.1
 42
0.1
 43
0.1
 50
270.0
  0
INSERT
  5
141D
330
1349
100
AcDbEntity
  8
DET-COTAS
 62
     4
370
    -2
100
AcDbBlockReference
  2
_Oblique
 10
23.79440390032006
 20
4.044319430657433
 30
0.0
 41
0.1
 42
0.1
 43
0.1
 50
90.0
  0
MTEXT
  5
141E
330
1349
100
AcDbEntity
  8
DET-COTAS
 62
     2
100
AcDbMText
 10
23.59440390032006
 20
3.385505369356517
 30
0.0
 40
0.2
 41
0.0
 46
0.0
 71
     5
 72
     1
  1
D
  7
Formato
 11
0.0
 21
1.0
 31
0.0
 73
     1
 44
1.0
  0
POINT
  5
141F
330
1349
100
AcDbEntity
  8
Defpoints
 62
     0
100
AcDbPoint
 10
24.86291715343033
 20
2.726691308055601
 30
0.0
  0
POINT
  5
1420
330
1349
100
AcDbEntity
  8
Defpoints
 62
     0
100
AcDbPoint
 10
24.86291715343033
 20
4.044319430657433
 30
0.0
  0
POINT
  5
1421
330
1349
100
AcDbEntity
  8
Defpoints
 62
     0
100
AcDbPoint
 10
23.79440390032006
 20
4.044319430657433
 30
0.0
  0
ENDBLK
  5
134B
330
1349
100
AcDbEntity
  8
0
100
AcDbBlockEnd
  0
BLOCK
  5
1356
330
1355
100
AcDbEntity
  8
0
100
AcDbBlockBegin
  2
*D113
 70
     1
 10
0.0
 20
0.0
 30
0.0
  3
*D113
  1

  0
LINE
  5
1422
330
1355
100
AcDbEntity
  8
DET-COTAS
 62
     8
370
    -2
100
AcDbLine
 10
24.78291715343033
 20
4.044319430657433
 30
0.0
 11
23.69440390031915
 21
4.044319430657433
 31
0.0
  0
LINE
  5
1423
330
1355
100
AcDbEntity
  8
DET-COTAS
 62
     8
370
    -2
100
AcDbLine
 10
24.26014515031233
 20
7.058750140088202
 30
0.0
 11
23.69440390031915
 21
7.058750140088202
 31
0.0
  0
LINE
  5
1424
330
1355
100
AcDbEntity
  8
DET-COTAS
 62
     4
370
    -2
100
AcDbLine
 10
23.79440390031915
 20
4.044319430657433
 30
0.0
 11
23.79440390031915
 21
7.058750140088202
 31
0.0
  0
INSERT
  5
1425
330
1355
100
AcDbEntity
  8
DET-COTAS
 62
     4
370
    -2
100
AcDbBlockReference
  2
_Oblique
 10
23.79440390031915
 20
4.044319430657433
 30
0.0
 41
0.1
 42
0.1
 43
0.1
 50
270.0
  0
INSERT
  5
1426
330
1355
100
AcDbEntity
  8
DET-COTAS
 62
     4
370
    -2
100
AcDbBlockReference
  2
_Oblique
 10
23.79440390031915
 20
7.058750140088202
 30
0.0
 41
0.1
 42
0.1
 43
0.1
 50
90.0
  0
MTEXT
  5
1427
330
1355
100
AcDbEntity
  8
DET-COTAS
 62
     2
100
AcDbMText
 10
23.59440390031915
 20
5.551534785372817
 30
0.0
 40
0.2
 41
0.0
 46
0.0
 71
     5
 72
     1
  1
B
  7
Formato
 11
0.0
 21
1.0
 31
0.0
 73
     1
 44
1.0
  0
POINT
  5
1428
330
1355
100
AcDbEntity
  8
Defpoints
 62
     0
100
AcDbPoint
 10
24.86291715343033
 20
4.044319430657433
 30
0.0
  0
POINT
  5
1429
330
1355
100
AcDbEntity
  8
Defpoints
 62
     0
100
AcDbPoint
 10
24.34014515031233
 20
7.058750140088202
 30
0.0
  0
POINT
  5
142A
330
1355
100
AcDbEntity
  8
Defpoints
 62
     0
100
AcDbPoint
 10
23.79440390031915
 20
7.058750140088202
 30
0.0
  0
ENDBLK
  5
1357
330
1355
100
AcDbEntity
  8
0
100
AcDbBlockEnd
  0
BLOCK
  5
1362
330
1361
100
AcDbEntity
  8
0
100
AcDbBlockBegin
  2
*D114
 70
     1
 10
0.0
 20
0.0
 30
0.0
  3
*D114
  1

  0
LINE
  5
142B
330
1361
100
AcDbEntity
  8
DET-COTAS
 62
     8
370
    -2
100
AcDbLine
 10
4.117442369690721
 20
7.837043030560543
 30
0.0
 11
4.117442369690721
 21
7.216305372930637
 31
0.0
  0
LINE
  5
142C
330
1361
100
AcDbEntity
  8
DET-COTAS
 62
     8
370
    -2
100
AcDbLine
 10
7.36744236969163
 20
7.837043030560543
 30
0.0
 11
7.36744236969163
 21
7.216305372930637
 31
0.0
  0
LINE
  5
142D
330
1361
100
AcDbEntity
  8
DET-COTAS
 62
     4
370
    -2
100
AcDbLine
 10
4.117442369690721
 20
7.316305372930637
 30
0.0
 11
7.36744236969163
 21
7.316305372930637
 31
0.0
  0
INSERT
  5
142E
330
1361
100
AcDbEntity
  8
DET-COTAS
 62
     4
370
    -2
100
AcDbBlockReference
  2
_Oblique
 10
4.117442369690721
 20
7.316305372930637
 30
0.0
 41
0.1
 42
0.1
 43
0.1
 50
180.0
  0
INSERT
  5
142F
330
1361
100
AcDbEntity
  8
DET-COTAS
 62
     4
370
    -2
100
AcDbBlockReference
  2
_Oblique
 10
7.36744236969163
 20
7.316305372930637
 30
0.0
 41
0.1
 42
0.1
 43
0.1
  0
MTEXT
  5
1430
330
1361
100
AcDbEntity
  8
DET-COTAS
 62
     2
100
AcDbMText
 10
5.742442369691175
 20
7.516305372930636
 30
0.0
 40
0.2
 41
0.0
 46
0.0
 71
     5
 72
     1
  1
A
  7
Formato
 73
     1
 44
1.0
  0
POINT
  5
1431
330
1361
100
AcDbEntity
  8
Defpoints
 62
     0
100
AcDbPoint
 10
4.117442369690721
 20
7.917043030560543
 30
0.0
  0
POINT
  5
1432
330
1361
100
AcDbEntity
  8
Defpoints
 62
     0
100
AcDbPoint
 10
7.36744236969163
 20
7.917043030560543
 30
0.0
  0
POINT
  5
1433
330
1361
100
AcDbEntity
  8
Defpoints
 62
     0
100
AcDbPoint
 10
7.36744236969163
 20
7.316305372930637
 30
0.0
  0
ENDBLK
  5
1363
330
1361
100
AcDbEntity
  8
0
100
AcDbBlockEnd
  0
BLOCK
  5
136E
330
136D
100
AcDbEntity
  8
0
100
AcDbBlockBegin
  2
*D115
 70
     1
 10
0.0
 20
0.0
 30
0.0
  3
*D115
  1

  0
LINE
  5
1434
330
136D
100
AcDbEntity
  8
DET-COTAS
 62
     8
370
    -2
100
AcDbLine
 10
22.92743818485707
 20
7.837043030657916
 30
0.0
 11
22.92743818485707
 21
7.21630537302801
 31
0.0
  0
LINE
  5
1435
330
136D
100
AcDbEntity
  8
DET-COTAS
 62
     8
370
    -2
100
AcDbLine
 10
20.92743818485752
 20
7.837043030657916
 30
0.0
 11
20.92743818485752
 21
7.21630537302801
 31
0.0
  0
LINE
  5
1436
330
136D
100
AcDbEntity
  8
DET-COTAS
 62
     4
370
    -2
100
AcDbLine
 10
22.92743818485707
 20
7.31630537302801
 30
0.0
 11
20.92743818485752
 21
7.31630537302801
 31
0.0
  0
INSERT
  5
1437
330
136D
100
AcDbEntity
  8
DET-COTAS
 62
     4
370
    -2
100
AcDbBlockReference
  2
_Oblique
 10
22.92743818485707
 20
7.31630537302801
 30
0.0
 41
0.1
 42
0.1
 43
0.1
  0
INSERT
  5
1438
330
136D
100
AcDbEntity
  8
DET-COTAS
 62
     4
370
    -2
100
AcDbBlockReference
  2
_Oblique
 10
20.92743818485752
 20
7.31630537302801
 30
0.0
 41
0.1
 42
0.1
 43
0.1
 50
180.0
  0
MTEXT
  5
1439
330
136D
100
AcDbEntity
  8
DET-COTAS
 62
     2
100
AcDbMText
 10
21.92743818485729
 20
7.516305373028009
 30
0.0
 40
0.2
 41
0.0
 46
0.0
 71
     5
 72
     1
  1
D
  7
Formato
 73
     1
 44
1.0
  0
POINT
  5
143A
330
136D
100
AcDbEntity
  8
Defpoints
 62
     0
100
AcDbPoint
 10
22.92743818485707
 20
7.917043030657916
 30
0.0
  0
POINT
  5
143B
330
136D
100
AcDbEntity
  8
Defpoints
 62
     0
100
AcDbPoint
 10
20.92743818485752
 20
7.917043030657916
 30
0.0
  0
POINT
  5
143C
330
136D
100
AcDbEntity
  8
Defpoints
 62
     0
100
AcDbPoint
 10
20.92743818485752
 20
7.31630537302801
 30
0.0
  0
ENDBLK
  5
136F
330
136D
100
AcDbEntity
  8
0
100
AcDbBlockEnd
  0
BLOCK
  5
137A
330
1379
100
AcDbEntity
  8
0
100
AcDbBlockBegin
  2
*D116
 70
     1
 10
0.0
 20
0.0
 30
0.0
  3
*D116
  1

  0
LINE
  5
143D
330
1379
100
AcDbEntity
  8
DET-COTAS
 62
     8
370
    -2
100
AcDbLine
 10
14.42743818483197
 20
7.837043030657916
 30
0.0
 11
14.42743818483197
 21
7.21630537302801
 31
0.0
  0
LINE
  5
143E
330
1379
100
AcDbEntity
  8
DET-COTAS
 62
     8
370
    -2
100
AcDbLine
 10
17.67743818484474
 20
7.837043030657916
 30
0.0
 11
17.67743818484474
 21
7.21630537302801
 31
0.0
  0
LINE
  5
143F
330
1379
100
AcDbEntity
  8
DET-COTAS
 62
     4
370
    -2
100
AcDbLine
 10
14.42743818483197
 20
7.31630537302801
 30
0.0
 11
17.67743818484474
 21
7.31630537302801
 31
0.0
  0
INSERT
  5
1440
330
1379
100
AcDbEntity
  8
DET-COTAS
 62
     4
370
    -2
100
AcDbBlockReference
  2
_Oblique
 10
14.42743818483197
 20
7.31630537302801
 30
0.0
 41
0.1
 42
0.1
 43
0.1
 50
180.0
  0
INSERT
  5
1441
330
1379
100
AcDbEntity
  8
DET-COTAS
 62
     4
370
    -2
100
AcDbBlockReference
  2
_Oblique
 10
17.67743818484474
 20
7.31630537302801
 30
0.0
 41
0.1
 42
0.1
 43
0.1
  0
MTEXT
  5
1442
330
1379
100
AcDbEntity
  8
DET-COTAS
 62
     2
100
AcDbMText
 10
16.05243818483836
 20
7.516305373028009
 30
0.0
 40
0.2
 41
0.0
 46
0.0
 71
     5
 72
     1
  1
B
  7
Formato
 73
     1
 44
1.0
  0
POINT
  5
1443
330
1379
100
AcDbEntity
  8
Defpoints
 62
     0
100
AcDbPoint
 10
14.42743818483197
 20
7.917043030657916
 30
0.0
  0
POINT
  5
1444
330
1379
100
AcDbEntity
  8
Defpoints
 62
     0
100
AcDbPoint
 10
17.67743818484474
 20
7.917043030657916
 30
0.0
  0
POINT
  5
1445
330
1379
100
AcDbEntity
  8
Defpoints
 62
     0
100
AcDbPoint
 10
17.67743818484474
 20
7.31630537302801
 30
0.0
  0
ENDBLK
  5
137B
330
1379
100
AcDbEntity
  8
0
100
AcDbBlockEnd
  0
BLOCK
  5
1386
330
1385
100
AcDbEntity
  8
0
100
AcDbBlockBegin
  2
*D117
 70
     1
 10
0.0
 20
0.0
 30
0.0
  3
*D117
  1

  0
LINE
  5
1446
330
1385
100
AcDbEntity
  8
DET-COTAS
 62
     8
370
    -2
100
AcDbLine
 10
17.67743818484474
 20
7.837043030657916
 30
0.0
 11
17.67743818484474
 21
7.21630537302801
 31
0.0
  0
LINE
  5
1447
330
1385
100
AcDbEntity
  8
DET-COTAS
 62
     8
370
    -2
100
AcDbLine
 10
20.92743818485752
 20
7.837043030657916
 30
0.0
 11
20.92743818485752
 21
7.21630537302801
 31
0.0
  0
LINE
  5
1448
330
1385
100
AcDbEntity
  8
DET-COTAS
 62
     4
370
    -2
100
AcDbLine
 10
17.67743818484474
 20
7.31630537302801
 30
0.0
 11
20.92743818485752
 21
7.31630537302801
 31
0.0
  0
INSERT
  5
1449
330
1385
100
AcDbEntity
  8
DET-COTAS
 62
     4
370
    -2
100
AcDbBlockReference
  2
_Oblique
 10
17.67743818484474
 20
7.31630537302801
 30
0.0
 41
0.1
 42
0.1
 43
0.1
 50
180.0
  0
INSERT
  5
144A
330
1385
100
AcDbEntity
  8
DET-COTAS
 62
     4
370
    -2
100
AcDbBlockReference
  2
_Oblique
 10
20.92743818485752
 20
7.31630537302801
 30
0.0
 41
0.1
 42
0.1
 43
0.1
  0
MTEXT
  5
144B
330
1385
100
AcDbEntity
  8
DET-COTAS
 62
     2
100
AcDbMText
 10
19.30243818485113
 20
7.516305373028009
 30
0.0
 40
0.2
 41
0.0
 46
0.0
 71
     5
 72
     1
  1
B
  7
Formato
 73
     1
 44
1.0
  0
POINT
  5
144C
330
1385
100
AcDbEntity
  8
Defpoints
 62
     0
100
AcDbPoint
 10
17.67743818484474
 20
7.917043030657916
 30
0.0
  0
POINT
  5
144D
330
1385
100
AcDbEntity
  8
Defpoints
 62
     0
100
AcDbPoint
 10
20.92743818485752
 20
7.917043030657916
 30
0.0
  0
POINT
  5
144E
330
1385
100
AcDbEntity
  8
Defpoints
 62
     0
100
AcDbPoint
 10
20.92743818485752
 20
7.31630537302801
 30
0.0
  0
ENDBLK
  5
1387
330
1385
100
AcDbEntity
  8
0
100
AcDbBlockEnd
  0
BLOCK
  5
1392
330
1391
100
AcDbEntity
  8
0
100
AcDbBlockBegin
  2
*D118
 70
     1
 10
0.0
 20
0.0
 30
0.0
  3
*D118
  1

  0
LINE
  5
144F
330
1391
100
AcDbEntity
  8
DET-COTAS
 62
     8
370
    -2
100
AcDbLine
 10
32.83188398391305
 20
6.97875014001891
 30
0.0
 11
32.83188398391305
 21
5.851173206706253
 31
0.0
  0
LINE
  5
1450
330
1391
100
AcDbEntity
  8
DET-COTAS
 62
     8
370
    -2
100
AcDbLine
 10
35.65275950231173
 20
6.97875014001891
 30
0.0
 11
35.65275950231173
 21
5.851173206706253
 31
0.0
  0
LINE
  5
1451
330
1391
100
AcDbEntity
  8
DET-COTAS
 62
     4
370
    -2
100
AcDbLine
 10
32.83188398391305
 20
5.951173206706252
 30
0.0
 11
35.65275950231173
 21
5.951173206706252
 31
0.0
  0
INSERT
  5
1452
330
1391
100
AcDbEntity
  8
DET-COTAS
 62
     4
370
    -2
100
AcDbBlockReference
  2
_Oblique
 10
32.83188398391305
 20
5.951173206706252
 30
0.0
 41
0.1
 42
0.1
 43
0.1
 50
180.0
  0
INSERT
  5
1453
330
1391
100
AcDbEntity
  8
DET-COTAS
 62
     4
370
    -2
100
AcDbBlockReference
  2
_Oblique
 10
35.65275950231173
 20
5.951173206706252
 30
0.0
 41
0.1
 42
0.1
 43
0.1
  0
MTEXT
  5
1454
330
1391
100
AcDbEntity
  8
DET-COTAS
 62
     2
100
AcDbMText
 10
34.24232174311239
 20
6.151173206706252
 30
0.0
 40
0.2
 41
0.0
 46
0.0
 71
     5
 72
     1
  1
A
  7
Formato
 73
     1
 44
1.0
  0
POINT
  5
1455
330
1391
100
AcDbEntity
  8
Defpoints
 62
     0
100
AcDbPoint
 10
32.83188398391305
 20
7.05875014001891
 30
0.0
  0
POINT
  5
1456
330
1391
100
AcDbEntity
  8
Defpoints
 62
     0
100
AcDbPoint
 10
35.65275950231173
 20
7.05875014001891
 30
0.0
  0
POINT
  5
1457
330
1391
100
AcDbEntity
  8
Defpoints
 62
     0
100
AcDbPoint
 10
35.65275950231173
 20
5.951173206706252
 30
0.0
  0
ENDBLK
  5
1393
330
1391
100
AcDbEntity
  8
0
100
AcDbBlockEnd
  0
BLOCK
  5
139E
330
139D
100
AcDbEntity
  8
0
100
AcDbBlockBegin
  2
*D119
 70
     1
 10
0.0
 20
0.0
 30
0.0
  3
*D119
  1

  0
LINE
  5
1458
330
139D
100
AcDbEntity
  8
DET-COTAS
 62
     8
370
    -2
100
AcDbLine
 10
24.86291715347265
 20
2.65530896855818
 30
0.0
 11
24.86291715347615
 21
2.106880429025838
 31
0.0
  0
LINE
  5
1459
330
139D
100
AcDbEntity
  8
DET-COTAS
 62
     8
370
    -2
100
AcDbLine
 10
30.5046681902527
 20
2.655308968594219
 30
0.0
 11
30.50466819025621
 21
2.106880429061877
 31
0.0
  0
LINE
  5
145A
330
139D
100
AcDbEntity
  8
DET-COTAS
 62
     4
370
    -2
100
AcDbLine
 10
24.86291715347551
 20
2.206880429025838
 30
0.0
 11
30.50466819025557
 21
2.206880429061877
 31
0.0
  0
INSERT
  5
145B
330
139D
100
AcDbEntity
  8
DET-COTAS
 62
     4
370
    -2
100
AcDbBlockReference
  2
_Oblique
 10
24.86291715347551
 20
2.206880429025838
 30
0.0
 41
0.1
 42
0.1
 43
0.1
 50
180.000000000366
  0
INSERT
  5
145C
330
139D
100
AcDbEntity
  8
DET-COTAS
 62
     4
370
    -2
100
AcDbBlockReference
  2
_Oblique
 10
30.50466819025557
 20
2.206880429061877
 30
0.0
 41
0.1
 42
0.1
 43
0.1
  0
MTEXT
  5
145D
330
139D
100
AcDbEntity
  8
DET-COTAS
 62
     2
100
AcDbMText
 10
27.68379267186426
 20
2.406880429043858
 30
0.0
 40
0.2
 41
0.0
 46
0.0
 71
     5
 72
     1
  1
L1
  7
Formato
 11
1.0
 21
0.0000000000063879
 31
0.0
 73
     1
 44
1.0
  0
POINT
  5
145E
330
139D
100
AcDbEntity
  8
Defpoints
 62
     0
100
AcDbPoint
 10
24.86291715347214
 20
2.735308968558181
 30
0.0
  0
POINT
  5
145F
330
139D
100
AcDbEntity
  8
Defpoints
 62
     0
100
AcDbPoint
 10
30.50466819025219
 20
2.735308968594219
 30
0.0
  0
POINT
  5
1460
330
139D
100
AcDbEntity
  8
Defpoints
 62
     0
100
AcDbPoint
 10
30.50466819025557
 20
2.206880429061877
 30
0.0
  0
ENDBLK
  5
139F
330
139D
100
AcDbEntity
  8
0
100
AcDbBlockEnd
  0
ENDSEC
  0
SECTION
  2
ENTITIES
  0
LINE
  5
1119
330
1F
100
AcDbEntity
  8
DET-TEXTO
100
AcDbLine
 10
1.212497442833551
 20
0.9987504412436667
 30
0.0
 11
1.212497442833551
 21
3.790842264264322
 31
0.0
  0
LINE
  5
111A
330
1F
100
AcDbEntity
  8
DET-TEXTO
100
AcDbLine
 10
1.212497442833551
 20
3.790842264264322
 30
0.0
 11
18.36384215863259
 21
3.790842264264322
 31
0.0
  0
TEXT
  5
111C
330
1F
100
AcDbEntity
  8
DET-TEXTO
100
AcDbText
 10
5.50723739590083
 20
4.027531325545917
 30
0.0
 40
0.26
  1
ENCEPADO 6 MICROPILOTES
  7
Estructura
 72
     1
 11
7.990582059395052
 21
4.027531325545917
 31
0.0
100
AcDbText
  0
TEXT
  5
111D
330
1F
100
AcDbEntity
  8
DET-TEXTO
100
AcDbText
 10
2.292662615329705
 20
2.792722141537362
 30
0.0
 40
0.256
  1
%%c (mm)
  7
Estructura
 72
     1
 11
2.962595993983682
 21
2.792722141537362
 31
0.0
100
AcDbText
  0
TEXT
  5
111E
330
1F
100
AcDbEntity
  8
DET-TEXTO
100
AcDbText
 10
2.934131951919631
 20
1.53379563175242
 30
0.0
 40
0.256
  1
180
  7
Estructura
 72
     1
 11
3.230420191212629
 21
1.53379563175242
 31
0.0
100
AcDbText
  0
LWPOLYLINE
  5
111F
330
1F
100
AcDbEntity
  8
DET-TEXTO
100
AcDbPolyline
 90
        2
 70
     0
 43
0.2564884223999999
 10
1.869532314314397
 20
1.623917197691591
 42
0.4142135623717262
 10
1.997776525514523
 20
1.495672986492374
 42
1.0
  0
LINE
  5
1120
330
1F
100
AcDbEntity
  8
DET-TEXTO
100
AcDbLine
 10
1.801841899998776
 20
1.623917197691591
 30
0.0
 11
2.168596439512526
 21
1.623917197691591
 31
0.0
  0
LINE
  5
1121
330
1F
100
AcDbEntity
  8
DET-TEXTO
100
AcDbLine
 10
1.997776525514523
 20
1.835764602262608
 30
0.0
 11
1.997776525514523
 21
1.390057386849841
 31
0.0
  0
LINE
  5
1122
330
1F
100
AcDbEntity
  8
DET-TEXTO
100
AcDbLine
 10
2.339761088714254
 20
1.623917197691591
 30
0.0
 11
1.655791962314338
 21
1.623917197691591
 31
0.0
  0
CIRCLE
  5
1123
330
1F
100
AcDbEntity
  8
DET-TEXTO
100
AcDbCircle
 10
1.997776525514523
 20
1.623917197691591
 30
0.0
 40
0.2564884223999999
  0
LWPOLYLINE
  5
1124
330
1F
100
AcDbEntity
  8
DET-TEXTO
100
AcDbPolyline
 90
        2
 70
     0
 43
0.2564884223999999
 10
2.12602073671465
 20
1.623917197691591
 42
0.4142135623717262
 10
1.997776525514523
 20
1.752161408890808
 42
1.0
  0
LINE
  5
1125
330
1F
100
AcDbEntity
  8
DET-TEXTO
100
AcDbLine
 10
1.997776525514523
 20
2.023448140244747
 30
0.0
 11
1.997776525514523
 21
1.253433920891732
 31
0.0
  0
TEXT
  5
1126
330
1F
100
AcDbEntity
  8
DET-TEXTO
100
AcDbText
 10
1.650793348703266
 20
3.224384598583876
 30
0.0
 40
0.256
  1
MICROPILOTE
  7
Estructura
 72
     1
 11
2.8171509285809
 21
3.224384598583876
 31
0.0
100
AcDbText
  0
TEXT
  5
1127
330
1F
100
AcDbEntity
  8
DET-TEXTO TÍTULO
100
AcDbText
 10
0.1080780779502812
 20
12.68596657779359
 30
0.0
 40
0.3
  1
ENCEPADO TIPO 4- 6 MICROPILOTES
  7
Formato
100
AcDbText
  0
LINE
  5
1128
330
1F
100
AcDbEntity
  8
DET-TEXTO
100
AcDbLine
 10
4.401041399169713
 20
0.9987504412436667
 30
0.0
 11
4.401041399169713
 21
3.790842264264322
 31
0.0
  0
TEXT
  5
1129
330
1F
100
AcDbEntity
  8
DET-TEXTO
100
AcDbText
 10
4.595762210898863
 20
2.792722141537362
 30
0.0
 40
0.256
  1
(cm)
  7
Estructura
 72
     1
 11
5.009782605188462
 21
2.792722141537362
 31
0.0
100
AcDbText
  0
TEXT
  5
112A
330
1F
100
AcDbEntity
  8
DET-TEXTO
100
AcDbText
 10
4.850639090868925
 20
3.224384598583876
 30
0.0
 40
0.256
  1
H
  7
Estructura
 72
     1
 11
4.972373965104139
 21
3.224384598583876
 31
0.0
100
AcDbText
  0
LINE
  5
112B
330
1F
100
AcDbEntity
  8
DET-TEXTO
100
AcDbLine
 10
1.212497442833551
 20
0.9987504412436667
 30
0.0
 11
18.36384215863259
 21
0.9987504412436667
 31
0.0
  0
TEXT
  5
112C
330
1F
100
AcDbEntity
  8
DET-TEXTO
100
AcDbText
 10
4.75477377425723
 20
1.53379563175242
 30
0.0
 40
0.256
  1
95
  7
Estructura
 72
     1
 11
4.952299267119229
 21
1.53379563175242
 31
0.0
100
AcDbText
  0
LINE
  5
112D
330
1F
100
AcDbEntity
  8
DET-TEXTO
100
AcDbLine
 10
6.812691658821364
 20
3.790842264264322
 30
0.0
 11
6.812691658821364
 21
0.9987504412436667
 31
0.0
  0
TEXT
  5
112E
330
1F
100
AcDbEntity
  8
DET-TEXTO
100
AcDbText
 10
7.007412470550514
 20
2.792722141537362
 30
0.0
 40
0.256
  1
(cm)
  7
Estructura
 72
     1
 11
7.421432864840113
 21
2.792722141537362
 31
0.0
100
AcDbText
  0
TEXT
  5
112F
330
1F
100
AcDbEntity
  8
DET-TEXTO
100
AcDbText
 10
7.281693837264288
 20
3.224384598583876
 30
0.0
 40
0.256
  1
B
  7
Estructura
 72
     1
 11
7.384024224755791
 21
3.224384598583876
 31
0.0
100
AcDbText
  0
TEXT
  5
1130
330
1F
100
AcDbEntity
  8
DET-TEXTO
100
AcDbText
 10
7.166424033909336
 20
1.53379563175242
 30
0.0
 40
0.256
  1
70
  7
Estructura
 72
     1
 11
7.363949526771335
 21
1.53379563175242
 31
0.0
100
AcDbText
  0
LINE
  5
1131
330
1F
100
AcDbEntity
  8
DET-TEXTO
100
AcDbLine
 10
8.01851678864719
 20
3.790842264264322
 30
0.0
 11
8.01851678864719
 21
0.9987504412436667
 31
0.0
  0
TEXT
  5
1132
330
1F
100
AcDbEntity
  8
DET-TEXTO
100
AcDbText
 10
8.213237600376794
 20
2.792722141537362
 30
0.0
 40
0.256
  1
(cm)
  7
Estructura
 72
     1
 11
8.627257994666393
 21
2.792722141537362
 31
0.0
100
AcDbText
  0
TEXT
  5
1133
330
1F
100
AcDbEntity
  8
DET-TEXTO
100
AcDbText
 10
8.359431951454492
 20
3.224384598583876
 30
0.0
 40
0.256
  1
L1 
  7
Estructura
 72
     1
 11
8.589849354581616
 21
3.224384598583876
 31
0.0
100
AcDbText
  0
TEXT
  5
1134
330
1F
100
AcDbEntity
  8
DET-TEXTO
100
AcDbText
 10
8.273486417304162
 20
1.53379563175242
 30
0.0
 40
0.256
  1
140
  7
Estructura
 72
     1
 11
8.569774656597161
 21
1.53379563175242
 31
0.0
100
AcDbText
  0
LINE
  5
1135
330
1F
100
AcDbEntity
  8
DET-TEXTO
100
AcDbLine
 10
10.43016704829975
 20
3.790842264264322
 30
0.0
 11
10.43016704829975
 21
0.9987504412436667
 31
0.0
  0
TEXT
  5
1136
330
1F
100
AcDbEntity
  8
DET-TEXTO
100
AcDbText
 10
10.62488786002935
 20
2.792722141537362
 30
0.0
 40
0.256
  1
(cm)
  7
Estructura
 72
     1
 11
11.03890825431895
 21
2.792722141537362
 31
0.0
100
AcDbText
  0
TEXT
  5
1137
330
1F
100
AcDbEntity
  8
DET-TEXTO
100
AcDbText
 10
10.86888778554712
 20
3.224384598583876
 30
0.0
 40
0.256
  1
D
  7
Estructura
 72
     1
 11
11.00149961423508
 21
3.224384598583876
 31
0.0
100
AcDbText
  0
TEXT
  5
1138
330
1F
100
AcDbEntity
  8
DET-TEXTO
100
AcDbText
 10
10.63579881155903
 20
1.53379563175242
 30
0.0
 40
0.256
  1
32,5
  7
Estructura
 72
     1
 11
10.98142491624972
 21
1.53379563175242
 31
0.0
100
AcDbText
  0
LINE
  5
1139
330
1F
100
AcDbEntity
  8
DET-TEXTO
100
AcDbLine
 10
11.63599217812648
 20
3.790842264264322
 30
0.0
 11
11.63599217812648
 21
0.9987504412436667
 31
0.0
  0
TEXT
  5
113A
330
1F
100
AcDbEntity
  8
DET-TEXTO
100
AcDbText
 10
12.04730074561861
 20
3.223627165656418
 30
0.0
 40
0.256
  1
As1
  7
Estructura
 72
     1
 11
12.34706961033649
 21
3.223627165656418
 31
0.0
100
AcDbText
  0
LINE
  5
113B
330
1F
100
AcDbEntity
  8
DET-TEXTO
100
AcDbLine
 10
12.98156217422743
 20
3.790842264264322
 30
0.0
 11
12.98156217422743
 21
0.9987504412436667
 31
0.0
  0
TEXT
  5
113C
330
1F
100
AcDbEntity
  8
DET-TEXTO
100
AcDbText
 10
11.86724870314249
 20
1.53379563175242
 30
0.0
 40
0.256
  1
4%%C16
  7
Estructura
 72
     1
 11
12.31825074257145
 21
1.53379563175242
 31
0.0
100
AcDbText
  0
LWPOLYLINE
  5
113D
330
1F
100
AcDbEntity
  8
DET-TEXTO
100
AcDbPolyline
 90
        4
 70
     0
 43
0.0
 10
12.8199817289275
 20
2.945798668065274
 10
12.8199817289275
 20
2.566205127336909
 10
11.81198722900549
 20
2.566205127336909
 10
11.81198722900549
 20
2.945798668065274
  0
TEXT
  5
113E
330
1F
100
AcDbEntity
  8
DET-TEXTO
100
AcDbText
 10
13.3928707417191
 20
3.223627165656418
 30
0.0
 40
0.256
  1
As2
  7
Estructura
 72
     1
 11
13.69263960643698
 21
3.223627165656418
 31
0.0
100
AcDbText
  0
LINE
  5
113F
330
1F
100
AcDbEntity
  8
DET-TEXTO
100
AcDbLine
 10
14.32713217032883
 20
3.790842264264322
 30
0.0
 11
14.32713217032883
 21
0.9987504412436667
 31
0.0
  0
TEXT
  5
1140
330
1F
100
AcDbEntity
  8
DET-TEXTO
100
AcDbText
 10
13.21281869924389
 20
1.53379563175242
 30
0.0
 40
0.256
  1
4%%C12
  7
Estructura
 72
     1
 11
13.66382073867285
 21
1.53379563175242
 31
0.0
100
AcDbText
  0
TEXT
  5
1141
330
1F
100
AcDbEntity
  8
DET-TEXTO
100
AcDbText
 10
14.73844073782051
 20
3.223627165656418
 30
0.0
 40
0.256
  1
As3
  7
Estructura
 72
     1
 11
15.03820960253839
 21
3.223627165656418
 31
0.0
100
AcDbText
  0
LINE
  5
1142
330
1F
100
AcDbEntity
  8
DET-TEXTO
100
AcDbLine
 10
15.67270216642979
 20
3.790842264264322
 30
0.0
 11
15.67270216642979
 21
0.9987504412436667
 31
0.0
  0
TEXT
  5
1143
330
1F
100
AcDbEntity
  8
DET-TEXTO
100
AcDbText
 10
14.55838869534439
 20
1.53379563175242
 30
0.0
 40
0.256
  1
4%%C16
  7
Estructura
 72
     1
 11
15.00939073477335
 21
1.53379563175242
 31
0.0
100
AcDbText
  0
LWPOLYLINE
  5
1144
330
1F
100
AcDbEntity
  8
DET-TEXTO
100
AcDbPolyline
 90
        4
 70
     0
 43
0.0
 10
15.51112172112985
 20
2.945798668065274
 10
15.51112172112985
 20
2.566205127336909
 10
14.50312722120784
 20
2.566205127336909
 10
14.50312722120784
 20
2.945798668065274
  0
TEXT
  5
1145
330
1F
100
AcDbEntity
  8
DET-TEXTO
100
AcDbText
 10
16.03467286852376
 20
3.223627165656418
 30
0.0
 40
0.256
  1
As4 
  7
Estructura
 72
     1
 11
16.38377959863933
 21
3.223627165656418
 31
0.0
100
AcDbText
  0
LINE
  5
1146
330
1F
100
AcDbEntity
  8
DET-TEXTO
100
AcDbLine
 10
17.01827216253119
 20
3.790842264264322
 30
0.0
 11
17.01827216253119
 21
0.9987504412436667
 31
0.0
  0
TEXT
  5
1147
330
1F
100
AcDbEntity
  8
DET-TEXTO
100
AcDbText
 10
15.90395869144579
 20
1.53379563175242
 30
0.0
 40
0.256
  1
7%%C16
  7
Estructura
 72
     1
 11
16.35496073087475
 21
1.53379563175242
 31
0.0
100
AcDbText
  0
LWPOLYLINE
  5
1148
330
1F
100
AcDbEntity
  8
DET-TEXTO
100
AcDbPolyline
 90
        4
 70
     0
 43
0.0
 10
14.1655517250289
 20
2.566205127336909
 10
14.1655517250289
 20
2.945798668065274
 10
13.15755722510644
 20
2.945798668065274
 10
13.15755722510644
 20
2.566205127336909
  0
LWPOLYLINE
  5
1149
330
1F
100
AcDbEntity
  8
DET-TEXTO TÍTULO
100
AcDbPolyline
 90
        4
 70
     1
 43
0.0
 10
0.031048566584118
 20
12.44372542070347
 10
37.72993567914593
 20
12.44372542070347
 10
37.72993567914593
 20
0.0312918742495274
 10
0.031048566584118
 20
0.0312918742495274
  0
LINE
  5
114A
330
1F
100
AcDbEntity
  8
DET-BORDE ESTRUCTURA
100
AcDbLine
 10
4.392442369691266
 20
8.993908267235164
 30
0.0
 11
4.392442369691266
 21
8.293927501216566
 31
0.0
  0
LINE
  5
114B
330
1F
100
AcDbEntity
  8
DET-BORDE ESTRUCTURA
100
AcDbLine
 10
3.842442369691084
 20
8.993908267235164
 30
0.0
 11
3.842442369691084
 21
8.293927501216566
 31
0.0
  0
SPLINE
  5
114C
330
1F
100
AcDbEntity
  8
DET-BORDE ESTRUCTURA
100
AcDbSpline
210
0.0
220
0.0
230
1.0
 70
     8
 71
     3
 72
    12
 73
     8
 74
     0
 42
0.000000001
 43
0.0000000001
 40
2.830196849179315
 40
2.830196849179315
 40
2.830196849179315
 40
2.830196849179315
 40
3.499536708348877
 40
4.340058987027271
 40
4.961362047448626
 40
5.239504918467535
 40
5.453044804461241
 40
5.453044804461241
 40
5.453044804461241
 40
5.453044804461241
 10
4.609563964489112
 20
5.549654354182402
 30
0.0
 10
4.622884339422867
 20
5.772526954368695
 30
0.0
 10
4.681946198370511
 20
6.275609197500452
 30
0.0
 10
4.541478018381909
 20
6.985058070571776
 30
0.0
 10
4.6486276928281
 20
7.561178733751612
 30
0.0
 10
4.648973392369057
 20
7.932941983909367
 30
0.0
 10
4.633531550915463
 20
8.096157741625129
 30
0.0
 10
4.626825094330357
 20
8.167043030559634
 30
0.0
  0
SPLINE
  5
114D
330
1F
100
AcDbEntity
  8
DET-BORDE ESTRUCTURA
100
AcDbSpline
210
0.0
220
0.0
230
1.0
 70
     8
 71
     3
 72
    10
 73
     6
 74
     0
 42
0.000000001
 43
0.0000000001
 40
2.824712694087337
 40
2.824712694087337
 40
2.824712694087337
 40
2.824712694087337
 40
3.699666361755645
 40
4.827652403109656
 40
5.446041529277378
 40
5.446041529277378
 40
5.446041529277378
 40
5.446041529277378
 10
3.632849387681303
 20
5.549654354182175
 30
0.0
 10
3.648278906489408
 20
5.841267161512414
 30
0.0
 10
3.672657067383183
 20
6.508544781730288
 30
0.0
 10
3.541408063550093
 20
7.379526710332365
 30
0.0
 10
3.585485028816506
 20
7.961106426050045
 30
0.0
 10
3.601092623646322
 20
8.167043030559634
 30
0.0
  0
LINE
  5
114E
330
1F
100
AcDbEntity
  8
FINO
100
AcDbLine
 10
3.474036056748459
 20
5.549654354182402
 30
0.0
 11
4.760848682633437
 21
5.549654354182402
 31
0.0
  0
LINE
  5
114F
330
1F
100
AcDbEntity
  8
DET-BORDE ESTRUCTURA
100
AcDbLine
 10
3.787710675555004
 20
8.993908267235164
 30
0.0
 11
4.025148060617098
 21
8.993908267235164
 31
0.0
  0
LINE
  5
1150
330
1F
100
AcDbEntity
  8
DET-BORDE ESTRUCTURA
100
AcDbLine
 10
4.197016496624215
 20
8.993908267235164
 30
0.0
 11
4.470143690057753
 21
8.993908267235164
 31
0.0
  0
LWPOLYLINE
  5
1151
330
1F
100
AcDbEntity
  8
DET-BORDE ESTRUCTURA
100
AcDbPolyline
 90
        4
 70
     1
 43
0.0
 10
3.488056755558332
 20
8.243927501216839
 10
4.738056755558332
 20
8.243927501216839
 10
4.738056755558332
 20
8.293927501216566
 10
3.488056755558332
 20
8.293927501216566
  0
LINE
  5
1152
330
1F
100
AcDbEntity
  8
DET-BORDE ESTRUCTURA
100
AcDbLine
 10
3.838056755557786
 20
8.593908267235528
 30
0.0
 11
3.488056755558332
 21
8.293927501216566
 31
0.0
  0
LINE
  5
1153
330
1F
100
AcDbEntity
  8
DET-BORDE ESTRUCTURA
100
AcDbLine
 10
4.388056755557968
 20
8.593908267235528
 30
0.0
 11
4.738056755558332
 21
8.293927501216566
 31
0.0
  0
LINE
  5
1154
330
1F
100
AcDbEntity
  8
DET-BORDE ESTRUCTURA
100
AcDbLine
 10
7.642442369690812
 20
8.993908267235164
 30
0.0
 11
7.642442369690812
 21
8.293927501216566
 31
0.0
  0
LINE
  5
1155
330
1F
100
AcDbEntity
  8
DET-BORDE ESTRUCTURA
100
AcDbLine
 10
7.092442369691084
 20
8.993908267235164
 30
0.0
 11
7.092442369691084
 21
8.293927501216566
 31
0.0
  0
SPLINE
  5
1156
330
1F
100
AcDbEntity
  8
DET-BORDE ESTRUCTURA
100
AcDbSpline
210
0.0
220
0.0
230
1.0
 70
     8
 71
     3
 72
    12
 73
     8
 74
     0
 42
0.000000001
 43
0.0000000001
 40
2.830196849179361
 40
2.830196849179361
 40
2.830196849179361
 40
2.830196849179361
 40
3.499536708348975
 40
4.34005898702737
 40
4.961362047448725
 40
5.239504918467632
 40
5.453044804461303
 40
5.453044804461303
 40
5.453044804461303
 40
5.453044804461303
 10
7.859563964489112
 20
5.549654354182175
 30
0.0
 10
7.872884339422867
 20
5.772526954368695
 30
0.0
 10
7.931946198370511
 20
6.275609197500452
 30
0.0
 10
7.791478018381454
 20
6.985058070571776
 30
0.0
 10
7.898627692828554
 20
7.561178733751612
 30
0.0
 10
7.898973392368148
 20
7.932941983909367
 30
0.0
 10
7.883531550915009
 20
8.096157741625129
 30
0.0
 10
7.876825094330357
 20
8.167043030559634
 30
0.0
  0
SPLINE
  5
1157
330
1F
100
AcDbEntity
  8
DET-BORDE ESTRUCTURA
100
AcDbSpline
210
0.0
220
0.0
230
1.0
 70
     8
 71
     3
 72
    10
 73
     6
 74
     0
 42
0.000000001
 43
0.0000000001
 40
2.824712694087532
 40
2.824712694087532
 40
2.824712694087532
 40
2.824712694087532
 40
3.699666361755753
 40
4.827652403109826
 40
5.44604152927757
 40
5.44604152927757
 40
5.44604152927757
 40
5.44604152927757
 10
6.882849387681758
 20
5.549654354182402
 30
0.0
 10
6.898278906490318
 20
5.841267161512641
 30
0.0
 10
6.922657067384093
 20
6.508544781730288
 30
0.0
 10
6.791408063549184
 20
7.379526710332592
 30
0.0
 10
6.835485028816506
 20
7.961106426050045
 30
0.0
 10
6.851092623646323
 20
8.167043030559634
 30
0.0
  0
LINE
  5
1158
330
1F
100
AcDbEntity
  8
FINO
100
AcDbLine
 10
6.724036056748914
 20
5.549654354182402
 30
0.0
 11
8.010848682632982
 21
5.549654354182402
 31
0.0
  0
LWPOLYLINE
  5
1159
330
1F
100
AcDbEntity
  8
DET-BORDE ESTRUCTURA
100
AcDbPolyline
 90
        4
 70
     1
 43
0.0
 10
6.738056755558332
 20
8.243927501216839
 10
7.988056755558332
 20
8.243927501216839
 10
7.988056755558332
 20
8.293927501216566
 10
6.738056755558332
 20
8.293927501216566
  0
LINE
  5
115A
330
1F
100
AcDbEntity
  8
DET-BORDE ESTRUCTURA
100
AcDbLine
 10
7.092442369691084
 20
8.593908267235528
 30
0.0
 11
6.738056755558332
 21
8.293927501216566
 31
0.0
  0
LINE
  5
115B
330
1F
100
AcDbEntity
  8
DET-BORDE ESTRUCTURA
100
AcDbLine
 10
7.642442369690812
 20
8.593908267235528
 30
0.0
 11
7.988056755558332
 21
8.293927501216566
 31
0.0
  0
LINE
  5
115C
330
1F
100
AcDbEntity
  8
0-CYPE4
100
AcDbLine
 10
8.997960262463507
 20
8.360189700210648
 30
0.0
 11
2.486924476918388
 21
8.360189700210648
 31
0.0
  0
ARC
  5
115D
330
1F
100
AcDbEntity
  8
0-CYPE4
100
AcDbCircle
 10
2.486924476918388
 20
8.546679564210316
 30
0.0
 40
0.1864898640000027
100
AcDbArc
 50
180.0
 51
270.0
  0
LINE
  5
115E
330
1F
100
AcDbEntity
  8
0-CYPE4
100
AcDbLine
 10
2.300434612920084
 20
10.23925676223235
 30
0.0
 11
2.300434612918266
 21
8.546679564210316
 31
0.0
  0
LINE
  5
115F
330
1F
100
AcDbEntity
  8
DET-BORDE ESTRUCTURA
100
AcDbLine
 10
2.117442369691175
 20
8.167043030560089
 30
0.0
 11
9.367442369691175
 21
8.167043030560089
 31
0.0
  0
LINE
  5
1160
330
1F
100
AcDbEntity
  8
DET-BORDE ESTRUCTURA
100
AcDbLine
 10
9.367442369691175
 20
8.167043030560089
 30
0.0
 11
9.367442369691175
 21
11.16704303056009
 31
0.0
  0
LINE
  5
1161
102
{ACAD_REACTORS
330
119A
102
}
330
1F
100
AcDbEntity
  8
DET-BORDE ESTRUCTURA
100
AcDbLine
 10
2.117442369691175
 20
11.16704303056009
 30
0.0
 11
2.117442369691175
 21
8.167043030560089
 31
0.0
  0
LINE
  5
1162
330
1F
100
AcDbEntity
  8
DET-BORDE ESTRUCTURA
100
AcDbLine
 10
3.601092623646777
 20
8.167043030560089
 30
0.0
 11
3.842442369691084
 21
8.167043030560089
 31
0.0
  0
LINE
  5
1163
330
1F
100
AcDbEntity
  8
DET-BORDE ESTRUCTURA
100
AcDbLine
 10
4.626825094330357
 20
8.167043030560089
 30
0.0
 11
4.392442369691266
 21
8.167043030560089
 31
0.0
  0
LINE
  5
1164
330
1F
100
AcDbEntity
  8
DET-BORDE ESTRUCTURA
100
AcDbLine
 10
6.851092623646323
 20
8.167043030560089
 30
0.0
 11
7.092442369691084
 21
8.167043030560089
 31
0.0
  0
LINE
  5
1165
330
1F
100
AcDbEntity
  8
DET-BORDE ESTRUCTURA
100
AcDbLine
 10
7.876825094330357
 20
8.167043030560089
 30
0.0
 11
7.642442369690812
 21
8.167043030560089
 31
0.0
  0
LINE
  5
1166
330
1F
100
AcDbEntity
  8
DET-BORDE ESTRUCTURA
100
AcDbLine
 10
3.842442369691084
 20
8.417062264541309
 30
0.0
 11
3.842442369691084
 21
5.549654354182402
 31
0.0
  0
LINE
  5
1167
330
1F
100
AcDbEntity
  8
DET-BORDE ESTRUCTURA
100
AcDbLine
 10
4.392442369691266
 20
8.417062264541309
 30
0.0
 11
4.392442369691266
 21
5.549654354182402
 31
0.0
  0
LINE
  5
1168
330
1F
100
AcDbEntity
  8
DET-BORDE ESTRUCTURA
100
AcDbLine
 10
7.092442369691084
 20
8.417062264541309
 30
0.0
 11
7.092442369691084
 21
5.549654354182402
 31
0.0
  0
LINE
  5
1169
330
1F
100
AcDbEntity
  8
DET-BORDE ESTRUCTURA
100
AcDbLine
 10
7.642442369690812
 20
8.417062264541309
 30
0.0
 11
7.642442369690812
 21
5.549654354182402
 31
0.0
  0
LINE
  5
116A
330
1F
100
AcDbEntity
  8
0-CYPE4
100
AcDbLine
 10
8.945443245861056
 20
11.02293512427855
 30
0.0
 11
2.559659457923785
 21
11.02293512427855
 31
0.0
  0
ARC
  5
116B
330
1F
100
AcDbEntity
  8
0-CYPE4
100
AcDbCircle
 10
2.559659457923785
 20
10.83644526027843
 30
0.0
 40
0.1864898640000027
100
AcDbArc
 50
90.0
 51
180.0
  0
LINE
  5
116C
330
1F
100
AcDbEntity
  8
0-CYPE4
100
AcDbLine
 10
2.373169593925026
 20
8.89222534769693
 30
0.0
 11
2.373169593925026
 21
10.83644526027843
 31
0.0
  0
LINE
  5
116D
330
1F
100
AcDbEntity
  8
DET-BORDE ESTRUCTURA
100
AcDbLine
 10
9.367442369691175
 20
11.16704303056009
 30
0.0
 11
2.117442369691175
 21
11.16704303056009
 31
0.0
  0
SOLID
  5
116E
330
1F
100
AcDbEntity
  8
FINO
100
AcDbTrace
 10
3.125096946430871
 20
8.167043030560089
 30
0.0
 11
2.990096946430653
 21
8.167043030560089
 31
0.0
 12
3.057596946430762
 22
8.360189700210648
 32
0.0
 13
3.057596946430762
 23
8.360189700210648
 33
0.0
  0
SOLID
  5
116F
330
1F
100
AcDbEntity
  8
FINO
100
AcDbTrace
 10
3.125096946430871
 20
8.167043030560089
 30
0.0
 11
2.990096946430653
 21
8.167043030560089
 31
0.0
 12
3.057596946430762
 22
8.360189700210648
 32
0.0
 13
3.057596946430762
 23
8.360189700210648
 33
0.0
  0
SOLID
  5
1170
330
1F
100
AcDbEntity
  8
FINO
100
AcDbTrace
 10
8.462036867750626
 20
8.167043030560089
 30
0.0
 11
8.327036867750862
 21
8.167043030560089
 31
0.0
 12
8.394536867750971
 22
8.360189700210648
 32
0.0
 13
8.394536867750971
 23
8.360189700210648
 33
0.0
  0
SOLID
  5
1171
330
1F
100
AcDbEntity
  8
FINO
100
AcDbTrace
 10
8.462036867750626
 20
8.167043030560089
 30
0.0
 11
8.327036867750862
 21
8.167043030560089
 31
0.0
 12
8.394536867750971
 22
8.360189700210648
 32
0.0
 13
8.394536867750971
 23
8.360189700210648
 33
0.0
  0
LINE
  5
1172
330
1F
100
AcDbEntity
  8
DET-TEXTO LÍNEA
100
AcDbLine
 10
8.436889713829728
 20
5.750314388047863
 30
0.0
 11
10.49850057467394
 21
5.750314388047863
 31
0.0
  0
LINE
  5
1173
330
1F
100
AcDbEntity
  8
DET-TEXTO LÍNEA
100
AcDbLine
 10
8.436889713829728
 20
5.750314388047863
 30
0.0
 11
7.48646685800351
 21
6.826640868115427
 31
0.0
  0
LINE
  5
1174
330
1F
100
AcDbEntity
  8
DET-TEXTO LÍNEA
100
AcDbLine
 10
8.436889713829728
 20
5.750314388047863
 30
0.0
 11
4.165720737294591
 21
6.501381416436524
 31
0.0
  0
LINE
  5
1175
330
1F
100
AcDbEntity
  8
DET-TEXTO LÍNEA
100
AcDbLine
 10
2.300434612919175
 20
9.165311437714771
 30
0.0
 11
0.6814405840009523
 21
9.1653114377175
 31
0.0
  0
LWPOLYLINE
  5
1176
102
{ACAD_REACTORS
330
1194
330
119A
102
}
330
1F
100
AcDbEntity
  8
DET-BORDE ESTRUCTURA
100
AcDbPolyline
 90
        4
 70
     1
 43
0.0
 10
9.367442369691175
 20
8.167043030560089
 10
2.117442369691175
 20
8.167043030560089
 10
2.117442369691175
 20
7.917043030560543
 10
9.367442369691175
 20
7.917043030560543
  0
LINE
  5
1177
330
1F
100
AcDbEntity
  8
DET-TEXTO LÍNEA
100
AcDbLine
 10
9.978594396458916
 20
7.271372182239483
 30
0.0
 11
11.86668935085028
 21
7.271372182239483
 31
0.0
  0
LINE
  5
1178
330
1F
100
AcDbEntity
  8
DET-TEXTO LÍNEA
100
AcDbLine
 10
9.978594396458916
 20
7.271372182239483
 30
0.0
 11
9.1970374399407
 21
8.01119944459584
 31
0.0
  0
LINE
  5
1179
330
1F
100
AcDbEntity
  8
0-CYPE4
100
AcDbLine
 10
2.728087433546547
 20
11.06179529768338
 30
0.0
 11
2.728087433546547
 21
8.304091213264664
 31
0.0
  0
ARC
  5
117A
330
1F
100
AcDbEntity
  8
0-CYPE4
100
AcDbCircle
 10
8.997960262463507
 20
8.546679564210316
 30
0.0
 40
0.1864898640000027
100
AcDbArc
 50
270.0
 51
0.0
  0
LINE
  5
117B
330
1F
100
AcDbEntity
  8
0-CYPE4
100
AcDbLine
 10
9.184450126462266
 20
10.23925676223235
 30
0.0
 11
9.184450126464085
 21
8.546679564210316
 31
0.0
  0
ARC
  5
117C
330
1F
100
AcDbEntity
  8
0-CYPE4
100
AcDbCircle
 10
8.925225281457656
 20
10.83644526027843
 30
0.0
 40
0.1864898640000027
100
AcDbArc
 50
0.0
 51
90.0
  0
LINE
  5
117D
330
1F
100
AcDbEntity
  8
0-CYPE4
100
AcDbLine
 10
9.111715145456415
 20
8.89222534769693
 30
0.0
 11
9.111715145458234
 21
10.83644526027843
 31
0.0
  0
LINE
  5
117E
330
1F
100
AcDbEntity
  8
0-CYPE4
100
AcDbLine
 10
3.728087433546547
 20
11.06179529768338
 30
0.0
 11
3.728087433546547
 21
8.304091213264664
 31
0.0
  0
LINE
  5
117F
330
1F
100
AcDbEntity
  8
0-CYPE4
100
AcDbLine
 10
4.728087433546548
 20
11.06179529768338
 30
0.0
 11
4.728087433546548
 21
8.304091213264664
 31
0.0
  0
LINE
  5
1180
330
1F
100
AcDbEntity
  8
0-CYPE4
100
AcDbLine
 10
5.728087433546548
 20
11.06179529768338
 30
0.0
 11
5.728087433546548
 21
8.304091213264664
 31
0.0
  0
LINE
  5
1181
330
1F
100
AcDbEntity
  8
0-CYPE4
100
AcDbLine
 10
6.728087433546548
 20
11.06179529768338
 30
0.0
 11
6.728087433546548
 21
8.304091213264664
 31
0.0
  0
LINE
  5
1182
330
1F
100
AcDbEntity
  8
0-CYPE4
100
AcDbLine
 10
7.728087433546548
 20
11.06179529768338
 30
0.0
 11
7.728087433546548
 21
8.304091213264664
 31
0.0
  0
LINE
  5
1183
330
1F
100
AcDbEntity
  8
0-CYPE4
100
AcDbLine
 10
8.728087433546548
 20
11.06179529768338
 30
0.0
 11
8.728087433546548
 21
8.304091213264664
 31
0.0
  0
LINE
  5
1184
330
1F
100
AcDbEntity
  8
0-CYPE4
100
AcDbLine
 10
2.213574180084847
 20
8.587779362731234
 30
0.0
 11
9.247336115044632
 21
8.587779362731234
 31
0.0
  0
LINE
  5
1185
330
1F
100
AcDbEntity
  8
0-CYPE4
100
AcDbLine
 10
2.213574180084847
 20
9.337779362731234
 30
0.0
 11
9.247336115044632
 21
9.337779362731234
 31
0.0
  0
LINE
  5
1186
330
1F
100
AcDbEntity
  8
0-CYPE4
100
AcDbLine
 10
2.213574180084847
 20
10.08777936273123
 30
0.0
 11
9.247336115044632
 21
10.08777936273123
 31
0.0
  0
LINE
  5
1187
330
1F
100
AcDbEntity
  8
0-CYPE4
100
AcDbLine
 10
2.213574180084847
 20
10.83777936273078
 30
0.0
 11
9.247336115044632
 21
10.83777936273078
 31
0.0
  0
TEXT
  5
1188
330
1F
100
AcDbEntity
  8
DET-TEXTO
100
AcDbText
 10
0.7326603490705704
 20
9.250211392369928
 30
0.0
 40
0.2
  1
As1
  7
CENTURY
100
AcDbText
  0
LINE
  5
1189
330
1F
100
AcDbEntity
  8
DET-TEXTO LÍNEA
100
AcDbLine
 10
2.373169593924572
 20
10.36600219208208
 30
0.0
 11
0.6814405840009523
 21
10.36600219208481
 31
0.0
  0
TEXT
  5
118A
330
1F
100
AcDbEntity
  8
DET-TEXTO
100
AcDbText
 10
0.7326603490705704
 20
10.45090214673724
 30
0.0
 40
0.2
  1
As2
  7
CENTURY
100
AcDbText
  0
LINE
  5
118B
330
1F
100
AcDbEntity
  8
DET-TEXTO LÍNEA
100
AcDbLine
 10
4.373053032567455
 20
11.66372558199487
 30
0.0
 11
5.117063758555573
 21
11.66372558199487
 31
0.0
  0
TEXT
  5
118C
330
1F
100
AcDbEntity
  8
DET-TEXTO
100
AcDbText
 10
4.634234674167615
 20
11.77067926855376
 30
0.0
 40
0.2
  1
As4
  7
CENTURY
100
AcDbText
  0
LINE
  5
118D
330
1F
100
AcDbEntity
  8
DET-TEXTO LÍNEA
100
AcDbLine
 10
6.245441034931914
 20
11.66372558199487
 30
0.0
 11
7.150522020222538
 21
11.66372558199487
 31
0.0
  0
TEXT
  5
118E
330
1F
100
AcDbEntity
  8
DET-TEXTO
100
AcDbText
 10
6.586812204851426
 20
11.77067926855376
 30
0.0
 40
0.2
  1
As3
  7
CENTURY
100
AcDbText
  0
LINE
  5
118F
330
1F
100
AcDbEntity
  8
DET-TEXTO LÍNEA
100
AcDbLine
 10
6.245441034931914
 20
11.66372558199487
 30
0.0
 11
6.245441034931914
 21
10.08777936273123
 31
0.0
  0
LINE
  5
1190
330
1F
100
AcDbEntity
  8
DET-TEXTO LÍNEA
100
AcDbLine
 10
4.373053032567455
 20
11.66372558199487
 30
0.0
 11
3.728087433546547
 21
9.652357848003029
 31
0.0
  0
DIMENSION
  5
1191
330
1F
100
AcDbEntity
  8
DET-COTAS
100
AcDbDimension
280
     0
  2
*D100
 10
9.367442369691175
 20
6.687876833398158
 30
0.0
 11
5.740614456297649
 21
6.887876833398157
 31
0.0
 70
    33
  1
L1
 71
     5
 42
362.6827913393527
 73
     0
 74
     0
 75
     0
  3
1 50
100
AcDbAlignedDimension
 13
2.113786542904122
 23
7.2163053729305
 33
0.0
 14
9.367442369691175
 24
7.2163053729305
 34
0.0
1001
ACAD_DSTYLE_DIMJOGGED_JOGANGLE_SYMBOL
1070
   384
1040
1.570796326794896
1001
ACAD
1000
DSTYLE
1002
{
1070
   340
1005
2DA
1002
}
  0
DIMENSION
  5
1192
102
{ACAD_XDICTIONARY
360
1193
102
}
102
{ACAD_REACTORS
330
1194
102
}
330
1F
100
AcDbEntity
  8
DET-COTAS
100
AcDbDimension
280
     0
  2
*D101
 10
4.117442369690721
 20
7.316305372930637
 30
0.0
 11
3.117442369690948
 21
7.516305372930636
 31
0.0
 70
    32
  1
D
 71
     5
 42
99.99999999997729
 73
     0
 74
     0
 75
     0
  3
1 50
100
AcDbAlignedDimension
 13
2.117442369691175
 23
7.917043030560543
 33
0.0
 14
4.117442369690721
 24
7.917043030560543
 34
0.0
 50
0.0
100
AcDbRotatedDimension
1001
ACAD_DSTYLE_DIMJOGGED_JOGANGLE_SYMBOL
1070
   384
1040
1.570796326794896
  0
DIMENSION
  5
1195
330
1F
100
AcDbEntity
  8
DET-COTAS
100
AcDbDimension
280
     0
  2
*D102
 10
9.367442369691175
 20
7.316305372930637
 30
0.0
 11
8.367442369691403
 21
7.516305372930636
 31
0.0
 70
    32
  1
D
 71
     5
 42
99.99999999997726
 73
     0
 74
     0
 75
     0
  3
1 50
100
AcDbAlignedDimension
 13
7.36744236969163
 23
7.917043030560543
 33
0.0
 14
9.367442369691175
 24
7.917043030560543
 34
0.0
 50
0.0
100
AcDbRotatedDimension
1001
ACAD_DSTYLE_DIMJOGGED_JOGANGLE_SYMBOL
1070
   384
1040
1.570796326794896
  0
MTEXT
  5
1196
330
1F
100
AcDbEntity
  8
DET-TEXTO
100
AcDbMText
 10
10.0702287634581
 20
7.56012144369175
 30
0.0
 40
0.2
 41
9.018641700436546
 46
0.0
 71
     1
 72
     5
  1
Hormigón de\Plimpieza
  7
CENTURY
 73
     1
 44
1.0
101
Embedded Object
 70
     1
 10
1.0
 20
0.0
 30
0.0
 11
10.0702287634581
 21
7.56012144369175
 31
0.0
 40
9.018641700436546
 41
0.0
 42
1.72318150917743
 43
0.6135508724223885
 71
     2
 72
     1
 44
9.018641700436546
 45
12.5
 73
     0
 74
     0
 46
-0.6135508724223885
1001
ACAD
1000
MTEXTBEGIN
1070
    73
1070
     1
1070
    44
1040
1.0
1070
    74
1070
     0
1000
MTEXTEND
  0
MTEXT
  5
1197
330
1F
100
AcDbEntity
  8
DET-TEXTO
100
AcDbMText
 10
8.750928377389769
 20
6.03906364950013
 30
0.0
 40
0.2
 41
2.245433495508677
 46
0.0
 71
     1
 72
     5
  1
Micropilotes según plano
  7
CENTURY
 73
     1
 44
1.0
101
Embedded Object
 70
     1
 10
1.0
 20
0.0
 30
0.0
 11
8.750928377389769
 21
6.03906364950013
 31
0.0
 40
2.245433495508677
 41
0.0
 42
1.659415363698164
 43
0.6173578064808521
 71
     2
 72
     1
 44
2.245433495508677
 45
12.5
 73
     0
 74
     0
 46
-0.6173578064808521
1001
ACAD
1000
MTEXTBEGIN
1070
    73
1070
     1
1070
    44
1040
1.0
1070
    74
1070
     0
1000
MTEXTEND
  0
DIMENSION
  5
1198
102
{ACAD_XDICTIONARY
360
1199
102
}
102
{ACAD_REACTORS
330
119A
102
}
330
1F
100
AcDbEntity
  8
DET-COTAS
100
AcDbDimension
280
     0
  2
*D103
 10
1.664028289210377
 20
8.167043030560089
 30
0.0
 11
1.464028289210378
 21
9.667043030560089
 31
0.0
 70
    32
  1
H
 71
     5
 42
150.0
 73
     0
 74
     0
 75
     0
  3
1 50
100
AcDbAlignedDimension
 13
2.117442369691175
 23
11.16704303056009
 33
0.0
 14
2.117442369691175
 24
8.167043030560089
 34
0.0
 50
90.0
100
AcDbRotatedDimension
1001
ACAD_DSTYLE_DIMJOGGED_JOGANGLE_SYMBOL
1070
   384
1040
1.570796326794896
  0
DIMENSION
  5
119B
330
1F
100
AcDbEntity
  8
FINO
100
AcDbDimension
280
     0
  2
*D104
 10
1.664028289212196
 20
7.917043030560543
 30
0.0
 11
1.508997697777798
 21
8.042043030560316
 31
0.0
 70
    32
  1
10
 71
     5
 42
24.99999999995452
 73
     0
 74
     0
 75
     0
  3
cotas formato 1.100
100
AcDbAlignedDimension
 13
2.117442369691175
 23
8.167043030560089
 33
0.0
 14
2.117442369691175
 24
7.917043030560543
 34
0.0
 50
90.0
100
AcDbRotatedDimension
1001
ACAD_DSTYLE_DIMJOGGED_JOGANGLE_SYMBOL
1070
   384
1040
1.570796326794896
  0
DIMENSION
  5
119C
330
1F
100
AcDbEntity
  8
FINO
100
AcDbDimension
280
     0
  2
*D105
 10
10.11916744175796
 20
8.993908267235164
 30
0.0
 11
9.966652146040766
 21
10.08047564889762
 31
0.0
 70
    32
  1
H-15
 71
     5
 42
217.3134763324924
 73
     0
 74
     0
 75
     0
  3
cotas formato 1.100
100
AcDbAlignedDimension
 13
9.367442369691175
 23
11.16704303056009
 33
0.0
 14
9.367442369691175
 24
8.993908267235164
 34
0.0
 50
90.0
100
AcDbRotatedDimension
1001
ACAD_DSTYLE_DIMJOGGED_JOGANGLE_SYMBOL
1070
   384
1040
1.570796326794896
  0
LINE
  5
119D
330
1F
100
AcDbEntity
  8
DET-BORDE ESTRUCTURA
100
AcDbLine
 10
4.025148060617098
 20
8.993908267235164
 30
0.0
 11
4.0717442104051
 21
9.078098310582399
 31
0.0
  0
LINE
  5
119E
330
1F
100
AcDbEntity
  8
DET-BORDE ESTRUCTURA
100
AcDbLine
 10
4.0717442104051
 20
9.078098310582399
 30
0.0
 11
4.160273708597756
 21
8.917186387106093
 31
0.0
  0
LINE
  5
119F
330
1F
100
AcDbEntity
  8
DET-BORDE ESTRUCTURA
100
AcDbLine
 10
4.160273708597756
 20
8.917186387106093
 30
0.0
 11
4.197016496624215
 21
8.993908267235164
 31
0.0
  0
LINE
  5
11A0
330
1F
100
AcDbEntity
  8
DET-BORDE ESTRUCTURA
100
AcDbLine
 10
7.037710675555004
 20
8.993908267235164
 30
0.0
 11
7.275148060617098
 21
8.993908267235164
 31
0.0
  0
LINE
  5
11A1
330
1F
100
AcDbEntity
  8
DET-BORDE ESTRUCTURA
100
AcDbLine
 10
7.447016496624215
 20
8.993908267235164
 30
0.0
 11
7.720143690057753
 21
8.993908267235164
 31
0.0
  0
LINE
  5
11A2
330
1F
100
AcDbEntity
  8
DET-BORDE ESTRUCTURA
100
AcDbLine
 10
7.275148060617098
 20
8.993908267235164
 30
0.0
 11
7.3217442104051
 21
9.078098310582399
 31
0.0
  0
LINE
  5
11A3
330
1F
100
AcDbEntity
  8
DET-BORDE ESTRUCTURA
100
AcDbLine
 10
7.3217442104051
 20
9.078098310582399
 30
0.0
 11
7.410273708597756
 21
8.917186387106093
 31
0.0
  0
LINE
  5
11A4
330
1F
100
AcDbEntity
  8
DET-BORDE ESTRUCTURA
100
AcDbLine
 10
7.410273708597756
 20
8.917186387106093
 30
0.0
 11
7.447016496624215
 21
8.993908267235164
 31
0.0
  0
LINE
  5
11A5
330
1F
100
AcDbEntity
  8
DET-BORDE ESTRUCTURA
100
AcDbLine
 10
14.70243818483251
 20
8.993908267332537
 30
0.0
 11
14.70243818483251
 21
8.293927501313939
 31
0.0
  0
LINE
  5
11A6
330
1F
100
AcDbEntity
  8
DET-BORDE ESTRUCTURA
100
AcDbLine
 10
14.15243818483233
 20
8.993908267332537
 30
0.0
 11
14.15243818483233
 21
8.293927501313939
 31
0.0
  0
SPLINE
  5
11A7
330
1F
100
AcDbEntity
  8
DET-BORDE ESTRUCTURA
100
AcDbSpline
210
0.0
220
0.0
230
1.0
 70
     8
 71
     3
 72
    12
 73
     8
 74
     0
 42
0.000000001
 43
0.0000000001
 40
2.830196849179315
 40
2.830196849179315
 40
2.830196849179315
 40
2.830196849179315
 40
3.499536708348877
 40
4.340058987027271
 40
4.961362047448626
 40
5.239504918467535
 40
5.453044804461241
 40
5.453044804461241
 40
5.453044804461241
 40
5.453044804461241
 10
14.91955977963036
 20
5.549654354279775
 30
0.0
 10
14.93288015456412
 20
5.772526954466068
 30
0.0
 10
14.99194201351176
 20
6.275609197597825
 30
0.0
 10
14.85147383352316
 20
6.985058070669149
 30
0.0
 10
14.95862350796935
 20
7.561178733848985
 30
0.0
 10
14.95896920751031
 20
7.93294198400674
 30
0.0
 10
14.94352736605671
 20
8.096157741722501
 30
0.0
 10
14.9368209094716
 20
8.167043030657007
 30
0.0
  0
SPLINE
  5
11A8
330
1F
100
AcDbEntity
  8
DET-BORDE ESTRUCTURA
100
AcDbSpline
210
0.0
220
0.0
230
1.0
 70
     8
 71
     3
 72
    10
 73
     6
 74
     0
 42
0.000000001
 43
0.0000000001
 40
2.824712694087337
 40
2.824712694087337
 40
2.824712694087337
 40
2.824712694087337
 40
3.699666361755645
 40
4.827652403109656
 40
5.446041529277378
 40
5.446041529277378
 40
5.446041529277378
 40
5.446041529277378
 10
13.94284520282255
 20
5.549654354279548
 30
0.0
 10
13.95827472163066
 20
5.841267161609787
 30
0.0
 10
13.98265288252443
 20
6.50854478182766
 30
0.0
 10
13.85140387869134
 20
7.379526710429738
 30
0.0
 10
13.89548084395775
 20
7.961106426147418
 30
0.0
 10
13.91108843878757
 20
8.167043030657007
 30
0.0
  0
LINE
  5
11A9
330
1F
100
AcDbEntity
  8
FINO
100
AcDbLine
 10
13.78403187188971
 20
5.549654354279775
 30
0.0
 11
15.07084449777468
 21
5.549654354279775
 31
0.0
  0
LINE
  5
11AA
330
1F
100
AcDbEntity
  8
DET-BORDE ESTRUCTURA
100
AcDbLine
 10
14.09770649069625
 20
8.993908267332537
 30
0.0
 11
14.33514387575835
 21
8.993908267332537
 31
0.0
  0
LINE
  5
11AB
330
1F
100
AcDbEntity
  8
DET-BORDE ESTRUCTURA
100
AcDbLine
 10
14.50701231176546
 20
8.993908267332537
 30
0.0
 11
14.780139505199
 21
8.993908267332537
 31
0.0
  0
LWPOLYLINE
  5
11AC
330
1F
100
AcDbEntity
  8
DET-BORDE ESTRUCTURA
100
AcDbPolyline
 90
        4
 70
     1
 43
0.0
 10
13.79805257069958
 20
8.243927501314212
 10
15.04805257069958
 20
8.243927501314212
 10
15.04805257069958
 20
8.293927501313939
 10
13.79805257069958
 20
8.293927501313939
  0
LINE
  5
11AD
330
1F
100
AcDbEntity
  8
DET-BORDE ESTRUCTURA
100
AcDbLine
 10
14.14805257069903
 20
8.593908267332901
 30
0.0
 11
13.79805257069958
 21
8.293927501313939
 31
0.0
  0
LINE
  5
11AE
330
1F
100
AcDbEntity
  8
DET-BORDE ESTRUCTURA
100
AcDbLine
 10
14.69805257069921
 20
8.593908267332901
 30
0.0
 11
15.04805257069958
 21
8.293927501313939
 31
0.0
  0
LINE
  5
11AF
330
1F
100
AcDbEntity
  8
DET-BORDE ESTRUCTURA
100
AcDbLine
 10
17.95243818483206
 20
8.993908267332537
 30
0.0
 11
17.95243818483206
 21
8.293927501313939
 31
0.0
  0
LINE
  5
11B0
330
1F
100
AcDbEntity
  8
DET-BORDE ESTRUCTURA
100
AcDbLine
 10
17.40243818483233
 20
8.993908267332537
 30
0.0
 11
17.40243818483233
 21
8.293927501313939
 31
0.0
  0
SPLINE
  5
11B1
330
1F
100
AcDbEntity
  8
DET-BORDE ESTRUCTURA
100
AcDbSpline
210
0.0
220
0.0
230
1.0
 70
     8
 71
     3
 72
    12
 73
     8
 74
     0
 42
0.000000001
 43
0.0000000001
 40
2.830196849179361
 40
2.830196849179361
 40
2.830196849179361
 40
2.830196849179361
 40
3.499536708348975
 40
4.34005898702737
 40
4.961362047448725
 40
5.239504918467632
 40
5.453044804461303
 40
5.453044804461303
 40
5.453044804461303
 40
5.453044804461303
 10
18.16955977963036
 20
5.549654354279548
 30
0.0
 10
18.18288015456412
 20
5.772526954466068
 30
0.0
 10
18.24194201351176
 20
6.275609197597825
 30
0.0
 10
18.1014738335227
 20
6.985058070669149
 30
0.0
 10
18.2086235079698
 20
7.561178733848985
 30
0.0
 10
18.20896920750939
 20
7.93294198400674
 30
0.0
 10
18.19352736605626
 20
8.096157741722501
 30
0.0
 10
18.18682090947161
 20
8.167043030657007
 30
0.0
  0
SPLINE
  5
11B2
330
1F
100
AcDbEntity
  8
DET-BORDE ESTRUCTURA
100
AcDbSpline
210
0.0
220
0.0
230
1.0
 70
     8
 71
     3
 72
    10
 73
     6
 74
     0
 42
0.000000001
 43
0.0000000001
 40
2.824712694087532
 40
2.824712694087532
 40
2.824712694087532
 40
2.824712694087532
 40
3.699666361755753
 40
4.827652403109826
 40
5.44604152927757
 40
5.44604152927757
 40
5.44604152927757
 40
5.44604152927757
 10
17.19284520282301
 20
5.549654354279775
 30
0.0
 10
17.20827472163157
 20
5.841267161610014
 30
0.0
 10
17.23265288252534
 20
6.50854478182766
 30
0.0
 10
17.10140387869043
 20
7.379526710429965
 30
0.0
 10
17.14548084395775
 20
7.961106426147418
 30
0.0
 10
17.16108843878757
 20
8.167043030657007
 30
0.0
  0
LINE
  5
11B3
330
1F
100
AcDbEntity
  8
FINO
100
AcDbLine
 10
17.03403187189016
 20
5.549654354279775
 30
0.0
 11
18.32084449777423
 21
5.549654354279775
 31
0.0
  0
LWPOLYLINE
  5
11B4
330
1F
100
AcDbEntity
  8
DET-BORDE ESTRUCTURA
100
AcDbPolyline
 90
        4
 70
     1
 43
0.0
 10
17.04805257069958
 20
8.243927501314212
 10
18.29805257069958
 20
8.243927501314212
 10
18.29805257069958
 20
8.293927501313939
 10
17.04805257069958
 20
8.293927501313939
  0
LINE
  5
11B5
330
1F
100
AcDbEntity
  8
DET-BORDE ESTRUCTURA
100
AcDbLine
 10
17.40243818483233
 20
8.593908267332901
 30
0.0
 11
17.04805257069958
 21
8.293927501313939
 31
0.0
  0
LINE
  5
11B6
330
1F
100
AcDbEntity
  8
DET-BORDE ESTRUCTURA
100
AcDbLine
 10
17.95243818483206
 20
8.593908267332901
 30
0.0
 11
18.29805257069958
 21
8.293927501313939
 31
0.0
  0
LINE
  5
11B7
330
1F
100
AcDbEntity
  8
0-CYPE4
100
AcDbLine
 10
17.67743818484474
 20
8.360189700308021
 30
0.0
 11
12.79692029205964
 21
8.360189700308021
 31
0.0
  0
ARC
  5
11B8
330
1F
100
AcDbEntity
  8
0-CYPE4
100
AcDbCircle
 10
12.79692029205964
 20
8.546679564307689
 30
0.0
 40
0.1864898640000027
100
AcDbArc
 50
180.0
 51
270.0
  0
LINE
  5
11B9
330
1F
100
AcDbEntity
  8
0-CYPE4
100
AcDbLine
 10
12.61043042806133
 20
10.23925676232972
 30
0.0
 11
12.61043042805951
 21
8.546679564307689
 31
0.0
  0
LINE
  5
11BA
330
1F
100
AcDbEntity
  8
DET-BORDE ESTRUCTURA
100
AcDbLine
 10
12.42743818483242
 20
8.167043030657461
 30
0.0
 11
17.67743818484474
 21
8.167043030657461
 31
0.0
  0
LINE
  5
11BB
102
{ACAD_REACTORS
330
11E3
102
}
330
1F
100
AcDbEntity
  8
DET-BORDE ESTRUCTURA
100
AcDbLine
 10
12.42743818483242
 20
11.16704303065746
 30
0.0
 11
12.42743818483242
 21
8.167043030657461
 31
0.0
  0
LINE
  5
11BC
330
1F
100
AcDbEntity
  8
DET-BORDE ESTRUCTURA
100
AcDbLine
 10
13.91108843878803
 20
8.167043030657461
 30
0.0
 11
14.15243818483233
 21
8.167043030657461
 31
0.0
  0
LINE
  5
11BD
330
1F
100
AcDbEntity
  8
DET-BORDE ESTRUCTURA
100
AcDbLine
 10
14.9368209094716
 20
8.167043030657461
 30
0.0
 11
14.70243818483251
 21
8.167043030657461
 31
0.0
  0
LINE
  5
11BE
330
1F
100
AcDbEntity
  8
DET-BORDE ESTRUCTURA
100
AcDbLine
 10
17.16108843878757
 20
8.167043030657461
 30
0.0
 11
17.40243818483233
 21
8.167043030657461
 31
0.0
  0
LINE
  5
11BF
330
1F
100
AcDbEntity
  8
DET-BORDE ESTRUCTURA
100
AcDbLine
 10
14.15243818483233
 20
8.417062264638682
 30
0.0
 11
14.15243818483233
 21
5.549654354279775
 31
0.0
  0
LINE
  5
11C0
330
1F
100
AcDbEntity
  8
DET-BORDE ESTRUCTURA
100
AcDbLine
 10
14.70243818483251
 20
8.417062264638682
 30
0.0
 11
14.70243818483251
 21
5.549654354279775
 31
0.0
  0
LINE
  5
11C1
330
1F
100
AcDbEntity
  8
DET-BORDE ESTRUCTURA
100
AcDbLine
 10
17.40243818483233
 20
8.417062264638682
 30
0.0
 11
17.40243818483233
 21
5.549654354279775
 31
0.0
  0
LINE
  5
11C2
330
1F
100
AcDbEntity
  8
DET-BORDE ESTRUCTURA
100
AcDbLine
 10
17.95243818483206
 20
8.417062264638682
 30
0.0
 11
17.95243818483206
 21
5.549654354279775
 31
0.0
  0
LINE
  5
11C3
330
1F
100
AcDbEntity
  8
0-CYPE4
100
AcDbLine
 10
17.67743818484474
 20
11.02293512437593
 30
0.0
 11
12.86965527306503
 21
11.02293512437593
 31
0.0
  0
ARC
  5
11C4
330
1F
100
AcDbEntity
  8
0-CYPE4
100
AcDbCircle
 10
12.86965527306503
 20
10.8364452603758
 30
0.0
 40
0.1864898640000027
100
AcDbArc
 50
90.0
 51
180.0
  0
LINE
  5
11C5
330
1F
100
AcDbEntity
  8
0-CYPE4
100
AcDbLine
 10
12.68316540906627
 20
8.892225347794303
 30
0.0
 11
12.68316540906627
 21
10.8364452603758
 31
0.0
  0
LINE
  5
11C6
330
1F
100
AcDbEntity
  8
DET-BORDE ESTRUCTURA
100
AcDbLine
 10
17.67743818484474
 20
11.16704303065746
 30
0.0
 11
12.42743818483242
 21
11.16704303065746
 31
0.0
  0
SOLID
  5
11C7
330
1F
100
AcDbEntity
  8
FINO
100
AcDbTrace
 10
13.43509276157212
 20
8.167043030657461
 30
0.0
 11
13.3000927615719
 21
8.167043030657461
 31
0.0
 12
13.36759276157201
 22
8.360189700308021
 32
0.0
 13
13.36759276157201
 23
8.360189700308021
 33
0.0
  0
SOLID
  5
11C8
330
1F
100
AcDbEntity
  8
FINO
100
AcDbTrace
 10
13.43509276157212
 20
8.167043030657461
 30
0.0
 11
13.3000927615719
 21
8.167043030657461
 31
0.0
 12
13.36759276157201
 22
8.360189700308021
 32
0.0
 13
13.36759276157201
 23
8.360189700308021
 33
0.0
  0
LINE
  5
11C9
330
1F
100
AcDbEntity
  8
DET-TEXTO LÍNEA
100
AcDbLine
 10
12.61043042806042
 20
9.165311437812144
 30
0.0
 11
10.9914363991422
 21
9.165311437814873
 31
0.0
  0
LWPOLYLINE
  5
11CA
102
{ACAD_REACTORS
330
11E0
330
11E3
102
}
330
1F
100
AcDbEntity
  8
DET-BORDE ESTRUCTURA
100
AcDbPolyline
 90
        4
 70
     0
 43
0.0
 10
17.67743818484474
 20
8.167043030657461
 10
12.42743818483242
 20
8.167043030657461
 10
12.42743818483242
 20
7.917043030657916
 10
17.67743818484474
 20
7.917043030657916
  0
LINE
  5
11CB
330
1F
100
AcDbEntity
  8
0-CYPE4
100
AcDbLine
 10
13.0380832486878
 20
11.06179529778075
 30
0.0
 11
13.0380832486878
 21
8.304091213362037
 31
0.0
  0
LINE
  5
11CC
330
1F
100
AcDbEntity
  8
0-CYPE4
100
AcDbLine
 10
14.0380832486878
 20
11.06179529778075
 30
0.0
 11
14.0380832486878
 21
8.304091213362037
 31
0.0
  0
LINE
  5
11CD
330
1F
100
AcDbEntity
  8
0-CYPE4
100
AcDbLine
 10
15.0380832486878
 20
11.06179529778075
 30
0.0
 11
15.0380832486878
 21
8.304091213362037
 31
0.0
  0
LINE
  5
11CE
330
1F
100
AcDbEntity
  8
0-CYPE4
100
AcDbLine
 10
16.03808324868779
 20
11.06179529778075
 30
0.0
 11
16.03808324868779
 21
8.304091213362037
 31
0.0
  0
LINE
  5
11CF
330
1F
100
AcDbEntity
  8
0-CYPE4
100
AcDbLine
 10
17.0380832486878
 20
11.06179529778075
 30
0.0
 11
17.0380832486878
 21
8.304091213362037
 31
0.0
  0
LINE
  5
11D0
330
1F
100
AcDbEntity
  8
0-CYPE4
100
AcDbLine
 10
12.5235699952261
 20
8.587779362828607
 30
0.0
 11
17.67743818484474
 21
8.587779362828607
 31
0.0
  0
LINE
  5
11D1
330
1F
100
AcDbEntity
  8
0-CYPE4
100
AcDbLine
 10
12.5235699952261
 20
9.337779362828607
 30
0.0
 11
17.67743818484474
 21
9.337779362828607
 31
0.0
  0
LINE
  5
11D2
330
1F
100
AcDbEntity
  8
0-CYPE4
100
AcDbLine
 10
12.5235699952261
 20
10.08777936282861
 30
0.0
 11
17.67743818484474
 21
10.08777936282861
 31
0.0
  0
LINE
  5
11D3
330
1F
100
AcDbEntity
  8
0-CYPE4
100
AcDbLine
 10
12.5235699952261
 20
10.83777936282815
 30
0.0
 11
17.67743818484474
 21
10.83777936282815
 31
0.0
  0
TEXT
  5
11D4
330
1F
100
AcDbEntity
  8
DET-TEXTO
100
AcDbText
 10
11.04265616421182
 20
9.250211392467301
 30
0.0
 40
0.2
  1
As1
  7
CENTURY
100
AcDbText
  0
LINE
  5
11D5
330
1F
100
AcDbEntity
  8
DET-TEXTO LÍNEA
100
AcDbLine
 10
12.68316540906582
 20
10.36600219217946
 30
0.0
 11
10.9914363991422
 21
10.36600219218219
 31
0.0
  0
TEXT
  5
11D6
330
1F
100
AcDbEntity
  8
DET-TEXTO
100
AcDbText
 10
11.04265616421182
 20
10.45090214683461
 30
0.0
 40
0.2
  1
As2
  7
CENTURY
100
AcDbText
  0
LINE
  5
11D7
330
1F
100
AcDbEntity
  8
DET-TEXTO LÍNEA
100
AcDbLine
 10
14.6830488477087
 20
11.66372558209225
 30
0.0
 11
15.42705957369682
 21
11.66372558209225
 31
0.0
  0
TEXT
  5
11D8
330
1F
100
AcDbEntity
  8
DET-TEXTO
100
AcDbText
 10
14.94423048930886
 20
11.77067926865113
 30
0.0
 40
0.2
  1
As4
  7
CENTURY
100
AcDbText
  0
LINE
  5
11D9
330
1F
100
AcDbEntity
  8
DET-TEXTO LÍNEA
100
AcDbLine
 10
16.55543685007316
 20
11.66372558209225
 30
0.0
 11
17.46051783536379
 21
11.66372558209225
 31
0.0
  0
TEXT
  5
11DA
330
1F
100
AcDbEntity
  8
DET-TEXTO
100
AcDbText
 10
16.89680801999267
 20
11.77067926865113
 30
0.0
 40
0.2
  1
As3
  7
CENTURY
100
AcDbText
  0
LINE
  5
11DB
330
1F
100
AcDbEntity
  8
DET-TEXTO LÍNEA
100
AcDbLine
 10
16.55543685007316
 20
11.66372558209225
 30
0.0
 11
16.55543685007316
 21
10.08777936282861
 31
0.0
  0
LINE
  5
11DC
330
1F
100
AcDbEntity
  8
DET-TEXTO LÍNEA
100
AcDbLine
 10
14.6830488477087
 20
11.66372558209225
 30
0.0
 11
14.0380832486878
 21
9.652357848100402
 31
0.0
  0
DIMENSION
  5
11DD
330
1F
100
AcDbEntity
  8
DET-COTAS
100
AcDbDimension
280
     0
  2
*D106
 10
22.92743818485707
 20
6.687876833495531
 30
0.0
 11
17.67561027145122
 21
6.89039212921273
 31
0.0
 70
    33
  1
L2
 71
     5
 42
525.1827913405848
 73
     0
 74
     0
 75
     0
  3
1 50
100
AcDbAlignedDimension
 13
12.42378235804537
 23
7.216305373027873
 33
0.0
 14
22.92743818485707
 24
7.216305373027873
 34
0.0
1001
ACAD_DSTYLE_DIMJOGGED_JOGANGLE_SYMBOL
1070
   384
1040
1.570796326794896
1001
ACAD
1000
DSTYLE
1002
{
1070
   340
1005
2DA
1002
}
  0
DIMENSION
  5
11DE
102
{ACAD_XDICTIONARY
360
11DF
102
}
102
{ACAD_REACTORS
330
11E0
102
}
330
1F
100
AcDbEntity
  8
DET-COTAS
100
AcDbDimension
280
     0
  2
*D107
 10
14.42743818483197
 20
7.31630537302801
 30
0.0
 11
13.4274381848322
 21
7.516305373028009
 31
0.0
 70
    32
  1
D
 71
     5
 42
99.99999999997726
 73
     0
 74
     0
 75
     0
  3
1 50
100
AcDbAlignedDimension
 13
12.42743818483242
 23
7.917043030657916
 33
0.0
 14
14.42743818483197
 24
7.917043030657916
 34
0.0
 50
0.0
100
AcDbRotatedDimension
1001
ACAD_DSTYLE_DIMJOGGED_JOGANGLE_SYMBOL
1070
   384
1040
1.570796326794896
  0
DIMENSION
  5
11E1
102
{ACAD_XDICTIONARY
360
11E2
102
}
102
{ACAD_REACTORS
330
11E3
102
}
330
1F
100
AcDbEntity
  8
DET-COTAS
100
AcDbDimension
280
     0
  2
*D108
 10
11.97402410435163
 20
8.167043030657461
 30
0.0
 11
11.77402410435163
 21
9.667043030657461
 31
0.0
 70
    32
  1
H
 71
     5
 42
150.0
 73
     0
 74
     0
 75
     0
  3
1 50
100
AcDbAlignedDimension
 13
12.42743818483242
 23
11.16704303065746
 33
0.0
 14
12.42743818483242
 24
8.167043030657461
 34
0.0
 50
90.0
100
AcDbRotatedDimension
1001
ACAD_DSTYLE_DIMJOGGED_JOGANGLE_SYMBOL
1070
   384
1040
1.570796326794896
  0
DIMENSION
  5
11E4
330
1F
100
AcDbEntity
  8
FINO
100
AcDbDimension
280
     0
  2
*D109
 10
11.97402410435435
 20
7.917043030657916
 30
0.0
 11
11.81899351291995
 21
8.042043030657689
 31
0.0
 70
    32
  1
10
 71
     5
 42
24.99999999995452
 73
     0
 74
     0
 75
     0
  3
cotas formato 1.100
100
AcDbAlignedDimension
 13
12.42743818483242
 23
8.167043030657461
 33
0.0
 14
12.42743818483242
 24
7.917043030657916
 34
0.0
 50
90.0
100
AcDbRotatedDimension
1001
ACAD_DSTYLE_DIMJOGGED_JOGANGLE_SYMBOL
1070
   384
1040
1.570796326794896
  0
LINE
  5
11E5
330
1F
100
AcDbEntity
  8
DET-BORDE ESTRUCTURA
100
AcDbLine
 10
14.33514387575835
 20
8.993908267332537
 30
0.0
 11
14.38174002554635
 21
9.078098310679772
 31
0.0
  0
LINE
  5
11E6
330
1F
100
AcDbEntity
  8
DET-BORDE ESTRUCTURA
100
AcDbLine
 10
14.38174002554635
 20
9.078098310679772
 30
0.0
 11
14.470269523739
 21
8.917186387203466
 31
0.0
  0
LINE
  5
11E7
330
1F
100
AcDbEntity
  8
DET-BORDE ESTRUCTURA
100
AcDbLine
 10
14.470269523739
 20
8.917186387203466
 30
0.0
 11
14.50701231176546
 21
8.993908267332537
 31
0.0
  0
LINE
  5
11E8
330
1F
100
AcDbEntity
  8
DET-BORDE ESTRUCTURA
100
AcDbLine
 10
17.34770649069625
 20
8.993908267332537
 30
0.0
 11
17.58514387575835
 21
8.993908267332537
 31
0.0
  0
LINE
  5
11E9
330
1F
100
AcDbEntity
  8
DET-BORDE ESTRUCTURA
100
AcDbLine
 10
17.75701231176546
 20
8.993908267332537
 30
0.0
 11
18.030139505199
 21
8.993908267332537
 31
0.0
  0
LINE
  5
11EA
330
1F
100
AcDbEntity
  8
DET-BORDE ESTRUCTURA
100
AcDbLine
 10
17.58514387575835
 20
8.993908267332537
 30
0.0
 11
17.63174002554635
 21
9.078098310679772
 31
0.0
  0
LINE
  5
11EB
330
1F
100
AcDbEntity
  8
DET-BORDE ESTRUCTURA
100
AcDbLine
 10
17.63174002554635
 20
9.078098310679772
 30
0.0
 11
17.720269523739
 21
8.917186387203466
 31
0.0
  0
LINE
  5
11EC
330
1F
100
AcDbEntity
  8
DET-BORDE ESTRUCTURA
100
AcDbLine
 10
17.720269523739
 20
8.917186387203466
 30
0.0
 11
17.75701231176546
 21
8.993908267332537
 31
0.0
  0
LWPOLYLINE
  5
11ED
330
1F
100
AcDbEntity
  8
ENCEPADO
100
AcDbPolyline
 90
        4
 70
     0
 43
0.0
 10
24.86291715343033
 20
7.058750139949617
 10
24.86291715343033
 20
11.39080897184363
 10
30.50466819022587
 20
11.39080897184363
 10
30.50466819022587
 20
7.058750139949617
  0
LWPOLYLINE
  5
11EE
330
1F
100
AcDbEntity
  8
0-CYPE4
100
AcDbPolyline
 90
        4
 70
     0
 43
0.0
 10
25.02649395342998
 20
7.058750139949617
 10
25.02649395342998
 20
11.22723217184399
 10
30.34109139022623
 20
11.22723217184399
 10
30.34109139022623
 20
7.058750139949617
  0
CIRCLE
  5
11EF
330
1F
100
AcDbEntity
  8
ENCEPADO
100
AcDbCircle
 10
26.27335491262967
 20
10.08111676687282
 30
0.0
 40
0.3626839952223555
  0
CIRCLE
  5
11F0
330
1F
100
AcDbEntity
  8
ENCEPADO
100
AcDbCircle
 10
26.27335491262967
 20
10.08111676687282
 30
0.0
 40
0.2376839952223555
  0
CIRCLE
  5
11F1
330
1F
100
AcDbEntity
  8
ENCEPADO
100
AcDbCircle
 10
26.27335491262967
 20
7.05875014001891
 30
0.0
 40
0.3626839952223555
  0
CIRCLE
  5
11F2
330
1F
100
AcDbEntity
  8
ENCEPADO
100
AcDbCircle
 10
26.27335491262967
 20
7.05875014001891
 30
0.0
 40
0.2376839952223555
  0
CIRCLE
  5
11F3
330
1F
100
AcDbEntity
  8
ENCEPADO
100
AcDbCircle
 10
29.09423043102835
 20
10.08111676687282
 30
0.0
 40
0.3626839952223555
  0
CIRCLE
  5
11F4
330
1F
100
AcDbEntity
  8
ENCEPADO
100
AcDbCircle
 10
29.09423043102835
 20
10.08111676687282
 30
0.0
 40
0.2376839952223555
  0
CIRCLE
  5
11F5
330
1F
100
AcDbEntity
  8
ENCEPADO
100
AcDbCircle
 10
29.09423043102835
 20
7.05875014001891
 30
0.0
 40
0.3626839952223555
  0
CIRCLE
  5
11F6
330
1F
100
AcDbEntity
  8
ENCEPADO
100
AcDbCircle
 10
29.09423043102835
 20
7.05875014001891
 30
0.0
 40
0.2376839952223555
  0
MTEXT
  5
11F7
330
1F
100
AcDbEntity
  8
DET-TEXTO
100
AcDbMText
 10
26.26110944973472
 20
11.88132816546454
 30
0.0
 40
0.2
 41
9.018641700436546
 46
0.0
 71
     1
 72
     5
  1
ARMADO INFERIOR
  7
CENTURY
 73
     1
 44
1.0
101
Embedded Object
 70
     1
 10
1.0
 20
0.0
 30
0.0
 11
26.26110944973472
 21
11.88132816546454
 31
0.0
 40
9.018641700436546
 41
0.0
 42
2.53704962610469
 43
0.2100611828687968
 71
     2
 72
     1
 44
9.018641700436546
 45
12.5
 73
     0
 74
     0
 46
-0.2100611828687968
1001
ACAD
1000
MTEXTBEGIN
1070
    73
1070
     1
1070
    44
1040
1.0
1070
    74
1070
     0
1000
MTEXTEND
  0
MTEXT
  5
11F8
330
1F
100
AcDbEntity
  8
DET-TEXTO
100
AcDbMText
 10
33.05794777434587
 20
11.88132816546454
 30
0.0
 40
0.2
 41
9.018641700436546
 46
0.0
 71
     1
 72
     5
  1
ARMADO SUPERIOR
  7
CENTURY
 73
     1
 44
1.0
101
Embedded Object
 70
     1
 10
1.0
 20
0.0
 30
0.0
 11
33.05794777434587
 21
11.88132816546454
 31
0.0
 40
9.018641700436546
 41
0.0
 42
2.618898708361658
 43
0.2100611828687968
 71
     2
 72
     1
 44
9.018641700436546
 45
12.5
 73
     0
 74
     0
 46
-0.2100611828687968
1001
ACAD
1000
MTEXTBEGIN
1070
    73
1070
     1
1070
    44
1040
1.0
1070
    74
1070
     0
1000
MTEXTEND
  0
LWPOLYLINE
  5
11F9
330
1F
100
AcDbEntity
  8
ENCEPADO
100
AcDbPolyline
 90
        4
 70
     0
 43
0.0
 10
31.4214462247137
 20
7.058750139949617
 10
31.4214462247137
 20
11.39080897184363
 10
37.06319726150925
 20
11.39080897184363
 10
37.06319726150925
 20
7.058750139949617
  0
CIRCLE
  5
11FA
330
1F
100
AcDbEntity
  8
ENCEPADO
100
AcDbCircle
 10
32.83188398391305
 20
10.08111676687282
 30
0.0
 40
0.3626839952223555
  0
CIRCLE
  5
11FB
330
1F
100
AcDbEntity
  8
ENCEPADO
100
AcDbCircle
 10
32.83188398391305
 20
10.08111676687282
 30
0.0
 40
0.2376839952223555
  0
CIRCLE
  5
11FC
330
1F
100
AcDbEntity
  8
ENCEPADO
100
AcDbCircle
 10
32.83188398391305
 20
7.05875014001891
 30
0.0
 40
0.3626839952223555
  0
CIRCLE
  5
11FD
330
1F
100
AcDbEntity
  8
ENCEPADO
100
AcDbCircle
 10
32.83188398391305
 20
7.05875014001891
 30
0.0
 40
0.2376839952223555
  0
CIRCLE
  5
11FE
330
1F
100
AcDbEntity
  8
ENCEPADO
100
AcDbCircle
 10
35.65275950231173
 20
10.08111676687282
 30
0.0
 40
0.3626839952223555
  0
CIRCLE
  5
11FF
330
1F
100
AcDbEntity
  8
ENCEPADO
100
AcDbCircle
 10
35.65275950231173
 20
10.08111676687282
 30
0.0
 40
0.2376839952223555
  0
CIRCLE
  5
1200
330
1F
100
AcDbEntity
  8
ENCEPADO
100
AcDbCircle
 10
35.65275950231173
 20
7.05875014001891
 30
0.0
 40
0.3626839952223555
  0
CIRCLE
  5
1201
330
1F
100
AcDbEntity
  8
ENCEPADO
100
AcDbCircle
 10
35.65275950231173
 20
7.05875014001891
 30
0.0
 40
0.2376839952223555
  0
LINE
  5
1202
330
1F
100
AcDbEntity
  8
0-CYPE4
100
AcDbLine
 10
36.07295988537136
 20
11.12636563308502
 30
0.0
 11
36.07295988537136
 21
7.058750139949617
 31
0.0
  0
LINE
  5
1203
330
1F
100
AcDbEntity
  8
0-CYPE4
100
AcDbLine
 10
35.23256040434445
 20
11.12636563308502
 30
0.0
 11
35.23256040434445
 21
7.058750139949617
 31
0.0
  0
LINE
  5
1204
330
1F
100
AcDbEntity
  8
0-CYPE4
100
AcDbLine
 10
33.25208436697268
 20
11.12636563308502
 30
0.0
 11
33.25208436697268
 21
7.058750139949617
 31
0.0
  0
LINE
  5
1205
330
1F
100
AcDbEntity
  8
0-CYPE4
100
AcDbLine
 10
32.41168488594578
 20
11.12636563308502
 30
0.0
 11
32.41168488594578
 21
7.058750139949617
 31
0.0
  0
LINE
  5
1206
330
1F
100
AcDbEntity
  8
0-CYPE4
100
AcDbLine
 10
36.79875392275063
 20
7.47894923798618
 30
0.0
 11
31.69370449643613
 21
7.47894923798618
 31
0.0
  0
LINE
  5
1207
330
1F
100
AcDbEntity
  8
0-CYPE4
100
AcDbLine
 10
36.79875392275063
 20
9.660916383813182
 30
0.0
 11
31.69370449643613
 21
9.660916383813182
 31
0.0
  0
LINE
  5
1208
330
1F
100
AcDbEntity
  8
0-CYPE4
100
AcDbLine
 10
36.79875392275063
 20
10.50131586484009
 30
0.0
 11
31.69370449643613
 21
10.50131586484009
 31
0.0
  0
LINE
  5
1209
330
1F
100
AcDbEntity
  8
DET-TEXTO LÍNEA
100
AcDbLine
 10
30.33454328401007
 20
5.912634735123683
 30
0.0
 11
30.69368669992804
 21
5.220629395591695
 31
0.0
  0
LINE
  5
120A
330
1F
100
AcDbEntity
  8
DET-TEXTO LÍNEA
100
AcDbLine
 10
30.69368669992804
 20
5.220629395591695
 30
0.0
 11
31.51698877633538
 21
5.220629395591695
 31
0.0
  0
MTEXT
  5
120B
330
1F
100
AcDbEntity
  8
DET-TEXTO
100
AcDbMText
 10
30.88627736378152
 20
5.509378657043962
 30
0.0
 40
0.2
 41
9.018641700436546
 46
0.0
 71
     1
 72
     5
  1
As4
  7
CENTURY
 73
     1
 44
1.0
101
Embedded Object
 70
     1
 10
1.0
 20
0.0
 30
0.0
 11
30.88627736378152
 21
5.509378657043962
 31
0.0
 40
9.018641700436546
 41
0.0
 42
0.4542488103331067
 43
0.208837525492862
 71
     2
 72
     1
 44
9.018641700436546
 45
12.5
 73
     0
 74
     0
 46
-0.208837525492862
1001
ACAD
1000
MTEXTBEGIN
1070
    73
1070
     1
1070
    44
1040
1.0
1070
    74
1070
     0
1000
MTEXTEND
  0
LINE
  5
120C
330
1F
100
AcDbEntity
  8
0-CYPE4
100
AcDbLine
 10
24.93994982197593
 20
7.50537356258088
 30
0.0
 11
30.40971449984819
 21
7.50537356258088
 31
0.0
  0
LINE
  5
120D
330
1F
100
AcDbEntity
  8
0-CYPE4
100
AcDbLine
 10
24.98174573385405
 20
9.685641078281387
 30
0.0
 11
30.40506405648331
 21
9.666792791997304
 31
0.0
  0
LINE
  5
120E
330
1F
100
AcDbEntity
  8
0-CYPE4
100
AcDbLine
 10
24.93994982197593
 20
10.52774018943479
 30
0.0
 11
30.40971449984819
 21
10.52774018943479
 31
0.0
  0
LINE
  5
120F
330
1F
100
AcDbEntity
  8
DET-TEXTO LÍNEA
100
AcDbLine
 10
36.02497141706819
 20
8.002030672768805
 30
0.0
 11
36.12094835367454
 21
8.099409002303227
 31
0.0
  0
LINE
  5
1210
330
1F
100
AcDbEntity
  8
DET-TEXTO LÍNEA
100
AcDbLine
 10
35.18479263891278
 20
8.002256236009552
 30
0.0
 11
35.28076957551777
 21
8.099634565544429
 31
0.0
  0
MTEXT
  5
1211
330
1F
100
AcDbEntity
  8
DET-TEXTO
100
AcDbMText
 10
37.14017138661577
 20
8.300050622840453
 30
0.0
 40
0.2
 41
9.018641700436546
 46
0.0
 71
     1
 72
     5
  1
As2
  7
CENTURY
 73
     1
 44
1.0
101
Embedded Object
 70
     1
 10
1.0
 20
0.0
 30
0.0
 11
37.14017138661577
 21
8.300050622840453
 31
0.0
 40
9.018641700436546
 41
0.0
 42
0.4515295717199185
 43
0.208837525492862
 71
     2
 72
     1
 44
9.018641700436546
 45
12.5
 73
     0
 74
     0
 46
-0.208837525492862
1001
ACAD
1000
MTEXTBEGIN
1070
    73
1070
     1
1070
    44
1040
1.0
1070
    74
1070
     0
1000
MTEXTEND
  0
LINE
  5
1212
330
1F
100
AcDbEntity
  8
DET-TEXTO LÍNEA
100
AcDbLine
 10
34.94831234048572
 20
8.050686640522608
 30
0.0
 11
37.60474592203583
 21
8.051144031673411
 31
0.0
  0
LINE
  5
1213
330
1F
100
AcDbEntity
  8
DET-COTAS
100
AcDbLine
 10
23.79440390031051
 20
8.613165877677838
 30
0.0
 11
23.79440390031051
 21
11.46316587767911
 31
0.0
  0
DIMENSION
  5
1214
330
1F
100
AcDbEntity
  8
DET-COTAS
100
AcDbDimension
280
     0
  2
*D110
 10
23.79440390032006
 20
10.07318084938038
 30
0.0
 11
23.59440390032006
 21
10.73199491061201
 31
0.0
 70
    32
  1
D
 71
     5
 42
65.88140612316237
 73
     0
 74
     0
 75
     0
  3
1 50
100
AcDbAlignedDimension
 13
24.86291715343033
 23
11.39080897184363
 33
0.0
 14
24.93549173622161
 24
10.07318084938038
 34
0.0
 50
90.0
100
AcDbRotatedDimension
1001
ACAD_DSTYLE_DIMJOGGED_JOGANGLE_SYMBOL
1070
   384
1040
1.570796326794896
1001
ACAD
1000
DSTYLE
1002
{
1070
   340
1005
2DA
1002
}
  0
DIMENSION
  5
1215
330
1F
100
AcDbEntity
  8
DET-COTAS
100
AcDbDimension
280
     0
  2
*D111
 10
23.79440390031915
 20
7.058750139949617
 30
0.0
 11
23.59440390031915
 21
8.565965494665002
 31
0.0
 70
    32
  1
B
 71
     5
 42
150.7215354715384
 73
     0
 74
     0
 75
     0
  3
1 50
100
AcDbAlignedDimension
 13
24.86291715343033
 23
10.07318084938038
 33
0.0
 14
24.86291715343033
 24
7.058750139949617
 34
0.0
 50
90.0
100
AcDbRotatedDimension
1001
ACAD_DSTYLE_DIMJOGGED_JOGANGLE_SYMBOL
1070
   384
1040
1.570796326794896
  0
LINE
  5
1216
330
1F
100
AcDbEntity
  8
DET-TEXTO LÍNEA
100
AcDbLine
 10
25.42230877340764
 20
6.61725274681431
 30
0.0
 11
25.42230877340764
 21
9.035900088648086
 31
0.0
  0
LINE
  5
1217
330
1F
100
AcDbEntity
  8
DET-TEXTO LÍNEA
100
AcDbLine
 10
25.42230877340764
 20
9.035900088648086
 30
0.0
 11
24.00111178958083
 21
9.035900088648086
 31
0.0
  0
LINE
  5
1218
330
1F
100
AcDbEntity
  8
DET-TEXTO LÍNEA
100
AcDbLine
 10
25.37001801270664
 20
7.533368863296354
 30
0.0
 11
25.47759993386718
 21
7.460329120743844
 31
0.0
  0
LINE
  5
1219
330
1F
100
AcDbEntity
  8
DET-TEXTO LÍNEA
100
AcDbLine
 10
25.37298205024537
 20
6.692187640429901
 30
0.0
 11
25.48056397140455
 21
6.619147897878983
 31
0.0
  0
MTEXT
  5
121A
330
1F
100
AcDbEntity
  8
DET-TEXTO
100
AcDbMText
 10
24.15437944068721
 20
9.324649350144918
 30
0.0
 40
0.2
 41
9.018641700436546
 46
0.0
 71
     1
 72
     5
  1
As1
  7
CENTURY
 73
     1
 44
1.0
101
Embedded Object
 70
     1
 10
1.0
 20
0.0
 30
0.0
 11
24.15437944068721
 21
9.324649350144918
 31
0.0
 40
9.018641700436546
 41
0.0
 42
0.3982324949014276
 43
0.2038069340584637
 71
     2
 72
     1
 44
9.018641700436546
 45
12.5
 73
     0
 74
     0
 46
-0.2038069340584637
1001
ACAD
1000
MTEXTBEGIN
1070
    73
1070
     1
1070
    44
1040
1.0
1070
    74
1070
     0
1000
MTEXTEND
  0
LINE
  5
121B
330
1F
100
AcDbEntity
  8
0-CYPE4
100
AcDbLine
 10
29.51443081408799
 20
11.12636563308502
 30
0.0
 11
29.51443081408799
 21
7.058750139949617
 31
0.0
  0
LINE
  5
121C
330
1F
100
AcDbEntity
  8
0-CYPE4
100
AcDbLine
 10
28.67403133306108
 20
11.12636563308502
 30
0.0
 11
28.67403133306108
 21
7.058750139949617
 31
0.0
  0
LINE
  5
121D
330
1F
100
AcDbEntity
  8
0-CYPE4
100
AcDbLine
 10
26.69355529568931
 20
11.12636563308502
 30
0.0
 11
26.69355529568931
 21
7.058750139949617
 31
0.0
  0
LINE
  5
121E
330
1F
100
AcDbEntity
  8
0-CYPE4
100
AcDbLine
 10
25.8531558146624
 20
11.12636563308502
 30
0.0
 11
25.8531558146624
 21
7.058750139949617
 31
0.0
  0
LINE
  5
121F
330
1F
100
AcDbEntity
  8
0-CYPE4
100
AcDbLine
 10
34.22661524489559
 20
7.058750139949617
 30
0.0
 11
34.22671505381824
 21
7.466773810956746
 31
0.0
  0
LINE
  5
1220
330
1F
100
AcDbEntity
  8
0-CYPE4
100
AcDbLine
 10
34.22651245736008
 20
9.660916383813182
 30
0.0
 11
34.22687723807896
 21
11.152157488061
 31
0.0
  0
LINE
  5
1221
330
1F
100
AcDbEntity
  8
0-CYPE4
100
AcDbLine
 10
31.74866783569543
 20
8.589812389940798
 30
0.0
 11
33.23990893994325
 21
8.589447609221915
 31
0.0
  0
LINE
  5
1222
330
1F
100
AcDbEntity
  8
0-CYPE4
100
AcDbLine
 10
36.70435707902472
 20
8.589812389940798
 30
0.0
 11
35.2131159747769
 21
8.589447609221915
 31
0.0
  0
LINE
  5
1223
330
1F
100
AcDbEntity
  8
DET-TEXTO LÍNEA
100
AcDbLine
 10
28.4483998479591
 20
8.213676340760011
 30
0.0
 11
30.67740033074644
 21
8.851002645315938
 31
0.0
  0
LINE
  5
1224
330
1F
100
AcDbEntity
  8
DET-TEXTO LÍNEA
100
AcDbLine
 10
31.32653463972294
 20
8.851002645315938
 30
0.0
 11
30.67740033074644
 21
8.851002645315938
 31
0.0
  0
MTEXT
  5
1225
330
1F
100
AcDbEntity
  8
DET-TEXTO
100
AcDbMText
 10
30.67740033074644
 20
9.139751906768205
 30
0.0
 40
0.2
 41
9.018641700436546
 46
0.0
 71
     1
 72
     5
  1
As3
  7
CENTURY
 73
     1
 44
1.0
101
Embedded Object
 70
     1
 10
1.0
 20
0.0
 30
0.0
 11
30.67740033074644
 21
9.139751906768205
 31
0.0
 40
9.018641700436546
 41
0.0
 42
0.4509857239972808
 43
0.2100611828687968
 71
     2
 72
     1
 44
9.018641700436546
 45
12.5
 73
     0
 74
     0
 46
-0.2100611828687968
1001
ACAD
1000
MTEXTBEGIN
1070
    73
1070
     1
1070
    44
1040
1.0
1070
    74
1070
     0
1000
MTEXTEND
  0
MTEXT
  5
1226
330
1F
100
AcDbEntity
  8
DET-TEXTO
100
AcDbMText
 10
37.19914613038829
 20
9.393867095751838
 30
0.0
 40
0.2
 41
9.018641700436546
 46
0.0
 71
     1
 72
     5
  1
As5
  7
CENTURY
 73
     1
 44
1.0
101
Embedded Object
 70
     1
 10
1.0
 20
0.0
 30
0.0
 11
37.19914613038829
 21
9.393867095751838
 31
0.0
 40
9.018641700436546
 41
0.0
 42
0.4494901427600273
 43
0.2050305914343984
 71
     2
 72
     1
 44
9.018641700436546
 45
12.5
 73
     0
 74
     0
 46
-0.2050305914343984
1001
ACAD
1000
MTEXTBEGIN
1070
    73
1070
     1
1070
    44
1040
1.0
1070
    74
1070
     0
1000
MTEXTEND
  0
LINE
  5
1227
330
1F
100
AcDbEntity
  8
DET-TEXTO LÍNEA
100
AcDbLine
 10
36.3355038750333
 20
9.144731809009281
 30
0.0
 11
37.66372066580836
 21
9.144960504584796
 31
0.0
  0
LINE
  5
1228
330
1F
100
AcDbEntity
  8
0-CYPE4
100
AcDbLine
 10
28.11501583652627
 20
11.12636563308502
 30
0.0
 11
28.11501583652627
 21
7.058750139949617
 31
0.0
  0
LINE
  5
1229
330
1F
100
AcDbEntity
  8
0-CYPE4
100
AcDbLine
 10
27.27461635549936
 20
11.12636563308502
 30
0.0
 11
27.27461635549936
 21
7.058750139949617
 31
0.0
  0
LINE
  5
122A
330
1F
100
AcDbEntity
  8
0-CYPE4
100
AcDbLine
 10
24.98174573385405
 20
8.225724405303262
 30
0.0
 11
30.40506405648331
 21
8.206876119019179
 31
0.0
  0
LINE
  5
122B
330
1F
100
AcDbEntity
  8
0-CYPE4
100
AcDbLine
 10
24.93994982197593
 20
9.067823516456664
 30
0.0
 11
30.40971449984819
 21
9.067823516456664
 31
0.0
  0
TEXT
  5
122C
330
1F
100
AcDbEntity
  8
DET-TEXTO
100
AcDbText
 10
17.38024286462517
 20
3.223627165656418
 30
0.0
 40
0.256
  1
As5 
  7
Estructura
 72
     1
 11
17.72934959474074
 21
3.223627165656418
 31
0.0
100
AcDbText
  0
LINE
  5
122D
330
1F
100
AcDbEntity
  8
DET-TEXTO
100
AcDbLine
 10
18.36384215863259
 20
3.790842264264322
 30
0.0
 11
18.36384215863259
 21
0.9987504412436667
 31
0.0
  0
TEXT
  5
122E
330
1F
100
AcDbEntity
  8
DET-TEXTO
100
AcDbText
 10
17.24952868754719
 20
1.53379563175242
 30
0.0
 40
0.256
  1
5%%C16
  7
Estructura
 72
     1
 11
17.70053072697615
 21
1.53379563175242
 31
0.0
100
AcDbText
  0
LWPOLYLINE
  5
122F
330
1F
100
AcDbEntity
  8
DET-TEXTO
100
AcDbPolyline
 90
        4
 70
     1
 43
0.0
 10
17.51386597996603
 20
3.096273458752714
 10
17.92222680117507
 20
3.096273458752714
 10
17.92222680117507
 20
2.471351726510713
 10
17.51386597996603
 20
2.471351726510713
  0
LINE
  5
1230
330
1F
100
AcDbEntity
  8
DET-TEXTO
100
AcDbLine
 10
16.8566917172308
 20
2.945798668065274
 30
0.0
 11
16.8566917172308
 21
2.566205127336909
 31
0.0
  0
LINE
  5
1231
330
1F
100
AcDbEntity
  8
DET-TEXTO
100
AcDbLine
 10
16.8566917172308
 20
2.566205127336909
 30
0.0
 11
15.84869721730879
 21
2.566205127336909
 31
0.0
  0
LINE
  5
1232
330
1F
100
AcDbEntity
  8
DET-TEXTO
100
AcDbLine
 10
15.84869721730879
 20
2.566205127336909
 30
0.0
 11
15.84869721730879
 21
2.945798668065274
 31
0.0
  0
LINE
  5
1233
330
1F
100
AcDbEntity
  8
DET-TEXTO
100
AcDbLine
 10
16.8566917172308
 20
2.945798668065274
 30
0.0
 11
15.84869721730879
 21
2.945798668065274
 31
0.0
  0
LWPOLYLINE
  5
1234
330
1F
100
AcDbEntity
  8
DET-TEXTO LÍNEA
100
AcDbPolyline
 90
        2
 70
     0
 43
0.0
 10
36.3355038750333
 20
9.144731809009281
 10
35.63870447396813
 20
8.589551714774197
  0
LINE
  5
1235
330
1F
100
AcDbEntity
  8
DET-TEXTO LÍNEA
100
AcDbLine
 10
26.6584174456416
 20
9.339799133089863
 30
0.0
 11
26.75439438224795
 21
9.437177462624285
 31
0.0
  0
LINE
  5
1236
330
1F
100
AcDbEntity
  8
DET-TEXTO LÍNEA
100
AcDbLine
 10
25.8182386674862
 20
9.34002469633061
 30
0.0
 11
25.91421560409119
 21
9.437403025865487
 31
0.0
  0
LINE
  5
1237
330
1F
100
AcDbEntity
  8
DET-TEXTO LÍNEA
100
AcDbLine
 10
27.12690939881442
 20
10.47054605142058
 30
0.0
 11
27.02953106928
 21
10.56652298802692
 31
0.0
  0
LINE
  5
1238
330
1F
100
AcDbEntity
  8
DET-TEXTO LÍNEA
100
AcDbLine
 10
27.12668383557367
 20
9.630367273265173
 30
0.0
 11
27.0293055060388
 21
9.726344209870157
 31
0.0
  0
LWPOLYLINE
  5
1239
330
1F
100
AcDbEntity
  8
DET-TEXTO LÍNEA
100
AcDbPolyline
 90
        2
 70
     0
 43
0.0
 10
25.8531558146624
 20
9.375451681025205
 10
26.69355529568931
 20
9.375451681025205
  0
LWPOLYLINE
  5
123A
330
1F
100
AcDbEntity
  8
DET-TEXTO LÍNEA
100
AcDbPolyline
 90
        2
 70
     0
 43
0.0
 10
27.07799467080624
 20
9.678355741567665
 10
27.07822023404698
 20
10.51853451972375
  0
LWPOLYLINE
  5
123B
330
1F
100
AcDbEntity
  8
DET-TEXTO LÍNEA
100
AcDbPolyline
 90
        2
 70
     0
 43
0.0
 10
26.34620946377801
 20
9.375451681025205
 10
27.07810745242661
 20
10.09844513064559
  0
LWPOLYLINE
  5
123C
330
1F
100
AcDbEntity
  8
DET-TEXTO LÍNEA
100
AcDbPolyline
 90
        2
 70
     0
 43
0.0
 10
27.07810745242661
 20
10.09844513064559
 10
28.2894791762418
 20
10.098445130661
  0
MTEXT
  5
123D
330
1F
100
AcDbEntity
  8
DET-TEXTO
100
AcDbMText
 10
27.44866231283415
 20
10.34350501868813
 30
0.0
 40
0.2
 41
9.018641700436546
 46
0.0
 71
     1
 72
     5
  1
As1
  7
CENTURY
 73
     1
 44
1.0
101
Embedded Object
 70
     1
 10
1.0
 20
0.0
 30
0.0
 11
27.44866231283415
 21
10.34350501868813
 31
0.0
 40
9.018641700436546
 41
0.0
 42
0.3982324949014276
 43
0.2038069340584637
 71
     2
 72
     1
 44
9.018641700436546
 45
12.5
 73
     0
 74
     0
 46
-0.2038069340584637
1001
ACAD
1000
MTEXTBEGIN
1070
    73
1070
     1
1070
    44
1040
1.0
1070
    74
1070
     0
1000
MTEXTEND
  0
LWPOLYLINE
  5
123E
330
1F
100
AcDbEntity
  8
ENCEPADO
100
AcDbPolyline
 90
        4
 70
     0
 43
0.0
 10
24.86291715343033
 20
7.058750139949617
 10
24.86291715343033
 20
2.726691308055601
 10
30.50466819022587
 20
2.726691308055601
 10
30.50466819022587
 20
7.058750139949617
  0
LWPOLYLINE
  5
123F
330
1F
100
AcDbEntity
  8
0-CYPE4
100
AcDbPolyline
 90
        4
 70
     0
 43
0.0
 10
25.02649395342998
 20
7.058750139949617
 10
25.02649395342998
 20
2.890268108055247
 10
30.34109139022623
 20
2.890268108055247
 10
30.34109139022623
 20
7.058750139949617
  0
LWPOLYLINE
  5
1240
330
1F
100
AcDbEntity
  8
ENCEPADO
100
AcDbPolyline
 90
        4
 70
     0
 43
0.0
 10
31.4214462247137
 20
7.058750139949617
 10
31.4214462247137
 20
2.726691308055601
 10
37.06319726150925
 20
2.726691308055601
 10
37.06319726150925
 20
7.058750139949617
  0
CIRCLE
  5
1241
330
1F
100
AcDbEntity
  8
ENCEPADO
100
AcDbCircle
 10
32.83188398391305
 20
4.036383513026416
 30
0.0
 40
0.3626839952223555
  0
CIRCLE
  5
1242
330
1F
100
AcDbEntity
  8
ENCEPADO
100
AcDbCircle
 10
32.83188398391305
 20
4.036383513026416
 30
0.0
 40
0.2376839952223555
  0
CIRCLE
  5
1243
330
1F
100
AcDbEntity
  8
ENCEPADO
100
AcDbCircle
 10
35.65275950231173
 20
4.036383513026416
 30
0.0
 40
0.3626839952223555
  0
CIRCLE
  5
1244
330
1F
100
AcDbEntity
  8
ENCEPADO
100
AcDbCircle
 10
35.65275950231173
 20
4.036383513026416
 30
0.0
 40
0.2376839952223555
  0
LINE
  5
1245
330
1F
100
AcDbEntity
  8
0-CYPE4
100
AcDbLine
 10
36.07295988537136
 20
2.991134646814211
 30
0.0
 11
36.07295988537136
 21
7.058750139949617
 31
0.0
  0
LINE
  5
1246
330
1F
100
AcDbEntity
  8
0-CYPE4
100
AcDbLine
 10
35.23256040434445
 20
2.991134646814211
 30
0.0
 11
35.23256040434445
 21
7.058750139949617
 31
0.0
  0
LINE
  5
1247
330
1F
100
AcDbEntity
  8
0-CYPE4
100
AcDbLine
 10
33.25208436697268
 20
2.991134646814211
 30
0.0
 11
33.25208436697268
 21
7.058750139949617
 31
0.0
  0
LINE
  5
1248
330
1F
100
AcDbEntity
  8
0-CYPE4
100
AcDbLine
 10
32.41168488594578
 20
2.991134646814211
 30
0.0
 11
32.41168488594578
 21
7.058750139949617
 31
0.0
  0
LINE
  5
1249
330
1F
100
AcDbEntity
  8
0-CYPE4
100
AcDbLine
 10
36.79875392275063
 20
6.638551041913055
 30
0.0
 11
31.69370449643613
 21
6.638551041913055
 31
0.0
  0
LINE
  5
124A
330
1F
100
AcDbEntity
  8
0-CYPE4
100
AcDbLine
 10
36.79875392275063
 20
4.456583896086053
 30
0.0
 11
31.69370449643613
 21
4.456583896086053
 31
0.0
  0
LINE
  5
124B
330
1F
100
AcDbEntity
  8
0-CYPE4
100
AcDbLine
 10
36.79875392275063
 20
3.616184415059146
 30
0.0
 11
31.69370449643613
 21
3.616184415059146
 31
0.0
  0
LINE
  5
124C
330
1F
100
AcDbEntity
  8
0-CYPE4
100
AcDbLine
 10
24.93994982197593
 20
6.612126717318355
 30
0.0
 11
30.40971449984819
 21
6.612126717318355
 31
0.0
  0
LINE
  5
124D
330
1F
100
AcDbEntity
  8
0-CYPE4
100
AcDbLine
 10
24.98174573385405
 20
4.431859201617848
 30
0.0
 11
30.40506405648331
 21
4.450707487901931
 31
0.0
  0
LINE
  5
124E
330
1F
100
AcDbEntity
  8
0-CYPE4
100
AcDbLine
 10
24.93994982197593
 20
3.589760090464446
 30
0.0
 11
30.40971449984819
 21
3.589760090464446
 31
0.0
  0
LINE
  5
124F
330
1F
100
AcDbEntity
  8
DET-TEXTO LÍNEA
100
AcDbLine
 10
25.37001801270664
 20
6.584131416602881
 30
0.0
 11
25.47759993386718
 21
6.657171159155391
 31
0.0
  0
LINE
  5
1250
330
1F
100
AcDbEntity
  8
0-CYPE4
100
AcDbLine
 10
29.51443081408799
 20
2.991134646814211
 30
0.0
 11
29.51443081408799
 21
7.058750139949617
 31
0.0
  0
LINE
  5
1251
330
1F
100
AcDbEntity
  8
0-CYPE4
100
AcDbLine
 10
28.67403133306108
 20
2.991134646814211
 30
0.0
 11
28.67403133306108
 21
7.058750139949617
 31
0.0
  0
LINE
  5
1252
330
1F
100
AcDbEntity
  8
0-CYPE4
100
AcDbLine
 10
26.69355529568931
 20
2.991134646814211
 30
0.0
 11
26.69355529568931
 21
7.058750139949617
 31
0.0
  0
LINE
  5
1253
330
1F
100
AcDbEntity
  8
0-CYPE4
100
AcDbLine
 10
25.8531558146624
 20
2.991134646814211
 30
0.0
 11
25.8531558146624
 21
7.058750139949617
 31
0.0
  0
LINE
  5
1254
330
1F
100
AcDbEntity
  8
0-CYPE4
100
AcDbLine
 10
34.22661524489559
 20
7.058750139949617
 30
0.0
 11
34.22671505381824
 21
6.650726468942488
 31
0.0
  0
LINE
  5
1255
330
1F
100
AcDbEntity
  8
0-CYPE4
100
AcDbLine
 10
34.22651245736008
 20
4.456583896086053
 30
0.0
 11
34.22687723807896
 21
2.965342791838233
 31
0.0
  0
LINE
  5
1256
330
1F
100
AcDbEntity
  8
0-CYPE4
100
AcDbLine
 10
31.74866783569543
 20
5.527687889958437
 30
0.0
 11
33.23990893994325
 21
5.52805267067732
 31
0.0
  0
LINE
  5
1257
330
1F
100
AcDbEntity
  8
0-CYPE4
100
AcDbLine
 10
36.70435707902472
 20
5.527687889958437
 30
0.0
 11
35.2131159747769
 21
5.52805267067732
 31
0.0
  0
LINE
  5
1258
330
1F
100
AcDbEntity
  8
0-CYPE4
100
AcDbLine
 10
28.11501583652627
 20
2.991134646814211
 30
0.0
 11
28.11501583652627
 21
7.058750139949617
 31
0.0
  0
LINE
  5
1259
330
1F
100
AcDbEntity
  8
0-CYPE4
100
AcDbLine
 10
27.27461635549936
 20
2.991134646814211
 30
0.0
 11
27.27461635549936
 21
7.058750139949617
 31
0.0
  0
LINE
  5
125A
330
1F
100
AcDbEntity
  8
0-CYPE4
100
AcDbLine
 10
24.98174573385405
 20
5.891775874595973
 30
0.0
 11
30.40506405648331
 21
5.910624160880056
 31
0.0
  0
LINE
  5
125B
330
1F
100
AcDbEntity
  8
0-CYPE4
100
AcDbLine
 10
24.93994982197593
 20
5.049676763442571
 30
0.0
 11
30.40971449984819
 21
5.049676763442571
 31
0.0
  0
CIRCLE
  5
125C
330
1F
100
AcDbEntity
  8
ENCEPADO
100
AcDbCircle
 10
26.27335491262967
 20
4.036383513026416
 30
0.0
 40
0.3626839952223555
  0
CIRCLE
  5
125D
330
1F
100
AcDbEntity
  8
ENCEPADO
100
AcDbCircle
 10
26.27335491262967
 20
4.036383513026416
 30
0.0
 40
0.2376839952223555
  0
CIRCLE
  5
125E
330
1F
100
AcDbEntity
  8
ENCEPADO
100
AcDbCircle
 10
29.09423043102835
 20
4.036383513026416
 30
0.0
 40
0.3626839952223555
  0
CIRCLE
  5
125F
330
1F
100
AcDbEntity
  8
ENCEPADO
100
AcDbCircle
 10
29.09423043102835
 20
4.036383513026416
 30
0.0
 40
0.2376839952223555
  0
LINE
  5
1260
330
1F
100
AcDbEntity
  8
DET-COTAS
100
AcDbLine
 10
23.79440390031051
 20
5.504334402359981
 30
0.0
 11
23.79440390031051
 21
2.654334402358708
 31
0.0
  0
DIMENSION
  5
1261
330
1F
100
AcDbEntity
  8
DET-COTAS
100
AcDbDimension
280
     0
  2
*D112
 10
23.79440390032006
 20
4.044319430657433
 30
0.0
 11
23.59440390032006
 21
3.385505369356517
 31
0.0
 70
    32
  1
D
 71
     5
 42
65.88140613009159
 73
     0
 74
     0
 75
     0
  3
1 50
100
AcDbAlignedDimension
 13
24.86291715343033
 23
2.726691308055601
 33
0.0
 14
24.86291715343033
 24
4.044319430657433
 34
0.0
 50
270.0
100
AcDbRotatedDimension
1001
ACAD_DSTYLE_DIMJOGGED_JOGANGLE_SYMBOL
1070
   384
1040
1.570796326794896
1001
ACAD
1000
DSTYLE
1002
{
1070
   340
1005
2DA
1002
}
  0
DIMENSION
  5
1262
330
1F
100
AcDbEntity
  8
DET-COTAS
100
AcDbDimension
280
     0
  2
*D113
 10
23.79440390031915
 20
7.058750140088202
 30
0.0
 11
23.59440390031915
 21
5.551534785372817
 31
0.0
 70
    32
  1
B
 71
     5
 42
150.7215354715384
 73
     0
 74
     0
 75
     0
  3
1 50
100
AcDbAlignedDimension
 13
24.86291715343033
 23
4.044319430657433
 33
0.0
 14
24.34014515031233
 24
7.058750140088202
 34
0.0
 50
270.0
100
AcDbRotatedDimension
1001
ACAD_DSTYLE_DIMJOGGED_JOGANGLE_SYMBOL
1070
   384
1040
1.570796326794896
  0
DIMENSION
  5
1263
330
1F
100
AcDbEntity
  8
DET-COTAS
100
AcDbDimension
280
     0
  2
*D114
 10
7.36744236969163
 20
7.316305372930637
 30
0.0
 11
5.742442369691175
 21
7.516305372930636
 31
0.0
 70
    32
  1
A
 71
     5
 42
162.5000000000454
 73
     0
 74
     0
 75
     0
  3
1 50
100
AcDbAlignedDimension
 13
4.117442369690721
 23
7.917043030560543
 33
0.0
 14
7.36744236969163
 24
7.917043030560543
 34
0.0
 50
0.0
100
AcDbRotatedDimension
1001
ACAD_DSTYLE_DIMJOGGED_JOGANGLE_SYMBOL
1070
   384
1040
1.570796326794896
1001
ACAD
1000
DSTYLE
1002
{
1070
   340
1005
2DA
1002
}
  0
LINE
  5
1264
330
1F
100
AcDbEntity
  8
DET-BORDE ESTRUCTURA
100
AcDbLine
 10
20.65243818485698
 20
8.993908267332537
 30
0.0
 11
20.65243818485698
 21
8.293927501313939
 31
0.0
  0
LINE
  5
1265
330
1F
100
AcDbEntity
  8
DET-BORDE ESTRUCTURA
100
AcDbLine
 10
21.20243818485716
 20
8.993908267332537
 30
0.0
 11
21.20243818485716
 21
8.293927501313939
 31
0.0
  0
SPLINE
  5
1266
330
1F
100
AcDbEntity
  8
DET-BORDE ESTRUCTURA
100
AcDbSpline
210
0.0
220
0.0
230
1.0
 70
     8
 71
     3
 72
    12
 73
     8
 74
     0
 42
0.000000001
 43
0.0000000001
 40
2.830196849179315
 40
2.830196849179315
 40
2.830196849179315
 40
2.830196849179315
 40
3.499536708348877
 40
4.340058987027271
 40
4.961362047448626
 40
5.239504918467535
 40
5.453044804461241
 40
5.453044804461241
 40
5.453044804461241
 40
5.453044804461241
 10
20.43531659005913
 20
5.549654354279775
 30
0.0
 10
20.42199621512537
 20
5.772526954466068
 30
0.0
 10
20.36293435617773
 20
6.275609197597825
 30
0.0
 10
20.50340253616633
 20
6.985058070669149
 30
0.0
 10
20.39625286172014
 20
7.561178733848985
 30
0.0
 10
20.39590716217919
 20
7.93294198400674
 30
0.0
 10
20.41134900363278
 20
8.096157741722501
 30
0.0
 10
20.41805546021789
 20
8.167043030657007
 30
0.0
  0
SPLINE
  5
1267
330
1F
100
AcDbEntity
  8
DET-BORDE ESTRUCTURA
100
AcDbSpline
210
0.0
220
0.0
230
1.0
 70
     8
 71
     3
 72
    10
 73
     6
 74
     0
 42
0.000000001
 43
0.0000000001
 40
2.824712694087337
 40
2.824712694087337
 40
2.824712694087337
 40
2.824712694087337
 40
3.699666361755645
 40
4.827652403109656
 40
5.446041529277378
 40
5.446041529277378
 40
5.446041529277378
 40
5.446041529277378
 10
21.41203116686694
 20
5.549654354279548
 30
0.0
 10
21.39660164805883
 20
5.841267161609787
 30
0.0
 10
21.37222348716506
 20
6.50854478182766
 30
0.0
 10
21.50347249099815
 20
7.379526710429738
 30
0.0
 10
21.45939552573174
 20
7.961106426147418
 30
0.0
 10
21.44378793090192
 20
8.167043030657007
 30
0.0
  0
LINE
  5
1268
330
1F
100
AcDbEntity
  8
DET-BORDE ESTRUCTURA
100
AcDbLine
 10
21.25716987899324
 20
8.993908267332537
 30
0.0
 11
21.01973249393115
 21
8.993908267332537
 31
0.0
  0
LINE
  5
1269
330
1F
100
AcDbEntity
  8
DET-BORDE ESTRUCTURA
100
AcDbLine
 10
20.84786405792403
 20
8.993908267332537
 30
0.0
 11
20.57473686449049
 21
8.993908267332537
 31
0.0
  0
LWPOLYLINE
  5
126A
330
1F
100
AcDbEntity
  8
DET-BORDE ESTRUCTURA
100
AcDbPolyline
 90
        4
 70
     1
 43
0.0
 10
21.55682379898991
 20
8.243927501314212
 10
20.30682379898991
 20
8.243927501314212
 10
20.30682379898991
 20
8.293927501313939
 10
21.55682379898991
 20
8.293927501313939
  0
LINE
  5
126B
330
1F
100
AcDbEntity
  8
DET-BORDE ESTRUCTURA
100
AcDbLine
 10
21.20682379899045
 20
8.593908267332901
 30
0.0
 11
21.55682379898991
 21
8.293927501313939
 31
0.0
  0
LINE
  5
126C
330
1F
100
AcDbEntity
  8
DET-BORDE ESTRUCTURA
100
AcDbLine
 10
20.65682379899028
 20
8.593908267332901
 30
0.0
 11
20.30682379898991
 21
8.293927501313939
 31
0.0
  0
LINE
  5
126D
330
1F
100
AcDbEntity
  8
DET-BORDE ESTRUCTURA
100
AcDbLine
 10
17.95243818485715
 20
8.993908267332537
 30
0.0
 11
17.95243818485715
 21
8.293927501313939
 31
0.0
  0
LINE
  5
126E
330
1F
100
AcDbEntity
  8
DET-BORDE ESTRUCTURA
100
AcDbLine
 10
17.95243818485715
 20
8.593908267332901
 30
0.0
 11
18.30682379898991
 21
8.293927501313939
 31
0.0
  0
LINE
  5
126F
330
1F
100
AcDbEntity
  8
0-CYPE4
100
AcDbLine
 10
17.67743818484474
 20
8.360189700308021
 30
0.0
 11
22.55795607762985
 21
8.360189700308021
 31
0.0
  0
ARC
  5
1270
330
1F
100
AcDbEntity
  8
0-CYPE4
100
AcDbCircle
 10
22.55795607762985
 20
8.546679564307689
 30
0.0
 40
0.1864898640000026
100
AcDbArc
 50
270.0
 51
0.000000000000007
  0
LINE
  5
1271
330
1F
100
AcDbEntity
  8
0-CYPE4
100
AcDbLine
 10
22.74444594162816
 20
10.23925676232972
 30
0.0
 11
22.74444594162998
 21
8.546679564307689
 31
0.0
  0
LINE
  5
1272
330
1F
100
AcDbEntity
  8
DET-BORDE ESTRUCTURA
100
AcDbLine
 10
22.92743818485707
 20
8.167043030657461
 30
0.0
 11
17.67743818484474
 21
8.167043030657461
 31
0.0
  0
LINE
  5
1273
330
1F
100
AcDbEntity
  8
DET-BORDE ESTRUCTURA
100
AcDbLine
 10
22.92743818485707
 20
11.16704303065746
 30
0.0
 11
22.92743818485707
 21
8.167043030657461
 31
0.0
  0
LINE
  5
1274
330
1F
100
AcDbEntity
  8
DET-BORDE ESTRUCTURA
100
AcDbLine
 10
21.44378793090147
 20
8.167043030657461
 30
0.0
 11
21.20243818485716
 21
8.167043030657461
 31
0.0
  0
LINE
  5
1275
330
1F
100
AcDbEntity
  8
DET-BORDE ESTRUCTURA
100
AcDbLine
 10
20.41805546021789
 20
8.167043030657461
 30
0.0
 11
20.65243818485698
 21
8.167043030657461
 31
0.0
  0
LINE
  5
1276
330
1F
100
AcDbEntity
  8
DET-BORDE ESTRUCTURA
100
AcDbLine
 10
18.19378793090192
 20
8.167043030657461
 30
0.0
 11
17.95243818485715
 21
8.167043030657461
 31
0.0
  0
LINE
  5
1277
330
1F
100
AcDbEntity
  8
DET-BORDE ESTRUCTURA
100
AcDbLine
 10
21.20243818485716
 20
8.417062264638682
 30
0.0
 11
21.20243818485716
 21
5.549654354279775
 31
0.0
  0
LINE
  5
1278
330
1F
100
AcDbEntity
  8
DET-BORDE ESTRUCTURA
100
AcDbLine
 10
20.65243818485698
 20
8.417062264638682
 30
0.0
 11
20.65243818485698
 21
5.549654354279775
 31
0.0
  0
LINE
  5
1279
330
1F
100
AcDbEntity
  8
0-CYPE4
100
AcDbLine
 10
17.67743818484474
 20
11.02293512437593
 30
0.0
 11
22.48522109662446
 21
11.02293512437593
 31
0.0
  0
ARC
  5
127A
330
1F
100
AcDbEntity
  8
0-CYPE4
100
AcDbCircle
 10
22.48522109662446
 20
10.8364452603758
 30
0.0
 40
0.1864898640000026
100
AcDbArc
 50
0.000000000000007
 51
90.0
  0
LINE
  5
127B
330
1F
100
AcDbEntity
  8
0-CYPE4
100
AcDbLine
 10
22.67171096062321
 20
8.892225347794303
 30
0.0
 11
22.67171096062321
 21
10.8364452603758
 31
0.0
  0
LINE
  5
127C
330
1F
100
AcDbEntity
  8
DET-BORDE ESTRUCTURA
100
AcDbLine
 10
17.67743818484474
 20
11.16704303065746
 30
0.0
 11
22.92743818485707
 21
11.16704303065746
 31
0.0
  0
SOLID
  5
127D
330
1F
100
AcDbEntity
  8
FINO
100
AcDbTrace
 10
21.91978360811737
 20
8.167043030657461
 30
0.0
 11
22.05478360811759
 21
8.167043030657461
 31
0.0
 12
21.98728360811748
 22
8.360189700308021
 32
0.0
 13
21.98728360811748
 23
8.360189700308021
 33
0.0
  0
SOLID
  5
127E
330
1F
100
AcDbEntity
  8
FINO
100
AcDbTrace
 10
21.91978360811737
 20
8.167043030657461
 30
0.0
 11
22.05478360811759
 21
8.167043030657461
 31
0.0
 12
21.98728360811748
 22
8.360189700308021
 32
0.0
 13
21.98728360811748
 23
8.360189700308021
 33
0.0
  0
LWPOLYLINE
  5
127F
102
{ACAD_REACTORS
330
128B
102
}
330
1F
100
AcDbEntity
  8
DET-BORDE ESTRUCTURA
100
AcDbPolyline
 90
        4
 70
     0
 43
0.0
 10
17.67743818484474
 20
8.167043030657461
 10
22.92743818485707
 20
8.167043030657461
 10
22.92743818485707
 20
7.917043030657916
 10
17.67743818484474
 20
7.917043030657916
  0
LINE
  5
1280
330
1F
100
AcDbEntity
  8
0-CYPE4
100
AcDbLine
 10
22.31679312100169
 20
11.06179529778075
 30
0.0
 11
22.31679312100169
 21
8.304091213362037
 31
0.0
  0
LINE
  5
1281
330
1F
100
AcDbEntity
  8
0-CYPE4
100
AcDbLine
 10
21.31679312100169
 20
11.06179529778075
 30
0.0
 11
21.31679312100169
 21
8.304091213362037
 31
0.0
  0
LINE
  5
1282
330
1F
100
AcDbEntity
  8
0-CYPE4
100
AcDbLine
 10
20.3167931210017
 20
11.06179529778075
 30
0.0
 11
20.3167931210017
 21
8.304091213362037
 31
0.0
  0
LINE
  5
1283
330
1F
100
AcDbEntity
  8
0-CYPE4
100
AcDbLine
 10
19.31679312100169
 20
11.06179529778075
 30
0.0
 11
19.31679312100169
 21
8.304091213362037
 31
0.0
  0
LINE
  5
1284
330
1F
100
AcDbEntity
  8
0-CYPE4
100
AcDbLine
 10
18.31679312100169
 20
11.06179529778075
 30
0.0
 11
18.31679312100169
 21
8.304091213362037
 31
0.0
  0
LINE
  5
1285
330
1F
100
AcDbEntity
  8
0-CYPE4
100
AcDbLine
 10
22.8313063744634
 20
8.587779362828607
 30
0.0
 11
17.67743818484474
 21
8.587779362828607
 31
0.0
  0
LINE
  5
1286
330
1F
100
AcDbEntity
  8
0-CYPE4
100
AcDbLine
 10
22.8313063744634
 20
9.337779362828607
 30
0.0
 11
17.67743818484474
 21
9.337779362828607
 31
0.0
  0
LINE
  5
1287
330
1F
100
AcDbEntity
  8
0-CYPE4
100
AcDbLine
 10
22.8313063744634
 20
10.08777936282861
 30
0.0
 11
17.67743818484474
 21
10.08777936282861
 31
0.0
  0
LINE
  5
1288
330
1F
100
AcDbEntity
  8
0-CYPE4
100
AcDbLine
 10
22.8313063744634
 20
10.83777936282815
 30
0.0
 11
17.67743818484474
 21
10.83777936282815
 31
0.0
  0
DIMENSION
  5
1289
102
{ACAD_XDICTIONARY
360
128A
102
}
102
{ACAD_REACTORS
330
128B
102
}
330
1F
100
AcDbEntity
  8
DET-COTAS
100
AcDbDimension
280
     0
  2
*D115
 10
20.92743818485752
 20
7.31630537302801
 30
0.0
 11
21.92743818485729
 21
7.516305373028009
 31
0.0
 70
    32
  1
D
 71
     5
 42
99.99999999997726
 73
     0
 74
     0
 75
     0
  3
1 50
100
AcDbAlignedDimension
 13
22.92743818485707
 23
7.917043030657916
 33
0.0
 14
20.92743818485752
 24
7.917043030657916
 34
0.0
 50
180.0
100
AcDbRotatedDimension
1001
ACAD_DSTYLE_DIMJOGGED_JOGANGLE_SYMBOL
1070
   384
1040
1.570796326794896
  0
LINE
  5
128C
330
1F
100
AcDbEntity
  8
DET-BORDE ESTRUCTURA
100
AcDbLine
 10
21.01973249393115
 20
8.993908267332537
 30
0.0
 11
20.97313634414314
 21
9.078098310679772
 31
0.0
  0
LINE
  5
128D
330
1F
100
AcDbEntity
  8
DET-BORDE ESTRUCTURA
100
AcDbLine
 10
20.97313634414314
 20
9.078098310679772
 30
0.0
 11
20.88460684595049
 21
8.917186387203466
 31
0.0
  0
LINE
  5
128E
330
1F
100
AcDbEntity
  8
DET-BORDE ESTRUCTURA
100
AcDbLine
 10
20.88460684595049
 20
8.917186387203466
 30
0.0
 11
20.84786405792403
 21
8.993908267332537
 31
0.0
  0
LINE
  5
128F
330
1F
100
AcDbEntity
  8
DET-BORDE ESTRUCTURA
100
AcDbLine
 10
18.00716987899324
 20
8.993908267332537
 30
0.0
 11
17.76973249393114
 21
8.993908267332537
 31
0.0
  0
LINE
  5
1290
330
1F
100
AcDbEntity
  8
DET-BORDE ESTRUCTURA
100
AcDbLine
 10
17.76973249393114
 20
8.993908267332537
 30
0.0
 11
17.72313634414314
 21
9.078098310679772
 31
0.0
  0
LINE
  5
1291
330
1F
100
AcDbEntity
  8
DET-BORDE ESTRUCTURA
100
AcDbLine
 10
17.72313634414314
 20
9.078098310679772
 30
0.0
 11
17.63460684595048
 21
8.917186387203466
 31
0.0
  0
LINE
  5
1292
330
1F
100
AcDbEntity
  8
DET-BORDE ESTRUCTURA
100
AcDbLine
 10
17.63460684595048
 20
8.917186387203466
 30
0.0
 11
17.59786405792403
 21
8.993908267332537
 31
0.0
  0
DIMENSION
  5
1293
330
1F
100
AcDbEntity
  8
DET-COTAS
100
AcDbDimension
280
     0
  2
*D116
 10
17.67743818484474
 20
7.31630537302801
 30
0.0
 11
16.05243818483836
 21
7.516305373028009
 31
0.0
 70
    32
  1
B
 71
     5
 42
162.5000000006387
 73
     0
 74
     0
 75
     0
  3
1 50
100
AcDbAlignedDimension
 13
14.42743818483197
 23
7.917043030657916
 33
0.0
 14
17.67743818484474
 24
7.917043030657916
 34
0.0
 50
0.0
100
AcDbRotatedDimension
1001
ACAD_DSTYLE_DIMJOGGED_JOGANGLE_SYMBOL
1070
   384
1040
1.570796326794896
1001
ACAD
1000
DSTYLE
1002
{
1070
   340
1005
2DA
1002
}
  0
DIMENSION
  5
1294
330
1F
100
AcDbEntity
  8
DET-COTAS
100
AcDbDimension
280
     0
  2
*D117
 10
20.92743818485752
 20
7.31630537302801
 30
0.0
 11
19.30243818485113
 21
7.516305373028009
 31
0.0
 70
    32
  1
B
 71
     5
 42
162.5000000006387
 73
     0
 74
     0
 75
     0
  3
1 50
100
AcDbAlignedDimension
 13
17.67743818484474
 23
7.917043030657916
 33
0.0
 14
20.92743818485752
 24
7.917043030657916
 34
0.0
 50
0.0
100
AcDbRotatedDimension
1001
ACAD_DSTYLE_DIMJOGGED_JOGANGLE_SYMBOL
1070
   384
1040
1.570796326794896
1001
ACAD
1000
DSTYLE
1002
{
1070
   340
1005
2DA
1002
}
  0
LINE
  5
1295
330
1F
100
AcDbEntity
  8
DET-TEXTO
100
AcDbLine
 10
5.606866528995539
 20
3.790842264264322
 30
0.0
 11
5.606866528995539
 21
0.9987504412436667
 31
0.0
  0
TEXT
  5
1296
330
1F
100
AcDbEntity
  8
DET-TEXTO
100
AcDbText
 10
5.801587340724688
 20
2.792722141537362
 30
0.0
 40
0.256
  1
(cm)
  7
Estructura
 72
     1
 11
6.215607735014287
 21
2.792722141537362
 31
0.0
100
AcDbText
  0
TEXT
  5
1297
330
1F
100
AcDbEntity
  8
DET-TEXTO
100
AcDbText
 10
6.046370406962596
 20
3.224384598583876
 30
0.0
 40
0.256
  1
A
  7
Estructura
 72
     1
 11
6.178199094929965
 21
3.224384598583876
 31
0.0
100
AcDbText
  0
TEXT
  5
1298
330
1F
100
AcDbEntity
  8
DET-TEXTO
100
AcDbText
 10
5.960598904083511
 20
1.53379563175242
 30
0.0
 40
0.256
  1
70
  7
Estructura
 72
     1
 11
6.15812439694551
 21
1.53379563175242
 31
0.0
100
AcDbText
  0
LINE
  5
1299
330
1F
100
AcDbEntity
  8
DET-TEXTO
100
AcDbLine
 10
9.224341918473015
 20
3.790842264264322
 30
0.0
 11
9.224341918473015
 21
0.9987504412436667
 31
0.0
  0
TEXT
  5
129A
330
1F
100
AcDbEntity
  8
DET-TEXTO
100
AcDbText
 10
9.41906273020262
 20
2.792722141537362
 30
0.0
 40
0.256
  1
(cm)
  7
Estructura
 72
     1
 11
9.833083124492219
 21
2.792722141537362
 31
0.0
100
AcDbText
  0
TEXT
  5
129B
330
1F
100
AcDbEntity
  8
DET-TEXTO
100
AcDbText
 10
9.565257081280318
 20
3.224384598583876
 30
0.0
 40
0.256
  1
L2 
  7
Estructura
 72
     1
 11
9.795674484407442
 21
3.224384598583876
 31
0.0
100
AcDbText
  0
TEXT
  5
129C
330
1F
100
AcDbEntity
  8
DET-TEXTO
100
AcDbText
 10
9.479311547129988
 20
1.53379563175242
 30
0.0
 40
0.256
  1
140
  7
Estructura
 72
     1
 11
9.775599786422986
 21
1.53379563175242
 31
0.0
100
AcDbText
  0
LINE
  5
129D
330
1F
100
AcDbEntity
  8
DET-TEXTO LÍNEA
100
AcDbLine
 10
26.6584174456416
 20
6.317432506235954
 30
0.0
 11
26.75439438224795
 21
6.414810835770376
 31
0.0
  0
LINE
  5
129E
330
1F
100
AcDbEntity
  8
DET-TEXTO LÍNEA
100
AcDbLine
 10
25.8182386674862
 20
6.317658069476701
 30
0.0
 11
25.91421560409119
 21
6.415036399011578
 31
0.0
  0
LINE
  5
129F
330
1F
100
AcDbEntity
  8
DET-TEXTO LÍNEA
100
AcDbLine
 10
27.12690939881442
 20
7.448179424566669
 30
0.0
 11
27.02953106928
 21
7.544156361173017
 31
0.0
  0
LINE
  5
12A0
330
1F
100
AcDbEntity
  8
DET-TEXTO LÍNEA
100
AcDbLine
 10
27.12668383557367
 20
6.608000646411264
 30
0.0
 11
27.0293055060388
 21
6.703977583016248
 31
0.0
  0
LWPOLYLINE
  5
12A1
330
1F
100
AcDbEntity
  8
DET-TEXTO LÍNEA
100
AcDbPolyline
 90
        2
 70
     0
 43
0.0
 10
25.8531558146624
 20
6.353085054171296
 10
26.69355529568931
 20
6.353085054171296
  0
LWPOLYLINE
  5
12A2
330
1F
100
AcDbEntity
  8
DET-TEXTO LÍNEA
100
AcDbPolyline
 90
        2
 70
     0
 43
0.0
 10
27.07799467080624
 20
6.655989114713756
 10
27.07822023404698
 20
7.496167892869843
  0
LWPOLYLINE
  5
12A3
330
1F
100
AcDbEntity
  8
DET-TEXTO LÍNEA
100
AcDbPolyline
 90
        2
 70
     0
 43
0.0
 10
26.34620946377801
 20
6.353085054171296
 10
27.07810745242661
 20
7.076078503791686
  0
LWPOLYLINE
  5
12A4
330
1F
100
AcDbEntity
  8
DET-TEXTO LÍNEA
100
AcDbPolyline
 90
        2
 70
     0
 43
0.0
 10
27.07810745242661
 20
7.076078503791686
 10
28.28947917625709
 20
7.076078503791686
  0
MTEXT
  5
12A5
330
1F
100
AcDbEntity
  8
DET-TEXTO
100
AcDbMText
 10
27.44866231283415
 20
7.321138391834219
 30
0.0
 40
0.2
 41
9.018641700436546
 46
0.0
 71
     1
 72
     5
  1
As1
  7
CENTURY
 73
     1
 44
1.0
101
Embedded Object
 70
     1
 10
1.0
 20
0.0
 30
0.0
 11
27.44866231283415
 21
7.321138391834219
 31
0.0
 40
9.018641700436546
 41
0.0
 42
0.3982324949014276
 43
0.2038069340584637
 71
     2
 72
     1
 44
9.018641700436546
 45
12.5
 73
     0
 74
     0
 46
-0.2038069340584637
1001
ACAD
1000
MTEXTBEGIN
1070
    73
1070
     1
1070
    44
1040
1.0
1070
    74
1070
     0
1000
MTEXTEND
  0
LINE
  5
12A6
330
1F
100
AcDbEntity
  8
DET-TEXTO LÍNEA
100
AcDbLine
 10
27.12690939881158
 20
3.646954228472461
 30
0.0
 11
27.02953106927646
 21
3.550977291866852
 31
0.0
  0
LINE
  5
12A7
330
1F
100
AcDbEntity
  8
DET-TEXTO LÍNEA
100
AcDbLine
 10
27.12668383557696
 20
4.487133006627866
 30
0.0
 11
27.02930550604139
 21
4.391156070023621
 31
0.0
  0
LWPOLYLINE
  5
12A8
330
1F
100
AcDbEntity
  8
DET-TEXTO LÍNEA
100
AcDbPolyline
 90
        2
 70
     0
 43
0.0
 10
27.07799467080918
 20
4.439144538325772
 10
27.07822023404379
 20
3.598965760169685
  0
LWPOLYLINE
  5
12A9
330
1F
100
AcDbEntity
  8
DET-TEXTO LÍNEA
100
AcDbPolyline
 90
        2
 70
     0
 43
0.0
 10
27.07810745242648
 20
4.019055149247842
 10
27.97112321403427
 20
4.019055149241305
  0
MTEXT
  5
12AA
330
1F
100
AcDbEntity
  8
DET-TEXTO
100
AcDbMText
 10
27.44866231283415
 20
4.298771764841726
 30
0.0
 40
0.2
 41
9.018641700436546
 46
0.0
 71
     1
 72
     5
  1
As1
  7
CENTURY
 73
     1
 44
1.0
101
Embedded Object
 70
     1
 10
1.0
 20
0.0
 30
0.0
 11
27.44866231283415
 21
4.298771764841726
 31
0.0
 40
9.018641700436546
 41
0.0
 42
0.3982324949014276
 43
0.2038069340584637
 71
     2
 72
     1
 44
9.018641700436546
 45
12.5
 73
     0
 74
     0
 46
-0.2038069340584637
1001
ACAD
1000
MTEXTBEGIN
1070
    73
1070
     1
1070
    44
1040
1.0
1070
    74
1070
     0
1000
MTEXTEND
  0
LINE
  5
12AB
330
1F
100
AcDbEntity
  8
DET-TEXTO LÍNEA
100
AcDbLine
 10
28.70916918304258
 20
9.339799133090432
 30
0.0
 11
28.61319224643617
 21
9.437177462624797
 31
0.0
  0
LINE
  5
12AC
330
1F
100
AcDbEntity
  8
DET-TEXTO LÍNEA
100
AcDbLine
 10
29.54934796119798
 20
9.34002469633169
 30
0.0
 11
29.45337102459294
 21
9.43740302586651
 31
0.0
  0
LWPOLYLINE
  5
12AD
330
1F
100
AcDbEntity
  8
DET-TEXTO LÍNEA
100
AcDbPolyline
 90
        2
 70
     0
 43
0.0
 10
29.51443081402177
 20
9.375451681026286
 10
28.67403133299486
 20
9.375451681026286
  0
LWPOLYLINE
  5
12AE
330
1F
100
AcDbEntity
  8
DET-TEXTO LÍNEA
100
AcDbPolyline
 90
        2
 70
     0
 43
0.0
 10
29.02137716490616
 20
9.375451681025944
 10
28.28947917625709
 20
10.09844513064588
  0
LINE
  5
12AF
330
1F
100
AcDbEntity
  8
DET-TEXTO LÍNEA
100
AcDbLine
 10
28.70916918304258
 20
6.317432506236523
 30
0.0
 11
28.61319224643617
 21
6.414810835770888
 31
0.0
  0
LINE
  5
12B0
330
1F
100
AcDbEntity
  8
DET-TEXTO LÍNEA
100
AcDbLine
 10
29.54934796119798
 20
6.317658069477781
 30
0.0
 11
29.45337102459294
 21
6.415036399012601
 31
0.0
  0
LWPOLYLINE
  5
12B1
330
1F
100
AcDbEntity
  8
DET-TEXTO LÍNEA
100
AcDbPolyline
 90
        2
 70
     0
 43
0.0
 10
29.51443081402177
 20
6.353085054172376
 10
28.67403133299486
 20
6.353085054172376
  0
LWPOLYLINE
  5
12B2
330
1F
100
AcDbEntity
  8
DET-TEXTO LÍNEA
100
AcDbPolyline
 90
        2
 70
     0
 43
0.0
 10
29.02137716490616
 20
6.353085054172035
 10
28.28947917625709
 20
7.07607850379197
  0
DIMENSION
  5
12B3
330
1F
100
AcDbEntity
  8
DET-COTAS
100
AcDbDimension
280
     0
  2
*D118
 10
35.65275950231173
 20
5.951173206706252
 30
0.0
 11
34.24232174311239
 21
6.151173206706252
 31
0.0
 70
    32
  1
A
 71
     5
 42
141.0437759199339
 73
     0
 74
     0
 75
     0
  3
1 50
100
AcDbAlignedDimension
 13
32.83188398391305
 23
7.05875014001891
 33
0.0
 14
35.65275950231173
 24
7.05875014001891
 34
0.0
 50
0.0
100
AcDbRotatedDimension
1001
ACAD_DSTYLE_DIMJOGGED_JOGANGLE_SYMBOL
1070
   384
1040
1.570796326794896
1001
ACAD
1000
DSTYLE
1002
{
1070
   340
1005
2DA
1002
}
  0
DIMENSION
  5
12B4
330
1F
100
AcDbEntity
  8
DET-COTAS
100
AcDbDimension
280
     0
  2
*D119
 10
30.50466819025557
 20
2.206880429061877
 30
0.0
 11
27.68379267186426
 21
2.406880429043858
 31
0.0
 70
    33
  1
L1
 71
     5
 42
282.0875518390025
 73
     0
 74
     0
 75
     0
  3
1 50
100
AcDbAlignedDimension
 13
24.86291715347214
 23
2.735308968558181
 33
0.0
 14
30.50466819025219
 24
2.735308968594219
 34
0.0
1001
ACAD_DSTYLE_DIMJOGGED_JOGANGLE_SYMBOL
1070
   384
1040
1.570796326794896
1001
ACAD
1000
DSTYLE
1002
{
1070
   340
1005
2DA
1002
}
  0
LINE
  5
1467
330
1F
100
AcDbEntity
  8
DET-TEXTO
100
AcDbLine
 10
1.212497442833551
 20
2.359950494609003
 30
0.0
 11
18.36384215863259
 21
2.359950494609003
 31
0.0
  0
ENDSEC
  0
SECTION
  2
OBJECTS
  0
DICTIONARY
  5
C
330
0
100
AcDbDictionary
281
     1
  3
ACAD_CIP_PREVIOUS_PRODUCT_INFO
350
19E
  3
ACAD_COLOR
350
6C
  3
ACAD_DATALINK
350
238
  3
ACAD_DETAILVIEWSTYLE
350
1EB
  3
ACAD_GROUP
350
D
  3
ACAD_LAYOUT
350
1A
  3
ACAD_MATERIAL
350
6B
  3
ACAD_MLEADERSTYLE
350
DE
  3
ACAD_MLINESTYLE
350
17
  3
ACAD_PLOTSETTINGS
350
19
  3
ACAD_PLOTSTYLENAME
350
E
  3
ACAD_SCALELIST
350
B7
  3
ACAD_SECTIONVIEWSTYLE
350
1E9
  3
ACAD_TABLESTYLE
350
92
  3
ACAD_VISUALSTYLE
350
17F
  3
ACDB_RECOMPOSE_DATA
350
146B
  3
AcDbVariableDictionary
350
F57
  3
TCH_DBCONFIG
350
243
  0
DICTIONARY
  5
FA
330
2
100
AcDbDictionary
280
     1
281
     1
  3
ACAD_LAYERSTATES
360
FB
  0
DICTIONARY
  5
1193
330
1192
100
AcDbDictionary
280
     1
281
     1
  3
ACAD_DIMASSOC
360
1194
  0
DICTIONARY
  5
1199
330
1198
100
AcDbDictionary
280
     1
281
     1
  3
ACAD_DIMASSOC
360
119A
  0
DICTIONARY
  5
11DF
330
11DE
100
AcDbDictionary
280
     1
281
     1
  3
ACAD_DIMASSOC
360
11E0
  0
DICTIONARY
  5
11E2
330
11E1
100
AcDbDictionary
280
     1
281
     1
  3
ACAD_DIMASSOC
360
11E3
  0
DICTIONARY
  5
128A
330
1289
100
AcDbDictionary
280
     1
281
     1
  3
ACAD_DIMASSOC
360
128B
  0
XRECORD
  5
19E
102
{ACAD_REACTORS
330
C
102
}
330
C
100
AcDbXrecord
280
     1
300
ACD
300
2013
300
ACD_F_S
  0
DICTIONARY
  5
6C
102
{ACAD_REACTORS
330
C
102
}
330
C
100
AcDbDictionary
281
     1
  0
DICTIONARY
  5
238
102
{ACAD_REACTORS
330
C
102
}
330
C
100
AcDbDictionary
280
     1
281
     1
  0
DICTIONARY
  5
1EB
102
{ACAD_REACTORS
330
C
102
}
330
C
100
AcDbDictionary
281
     1
  3
Metric50
350
1EC
  0
DICTIONARY
  5
D
102
{ACAD_REACTORS
330
C
102
}
330
C
100
AcDbDictionary
281
     1
  0
DICTIONARY
  5
1A
102
{ACAD_REACTORS
330
C
102
}
330
C
100
AcDbDictionary
281
     1
  3
Model
350
22
  3
Presentación1
350
1E0
  3
Presentación2
350
1E4
  0
DICTIONARY
  5
6B
102
{ACAD_REACTORS
330
C
102
}
330
C
100
AcDbDictionary
281
     1
  3
ByBlock
350
16F
  3
ByLayer
350
167
  3
Global
350
177
  0
DICTIONARY
  5
DE
102
{ACAD_REACTORS
330
C
102
}
330
C
100
AcDbDictionary
281
     1
  3
Standard
350
E1
  0
DICTIONARY
  5
17
102
{ACAD_REACTORS
330
C
102
}
330
C
100
AcDbDictionary
281
     1
  3
Standard
350
18
  0
DICTIONARY
  5
19
102
{ACAD_REACTORS
330
C
102
}
330
C
100
AcDbDictionary
281
     1
  0
ACDBDICTIONARYWDFLT
  5
E
102
{ACAD_REACTORS
330
C
102
}
330
C
100
AcDbDictionary
281
     1
  3
Normal
350
F
100
AcDbDictionaryWithDefault
340
F
  0
DICTIONARY
  5
B7
102
{ACAD_REACTORS
330
C
102
}
330
C
100
AcDbDictionary
281
     1
  3
A0
350
B8
  3
A1
350
B9
  3
A2
350
BA
  3
A3
350
BB
  3
A4
350
BC
  3
A5
350
BD
  3
A6
350
BE
  3
A7
350
BF
  3
A8
350
C0
  3
A9
350
C1
  3
B0
350
C2
  3
B1
350
C3
  3
B2
350
C4
  3
B3
350
C5
  3
B4
350
C6
  3
B5
350
C7
  3
B6
350
C8
  3
B7
350
C9
  3
B8
350
CA
  3
B9
350
CB
  3
C0
350
CC
  3
C1
350
CD
  3
C2
350
CE
  3
C3
350
CF
  3
C4
350
D0
  3
C5
350
D1
  3
C6
350
D2
  3
C7
350
D3
  3
C8
350
D4
  3
C9
350
D5
  3
D0
350
D6
  3
D1
350
D7
  3
D2
350
D8
  0
DICTIONARY
  5
1E9
102
{ACAD_REACTORS
330
C
102
}
330
C
100
AcDbDictionary
281
     1
  3
Metric50
350
1EA
  0
DICTIONARY
  5
92
102
{ACAD_REACTORS
330
C
102
}
330
C
100
AcDbDictionary
281
     1
  3
Standard
350
93
  0
DICTIONARY
  5
17F
102
{ACAD_REACTORS
330
C
102
}
330
C
100
AcDbDictionary
281
     1
  3
2dWireframe
350
185
  3
Basic
350
184
  3
Brighten
350
18B
  3
ColorChange
350
18F
  3
Conceptual
350
188
  3
Dim
350
18A
  3
EdgeColorOff
350
197
  3
Facepattern
350
18E
  3
Flat
350
180
  3
FlatWithEdges
350
181
  3
Gouraud
350
182
  3
GouraudWithEdges
350
183
  3
Hidden
350
187
  3
JitterOff
350
195
  3
Linepattern
350
18D
  3
OverhangOff
350
196
  3
Realistic
350
189
  3
Shaded
350
194
  3
Shaded with edges
350
193
  3
Shades of Gray
350
190
  3
Sketchy
350
191
  3
Thicken
350
18C
  3
Wireframe
350
186
  3
X-Ray
350
192
  0
XRECORD
  5
146B
102
{ACAD_REACTORS
330
C
102
}
330
C
100
AcDbXrecord
280
     1
 90
        1
330
93
  0
DICTIONARY
  5
F57
102
{ACAD_REACTORS
330
C
102
}
330
C
100
AcDbDictionary
281
     2
  3
#REVCLOUDAPPROXARCLEN
350
F58
  3
ANNOALLVISIBLE
350
F59
  3
CANNOSCALE
350
F5A
  3
CENTEREXE
350
F5B
  3
CENTERLTYPEFILE
350
F5C
  3
CETRANSPARENCY
350
F5D
  3
CMLEADERSTYLE
350
F5E
  3
CTABLESTYLE
350
F5F
  3
CVIEWSECTIONSTYLE
350
F60
  3
DGNFRAME
350
F61
  3
DIMADEC
350
F62
  3
DIMASSOC
350
F63
  3
DIMLAYER
350
F64
  3
DWFFRAME
350
F65
  3
EXPORTPAPERSPACE
350
F66
  3
HIDETEXT
350
F67
  3
HPCOLOR
350
F68
  3
HPINHERIT
350
F69
  3
HPORIGIN
350
F6A
  3
HPTRANSPARENCY
350
F6B
  3
INDEXCTL
350
F6C
  3
LAYEREVAL
350
F6D
  3
LAYERNOTIFY
350
F6E
  3
LIGHTINGUNITS
350
F6F
  3
MLEADERSCALE
350
F70
  3
MSLTSCALE
350
F71
  3
OLEFRAME
350
F72
  3
PDFFRAME
350
F73
  3
SKTOLERANCE
350
F74
  3
SOLIDHIST
350
F75
  3
SORTENTS
350
F76
  0
TCH_DBCONFIG
  5
243
102
{ACAD_REACTORS
330
C
102
}
330
C
100
TDbConfig
  0
DICTIONARY
  5
FB
102
{ACAD_REACTORS
330
FA
102
}
330
FA
100
AcDbDictionary
281
     1
  0
DIMASSOC
  5
1194
102
{ACAD_REACTORS
330
1193
102
}
330
1193
100
AcDbDimAssoc
330
1192
 90
        1
 70
     0
 71
     0
  1
AcDbOsnapPointRef
 72
     1
331
1176
 73
     2
 91
        2
 40
1.0
 10
0.0
 20
0.0
 30
2.000000000000000E+50
 75
     0
  0
DIMASSOC
  5
119A
102
{ACAD_REACTORS
330
1199
102
}
330
1199
100
AcDbDimAssoc
330
1198
 90
        3
 70
     0
 71
     0
  1
AcDbOsnapPointRef
 72
    13
331
1161
 73
     2
 91
        0
 40
0.0
 10
0.0
 20
0.0
 30
2.000000000000000E+50
 75
     0
  1
AcDbOsnapPointRef
 72
     1
331
1176
 73
     2
 91
        1
 40
1.0
 10
0.0
 20
0.0
 30
2.000000000000000E+50
 75
     0
  0
DIMASSOC
  5
11E0
102
{ACAD_REACTORS
330
11DF
102
}
330
11DF
100
AcDbDimAssoc
330
11DE
 90
        1
 70
     0
 71
     0
  1
AcDbOsnapPointRef
 72
     1
331
11CA
 73
     2
 91
        2
 40
1.0
 10
0.0
 20
0.0
 30
2.000000000000000E+50
 75
     0
  0
DIMASSOC
  5
11E3
102
{ACAD_REACTORS
330
11E2
102
}
330
11E2
100
AcDbDimAssoc
330
11E1
 90
        3
 70
     0
 71
     0
  1
AcDbOsnapPointRef
 72
    13
331
11BB
 73
     2
 91
        0
 40
0.0
 10
0.0
 20
0.0
 30
2.000000000000000E+50
 75
     0
  1
AcDbOsnapPointRef
 72
     1
331
11CA
 73
     2
 91
        1
 40
1.0
 10
0.0
 20
0.0
 30
2.000000000000000E+50
 75
     0
  0
DIMASSOC
  5
128B
102
{ACAD_REACTORS
330
128A
102
}
330
128A
100
AcDbDimAssoc
330
1289
 90
        1
 70
     0
 71
     0
  1
AcDbOsnapPointRef
 72
     1
331
127F
 73
     2
 91
        2
 40
1.0
 10
0.0
 20
0.0
 30
2.000000000000000E+50
 75
     0
  0
ACDBDETAILVIEWSTYLE
  5
1EC
102
{ACAD_REACTORS
330
1EB
102
}
330
1EB
100
AcDbModelDocViewStyle
 70
     0
  3
Metric50
290
     1
300
Metric50
 90
        0
100
AcDbDetailViewStyle
 70
     0
 71
     0
 90
        3
 71
     1
340
11
 62
   256
 40
5.0
340
0
 62
   256
 40
5.0
300

 40
0.0
280
     1
 71
     2
340
16
 90
       25
 62
   256
 71
     3
340
11
 62
   256
 40
5.0
 90
        0
 40
15.0
 90
        1
300
%<\AcVar ViewDetailId>% (%<\AcVar ViewScale \f "%sn">%)
 71
     4
340
16
 90
       25
 62
   256
340
16
 90
       25
 62
   256
280
     0
  0
LAYOUT
  5
22
102
{ACAD_REACTORS
330
1A
102
}
330
1A
100
AcDbPlotSettings
  1

  2
none_device
  4
none_user_media
  6

 40
6.349999904632568
 41
6.349999904632568
 42
6.350006103515625
 43
6.350006103515625
 44
215.8999938964844
 45
279.3999938964844
 46
0.0
 47
103.0606281331548
 48
0.0
 49
0.0
140
0.0
141
0.0
142
1.0
143
6.378855360305043
 70
 11445
 72
     1
 73
     0
 74
     0
  7

 75
     0
 76
     0
 77
     2
 78
   300
147
0.1567679377436423
148
69.14997379066472
149
-33.54320555294811
100
AcDbLayout
  1
Model
 70
     1
 71
     0
 10
0.0
 20
0.0
 11
420.0
 21
297.0
 12
0.0
 22
0.0
 32
0.0
 14
1.000000000000000E+20
 24
1.000000000000000E+20
 34
1.000000000000000E+20
 15
-1.000000000000000E+20
 25
-1.000000000000000E+20
 35
-1.000000000000000E+20
146
0.0
 13
0.0
 23
0.0
 33
0.0
 16
1.0
 26
0.0
 36
0.0
 17
0.0
 27
1.0
 37
0.0
 76
     0
330
1F
331
1CC
1001
ACAD_PSEXT
1000
Ninguno
1000
Ninguno
1000
No aplicable
1000
Seleccione un nuevo nombre de configuración de trazado para trazar la presentación actual.
1070
     0
  0
LAYOUT
  5
1E0
102
{ACAD_REACTORS
330
1A
102
}
330
1A
100
AcDbPlotSettings
  1

  2
None
  4
ISO_A4_(210.00_x_297.00_MM)
  6

 40
0.0
 41
0.0
 42
0.0
 43
0.0
 44
0.0
 45
0.0
 46
0.0
 47
0.0
 48
0.0
 49
0.0
140
0.0
141
0.0
142
1.0
143
1.0
 70
   688
 72
     1
 73
     1
 74
     5
  7

 75
    16
 76
     0
 77
     2
 78
   300
147
1.0
148
0.0
149
0.0
100
AcDbLayout
  1
Presentación1
 70
     1
 71
     1
 10
-20.0
 20
-7.5
 11
277.0
 21
202.5
 12
0.0
 22
0.0
 32
0.0
 14
25.69999999999999
 24
19.5
 34
0.0
 15
231.3
 25
175.5
 35
0.0
146
0.0
 13
0.0
 23
0.0
 33
0.0
 16
1.0
 26
0.0
 36
0.0
 17
0.0
 27
1.0
 37
0.0
 76
     0
330
1DF
  0
LAYOUT
  5
1E4
102
{ACAD_REACTORS
330
1A
102
}
330
1A
100
AcDbPlotSettings
  1

  2
None
  4
ISO_A4_(210.00_x_297.00_MM)
  6

 40
0.0
 41
0.0
 42
0.0
 43
0.0
 44
0.0
 45
0.0
 46
0.0
 47
0.0
 48
0.0
 49
0.0
140
0.0
141
0.0
142
1.0
143
1.0
 70
   688
 72
     1
 73
     1
 74
     5
  7

 75
    16
 76
     0
 77
     2
 78
   300
147
1.0
148
0.0
149
0.0
100
AcDbLayout
  1
Presentación2
 70
     1
 71
     2
 10
-20.0
 20
-7.5
 11
277.0
 21
202.5
 12
0.0
 22
0.0
 32
0.0
 14
25.69999999999999
 24
19.5
 34
0.0
 15
231.3
 25
175.5
 35
0.0
146
0.0
 13
0.0
 23
0.0
 33
0.0
 16
1.0
 26
0.0
 36
0.0
 17
0.0
 27
1.0
 37
0.0
 76
     0
330
1E3
  0
MATERIAL
  5
16F
102
{ACAD_REACTORS
330
6B
102
}
330
6B
100
AcDbMaterial
  1
ByBlock
 72
     0
 73
     2
 43
0.0008202099737533
 43
0.0
 43
0.0
 43
0.0
 43
0.0
 43
0.0008202099737533
 43
0.0
 43
0.0
 43
0.0
 43
0.0
 43
1.0
 43
0.0
 43
0.0
 43
0.0
 43
0.0
 43
1.0
 77
     0
 78
     2
 47
0.0008202099737533
 47
0.0
 47
0.0
 47
0.0
 47
0.0
 47
0.0008202099737533
 47
0.0
 47
0.0
 47
0.0
 47
0.0
 47
1.0
 47
0.0
 47
0.0
 47
0.0
 47
0.0
 47
1.0
171
     0
172
     2
 49
0.0008202099737533
 49
0.0
 49
0.0
 49
0.0
 49
0.0
 49
0.0008202099737533
 49
0.0
 49
0.0
 49
0.0
 49
0.0
 49
1.0
 49
0.0
 49
0.0
 49
0.0
 49
0.0
 49
1.0
175
     0
176
     2
142
0.0008202099737533
142
0.0
142
0.0
142
0.0
142
0.0
142
0.0008202099737533
142
0.0
142
0.0
142
0.0
142
0.0
142
1.0
142
0.0
142
0.0
142
0.0
142
0.0
142
1.0
179
     0
270
     2
144
0.0008202099737533
144
0.0
144
0.0
144
0.0
144
0.0
144
0.0008202099737533
144
0.0
144
0.0
144
0.0
144
0.0
144
1.0
144
0.0
144
0.0
144
0.0
144
0.0
144
1.0
274
     2
147
0.0008202099737533
147
0.0
147
0.0
147
0.0
147
0.0
147
0.0008202099737533
147
0.0
147
0.0
147
0.0
147
0.0
147
1.0
147
0.0
147
0.0
147
0.0
147
0.0
147
1.0
 94
      127
  0
MATERIAL
  5
167
102
{ACAD_REACTORS
330
6B
102
}
330
6B
100
AcDbMaterial
  1
ByLayer
 72
     0
 73
     2
 43
0.0008202099737533
 43
0.0
 43
0.0
 43
0.0
 43
0.0
 43
0.0008202099737533
 43
0.0
 43
0.0
 43
0.0
 43
0.0
 43
1.0
 43
0.0
 43
0.0
 43
0.0
 43
0.0
 43
1.0
 77
     0
 78
     2
 47
0.0008202099737533
 47
0.0
 47
0.0
 47
0.0
 47
0.0
 47
0.0008202099737533
 47
0.0
 47
0.0
 47
0.0
 47
0.0
 47
1.0
 47
0.0
 47
0.0
 47
0.0
 47
0.0
 47
1.0
171
     0
172
     2
 49
0.0008202099737533
 49
0.0
 49
0.0
 49
0.0
 49
0.0
 49
0.0008202099737533
 49
0.0
 49
0.0
 49
0.0
 49
0.0
 49
1.0
 49
0.0
 49
0.0
 49
0.0
 49
0.0
 49
1.0
175
     0
176
     2
142
0.0008202099737533
142
0.0
142
0.0
142
0.0
142
0.0
142
0.0008202099737533
142
0.0
142
0.0
142
0.0
142
0.0
142
1.0
142
0.0
142
0.0
142
0.0
142
0.0
142
1.0
179
     0
270
     2
144
0.0008202099737533
144
0.0
144
0.0
144
0.0
144
0.0
144
0.0008202099737533
144
0.0
144
0.0
144
0.0
144
0.0
144
1.0
144
0.0
144
0.0
144
0.0
144
0.0
144
1.0
274
     2
147
0.0008202099737533
147
0.0
147
0.0
147
0.0
147
0.0
147
0.0008202099737533
147
0.0
147
0.0
147
0.0
147
0.0
147
1.0
147
0.0
147
0.0
147
0.0
147
0.0
147
1.0
 94
      127
  0
MATERIAL
  5
177
102
{ACAD_REACTORS
330
6B
102
}
330
6B
100
AcDbMaterial
  1
Global
 72
     0
 73
     2
 43
0.0008202099737533
 43
0.0
 43
0.0
 43
0.0
 43
0.0
 43
0.0008202099737533
 43
0.0
 43
0.0
 43
0.0
 43
0.0
 43
1.0
 43
0.0
 43
0.0
 43
0.0
 43
0.0
 43
1.0
 77
     0
 78
     2
 47
0.0008202099737533
 47
0.0
 47
0.0
 47
0.0
 47
0.0
 47
0.0008202099737533
 47
0.0
 47
0.0
 47
0.0
 47
0.0
 47
1.0
 47
0.0
 47
0.0
 47
0.0
 47
0.0
 47
1.0
171
     0
172
     2
 49
0.0008202099737533
 49
0.0
 49
0.0
 49
0.0
 49
0.0
 49
0.0008202099737533
 49
0.0
 49
0.0
 49
0.0
 49
0.0
 49
1.0
 49
0.0
 49
0.0
 49
0.0
 49
0.0
 49
1.0
175
     0
176
     2
142
0.0008202099737533
142
0.0
142
0.0
142
0.0
142
0.0
142
0.0008202099737533
142
0.0
142
0.0
142
0.0
142
0.0
142
1.0
142
0.0
142
0.0
142
0.0
142
0.0
142
1.0
179
     0
270
     2
144
0.0008202099737533
144
0.0
144
0.0
144
0.0
144
0.0
144
0.0008202099737533
144
0.0
144
0.0
144
0.0
144
0.0
144
1.0
144
0.0
144
0.0
144
0.0
144
0.0
144
1.0
274
     2
147
0.0008202099737533
147
0.0
147
0.0
147
0.0
147
0.0
147
0.0008202099737533
147
0.0
147
0.0
147
0.0
147
0.0
147
1.0
147
0.0
147
0.0
147
0.0
147
0.0
147
1.0
 94
      127
  0
MLEADERSTYLE
  5
E1
102
{ACAD_REACTORS
330
DE
102
}
330
DE
100
AcDbMLeaderStyle
179
     2
170
     2
171
     1
172
     0
 90
        2
 40
0.0
 41
0.0
173
     1
 91
-1056964608
340
14
 92
       -2
290
     1
 42
2.0
291
     1
 43
8.0
  3
Standard
 44
4.0
300

342
11
174
     1
178
     1
175
     1
176
     0
 93
-1056964608
 45
4.0
292
     0
297
     0
 46
0.18
 94
-1056964608
 47
1.0
 49
1.0
140
1.0
293
     1
141
0.0
294
     1
177
     0
142
1.0
295
     0
296
     0
143
3.75
271
     0
272
     9
273
     9
298
     0
  0
MLINESTYLE
  5
18
102
{ACAD_REACTORS
330
17
102
}
330
17
100
AcDbMlineStyle
  2
STANDARD
 70
     0
  3

 62
   256
 51
90.0
 52
90.0
 71
     2
 49
0.5
 62
   256
  6
BYLAYER
 49
-0.5
 62
   256
  6
BYLAYER
  0
ACDBPLACEHOLDER
  5
F
102
{ACAD_REACTORS
330
E
102
}
330
E
  0
SCALE
  5
B8
102
{ACAD_REACTORS
330
B7
102
}
330
B7
100
AcDbScale
 70
     0
300
1:1
140
1.0
141
1.0
290
     1
  0
SCALE
  5
B9
102
{ACAD_REACTORS
330
B7
102
}
330
B7
100
AcDbScale
 70
     0
300
1:2
140
1.0
141
2.0
290
     0
  0
SCALE
  5
BA
102
{ACAD_REACTORS
330
B7
102
}
330
B7
100
AcDbScale
 70
     0
300
1:4
140
1.0
141
4.0
290
     0
  0
SCALE
  5
BB
102
{ACAD_REACTORS
330
B7
102
}
330
B7
100
AcDbScale
 70
     0
300
1:5
140
1.0
141
5.0
290
     0
  0
SCALE
  5
BC
102
{ACAD_REACTORS
330
B7
102
}
330
B7
100
AcDbScale
 70
     0
300
1:8
140
1.0
141
8.0
290
     0
  0
SCALE
  5
BD
102
{ACAD_REACTORS
330
B7
102
}
330
B7
100
AcDbScale
 70
     0
300
1:10
140
1.0
141
10.0
290
     0
  0
SCALE
  5
BE
102
{ACAD_REACTORS
330
B7
102
}
330
B7
100
AcDbScale
 70
     0
300
1:16
140
1.0
141
16.0
290
     0
  0
SCALE
  5
BF
102
{ACAD_REACTORS
330
B7
102
}
330
B7
100
AcDbScale
 70
     0
300
1:20
140
1.0
141
20.0
290
     0
  0
SCALE
  5
C0
102
{ACAD_REACTORS
330
B7
102
}
330
B7
100
AcDbScale
 70
     0
300
1:30
140
1.0
141
30.0
290
     0
  0
SCALE
  5
C1
102
{ACAD_REACTORS
330
B7
102
}
330
B7
100
AcDbScale
 70
     0
300
1:40
140
1.0
141
40.0
290
     0
  0
SCALE
  5
C2
102
{ACAD_REACTORS
330
B7
102
}
330
B7
100
AcDbScale
 70
     0
300
1:50
140
1.0
141
50.0
290
     0
  0
SCALE
  5
C3
102
{ACAD_REACTORS
330
B7
102
}
330
B7
100
AcDbScale
 70
     0
300
1:100
140
1.0
141
100.0
290
     0
  0
SCALE
  5
C4
102
{ACAD_REACTORS
330
B7
102
}
330
B7
100
AcDbScale
 70
     0
300
2:1
140
2.0
141
1.0
290
     0
  0
SCALE
  5
C5
102
{ACAD_REACTORS
330
B7
102
}
330
B7
100
AcDbScale
 70
     0
300
4:1
140
4.0
141
1.0
290
     0
  0
SCALE
  5
C6
102
{ACAD_REACTORS
330
B7
102
}
330
B7
100
AcDbScale
 70
     0
300
8:1
140
8.0
141
1.0
290
     0
  0
SCALE
  5
C7
102
{ACAD_REACTORS
330
B7
102
}
330
B7
100
AcDbScale
 70
     0
300
10:1
140
10.0
141
1.0
290
     0
  0
SCALE
  5
C8
102
{ACAD_REACTORS
330
B7
102
}
330
B7
100
AcDbScale
 70
     0
300
100:1
140
100.0
141
1.0
290
     0
  0
SCALE
  5
C9
102
{ACAD_REACTORS
330
B7
102
}
330
B7
100
AcDbScale
 70
     0
300
1/128" = 1'-0"
140
0.0078125
141
12.0
290
     0
  0
SCALE
  5
CA
102
{ACAD_REACTORS
330
B7
102
}
330
B7
100
AcDbScale
 70
     0
300
1/64" = 1'-0"
140
0.015625
141
12.0
290
     0
  0
SCALE
  5
CB
102
{ACAD_REACTORS
330
B7
102
}
330
B7
100
AcDbScale
 70
     0
300
1/32" = 1'-0"
140
0.03125
141
12.0
290
     0
  0
SCALE
  5
CC
102
{ACAD_REACTORS
330
B7
102
}
330
B7
100
AcDbScale
 70
     0
300
1/16" = 1'-0"
140
0.0625
141
12.0
290
     0
  0
SCALE
  5
CD
102
{ACAD_REACTORS
330
B7
102
}
330
B7
100
AcDbScale
 70
     0
300
3/32" = 1'-0"
140
0.09375
141
12.0
290
     0
  0
SCALE
  5
CE
102
{ACAD_REACTORS
330
B7
102
}
330
B7
100
AcDbScale
 70
     0
300
1/8" = 1'-0"
140
0.125
141
12.0
290
     0
  0
SCALE
  5
CF
102
{ACAD_REACTORS
330
B7
102
}
330
B7
100
AcDbScale
 70
     0
300
3/16" = 1'-0"
140
0.1875
141
12.0
290
     0
  0
SCALE
  5
D0
102
{ACAD_REACTORS
330
B7
102
}
330
B7
100
AcDbScale
 70
     0
300
1/4" = 1'-0"
140
0.25
141
12.0
290
     0
  0
SCALE
  5
D1
102
{ACAD_REACTORS
330
B7
102
}
330
B7
100
AcDbScale
 70
     0
300
3/8" = 1'-0"
140
0.375
141
12.0
290
     0
  0
SCALE
  5
D2
102
{ACAD_REACTORS
330
B7
102
}
330
B7
100
AcDbScale
 70
     0
300
1/2" = 1'-0"
140
0.5
141
12.0
290
     0
  0
SCALE
  5
D3
102
{ACAD_REACTORS
330
B7
102
}
330
B7
100
AcDbScale
 70
     0
300
3/4" = 1'-0"
140
0.75
141
12.0
290
     0
  0
SCALE
  5
D4
102
{ACAD_REACTORS
330
B7
102
}
330
B7
100
AcDbScale
 70
     0
300
1" = 1'-0"
140
1.0
141
12.0
290
     0
  0
SCALE
  5
D5
102
{ACAD_REACTORS
330
B7
102
}
330
B7
100
AcDbScale
 70
     0
300
1-1/2" = 1'-0"
140
1.5
141
12.0
290
     0
  0
SCALE
  5
D6
102
{ACAD_REACTORS
330
B7
102
}
330
B7
100
AcDbScale
 70
     0
300
3" = 1'-0"
140
3.0
141
12.0
290
     0
  0
SCALE
  5
D7
102
{ACAD_REACTORS
330
B7
102
}
330
B7
100
AcDbScale
 70
     0
300
6" = 1'-0"
140
6.0
141
12.0
290
     0
  0
SCALE
  5
D8
102
{ACAD_REACTORS
330
B7
102
}
330
B7
100
AcDbScale
 70
     0
300
1'-0" = 1'-0"
140
12.0
141
12.0
290
     0
  0
ACDBSECTIONVIEWSTYLE
  5
1EA
102
{ACAD_REACTORS
330
1E9
102
}
330
1E9
100
AcDbModelDocViewStyle
 70
     0
  3
Metric50
290
     1
300
Metric50
 90
        0
100
AcDbSectionViewStyle
 70
     0
 71
     0
 90
      102
 71
     1
340
11
 62
   256
 40
5.0
340
0
340
0
 62
   256
 40
5.0
300
I, O, Q, S, X, Z
 40
10.0
 90
        0
 40
2.5
 90
        0
 71
     2
340
16
 90
       25
 62
   256
340
16
 90
       50
 62
   256
 40
5.0
 40
2.5
 40
5.0
 71
     3
340
11
 62
   256
 40
5.0
 90
        0
 40
15.0
 90
        1
300
%<\AcVar ViewSectionStartId>%-%<\AcVar ViewSectionEndId>% (%<\AcVar ViewScale \f "%sn">%)
 71
     4
 62
   256
 62
   257
300
ANSI31
 40
1.0
 90
        0
290
     0
290
     0
 90
        6
 40
0.0
 40
1.570796326794896
 40
0.2617993877991494
 40
1.308996938995747
 40
-0.2617993877991494
 40
1.832595714594046
  0
TABLESTYLE
  5
93
102
{ACAD_XDICTIONARY
360
23A
102
}
102
{ACAD_REACTORS
330
92
102
}
330
92
100
AcDbTableStyle
280
     0
  3
Standard
 70
     0
 71
     0
 40
1.5
 41
1.5
280
     0
281
     0
  7
Standard
140
4.5
170
     2
 62
     0
 63
     7
283
     0
 90
      512
 91
        0
  1

274
    -2
284
     1
 64
     0
275
    -2
285
     1
 65
     0
276
    -2
286
     1
 66
     0
277
    -2
287
     1
 67
     0
278
    -2
288
     1
 68
     0
279
    -2
289
     1
 69
     0
  7
Standard
140
6.0
170
     5
 62
     0
 63
     7
283
     0
 90
      512
 91
        0
  1

274
    -2
284
     1
 64
     0
275
    -2
285
     1
 65
     0
276
    -2
286
     1
 66
     0
277
    -2
287
     1
 67
     0
278
    -2
288
     1
 68
     0
279
    -2
289
     1
 69
     0
  7
Standard
140
4.5
170
     5
 62
     0
 63
     7
283
     0
 90
      512
 91
        0
  1

274
    -2
284
     1
 64
     0
275
    -2
285
     1
 65
     0
276
    -2
286
     1
 66
     0
277
    -2
287
     1
 67
     0
278
    -2
288
     1
 68
     0
279
    -2
289
     1
 69
     0
1001
ACAD
1000
AcRTDxfName
1000
TABLESTYLE
  0
VISUALSTYLE
  5
185
102
{ACAD_REACTORS
330
17F
102
}
330
17F
100
AcDbVisualStyle
  2
2dWireframe
 70
     4
177
     3
291
     0
 70
    58
 90
        0
176
     1
 90
        2
176
     1
 90
        0
176
     1
 90
        0
176
     1
 40
0.6
176
     1
 40
30.0
176
     1
 62
     7
420
 16777215
176
     1
 90
        1
176
     1
 90
        4
176
     1
 62
     7
176
     1
 62
   257
176
     1
 90
        1
176
     1
 90
        1
176
     1
 40
1.0
176
     1
 90
        0
176
     1
 62
   257
176
     1
 40
1.0
176
     1
 90
        1
176
     1
 90
        6
176
     1
 90
        2
176
     1
 62
     7
176
     1
 90
        5
176
     1
 90
        0
176
     1
 90
        0
176
     1
290
     0
176
     1
 90
        1
176
     1
 40
0.0
176
     1
 90
        0
176
     1
290
     1
176
     1
290
     1
176
     1
290
     0
176
     1
290
     0
176
     1
290
     0
176
     1
290
     0
176
     1
290
     0
176
     1
290
     0
176
     1
290
     0
176
     1
 90
       50
176
     1
 40
0.0
176
     1
 40
1.0
176
     1
 90
        0
176
     1
 62
    18
420
        0
176
     1
 90
       50
176
     1
 90
        3
176
     1
 62
     5
420
      255
176
     1
290
     0
176
     1
 90
       50
176
     1
 90
       50
176
     1
 90
       50
176
     1
290
     0
176
     1
 90
       50
176
     1
 62
   256
176
     0
 40
1.0
176
     0
 90
        0
176
     1
  1
strokes_ogs.tif
176
     1
290
     0
176
     1
 40
1.0
176
     1
 40
1.0
176
     1
  0
VISUALSTYLE
  5
184
102
{ACAD_REACTORS
330
17F
102
}
330
17F
100
AcDbVisualStyle
  2
Basic
 70
     7
177
     3
291
     1
 70
    58
 90
        1
176
     1
 90
        0
176
     1
 90
        1
176
     1
 90
        0
176
     1
 40
0.6
176
     1
 40
30.0
176
     1
 62
     7
420
 16777215
176
     1
 90
        0
176
     1
 90
        4
176
     1
 62
     7
176
     1
 62
   257
176
     1
 90
        1
176
     1
 90
        1
176
     1
 40
1.0
176
     1
 90
        8
176
     1
 62
     7
176
     1
 40
1.0
176
     1
 90
        1
176
     1
 90
        6
176
     1
 90
        2
176
     1
 62
     7
176
     1
 90
        5
176
     1
 90
        0
176
     1
 90
        0
176
     1
290
     0
176
     1
 90
        1
176
     1
 40
0.0
176
     1
 90
        0
176
     1
290
     0
176
     1
290
     1
176
     1
290
     1
176
     1
290
     0
176
     1
290
     0
176
     1
290
     0
176
     1
290
     0
176
     1
290
     0
176
     1
290
     0
176
     1
 90
       50
176
     1
 40
0.0
176
     1
 40
1.0
176
     1
 90
        0
176
     1
 62
    18
420
        0
176
     1
 90
       50
176
     1
 90
        3
176
     1
 62
     5
420
      255
176
     1
290
     0
176
     1
 90
       50
176
     1
 90
       50
176
     1
 90
       50
176
     1
290
     0
176
     1
 90
       50
176
     1
 62
   256
176
     0
 40
1.0
176
     0
 90
        0
176
     1
  1
strokes_ogs.tif
176
     1
290
     0
176
     1
 40
1.0
176
     1
 40
1.0
176
     1
  0
VISUALSTYLE
  5
18B
102
{ACAD_REACTORS
330
17F
102
}
330
17F
100
AcDbVisualStyle
  2
Brighten
 70
    12
177
     3
291
     1
 70
    58
 90
        2
176
     1
 90
        2
176
     1
 90
        0
176
     1
 90
        0
176
     1
 40
0.6
176
     1
 40
30.0
176
     1
 62
     7
420
 16777215
176
     1
 90
        1
176
     1
 90
        4
176
     1
 62
     7
176
     1
 62
   257
176
     1
 90
        1
176
     1
 90
        1
176
     1
 40
1.0
176
     1
 90
        8
176
     1
 62
     7
176
     1
 40
1.0
176
     1
 90
        1
176
     1
 90
        6
176
     1
 90
        2
176
     1
 62
     7
176
     1
 90
        5
176
     1
 90
        0
176
     1
 90
        0
176
     1
290
     0
176
     1
 90
        1
176
     1
 40
50.0
176
     1
 90
        0
176
     1
290
     0
176
     1
290
     1
176
     1
290
     1
176
     1
290
     0
176
     1
290
     0
176
     1
290
     0
176
     1
290
     0
176
     1
290
     0
176
     1
290
     0
176
     1
 90
       50
176
     1
 40
0.0
176
     1
 40
1.0
176
     1
 90
        0
176
     1
 62
    18
420
        0
176
     1
 90
       50
176
     1
 90
        3
176
     1
 62
     5
420
      255
176
     1
290
     0
176
     1
 90
       50
176
     1
 90
       50
176
     1
 90
       50
176
     1
290
     0
176
     1
 90
       50
176
     1
 62
   256
176
     0
 40
1.0
176
     0
 90
        0
176
     1
  1
strokes_ogs.tif
176
     1
290
     0
176
     1
 40
1.0
176
     1
 40
1.0
176
     1
  0
VISUALSTYLE
  5
18F
102
{ACAD_REACTORS
330
17F
102
}
330
17F
100
AcDbVisualStyle
  2
ColorChange
 70
    16
177
     3
291
     1
 70
    58
 90
        2
176
     1
 90
        2
176
     1
 90
        3
176
     1
 90
        0
176
     1
 40
0.6
176
     1
 40
30.0
176
     1
 62
     8
420
  8421504
176
     1
 90
        1
176
     1
 90
        4
176
     1
 62
     7
176
     1
 62
   257
176
     1
 90
        1
176
     1
 90
        1
176
     1
 40
1.0
176
     1
 90
        8
176
     1
 62
     8
420
  8421504
176
     1
 40
1.0
176
     1
 90
        1
176
     1
 90
        6
176
     1
 90
        2
176
     1
 62
     7
176
     1
 90
        5
176
     1
 90
        0
176
     1
 90
        0
176
     1
290
     0
176
     1
 90
        1
176
     1
 40
0.0
176
     1
 90
        0
176
     1
290
     0
176
     1
290
     1
176
     1
290
     1
176
     1
290
     0
176
     1
290
     0
176
     1
290
     0
176
     1
290
     0
176
     1
290
     0
176
     1
290
     0
176
     1
 90
       50
176
     1
 40
0.0
176
     1
 40
1.0
176
     1
 90
        0
176
     1
 62
    18
420
        0
176
     1
 90
       50
176
     1
 90
        3
176
     1
 62
     5
420
      255
176
     1
290
     0
176
     1
 90
       50
176
     1
 90
       50
176
     1
 90
       50
176
     1
290
     0
176
     1
 90
       50
176
     1
 62
   256
176
     0
 40
1.0
176
     0
 90
        0
176
     1
  1
strokes_ogs.tif
176
     1
290
     0
176
     1
 40
1.0
176
     1
 40
1.0
176
     1
  0
VISUALSTYLE
  5
188
102
{ACAD_REACTORS
330
17F
102
}
330
17F
100
AcDbVisualStyle
  2
Conceptual
 70
     9
177
     3
291
     0
 70
    58
 90
        3
176
     1
 90
        2
176
     1
 90
        0
176
     1
 90
        0
176
     1
 40
0.6
176
     1
 40
30.0
176
     1
 62
     7
420
 16777215
176
     1
 90
        2
176
     1
 90
        2
176
     1
 62
     7
176
     1
 62
   257
176
     1
 90
        1
176
     1
 90
        1
176
     1
 40
179.0
176
     1
 90
        8
176
     1
 62
     7
176
     1
 40
1.0
176
     1
 90
        1
176
     1
 90
        6
176
     1
 90
        2
176
     1
 62
     7
176
     1
 90
        3
176
     1
 90
        0
176
     1
 90
        0
176
     1
290
     0
176
     1
 90
        1
176
     1
 40
0.0
176
     1
 90
        0
176
     1
290
     0
176
     1
290
     1
176
     1
290
     1
176
     1
290
     0
176
     1
290
     0
176
     1
290
     0
176
     1
290
     0
176
     1
290
     0
176
     1
290
     0
176
     1
 90
       50
176
     1
 40
0.0
176
     1
 40
1.0
176
     1
 90
        0
176
     1
 62
    18
420
        0
176
     1
 90
       50
176
     1
 90
        3
176
     1
 62
     5
420
      255
176
     1
290
     0
176
     1
 90
       50
176
     1
 90
       50
176
     1
 90
       50
176
     1
290
     0
176
     1
 90
       50
176
     1
 62
   256
176
     0
 40
1.0
176
     0
 90
        0
176
     1
  1
strokes_ogs.tif
176
     1
290
     0
176
     1
 40
1.0
176
     1
 40
1.0
176
     1
  0
VISUALSTYLE
  5
18A
102
{ACAD_REACTORS
330
17F
102
}
330
17F
100
AcDbVisualStyle
  2
Dim
 70
    11
177
     3
291
     1
 70
    58
 90
        2
176
     1
 90
        2
176
     1
 90
        0
176
     1
 90
        0
176
     1
 40
0.6
176
     1
 40
30.0
176
     1
 62
     7
420
 16777215
176
     1
 90
        1
176
     1
 90
        4
176
     1
 62
     7
176
     1
 62
   257
176
     1
 90
        1
176
     1
 90
        1
176
     1
 40
1.0
176
     1
 90
        8
176
     1
 62
     7
176
     1
 40
1.0
176
     1
 90
        1
176
     1
 90
        6
176
     1
 90
        2
176
     1
 62
     7
176
     1
 90
        5
176
     1
 90
        0
176
     1
 90
        0
176
     1
290
     0
176
     1
 90
        1
176
     1
 40
-50.0
176
     1
 90
        0
176
     1
290
     0
176
     1
290
     1
176
     1
290
     1
176
     1
290
     0
176
     1
290
     0
176
     1
290
     0
176
     1
290
     0
176
     1
290
     0
176
     1
290
     0
176
     1
 90
       50
176
     1
 40
0.0
176
     1
 40
1.0
176
     1
 90
        0
176
     1
 62
    18
420
        0
176
     1
 90
       50
176
     1
 90
        3
176
     1
 62
     5
420
      255
176
     1
290
     0
176
     1
 90
       50
176
     1
 90
       50
176
     1
 90
       50
176
     1
290
     0
176
     1
 90
       50
176
     1
 62
   256
176
     0
 40
1.0
176
     0
 90
        0
176
     1
  1
strokes_ogs.tif
176
     1
290
     0
176
     1
 40
1.0
176
     1
 40
1.0
176
     1
  0
VISUALSTYLE
  5
197
102
{ACAD_REACTORS
330
17F
102
}
330
17F
100
AcDbVisualStyle
  2
EdgeColorOff
 70
    22
177
     3
291
     1
 70
    58
 90
        2
176
     0
 90
        2
176
     0
 90
        0
176
     0
 90
        0
176
     0
 40
0.6
176
     0
 40
30.0
176
     0
 62
     7
420
 16777215
176
     0
 90
        1
176
     0
 90
        4
176
     0
 62
     7
176
     0
 62
   257
176
     0
 90
        1
176
     0
 90
        1
176
     0
 40
1.0
176
     0
 90
        8
176
     2
 62
     7
176
     0
 40
1.0
176
     0
 90
        1
176
     0
 90
        6
176
     0
 90
        2
176
     0
 62
     7
176
     0
 90
        5
176
     0
 90
        0
176
     0
 90
        0
176
     0
290
     0
176
     0
 90
        1
176
     0
 40
0.0
176
     0
 90
        0
176
     0
290
     0
176
     1
290
     1
176
     1
290
     1
176
     1
290
     0
176
     1
290
     0
176
     1
290
     0
176
     1
290
     0
176
     1
290
     0
176
     1
290
     0
176
     1
 90
       50
176
     1
 40
0.0
176
     1
 40
1.0
176
     1
 90
        0
176
     1
 62
    18
420
        0
176
     1
 90
       50
176
     1
 90
        3
176
     1
 62
     5
420
      255
176
     1
290
     0
176
     1
 90
       50
176
     1
 90
       50
176
     1
 90
       50
176
     1
290
     0
176
     1
 90
       50
176
     1
 62
   256
176
     0
 40
1.0
176
     0
 90
        0
176
     1
  1
strokes_ogs.tif
176
     1
290
     0
176
     1
 40
1.0
176
     1
 40
1.0
176
     1
  0
VISUALSTYLE
  5
18E
102
{ACAD_REACTORS
330
17F
102
}
330
17F
100
AcDbVisualStyle
  2
Facepattern
 70
    15
177
     3
291
     1
 70
    58
 90
        2
176
     1
 90
        2
176
     1
 90
        0
176
     1
 90
        0
176
     1
 40
0.6
176
     1
 40
30.0
176
     1
 62
     7
420
 16777215
176
     1
 90
        1
176
     1
 90
        4
176
     1
 62
     7
176
     1
 62
   257
176
     1
 90
        1
176
     1
 90
        1
176
     1
 40
1.0
176
     1
 90
        8
176
     1
 62
     7
176
     1
 40
1.0
176
     1
 90
        1
176
     1
 90
        6
176
     1
 90
        2
176
     1
 62
     7
176
     1
 90
        5
176
     1
 90
        0
176
     1
 90
        0
176
     1
290
     0
176
     1
 90
        1
176
     1
 40
0.0
176
     1
 90
        0
176
     1
290
     0
176
     1
290
     1
176
     1
290
     1
176
     1
290
     0
176
     1
290
     0
176
     1
290
     0
176
     1
290
     0
176
     1
290
     0
176
     1
290
     0
176
     1
 90
       50
176
     1
 40
0.0
176
     1
 40
1.0
176
     1
 90
        0
176
     1
 62
    18
420
        0
176
     1
 90
       50
176
     1
 90
        3
176
     1
 62
     5
420
      255
176
     1
290
     0
176
     1
 90
       50
176
     1
 90
       50
176
     1
 90
       50
176
     1
290
     0
176
     1
 90
       50
176
     1
 62
   256
176
     0
 40
1.0
176
     0
 90
        0
176
     1
  1
strokes_ogs.tif
176
     1
290
     0
176
     1
 40
1.0
176
     1
 40
1.0
176
     1
  0
VISUALSTYLE
  5
180
102
{ACAD_REACTORS
330
17F
102
}
330
17F
100
AcDbVisualStyle
  2
Flat
 70
     0
177
     3
291
     1
 70
    58
 90
        2
176
     1
 90
        1
176
     1
 90
        1
176
     1
 90
        2
176
     1
 40
0.6
176
     1
 40
30.0
176
     1
 62
     7
420
 16777215
176
     1
 90
        0
176
     1
 90
        0
176
     1
 62
     7
176
     1
 62
   257
176
     1
 90
        1
176
     1
 90
        1
176
     1
 40
1.0
176
     1
 90
        8
176
     1
 62
     7
176
     1
 40
1.0
176
     1
 90
        1
176
     1
 90
        6
176
     1
 90
        2
176
     1
 62
     7
176
     1
 90
        5
176
     1
 90
        0
176
     1
 90
        0
176
     1
290
     0
176
     1
 90
       13
176
     1
 40
0.0
176
     1
 90
        0
176
     1
290
     0
176
     1
290
     1
176
     1
290
     1
176
     1
290
     0
176
     1
290
     0
176
     1
290
     0
176
     1
290
     0
176
     1
290
     0
176
     1
290
     0
176
     1
 90
       50
176
     1
 40
0.0
176
     1
 40
1.0
176
     1
 90
        0
176
     1
 62
    18
420
        0
176
     1
 90
       50
176
     1
 90
        3
176
     1
 62
     5
420
      255
176
     1
290
     0
176
     1
 90
       50
176
     1
 90
       50
176
     1
 90
       50
176
     1
290
     0
176
     1
 90
       50
176
     1
 62
   256
176
     0
 40
1.0
176
     0
 90
        0
176
     1
  1
strokes_ogs.tif
176
     1
290
     0
176
     1
 40
1.0
176
     1
 40
1.0
176
     1
  0
VISUALSTYLE
  5
181
102
{ACAD_REACTORS
330
17F
102
}
330
17F
100
AcDbVisualStyle
  2
FlatWithEdges
 70
     1
177
     3
291
     1
 70
    58
 90
        2
176
     1
 90
        1
176
     1
 90
        1
176
     1
 90
        2
176
     1
 40
0.6
176
     1
 40
30.0
176
     1
 62
     7
420
 16777215
176
     1
 90
        1
176
     1
 90
        0
176
     1
 62
     7
176
     1
 62
   257
176
     1
 90
        1
176
     1
 90
        1
176
     1
 40
1.0
176
     1
 90
        0
176
     1
 62
   257
176
     1
 40
1.0
176
     1
 90
        1
176
     1
 90
        6
176
     1
 90
        2
176
     1
 62
     7
176
     1
 90
        5
176
     1
 90
        0
176
     1
 90
        0
176
     1
290
     0
176
     1
 90
       13
176
     1
 40
0.0
176
     1
 90
        0
176
     1
290
     0
176
     1
290
     1
176
     1
290
     1
176
     1
290
     0
176
     1
290
     0
176
     1
290
     0
176
     1
290
     0
176
     1
290
     0
176
     1
290
     0
176
     1
 90
       50
176
     1
 40
0.0
176
     1
 40
1.0
176
     1
 90
        0
176
     1
 62
    18
420
        0
176
     1
 90
       50
176
     1
 90
        3
176
     1
 62
     5
420
      255
176
     1
290
     0
176
     1
 90
       50
176
     1
 90
       50
176
     1
 90
       50
176
     1
290
     0
176
     1
 90
       50
176
     1
 62
   256
176
     0
 40
1.0
176
     0
 90
        0
176
     1
  1
strokes_ogs.tif
176
     1
290
     0
176
     1
 40
1.0
176
     1
 40
1.0
176
     1
  0
VISUALSTYLE
  5
182
102
{ACAD_REACTORS
330
17F
102
}
330
17F
100
AcDbVisualStyle
  2
Gouraud
 70
     2
177
     3
291
     1
 70
    58
 90
        2
176
     1
 90
        2
176
     1
 90
        1
176
     1
 90
        2
176
     1
 40
0.6
176
     1
 40
30.0
176
     1
 62
     7
420
 16777215
176
     1
 90
        0
176
     1
 90
        0
176
     1
 62
     7
176
     1
 62
   257
176
     1
 90
        1
176
     1
 90
        1
176
     1
 40
1.0
176
     1
 90
        0
176
     1
 62
     7
176
     1
 40
1.0
176
     1
 90
        1
176
     1
 90
        6
176
     1
 90
        2
176
     1
 62
     7
176
     1
 90
        5
176
     1
 90
        0
176
     1
 90
        0
176
     1
290
     0
176
     1
 90
       13
176
     1
 40
0.0
176
     1
 90
        0
176
     1
290
     0
176
     1
290
     1
176
     1
290
     1
176
     1
290
     0
176
     1
290
     0
176
     1
290
     0
176
     1
290
     0
176
     1
290
     0
176
     1
290
     0
176
     1
 90
       50
176
     1
 40
0.0
176
     1
 40
1.0
176
     1
 90
        0
176
     1
 62
    18
420
        0
176
     1
 90
       50
176
     1
 90
        3
176
     1
 62
     5
420
      255
176
     1
290
     0
176
     1
 90
       50
176
     1
 90
       50
176
     1
 90
       50
176
     1
290
     0
176
     1
 90
       50
176
     1
 62
   256
176
     0
 40
1.0
176
     0
 90
        0
176
     1
  1
strokes_ogs.tif
176
     1
290
     0
176
     1
 40
1.0
176
     1
 40
1.0
176
     1
  0
VISUALSTYLE
  5
183
102
{ACAD_REACTORS
330
17F
102
}
330
17F
100
AcDbVisualStyle
  2
GouraudWithEdges
 70
     3
177
     3
291
     1
 70
    58
 90
        2
176
     1
 90
        2
176
     1
 90
        1
176
     1
 90
        2
176
     1
 40
0.6
176
     1
 40
30.0
176
     1
 62
     7
420
 16777215
176
     1
 90
        1
176
     1
 90
        0
176
     1
 62
     7
176
     1
 62
   257
176
     1
 90
        1
176
     1
 90
        1
176
     1
 40
1.0
176
     1
 90
        0
176
     1
 62
   257
176
     1
 40
1.0
176
     1
 90
        1
176
     1
 90
        6
176
     1
 90
        2
176
     1
 62
     7
176
     1
 90
        5
176
     1
 90
        0
176
     1
 90
        0
176
     1
290
     0
176
     1
 90
       13
176
     1
 40
0.0
176
     1
 90
        0
176
     1
290
     0
176
     1
290
     1
176
     1
290
     1
176
     1
290
     0
176
     1
290
     0
176
     1
290
     0
176
     1
290
     0
176
     1
290
     0
176
     1
290
     0
176
     1
 90
       50
176
     1
 40
0.0
176
     1
 40
1.0
176
     1
 90
        0
176
     1
 62
    18
420
        0
176
     1
 90
       50
176
     1
 90
        3
176
     1
 62
     5
420
      255
176
     1
290
     0
176
     1
 90
       50
176
     1
 90
       50
176
     1
 90
       50
176
     1
290
     0
176
     1
 90
       50
176
     1
 62
   256
176
     0
 40
1.0
176
     0
 90
        0
176
     1
  1
strokes_ogs.tif
176
     1
290
     0
176
     1
 40
1.0
176
     1
 40
1.0
176
     1
  0
VISUALSTYLE
  5
187
102
{ACAD_REACTORS
330
17F
102
}
330
17F
100
AcDbVisualStyle
  2
Hidden
 70
     6
177
     3
291
     0
 70
    58
 90
        1
176
     1
 90
        2
176
     1
 90
        2
176
     1
 90
        0
176
     1
 40
0.6
176
     1
 40
30.0
176
     1
 62
     7
420
 16777215
176
     1
 90
        2
176
     1
 90
        2
176
     1
 62
     7
176
     1
 62
   257
176
     1
 90
        2
176
     1
 90
        1
176
     1
 40
40.0
176
     1
 90
        0
176
     1
 62
   257
176
     1
 40
1.0
176
     1
 90
        1
176
     1
 90
        6
176
     1
 90
        2
176
     1
 62
     7
176
     1
 90
        3
176
     1
 90
        0
176
     1
 90
        0
176
     1
290
     0
176
     1
 90
        1
176
     1
 40
0.0
176
     1
 90
        0
176
     1
290
     0
176
     1
290
     1
176
     1
290
     1
176
     1
290
     0
176
     1
290
     0
176
     1
290
     0
176
     1
290
     0
176
     1
290
     0
176
     1
290
     0
176
     1
 90
       50
176
     1
 40
0.0
176
     1
 40
1.0
176
     1
 90
        0
176
     1
 62
    18
420
        0
176
     1
 90
       50
176
     1
 90
        3
176
     1
 62
     5
420
      255
176
     1
290
     0
176
     1
 90
       50
176
     1
 90
       50
176
     1
 90
       50
176
     1
290
     0
176
     1
 90
       50
176
     1
 62
   256
176
     0
 40
1.0
176
     0
 90
        0
176
     1
  1
strokes_ogs.tif
176
     1
290
     0
176
     1
 40
1.0
176
     1
 40
1.0
176
     1
  0
VISUALSTYLE
  5
195
102
{ACAD_REACTORS
330
17F
102
}
330
17F
100
AcDbVisualStyle
  2
JitterOff
 70
    20
177
     3
291
     1
 70
    58
 90
        2
176
     0
 90
        2
176
     0
 90
        0
176
     0
 90
        0
176
     0
 40
0.6
176
     0
 40
30.0
176
     0
 62
     7
420
 16777215
176
     0
 90
        1
176
     0
 90
        4
176
     0
 62
     7
176
     0
 62
   257
176
     0
 90
        1
176
     0
 90
        1
176
     0
 40
1.0
176
     0
 90
       10
176
     2
 62
     7
176
     0
 40
1.0
176
     0
 90
        1
176
     0
 90
        6
176
     0
 90
        2
176
     0
 62
     7
176
     0
 90
        5
176
     0
 90
        0
176
     0
 90
        0
176
     0
290
     0
176
     0
 90
        1
176
     0
 40
0.0
176
     0
 90
        0
176
     0
290
     0
176
     1
290
     1
176
     1
290
     1
176
     1
290
     0
176
     1
290
     0
176
     1
290
     0
176
     1
290
     0
176
     1
290
     0
176
     1
290
     0
176
     1
 90
       50
176
     1
 40
0.0
176
     1
 40
1.0
176
     1
 90
        0
176
     1
 62
    18
420
        0
176
     1
 90
       50
176
     1
 90
        3
176
     1
 62
     5
420
      255
176
     1
290
     0
176
     1
 90
       50
176
     1
 90
       50
176
     1
 90
       50
176
     1
290
     0
176
     1
 90
       50
176
     1
 62
   256
176
     0
 40
1.0
176
     0
 90
        0
176
     1
  1
strokes_ogs.tif
176
     1
290
     0
176
     1
 40
1.0
176
     1
 40
1.0
176
     1
  0
VISUALSTYLE
  5
18D
102
{ACAD_REACTORS
330
17F
102
}
330
17F
100
AcDbVisualStyle
  2
Linepattern
 70
    14
177
     3
291
     1
 70
    58
 90
        2
176
     1
 90
        2
176
     1
 90
        0
176
     1
 90
        0
176
     1
 40
0.6
176
     1
 40
30.0
176
     1
 62
     7
420
 16777215
176
     1
 90
        1
176
     1
 90
        4
176
     1
 62
     7
176
     1
 62
   257
176
     1
 90
        7
176
     1
 90
        7
176
     1
 40
1.0
176
     1
 90
        8
176
     1
 62
     7
176
     1
 40
1.0
176
     1
 90
        1
176
     1
 90
        6
176
     1
 90
        2
176
     1
 62
     7
176
     1
 90
        5
176
     1
 90
        0
176
     1
 90
        0
176
     1
290
     0
176
     1
 90
        1
176
     1
 40
0.0
176
     1
 90
        0
176
     1
290
     0
176
     1
290
     1
176
     1
290
     1
176
     1
290
     0
176
     1
290
     0
176
     1
290
     0
176
     1
290
     0
176
     1
290
     0
176
     1
290
     0
176
     1
 90
       50
176
     1
 40
0.0
176
     1
 40
1.0
176
     1
 90
        0
176
     1
 62
    18
420
        0
176
     1
 90
       50
176
     1
 90
        3
176
     1
 62
     5
420
      255
176
     1
290
     0
176
     1
 90
       50
176
     1
 90
       50
176
     1
 90
       50
176
     1
290
     0
176
     1
 90
       50
176
     1
 62
   256
176
     0
 40
1.0
176
     0
 90
        0
176
     1
  1
strokes_ogs.tif
176
     1
290
     0
176
     1
 40
1.0
176
     1
 40
1.0
176
     1
  0
VISUALSTYLE
  5
196
102
{ACAD_REACTORS
330
17F
102
}
330
17F
100
AcDbVisualStyle
  2
OverhangOff
 70
    21
177
     3
291
     1
 70
    58
 90
        2
176
     0
 90
        2
176
     0
 90
        0
176
     0
 90
        0
176
     0
 40
0.6
176
     0
 40
30.0
176
     0
 62
     7
420
 16777215
176
     0
 90
        1
176
     0
 90
        4
176
     0
 62
     7
176
     0
 62
   257
176
     0
 90
        1
176
     0
 90
        1
176
     0
 40
1.0
176
     0
 90
        9
176
     2
 62
     7
176
     0
 40
1.0
176
     0
 90
        1
176
     0
 90
        6
176
     0
 90
        2
176
     0
 62
     7
176
     0
 90
        5
176
     0
 90
        0
176
     0
 90
        0
176
     0
290
     0
176
     0
 90
        1
176
     0
 40
0.0
176
     0
 90
        0
176
     0
290
     0
176
     1
290
     1
176
     1
290
     1
176
     1
290
     0
176
     1
290
     0
176
     1
290
     0
176
     1
290
     0
176
     1
290
     0
176
     1
290
     0
176
     1
 90
       50
176
     1
 40
0.0
176
     1
 40
1.0
176
     1
 90
        0
176
     1
 62
    18
420
        0
176
     1
 90
       50
176
     1
 90
        3
176
     1
 62
     5
420
      255
176
     1
290
     0
176
     1
 90
       50
176
     1
 90
       50
176
     1
 90
       50
176
     1
290
     0
176
     1
 90
       50
176
     1
 62
   256
176
     0
 40
1.0
176
     0
 90
        0
176
     1
  1
strokes_ogs.tif
176
     1
290
     0
176
     1
 40
1.0
176
     1
 40
1.0
176
     1
  0
VISUALSTYLE
  5
189
102
{ACAD_REACTORS
330
17F
102
}
330
17F
100
AcDbVisualStyle
  2
Realistic
 70
     8
177
     3
291
     0
 70
    58
 90
        2
176
     1
 90
        3
176
     1
 90
        0
176
     1
 90
        2
176
     1
 40
0.6
176
     1
 40
30.0
176
     1
 62
     7
420
 16777215
176
     1
 90
        0
176
     1
 90
        0
176
     1
 62
     7
176
     1
 62
   257
176
     1
 90
        1
176
     1
 90
        1
176
     1
 40
1.0
176
     1
 90
        8
176
     1
 62
   257
176
     1
 40
1.0
176
     1
 90
        1
176
     1
 90
        6
176
     1
 90
        2
176
     1
 62
     7
176
     1
 90
        3
176
     1
 90
        0
176
     1
 90
        0
176
     1
290
     0
176
     1
 90
       13
176
     1
 40
0.0
176
     1
 90
        0
176
     1
290
     0
176
     1
290
     1
176
     1
290
     1
176
     1
290
     0
176
     1
290
     0
176
     1
290
     0
176
     1
290
     0
176
     1
290
     0
176
     1
290
     0
176
     1
 90
       50
176
     1
 40
0.0
176
     1
 40
1.0
176
     1
 90
        0
176
     1
 62
    18
420
        0
176
     1
 90
       50
176
     1
 90
        3
176
     1
 62
     5
420
      255
176
     1
290
     0
176
     1
 90
       50
176
     1
 90
       50
176
     1
 90
       50
176
     1
290
     0
176
     1
 90
       50
176
     1
 62
   256
176
     0
 40
1.0
176
     0
 90
        0
176
     1
  1
strokes_ogs.tif
176
     1
290
     0
176
     1
 40
1.0
176
     1
 40
1.0
176
     1
  0
VISUALSTYLE
  5
194
102
{ACAD_REACTORS
330
17F
102
}
330
17F
100
AcDbVisualStyle
  2
Shaded
 70
    27
177
     3
291
     0
 70
    58
 90
        2
176
     1
 90
        2
176
     1
 90
        1
176
     1
 90
        2
176
     1
 40
0.6
176
     1
 40
30.0
176
     1
 62
     7
420
 16777215
176
     1
 90
        0
176
     1
 90
        4
176
     1
 62
     7
176
     1
 62
   257
176
     1
 90
        1
176
     1
 90
        1
176
     1
 40
1.0
176
     1
 90
        8
176
     1
 62
   257
176
     1
 40
1.0
176
     1
 90
        1
176
     1
 90
        6
176
     1
 90
        2
176
     1
 62
     8
420
  7895160
176
     1
 90
        3
176
     1
 90
        0
176
     1
 90
        0
176
     1
290
     0
176
     1
 90
        5
176
     1
 40
0.0
176
     1
 90
        0
176
     1
290
     0
176
     1
290
     1
176
     1
290
     1
176
     1
290
     0
176
     1
290
     0
176
     1
290
     0
176
     1
290
     0
176
     1
290
     0
176
     1
290
     0
176
     1
 90
       50
176
     1
 40
0.0
176
     1
 40
1.0
176
     1
 90
        0
176
     1
 62
    18
420
        0
176
     1
 90
       50
176
     1
 90
        3
176
     1
 62
     5
420
      255
176
     1
290
     0
176
     1
 90
       50
176
     1
 90
       50
176
     1
 90
       50
176
     1
290
     0
176
     1
 90
       50
176
     1
 62
   256
176
     0
 40
1.0
176
     0
 90
        0
176
     1
  1
strokes_ogs.tif
176
     1
290
     0
176
     1
 40
1.0
176
     1
 40
1.0
176
     1
  0
VISUALSTYLE
  5
193
102
{ACAD_REACTORS
330
17F
102
}
330
17F
100
AcDbVisualStyle
  2
Shaded with edges
 70
    26
177
     3
291
     0
 70
    58
 90
        2
176
     1
 90
        2
176
     1
 90
        1
176
     1
 90
        2
176
     1
 40
0.6
176
     1
 40
30.0
176
     1
 62
     7
420
 16777215
176
     1
 90
        1
176
     1
 90
       10
176
     1
 62
     7
176
     1
 62
   257
176
     1
 90
        2
176
     1
 90
        1
176
     1
 40
1.0
176
     1
 90
        8
176
     1
 62
   257
176
     1
 40
1.0
176
     1
 90
        1
176
     1
 90
        6
176
     1
 90
        2
176
     1
 62
     7
176
     1
 90
        3
176
     1
 90
        0
176
     1
 90
        0
176
     1
290
     0
176
     1
 90
        5
176
     1
 40
0.0
176
     1
 90
        0
176
     1
290
     0
176
     1
290
     1
176
     1
290
     1
176
     1
290
     0
176
     1
290
     0
176
     1
290
     0
176
     1
290
     0
176
     1
290
     0
176
     1
290
     0
176
     1
 90
       50
176
     1
 40
0.0
176
     1
 40
1.0
176
     1
 90
        0
176
     1
 62
    18
420
        0
176
     1
 90
       50
176
     1
 90
        3
176
     1
 62
     5
420
      255
176
     1
290
     0
176
     1
 90
       50
176
     1
 90
       50
176
     1
 90
       50
176
     1
290
     0
176
     1
 90
       50
176
     1
 62
   256
176
     0
 40
1.0
176
     0
 90
        0
176
     1
  1
strokes_ogs.tif
176
     1
290
     0
176
     1
 40
1.0
176
     1
 40
1.0
176
     1
  0
VISUALSTYLE
  5
190
102
{ACAD_REACTORS
330
17F
102
}
330
17F
100
AcDbVisualStyle
  2
Shades of Gray
 70
    23
177
     3
291
     0
 70
    58
 90
        2
176
     1
 90
        2
176
     1
 90
        3
176
     1
 90
        0
176
     1
 40
0.6
176
     1
 40
30.0
176
     1
 62
     7
420
 16777215
176
     1
 90
        2
176
     1
 90
        2
176
     1
 62
     7
176
     1
 62
     7
176
     1
 90
        1
176
     1
 90
        1
176
     1
 40
40.0
176
     1
 90
        8
176
     1
 62
     7
176
     1
 40
1.0
176
     1
 90
        1
176
     1
 90
        6
176
     1
 90
        2
176
     1
 62
     7
176
     1
 90
        3
176
     1
 90
        0
176
     1
 90
        0
176
     1
290
     0
176
     1
 90
        1
176
     1
 40
0.0
176
     1
 90
        0
176
     1
290
     0
176
     1
290
     1
176
     1
290
     1
176
     1
290
     0
176
     1
290
     0
176
     1
290
     0
176
     1
290
     0
176
     1
290
     0
176
     1
290
     0
176
     1
 90
       50
176
     1
 40
0.0
176
     1
 40
1.0
176
     1
 90
        0
176
     1
 62
    18
420
        0
176
     1
 90
       50
176
     1
 90
        3
176
     1
 62
     5
420
      255
176
     1
290
     0
176
     1
 90
       50
176
     1
 90
       50
176
     1
 90
       50
176
     1
290
     0
176
     1
 90
       50
176
     1
 62
   256
176
     0
 40
1.0
176
     0
 90
        0
176
     1
  1
strokes_ogs.tif
176
     1
290
     0
176
     1
 40
1.0
176
     1
 40
1.0
176
     1
  0
VISUALSTYLE
  5
191
102
{ACAD_REACTORS
330
17F
102
}
330
17F
100
AcDbVisualStyle
  2
Sketchy
 70
    24
177
     3
291
     0
 70
    58
 90
        1
176
     1
 90
        2
176
     1
 90
        2
176
     1
 90
        0
176
     1
 40
0.6
176
     1
 40
30.0
176
     1
 62
     7
420
 16777215
176
     1
 90
        2
176
     1
 90
        2
176
     1
 62
     7
176
     1
 62
     7
176
     1
 90
        1
176
     1
 90
        1
176
     1
 40
40.0
176
     1
 90
       11
176
     1
 62
     7
176
     1
 40
1.0
176
     1
 90
        1
176
     1
 90
        6
176
     1
 90
        2
176
     1
 62
     7
176
     1
 90
        6
176
     1
 90
        0
176
     1
 90
        0
176
     1
290
     0
176
     1
 90
        1
176
     1
 40
0.0
176
     1
 90
        0
176
     1
290
     0
176
     1
290
     1
176
     1
290
     1
176
     1
290
     0
176
     1
290
     0
176
     1
290
     0
176
     1
290
     0
176
     1
290
     0
176
     1
290
     0
176
     1
 90
       50
176
     1
 40
0.0
176
     1
 40
1.0
176
     1
 90
        0
176
     1
 62
    18
420
        0
176
     1
 90
       50
176
     1
 90
        3
176
     1
 62
     5
420
      255
176
     1
290
     0
176
     1
 90
       50
176
     1
 90
       50
176
     1
 90
       50
176
     1
290
     0
176
     1
 90
       50
176
     1
 62
   256
176
     0
 40
1.0
176
     0
 90
        0
176
     1
  1
strokes_ogs.tif
176
     1
290
     0
176
     1
 40
1.0
176
     1
 40
1.0
176
     1
  0
VISUALSTYLE
  5
18C
102
{ACAD_REACTORS
330
17F
102
}
330
17F
100
AcDbVisualStyle
  2
Thicken
 70
    13
177
     3
291
     1
 70
    58
 90
        2
176
     1
 90
        2
176
     1
 90
        0
176
     1
 90
        0
176
     1
 40
0.6
176
     1
 40
30.0
176
     1
 62
     7
420
 16777215
176
     1
 90
        1
176
     1
 90
        4
176
     1
 62
     7
176
     1
 62
   257
176
     1
 90
        1
176
     1
 90
        1
176
     1
 40
1.0
176
     1
 90
       12
176
     1
 62
     7
176
     1
 40
1.0
176
     1
 90
        1
176
     1
 90
        6
176
     1
 90
        2
176
     1
 62
     7
176
     1
 90
        5
176
     1
 90
        0
176
     1
 90
        0
176
     1
290
     0
176
     1
 90
        1
176
     1
 40
0.0
176
     1
 90
        0
176
     1
290
     0
176
     1
290
     1
176
     1
290
     1
176
     1
290
     0
176
     1
290
     0
176
     1
290
     0
176
     1
290
     0
176
     1
290
     0
176
     1
290
     0
176
     1
 90
       50
176
     1
 40
0.0
176
     1
 40
1.0
176
     1
 90
        0
176
     1
 62
    18
420
        0
176
     1
 90
       50
176
     1
 90
        3
176
     1
 62
     5
420
      255
176
     1
290
     0
176
     1
 90
       50
176
     1
 90
       50
176
     1
 90
       50
176
     1
290
     0
176
     1
 90
       50
176
     1
 62
   256
176
     0
 40
1.0
176
     0
 90
        0
176
     1
  1
strokes_ogs.tif
176
     1
290
     0
176
     1
 40
1.0
176
     1
 40
1.0
176
     1
  0
VISUALSTYLE
  5
186
102
{ACAD_REACTORS
330
17F
102
}
330
17F
100
AcDbVisualStyle
  2
Wireframe
 70
     5
177
     3
291
     0
 70
    58
 90
        0
176
     1
 90
        2
176
     1
 90
        0
176
     1
 90
        0
176
     1
 40
0.6
176
     1
 40
30.0
176
     1
 62
     7
420
 16777215
176
     1
 90
        1
176
     1
 90
        4
176
     1
 62
     7
176
     1
 62
   257
176
     1
 90
        1
176
     1
 90
        1
176
     1
 40
1.0
176
     1
 90
        0
176
     1
 62
   257
176
     1
 40
1.0
176
     1
 90
        1
176
     1
 90
        6
176
     1
 90
        2
176
     1
 62
     7
176
     1
 90
        3
176
     1
 90
        0
176
     1
 90
        0
176
     1
290
     0
176
     1
 90
        1
176
     1
 40
0.0
176
     1
 90
        0
176
     1
290
     0
176
     1
290
     1
176
     1
290
     1
176
     1
290
     0
176
     1
290
     0
176
     1
290
     0
176
     1
290
     0
176
     1
290
     0
176
     1
290
     0
176
     1
 90
       50
176
     1
 40
0.0
176
     1
 40
1.0
176
     1
 90
        0
176
     1
 62
    18
420
        0
176
     1
 90
       50
176
     1
 90
        3
176
     1
 62
     5
420
      255
176
     1
290
     0
176
     1
 90
       50
176
     1
 90
       50
176
     1
 90
       50
176
     1
290
     0
176
     1
 90
       50
176
     1
 62
   256
176
     0
 40
1.0
176
     0
 90
        0
176
     1
  1
strokes_ogs.tif
176
     1
290
     0
176
     1
 40
1.0
176
     1
 40
1.0
176
     1
  0
VISUALSTYLE
  5
192
102
{ACAD_REACTORS
330
17F
102
}
330
17F
100
AcDbVisualStyle
  2
X-Ray
 70
    25
177
     3
291
     0
 70
    58
 90
        2
176
     1
 90
        2
176
     1
 90
        1
176
     1
 90
        1
176
     1
 40
0.5
176
     1
 40
30.0
176
     1
 62
     7
420
 16777215
176
     1
 90
        1
176
     1
 90
        0
176
     1
 62
     7
176
     1
 62
   257
176
     1
 90
        1
176
     1
 90
        1
176
     1
 40
1.0
176
     1
 90
        8
176
     1
 62
     7
176
     1
 40
1.0
176
     1
 90
        1
176
     1
 90
        6
176
     1
 90
        2
176
     1
 62
     7
176
     1
 90
        3
176
     1
 90
        0
176
     1
 90
        0
176
     1
290
     0
176
     1
 90
       13
176
     1
 40
0.0
176
     1
 90
        0
176
     1
290
     0
176
     1
290
     1
176
     1
290
     1
176
     1
290
     0
176
     1
290
     0
176
     1
290
     0
176
     1
290
     0
176
     1
290
     0
176
     1
290
     0
176
     1
 90
       50
176
     1
 40
0.0
176
     1
 40
1.0
176
     1
 90
        0
176
     1
 62
    18
420
        0
176
     1
 90
       50
176
     1
 90
        3
176
     1
 62
     5
420
      255
176
     1
290
     0
176
     1
 90
       50
176
     1
 90
       50
176
     1
 90
       50
176
     1
290
     0
176
     1
 90
       50
176
     1
 62
   256
176
     0
 40
1.0
176
     0
 90
        0
176
     1
  1
strokes_ogs.tif
176
     1
290
     0
176
     1
 40
1.0
176
     1
 40
1.0
176
     1
  0
DICTIONARYVAR
  5
F58
102
{ACAD_REACTORS
330
F57
102
}
330
F57
100
DictionaryVariables
280
     0
  1
0.300000
  0
DICTIONARYVAR
  5
F59
102
{ACAD_REACTORS
330
F57
102
}
330
F57
100
DictionaryVariables
280
     0
  1
1
  0
DICTIONARYVAR
  5
F5A
102
{ACAD_REACTORS
330
F57
102
}
330
F57
100
DictionaryVariables
280
     0
  1
1:1
  0
DICTIONARYVAR
  5
F5B
102
{ACAD_REACTORS
330
F57
102
}
330
F57
100
DictionaryVariables
280
     0
  1
0.120000
  0
DICTIONARYVAR
  5
F5C
102
{ACAD_REACTORS
330
F57
102
}
330
F57
100
DictionaryVariables
280
     0
  1
zwcad.lin
  0
DICTIONARYVAR
  5
F5D
102
{ACAD_REACTORS
330
F57
102
}
330
F57
100
DictionaryVariables
280
     0
  1
0
  0
DICTIONARYVAR
  5
F5E
102
{ACAD_REACTORS
330
F57
102
}
330
F57
100
DictionaryVariables
280
     0
  1
STANDARD
  0
DICTIONARYVAR
  5
F5F
102
{ACAD_REACTORS
330
F57
102
}
330
F57
100
DictionaryVariables
280
     0
  1
STANDARD
  0
DICTIONARYVAR
  5
F60
102
{ACAD_REACTORS
330
F57
102
}
330
F57
100
DictionaryVariables
280
     0
  1
Metric50
  0
DICTIONARYVAR
  5
F61
102
{ACAD_REACTORS
330
F57
102
}
330
F57
100
DictionaryVariables
280
     0
  1
1
  0
DICTIONARYVAR
  5
F62
102
{ACAD_REACTORS
330
F57
102
}
330
F57
100
DictionaryVariables
280
     0
  1
0
  0
DICTIONARYVAR
  5
F63
102
{ACAD_REACTORS
330
F57
102
}
330
F57
100
DictionaryVariables
280
     0
  1
2
  0
DICTIONARYVAR
  5
F64
102
{ACAD_REACTORS
330
F57
102
}
330
F57
100
DictionaryVariables
280
     0
  1
969_Cotas
  0
DICTIONARYVAR
  5
F65
102
{ACAD_REACTORS
330
F57
102
}
330
F57
100
DictionaryVariables
280
     0
  1
1
  0
DICTIONARYVAR
  5
F66
102
{ACAD_REACTORS
330
F57
102
}
330
F57
100
DictionaryVariables
280
     0
  1
1
  0
DICTIONARYVAR
  5
F67
102
{ACAD_REACTORS
330
F57
102
}
330
F57
100
DictionaryVariables
280
     0
  1
1
  0
DICTIONARYVAR
  5
F68
102
{ACAD_REACTORS
330
F57
102
}
330
F57
100
DictionaryVariables
280
     0
  1
RGB:135,135,135
  0
DICTIONARYVAR
  5
F69
102
{ACAD_REACTORS
330
F57
102
}
330
F57
100
DictionaryVariables
280
     0
  1
0
  0
DICTIONARYVAR
  5
F6A
102
{ACAD_REACTORS
330
F57
102
}
330
F57
100
DictionaryVariables
280
     0
  1
0.000000;0.000000
  0
DICTIONARYVAR
  5
F6B
102
{ACAD_REACTORS
330
F57
102
}
330
F57
100
DictionaryVariables
280
     0
  1
.
  0
DICTIONARYVAR
  5
F6C
102
{ACAD_REACTORS
330
F57
102
}
330
F57
100
DictionaryVariables
280
     0
  1
0
  0
DICTIONARYVAR
  5
F6D
102
{ACAD_REACTORS
330
F57
102
}
330
F57
100
DictionaryVariables
280
     0
  1
0
  0
DICTIONARYVAR
  5
F6E
102
{ACAD_REACTORS
330
F57
102
}
330
F57
100
DictionaryVariables
280
     0
  1
0
  0
DICTIONARYVAR
  5
F6F
102
{ACAD_REACTORS
330
F57
102
}
330
F57
100
DictionaryVariables
280
     0
  1
2
  0
DICTIONARYVAR
  5
F70
102
{ACAD_REACTORS
330
F57
102
}
330
F57
100
DictionaryVariables
280
     0
  1
1.000000
  0
DICTIONARYVAR
  5
F71
102
{ACAD_REACTORS
330
F57
102
}
330
F57
100
DictionaryVariables
280
     0
  1
1
  0
DICTIONARYVAR
  5
F72
102
{ACAD_REACTORS
330
F57
102
}
330
F57
100
DictionaryVariables
280
     0
  1
2
  0
DICTIONARYVAR
  5
F73
102
{ACAD_REACTORS
330
F57
102
}
330
F57
100
DictionaryVariables
280
     0
  1
1
  0
DICTIONARYVAR
  5
F74
102
{ACAD_REACTORS
330
F57
102
}
330
F57
100
DictionaryVariables
280
     0
  1
0.050000
  0
DICTIONARYVAR
  5
F75
102
{ACAD_REACTORS
330
F57
102
}
330
F57
100
DictionaryVariables
280
     0
  1
0
  0
DICTIONARYVAR
  5
F76
102
{ACAD_REACTORS
330
F57
102
}
330
F57
100
DictionaryVariables
280
     0
  1
127
  0
DICTIONARY
  5
23A
330
93
100
AcDbDictionary
280
     1
281
     1
  3
ACAD_ROUNDTRIP_2008_TABLESTYLE_CELLSTYLEMAP
360
146A
  0
CELLSTYLEMAP
  5
146A
102
{ACAD_REACTORS
330
23A
102
}
330
23A
100
AcDbCellStyleMap
 90
        3
300
CELLSTYLE
  1
TABLEFORMAT_BEGIN
 90
        5
170
     1
 91
        0
 92
    32768
 62
   257
 93
        1
300
CONTENTFORMAT
  1
CONTENTFORMAT_BEGIN
 90
        0
 91
        0
 92
      512
 93
        0
300

 40
0.0
140
1.0
 94
        5
 62
     0
340
11
144
6.0
309
CONTENTFORMAT_END
171
     1
301
MARGIN
  1
CELLMARGIN_BEGIN
 40
1.5
 40
1.5
 40
0.06
 40
0.06
 40
0.18
 40
0.18
309
CELLMARGIN_END
 94
        6
 95
        1
302
GRIDFORMAT
  1
GRIDFORMAT_BEGIN
 90
        0
 91
        1
 62
     0
 92
       -2
340
0
 93
        0
 40
0.045
309
GRIDFORMAT_END
 95
        2
302
GRIDFORMAT
  1
GRIDFORMAT_BEGIN
 90
        0
 91
        1
 62
     0
 92
       -2
340
0
 93
        0
 40
0.045
309
GRIDFORMAT_END
 95
        4
302
GRIDFORMAT
  1
GRIDFORMAT_BEGIN
 90
        0
 91
        1
 62
     0
 92
       -2
340
0
 93
        0
 40
0.045
309
GRIDFORMAT_END
 95
        8
302
GRIDFORMAT
  1
GRIDFORMAT_BEGIN
 90
        0
 91
        1
 62
     0
 92
       -2
340
0
 93
        0
 40
0.045
309
GRIDFORMAT_END
 95
       16
302
GRIDFORMAT
  1
GRIDFORMAT_BEGIN
 90
        0
 91
        1
 62
     0
 92
       -2
340
0
 93
        0
 40
0.045
309
GRIDFORMAT_END
 95
       32
302
GRIDFORMAT
  1
GRIDFORMAT_BEGIN
 90
        0
 91
        1
 62
     0
 92
       -2
340
0
 93
        0
 40
0.045
309
GRIDFORMAT_END
309
TABLEFORMAT_END
  1
CELLSTYLE_BEGIN
 90
        1
 91
        1
300
_TITLE
309
CELLSTYLE_END
300
CELLSTYLE
  1
TABLEFORMAT_BEGIN
 90
        5
170
     1
 91
        0
 92
        0
 62
   257
 93
        1
300
CONTENTFORMAT
  1
CONTENTFORMAT_BEGIN
 90
        0
 91
        0
 92
      512
 93
        0
300

 40
0.0
140
1.0
 94
        5
 62
     0
340
11
144
4.5
309
CONTENTFORMAT_END
171
     1
301
MARGIN
  1
CELLMARGIN_BEGIN
 40
1.5
 40
1.5
 40
0.06
 40
0.06
 40
0.18
 40
0.18
309
CELLMARGIN_END
 94
        6
 95
        1
302
GRIDFORMAT
  1
GRIDFORMAT_BEGIN
 90
        0
 91
        1
 62
     0
 92
       -2
340
0
 93
        0
 40
0.045
309
GRIDFORMAT_END
 95
        2
302
GRIDFORMAT
  1
GRIDFORMAT_BEGIN
 90
        0
 91
        1
 62
     0
 92
       -2
340
0
 93
        0
 40
0.045
309
GRIDFORMAT_END
 95
        4
302
GRIDFORMAT
  1
GRIDFORMAT_BEGIN
 90
        0
 91
        1
 62
     0
 92
       -2
340
0
 93
        0
 40
0.045
309
GRIDFORMAT_END
 95
        8
302
GRIDFORMAT
  1
GRIDFORMAT_BEGIN
 90
        0
 91
        1
 62
     0
 92
       -2
340
0
 93
        0
 40
0.045
309
GRIDFORMAT_END
 95
       16
302
GRIDFORMAT
  1
GRIDFORMAT_BEGIN
 90
        0
 91
        1
 62
     0
 92
       -2
340
0
 93
        0
 40
0.045
309
GRIDFORMAT_END
 95
       32
302
GRIDFORMAT
  1
GRIDFORMAT_BEGIN
 90
        0
 91
        1
 62
     0
 92
       -2
340
0
 93
        0
 40
0.045
309
GRIDFORMAT_END
309
TABLEFORMAT_END
  1
CELLSTYLE_BEGIN
 90
        2
 91
        1
300
_HEADER
309
CELLSTYLE_END
300
CELLSTYLE
  1
TABLEFORMAT_BEGIN
 90
        5
170
     1
 91
        0
 92
        0
 62
   257
 93
        1
300
CONTENTFORMAT
  1
CONTENTFORMAT_BEGIN
 90
        0
 91
        0
 92
      512
 93
        0
300

 40
0.0
140
1.0
 94
        2
 62
     0
340
11
144
4.5
309
CONTENTFORMAT_END
171
     1
301
MARGIN
  1
CELLMARGIN_BEGIN
 40
1.5
 40
1.5
 40
0.06
 40
0.06
 40
0.18
 40
0.18
309
CELLMARGIN_END
 94
        6
 95
        1
302
GRIDFORMAT
  1
GRIDFORMAT_BEGIN
 90
        0
 91
        1
 62
     0
 92
       -2
340
0
 93
        0
 40
0.045
309
GRIDFORMAT_END
 95
        2
302
GRIDFORMAT
  1
GRIDFORMAT_BEGIN
 90
        0
 91
        1
 62
     0
 92
       -2
340
0
 93
        0
 40
0.045
309
GRIDFORMAT_END
 95
        4
302
GRIDFORMAT
  1
GRIDFORMAT_BEGIN
 90
        0
 91
        1
 62
     0
 92
       -2
340
0
 93
        0
 40
0.045
309
GRIDFORMAT_END
 95
        8
302
GRIDFORMAT
  1
GRIDFORMAT_BEGIN
 90
        0
 91
        1
 62
     0
 92
       -2
340
0
 93
        0
 40
0.045
309
GRIDFORMAT_END
 95
       16
302
GRIDFORMAT
  1
GRIDFORMAT_BEGIN
 90
        0
 91
        1
 62
     0
 92
       -2
340
0
 93
        0
 40
0.045
309
GRIDFORMAT_END
 95
       32
302
GRIDFORMAT
  1
GRIDFORMAT_BEGIN
 90
        0
 91
        1
 62
     0
 92
       -2
340
0
 93
        0
 40
0.045
309
GRIDFORMAT_END
309
TABLEFORMAT_END
  1
CELLSTYLE_BEGIN
 90
        3
 91
        2
300
_DATA
309
CELLSTYLE_END
  0
ENDSEC
  0
SECTION
  2
ACDSDATA
 70
     2
 71
     2
  0
ACDSSCHEMA
 90
        0
  1
AcDb_Thumbnail_Schema
  2
AcDbDs::ID
280
    10
 91
        0
  2
Thumbnail_Data
280
    15
 91
        0
101
ACDSRECORD
 95
        0
 90
        2
  2
AcDbDs::TreatedAsObjectData
280
     1
291
     1
101
ACDSRECORD
 95
        0
 90
        3
  2
AcDbDs::Legacy
280
     1
291
     1
101
ACDSRECORD
  1
AcDbDs::ID
 90
        4
  2
AcDs:Indexable
280
     1
291
     1
101
ACDSRECORD
  1
AcDbDs::ID
 90
        5
  2
AcDbDs::HandleAttribute
280
     7
282
     1
  0
ACDSSCHEMA
 90
        1
  1
AcDb3DSolid_ASM_Data
  2
AcDbDs::ID
280
    10
 91
        0
  2
ASM_Data
280
    15
 91
        0
101
ACDSRECORD
 95
        1
 90
        2
  2
AcDbDs::TreatedAsObjectData
280
     1
291
     1
101
ACDSRECORD
 95
        1
 90
        3
  2
AcDbDs::Legacy
280
     1
291
     1
101
ACDSRECORD
  1
AcDbDs::ID
 90
        4
  2
AcDs:Indexable
280
     1
291
     1
101
ACDSRECORD
  1
AcDbDs::ID
 90
        5
  2
AcDbDs::HandleAttribute
280
     7
282
     1
  0
ACDSSCHEMA
 90
        2
  1
AcDbDs::TreatedAsObjectDataSchema
  2
AcDbDs::TreatedAsObjectData
280
     1
 91
        0
  0
ACDSSCHEMA
 90
        3
  1
AcDbDs::LegacySchema
  2
AcDbDs::Legacy
280
     1
 91
        0
  0
ACDSSCHEMA
 90
        4
  1
AcDbDs::IndexedPropertySchema
  2
AcDs:Indexable
280
     1
 91
        0
  0
ACDSSCHEMA
 90
        5
  1
AcDbDs::HandleAttributeSchema
  2
AcDbDs::HandleAttribute
280
     7
 91
        8
  0
ENDSEC
  0
EOF
