  0
SECTION
  2
HEADER
  9
$ACADVER
  1
AC1032
  9
$ACADMAINTVER
 90
        4
  9
$DWGCODEPAGE
  3
ANSI_1252
  9
$LASTSAVEDBY
  1
javie
  9
$REQUIREDVERSIONS
160
                 0
  9
$INSBASE
 10
0.0
 20
0.0
 30
0.0
  9
$EXTMIN
 10
0.7252580605986623
 20
0.3496991668808178
 30
0.0
  9
$EXTMAX
 10
30.14396755326077
 20
24.54104427024422
 30
0.0
  9
$LIMMIN
 10
0.0
 20
0.0
  9
$LIMMAX
 10
420.0
 20
297.0
  9
$ORTHOMODE
 70
     1
  9
$REGENMODE
 70
     1
  9
$FILLMODE
 70
     1
  9
$QTEXTMODE
 70
     0
  9
$MIRRTEXT
 70
     1
  9
$LTSCALE
 40
1.0
  9
$ATTMODE
 70
     1
  9
$TEXTSIZE
 40
2.5
  9
$TRACEWID
 40
1.0
  9
$TEXTSTYLE
  7
Standard
  9
$CLAYER
  8
0
  9
$CELTYPE
  6
ByLayer
  9
$CECOLOR
 62
   256
  9
$CELTSCALE
 40
1.0
  9
$DISPSILH
 70
     0
  9
$DIMSCALE
 40
1.0
  9
$DIMASZ
 40
2.5
  9
$DIMEXO
 40
0.625
  9
$DIMDLI
 40
3.75
  9
$DIMRND
 40
0.0
  9
$DIMDLE
 40
0.0
  9
$DIMEXE
 40
1.25
  9
$DIMTP
 40
0.0
  9
$DIMTM
 40
0.0
  9
$DIMTXT
 40
2.5
  9
$DIMCEN
 40
2.5
  9
$DIMTSZ
 40
0.0
  9
$DIMTOL
 70
     0
  9
$DIMLIM
 70
     0
  9
$DIMTIH
 70
     0
  9
$DIMTOH
 70
     0
  9
$DIMSE1
 70
     0
  9
$DIMSE2
 70
     0
  9
$DIMTAD
 70
     1
  9
$DIMZIN
 70
     8
  9
$DIMBLK
  1

  9
$DIMASO
 70
     1
  9
$DIMSHO
 70
     1
  9
$DIMPOST
  1

  9
$DIMAPOST
  1

  9
$DIMALT
 70
     0
  9
$DIMALTD
 70
     3
  9
$DIMALTF
 40
0.03937007874016
  9
$DIMLFAC
 40
1.0
  9
$DIMTOFL
 70
     1
  9
$DIMTVP
 40
0.0
  9
$DIMTIX
 70
     0
  9
$DIMSOXD
 70
     0
  9
$DIMSAH
 70
     0
  9
$DIMBLK1
  1

  9
$DIMBLK2
  1

  9
$DIMSTYLE
  2
ISO-25
  9
$DIMCLRD
 70
     0
  9
$DIMCLRE
 70
     0
  9
$DIMCLRT
 70
     0
  9
$DIMTFAC
 40
1.0
  9
$DIMGAP
 40
0.625
  9
$DIMJUST
 70
     0
  9
$DIMSD1
 70
     0
  9
$DIMSD2
 70
     0
  9
$DIMTOLJ
 70
     0
  9
$DIMTZIN
 70
     8
  9
$DIMALTZ
 70
     0
  9
$DIMALTTZ
 70
     0
  9
$DIMUPT
 70
     0
  9
$DIMDEC
 70
     2
  9
$DIMTDEC
 70
     2
  9
$DIMALTU
 70
     2
  9
$DIMALTTD
 70
     3
  9
$DIMTXSTY
  7
Standard
  9
$DIMAUNIT
 70
     0
  9
$DIMADEC
 70
     0
  9
$DIMALTRND
 40
0.0
  9
$DIMAZIN
 70
     0
  9
$DIMDSEP
 70
    44
  9
$DIMATFIT
 70
     3
  9
$DIMFRAC
 70
     0
  9
$DIMLDRBLK
  1

  9
$DIMLUNIT
 70
     2
  9
$DIMLWD
 70
    -2
  9
$DIMLWE
 70
    -2
  9
$DIMTMOVE
 70
     0
  9
$DIMFXL
 40
1.0
  9
$DIMFXLON
 70
     0
  9
$DIMJOGANG
 40
0.7853981633974483
  9
$DIMTFILL
 70
     0
  9
$DIMTFILLCLR
 70
     0
  9
$DIMARCSYM
 70
     0
  9
$DIMLTYPE
  6

  9
$DIMLTEX1
  6

  9
$DIMLTEX2
  6

  9
$DIMTXTDIRECTION
 70
     0
  9
$LUNITS
 70
     2
  9
$LUPREC
 70
     4
  9
$SKETCHINC
 40
1.0
  9
$FILLETRAD
 40
0.0
  9
$AUNITS
 70
     0
  9
$AUPREC
 70
     0
  9
$MENU
  1
.
  9
$ELEVATION
 40
0.0
  9
$PELEVATION
 40
0.0
  9
$THICKNESS
 40
0.0
  9
$LIMCHECK
 70
     0
  9
$CHAMFERA
 40
0.0
  9
$CHAMFERB
 40
0.0
  9
$CHAMFERC
 40
0.0
  9
$CHAMFERD
 40
0.0
  9
$SKPOLY
 70
     0
  9
$TDCREATE
 40
2461301.524004607
  9
$TDUCREATE
 40
2461301.440671273
  9
$TDUPDATE
 40
2461301.872238912
  9
$TDUUPDATE
 40
2461301.788905579
  9
$TDINDWG
 40
0.000901759
  9
$TDUSRTIMER
 40
0.000901493
  9
$USRTIMER
 70
     1
  9
$ANGBASE
 50
0.0
  9
$ANGDIR
 70
     0
  9
$PDMODE
 70
     0
  9
$PDSIZE
 40
0.0
  9
$PLINEWID
 40
0.0
  9
$SPLFRAME
 70
     0
  9
$SPLINETYPE
 70
     6
  9
$SPLINESEGS
 70
     8
  9
$HANDSEED
  5
579
  9
$SURFTAB1
 70
     6
  9
$SURFTAB2
 70
     6
  9
$SURFTYPE
 70
     6
  9
$SURFU
 70
     6
  9
$SURFV
 70
     6
  9
$UCSBASE
  2

  9
$UCSNAME
  2

  9
$UCSORG
 10
0.0
 20
0.0
 30
0.0
  9
$UCSXDIR
 10
1.0
 20
0.0
 30
0.0
  9
$UCSYDIR
 10
0.0
 20
1.0
 30
0.0
  9
$UCSORTHOREF
  2

  9
$UCSORTHOVIEW
 70
     0
  9
$UCSORGTOP
 10
0.0
 20
0.0
 30
0.0
  9
$UCSORGBOTTOM
 10
0.0
 20
0.0
 30
0.0
  9
$UCSORGLEFT
 10
0.0
 20
0.0
 30
0.0
  9
$UCSORGRIGHT
 10
0.0
 20
0.0
 30
0.0
  9
$UCSORGFRONT
 10
0.0
 20
0.0
 30
0.0
  9
$UCSORGBACK
 10
0.0
 20
0.0
 30
0.0
  9
$PUCSBASE
  2

  9
$PUCSNAME
  2

  9
$PUCSORG
 10
0.0
 20
0.0
 30
0.0
  9
$PUCSXDIR
 10
1.0
 20
0.0
 30
0.0
  9
$PUCSYDIR
 10
0.0
 20
1.0
 30
0.0
  9
$PUCSORTHOREF
  2

  9
$PUCSORTHOVIEW
 70
     0
  9
$PUCSORGTOP
 10
0.0
 20
0.0
 30
0.0
  9
$PUCSORGBOTTOM
 10
0.0
 20
0.0
 30
0.0
  9
$PUCSORGLEFT
 10
0.0
 20
0.0
 30
0.0
  9
$PUCSORGRIGHT
 10
0.0
 20
0.0
 30
0.0
  9
$PUCSORGFRONT
 10
0.0
 20
0.0
 30
0.0
  9
$PUCSORGBACK
 10
0.0
 20
0.0
 30
0.0
  9
$USERI1
 70
     0
  9
$USERI2
 70
     0
  9
$USERI3
 70
     0
  9
$USERI4
 70
     0
  9
$USERI5
 70
     0
  9
$USERR1
 40
0.0
  9
$USERR2
 40
0.0
  9
$USERR3
 40
0.0
  9
$USERR4
 40
0.0
  9
$USERR5
 40
0.0
  9
$WORLDVIEW
 70
     1
  9
$SHADEDGE
 70
     3
  9
$SHADEDIF
 70
    70
  9
$TILEMODE
 70
     1
  9
$MAXACTVP
 70
    64
  9
$PINSBASE
 10
0.0
 20
0.0
 30
0.0
  9
$PLIMCHECK
 70
     0
  9
$PEXTMIN
 10
25.69999999999999
 20
19.5
 30
0.0
  9
$PEXTMAX
 10
231.3
 20
175.5
 30
0.0
  9
$PLIMMIN
 10
-20.0
 20
-7.5
  9
$PLIMMAX
 10
277.0
 20
202.5
  9
$UNITMODE
 70
     0
  9
$VISRETAIN
 70
     1
  9
$PLINEGEN
 70
     0
  9
$PSLTSCALE
 70
     1
  9
$TREEDEPTH
 70
  3020
  9
$CMLSTYLE
  2
Standard
  9
$CMLJUST
 70
     0
  9
$CMLSCALE
 40
20.0
  9
$PROXYGRAPHICS
 70
     1
  9
$MEASUREMENT
 70
     1
  9
$CELWEIGHT
370
    -1
  9
$ENDCAPS
280
     0
  9
$JOINSTYLE
280
     0
  9
$LWDISPLAY
290
     0
  9
$INSUNITS
 70
     4
  9
$HYPERLINKBASE
  1

  9
$STYLESHEET
  1

  9
$XEDIT
290
     1
  9
$CEPSNTYPE
380
     0
  9
$PSTYLEMODE
290
     1
  9
$FINGERPRINTGUID
  2
{A4CAB1FC-42A2-4D6F-B95F-085582C7A8C3}
  9
$VERSIONGUID
  2
{36C78A16-883F-4C7E-B359-DA080A775EF3}
  9
$EXTNAMES
290
     1
  9
$PSVPSCALE
 40
0.0
  9
$OLESTARTUP
290
     0
  9
$SORTENTS
280
   127
  9
$INDEXCTL
280
     0
  9
$HIDETEXT
280
     1
  9
$XCLIPFRAME
280
     2
  9
$HALOGAP
280
     0
  9
$OBSCOLOR
 70
   257
  9
$OBSLTYPE
280
     0
  9
$INTERSECTIONDISPLAY
280
     0
  9
$INTERSECTIONCOLOR
 70
   257
  9
$DIMASSOC
280
     2
  9
$PROJECTNAME
  1

  9
$CAMERADISPLAY
290
     0
  9
$LENSLENGTH
 40
50.0
  9
$CAMERAHEIGHT
 40
0.0
  9
$STEPSPERSEC
 40
2.0
  9
$STEPSIZE
 40
6.0
  9
$3DDWFPREC
 40
2.0
  9
$PSOLWIDTH
 40
0.25
  9
$PSOLHEIGHT
 40
4.0
  9
$LOFTANG1
 40
1.570796326794896
  9
$LOFTANG2
 40
1.570796326794896
  9
$LOFTMAG1
 40
0.0
  9
$LOFTMAG2
 40
0.0
  9
$LOFTPARAM
 70
     7
  9
$LOFTNORMALS
280
     1
  9
$LATITUDE
 40
37.795
  9
$LONGITUDE
 40
-122.394
  9
$NORTHDIRECTION
 40
0.0
  9
$TIMEZONE
 70
 -8000
  9
$LIGHTGLYPHDISPLAY
280
     1
  9
$TILEMODELIGHTSYNCH
280
     1
  9
$CMATERIAL
347
167
  9
$SOLIDHIST
280
     0
  9
$SHOWHIST
280
     1
  9
$DWFFRAME
280
     1
  9
$DGNFRAME
280
     1
  9
$REALWORLDSCALE
290
     1
  9
$INTERFERECOLOR
 62
   256
  9
$CSHADOW
280
     0
  9
$SHADOWPLANELOCATION
 40
0.0
  0
ENDSEC
  0
SECTION
  2
CLASSES
  0
CLASS
  1
ACDBDICTIONARYWDFLT
  2
AcDbDictionaryWithDefault
  3
ObjectDBX Classes
 90
        0
 91
        1
280
     0
281
     0
  0
CLASS
  1
ACDBPLACEHOLDER
  2
AcDbPlaceHolder
  3
ObjectDBX Classes
 90
        0
 91
        0
280
     0
281
     0
  0
CLASS
  1
LAYOUT
  2
AcDbLayout
  3
ObjectDBX Classes
 90
        0
 91
        0
280
     0
281
     0
  0
CLASS
  1
DICTIONARYVAR
  2
AcDbDictionaryVar
  3
ObjectDBX Classes
 90
        0
 91
       31
280
     0
281
     0
  0
CLASS
  1
TABLESTYLE
  2
AcDbTableStyle
  3
ObjectDBX Classes
 90
     4095
 91
        1
280
     0
281
     0
  0
CLASS
  1
WIPEOUTVARIABLES
  2
AcDbWipeoutVariables
  3
"WipeOut|Product Desc:     WipeOut Dbx Application|Company:          Autodesk, Inc.|WEB Address:      www.autodesk.com"
 90
        0
 91
        0
280
     0
281
     0
  0
CLASS
  1
SCALE
  2
AcDbScale
  3
ObjectDBX Classes
 90
     1153
 91
       33
280
     0
281
     0
  0
CLASS
  1
MLEADERSTYLE
  2
AcDbMLeaderStyle
  3
ACDB_MLEADERSTYLE_CLASS
 90
     4095
 91
        2
280
     0
281
     0
  0
CLASS
  1
MATERIAL
  2
AcDbMaterial
  3
ObjectDBX Classes
 90
     1153
 91
        3
280
     0
281
     0
  0
CLASS
  1
VISUALSTYLE
  2
AcDbVisualStyle
  3
ObjectDBX Classes
 90
     4095
 91
       24
280
     0
281
     0
  0
CLASS
  1
ACDBSECTIONVIEWSTYLE
  2
AcDbSectionViewStyle
  3
ObjectDBX Classes
 90
     1025
 91
        1
280
     0
281
     0
  0
CLASS
  1
ACDBDETAILVIEWSTYLE
  2
AcDbDetailViewStyle
  3
ObjectDBX Classes
 90
     1025
 91
        1
280
     0
281
     0
  0
CLASS
  1
CELLSTYLEMAP
  2
AcDbCellStyleMap
  3
ObjectDBX Classes
 90
     1152
 91
        2
280
     0
281
     0
  0
CLASS
  1
TCH_DBCONFIG
  2
TDbConfig
  3
TCH_KERNAL|缺乏中望建筑解释器, 请下载中望建筑相关产品|网址: www.zwsoft.cn
 90
        1
 91
        1
280
     0
281
     0
  0
CLASS
  1
DIMASSOC
  2
AcDbDimAssoc
  3
ZcDbDimAssoc ObjectDBX Classes
 90
        0
 91
        1
280
     0
281
     0
  0
CLASS
  1
SORTENTSTABLE
  2
AcDbSortentsTable
  3
ObjectDBX Classes
 90
        0
 91
        0
280
     0
281
     0
  0
CLASS
  1
ACDBASSOCACTION
  2
AcDbAssocAction
  3
ObjectDBX Classes
 90
     1025
 91
        1
280
     0
281
     0
  0
CLASS
  1
ACDBASSOCARRAYACTIONBODY
  2
AcDbAssocArrayActionBody
  3
ObjectDBX Classes
 90
     1025
 91
        1
280
     0
281
     0
  0
CLASS
  1
ACDBASSOCDEPENDENCY
  2
AcDbAssocDependency
  3
ObjectDBX Classes
 90
     1025
 91
        3
280
     0
281
     0
  0
CLASS
  1
ACDBASSOCVERTEXACTIONPARAM
  2
AcDbAssocVertexActionParam
  3
ObjectDBX Classes
 90
     1025
 91
        3
280
     0
281
     0
  0
CLASS
  1
ACDBASSOCNETWORK
  2
AcDbAssocNetwork
  3
ObjectDBX Classes
 90
     1025
 91
        2
280
     0
281
     0
  0
ENDSEC
  0
SECTION
  2
TABLES
  0
TABLE
  2
VPORT
  5
8
330
0
100
AcDbSymbolTable
 70
     1
  0
VPORT
  5
1CC
330
8
100
AcDbSymbolTableRecord
100
AcDbViewportTableRecord
  2
*Active
 70
     0
 10
0.0
 20
0.0
 11
1.0
 21
1.0
 12
17.10307200367111
 22
11.40558197976806
 13
0.0
 23
0.0
 14
10.0
 24
10.0
 15
10.0
 25
10.0
 16
0.0
 26
0.0
 36
1.0
 17
0.0
 27
0.0
 37
0.0
 40
28.70055520708774
 41
2.654631083202511
 42
50.0
 43
0.0
 44
0.0
 50
0.0
 51
0.0
 71
    16
 72
  1000
 73
     1
 74
     3
 75
     0
 76
     1
 77
     0
 78
     0
281
     0
 65
     1
110
0.0
120
0.0
130
0.0
111
1.0
121
0.0
131
0.0
112
0.0
122
1.0
132
0.0
 79
     0
146
0.0
348
185
 60
     3
 61
     5
292
     1
282
     1
141
0.0
142
0.0
 63
   250
1001
ACAD_NAV_VCDISPLAY
1070
     3
  0
ENDTAB
  0
TABLE
  2
LTYPE
  5
5
330
0
100
AcDbSymbolTable
 70
     2
  0
LTYPE
  5
14
330
5
100
AcDbSymbolTableRecord
100
AcDbLinetypeTableRecord
  2
ByBlock
 70
     0
  3

 72
    65
 73
     0
 40
0.0
  0
LTYPE
  5
15
330
5
100
AcDbSymbolTableRecord
100
AcDbLinetypeTableRecord
  2
ByLayer
 70
     0
  3

 72
    65
 73
     0
 40
0.0
  0
LTYPE
  5
16
330
5
100
AcDbSymbolTableRecord
100
AcDbLinetypeTableRecord
  2
Continuous
 70
     0
  3
Solid line
 72
    65
 73
     0
 40
0.0
  0
LTYPE
  5
2B6
330
5
100
AcDbSymbolTableRecord
100
AcDbLinetypeTableRecord
  2
DASHDOT
 70
     0
  3
__ . __ . __ . __ . __ . __ . __ . __ . __ . __
 72
    65
 73
     4
 40
0.4000000000000057
 49
0.2000000000000028
 74
     0
 49
-0.1000000000000014
 74
     0
 49
0.0
 74
     0
 49
-0.1000000000000014
 74
     0
  0
ENDTAB
  0
TABLE
  2
LAYER
  5
2
102
{ACAD_XDICTIONARY
360
FA
102
}
330
0
100
AcDbSymbolTable
 70
    12
  0
LAYER
  5
10
330
2
100
AcDbSymbolTableRecord
100
AcDbLayerTableRecord
  2
0
 70
     0
 62
     7
  6
Continuous
370
    -3
390
F
347
177
348
0
  0
LAYER
  5
2B7
330
2
100
AcDbSymbolTableRecord
100
AcDbLayerTableRecord
  2
Defpoints
 70
     0
 62
     7
  6
Continuous
290
     0
370
    -3
390
F
347
177
348
0
  0
LAYER
  5
2B8
330
2
100
AcDbSymbolTableRecord
100
AcDbLayerTableRecord
  2
DET-TEXTO TÍTULO
 70
     0
 62
     1
  6
Continuous
370
    -3
390
F
347
177
348
0
1001
AcAecLayerStandard
1000

1000

1001
AcCmTransparency
1071
        0
  0
LAYER
  5
2B9
330
2
100
AcDbSymbolTableRecord
100
AcDbLayerTableRecord
  2
DET-BORDE ESTRUCTURA
 70
     0
 62
     2
  6
Continuous
370
    -3
390
F
347
177
348
0
1001
AcAecLayerStandard
1000

1000

1001
AcCmTransparency
1071
 33554687
  0
LAYER
  5
2BA
330
2
100
AcDbSymbolTableRecord
100
AcDbLayerTableRecord
  2
DET-TEXTO LÍNEA
 70
     0
 62
     8
  6
Continuous
370
    -3
390
F
347
177
348
0
1001
AcAecLayerStandard
1000

1000

1001
AcCmTransparency
1071
        0
  0
LAYER
  5
2BB
330
2
100
AcDbSymbolTableRecord
100
AcDbLayerTableRecord
  2
DET-TEXTO
 70
     0
 62
     2
  6
Continuous
370
    -3
390
F
347
177
348
0
1001
AcAecLayerStandard
1000

1000

1001
AcCmTransparency
1071
 33554687
  0
LAYER
  5
2BC
330
2
100
AcDbSymbolTableRecord
100
AcDbLayerTableRecord
  2
DET-TRAMAS
 70
     0
 62
     8
  6
Continuous
370
    -3
390
F
347
177
348
0
1001
AcAecLayerStandard
1000

1000

1001
AcCmTransparency
1071
 33554687
  0
LAYER
  5
2BD
330
2
100
AcDbSymbolTableRecord
100
AcDbLayerTableRecord
  2
DET-COTAS
 70
     0
 62
     8
  6
Continuous
370
    -3
390
F
347
177
348
0
1001
AcAecLayerStandard
1000

1000

1001
AcCmTransparency
1071
        0
  0
LAYER
  5
2BE
330
2
100
AcDbSymbolTableRecord
100
AcDbLayerTableRecord
  2
FINO
 70
     0
 62
     8
  6
Continuous
370
    -3
390
F
347
177
348
0
  0
LAYER
  5
2C0
330
2
100
AcDbSymbolTableRecord
100
AcDbLayerTableRecord
  2
EST-TEXTO LEYENDA
 70
     0
 62
     2
  6
Continuous
370
    -3
390
F
347
177
348
0
1001
AcAecLayerStandard
1000

1000

1001
AcCmTransparency
1071
 33554687
  0
LAYER
  5
2C1
330
2
100
AcDbSymbolTableRecord
100
AcDbLayerTableRecord
  2
texto
 70
     0
 62
     2
  6
Continuous
370
    -3
390
F
347
177
348
0
1001
AcAecLayerStandard
1000

1000

1001
AcCmTransparency
1071
        0
  0
ENDTAB
  0
TABLE
  2
STYLE
  5
3
330
0
100
AcDbSymbolTable
 70
     6
  0
STYLE
  5
11
330
3
100
AcDbSymbolTableRecord
100
AcDbTextStyleTableRecord
  2
Standard
 70
     0
 40
0.0
 41
1.0
 50
0.0
 71
     0
 42
2.5
  3
arial.ttf
  4

1001
ACAD
1000
Arial
1071
       34
  0
STYLE
  5
2C3
330
3
100
AcDbSymbolTableRecord
100
AcDbTextStyleTableRecord
  2
Formato
 70
     0
 40
0.0
 41
1.0
 50
0.0
 71
     0
 42
0.1
  3
GOTHIC.TTF
  4

1001
ACAD
1000
Century Gothic
1071
       34
  0
STYLE
  5
2C4
330
3
100
AcDbSymbolTableRecord
100
AcDbTextStyleTableRecord
  2
CENTURY
 70
     0
 40
0.0
 41
1.0
 50
0.0
 71
     0
 42
0.5
  3
GOTHIC.TTF
  4

1001
ACAD
1000
Century Gothic
1071
       34
  0
STYLE
  5
2C5
330
3
100
AcDbSymbolTableRecord
100
AcDbTextStyleTableRecord
  2
Estructura
 70
     0
 40
0.2
 41
1.0
 50
0.0
 71
     0
 42
0.18
  3
GOTHIC.TTF
  4

1001
ACAD
1000
Century Gothic
1071
       34
  0
ENDTAB
  0
TABLE
  2
VIEW
  5
6
330
0
100
AcDbSymbolTable
 70
     0
  0
ENDTAB
  0
TABLE
  2
UCS
  5
7
330
0
100
AcDbSymbolTable
 70
     0
  0
ENDTAB
  0
TABLE
  2
APPID
  5
9
330
0
100
AcDbSymbolTable
 70
    14
  0
APPID
  5
12
330
9
100
AcDbSymbolTableRecord
100
AcDbRegAppTableRecord
  2
ACAD
 70
     0
  0
APPID
  5
F4
330
9
100
AcDbSymbolTableRecord
100
AcDbRegAppTableRecord
  2
ACAD_PSEXT
 70
     0
  0
APPID
  5
1A9
330
9
100
AcDbSymbolTableRecord
100
AcDbRegAppTableRecord
  2
ACAD_NAV_VCDISPLAY
 70
     0
  0
APPID
  5
230
330
9
100
AcDbSymbolTableRecord
100
AcDbRegAppTableRecord
  2
AcadAnnoPO
 70
     0
  0
APPID
  5
231
330
9
100
AcDbSymbolTableRecord
100
AcDbRegAppTableRecord
  2
AcadAnnotative
 70
     0
  0
APPID
  5
233
330
9
100
AcDbSymbolTableRecord
100
AcDbRegAppTableRecord
  2
ACAD_DSTYLE_DIMJAG
 70
     0
  0
APPID
  5
234
330
9
100
AcDbSymbolTableRecord
100
AcDbRegAppTableRecord
  2
ACAD_DSTYLE_DIMBREAK
 70
     0
  0
APPID
  5
235
330
9
100
AcDbSymbolTableRecord
100
AcDbRegAppTableRecord
  2
ACAD_DSTYLE_DIMTALN
 70
     0
  0
APPID
  5
2CA
330
9
100
AcDbSymbolTableRecord
100
AcDbRegAppTableRecord
  2
GradientColor1ACI
 70
     0
  0
APPID
  5
2CB
330
9
100
AcDbSymbolTableRecord
100
AcDbRegAppTableRecord
  2
GradientColor2ACI
 70
     0
  0
APPID
  5
2CC
330
9
100
AcDbSymbolTableRecord
100
AcDbRegAppTableRecord
  2
AcAecLayerStandard
 70
     0
  0
APPID
  5
2CD
330
9
100
AcDbSymbolTableRecord
100
AcDbRegAppTableRecord
  2
AcCmTransparency
 70
     0
  0
APPID
  5
2CE
330
9
100
AcDbSymbolTableRecord
100
AcDbRegAppTableRecord
  2
AcLayerTools
 70
     0
  0
APPID
  5
2CF
330
9
100
AcDbSymbolTableRecord
100
AcDbRegAppTableRecord
  2
ACAD_DSTYLE_DIMJOGGED_JOGANGLE_SYMBOL
 70
     0
  0
ENDTAB
  0
TABLE
  2
DIMSTYLE
  5
A
330
0
100
AcDbSymbolTable
 70
     7
100
AcDbDimStyleTable
 71
     1
340
9C
  0
DIMSTYLE
105
27
330
A
100
AcDbSymbolTableRecord
100
AcDbDimStyleTableRecord
  2
Standard
 70
     0
340
11
  0
DIMSTYLE
105
9C
330
A
100
AcDbSymbolTableRecord
100
AcDbDimStyleTableRecord
  2
ISO-25
 70
     0
 41
2.5
 42
0.625
 43
3.75
 44
1.25
 73
     0
 74
     0
 77
     1
 78
     8
140
2.5
141
2.5
143
0.03937007874016
147
0.625
171
     3
172
     1
271
     2
272
     2
274
     3
278
    44
283
     0
284
     8
340
11
  0
DIMSTYLE
105
2C7
102
{ACAD_REACTORS
330
33F
330
340
330
342
330
34B
330
34D
330
353
330
365
330
368
330
428
330
429
330
42B
330
434
330
436
330
43C
330
44E
330
451
102
}
330
A
100
AcDbSymbolTableRecord
100
AcDbDimStyleTableRecord
  2
cotas formato 1.100
 70
     0
 41
0.14
 42
0.16
 43
0.3
 44
0.2
 45
5.0
 50
90.0
 73
     0
 74
     0
 77
     1
 78
     1
140
0.2
141
-0.05
143
0.03937007874016
144
100.0
147
0.05
171
     3
172
     1
174
     1
176
     4
177
     8
271
     0
178
     2
271
     0
272
     0
274
     3
278
    44
283
     0
284
     8
289
     2
340
2C3
341
244
342
244
1001
ACAD_DSTYLE_DIMBREAK
1070
   391
1040
2.0
1001
ACAD_DSTYLE_DIMJAG
1070
   388
1040
1.5
1001
ACAD_DSTYLE_DIMTALN
1070
   392
1070
     0
  0
ENDTAB
  0
TABLE
  2
BLOCK_RECORD
  5
1
330
0
100
AcDbSymbolTable
 70
    22
  0
BLOCK_RECORD
  5
1F
102
{ACAD_XDICTIONARY
360
528
102
}
330
1
100
AcDbSymbolTableRecord
100
AcDbBlockTableRecord
  2
*Model_Space
340
22
 70
     0
280
     1
281
     0
  0
BLOCK_RECORD
  5
1E3
330
1
100
AcDbSymbolTableRecord
100
AcDbBlockTableRecord
  2
*Paper_Space
340
1E4
 70
     0
280
     1
281
     0
  0
BLOCK_RECORD
  5
1DF
330
1
100
AcDbSymbolTableRecord
100
AcDbBlockTableRecord
  2
*Paper_Space0
340
1E0
 70
     0
280
     1
281
     0
  0
BLOCK_RECORD
  5
244
330
1
100
AcDbSymbolTableRecord
100
AcDbBlockTableRecord
  2
_Oblique
340
0
102
{BLKREFS
331
259
331
25A
331
265
331
266
331
271
331
272
331
27D
331
27E
331
28A
331
28B
331
296
331
297
331
2A2
331
2A3
331
2AF
331
2B0
331
348
331
349
331
431
331
432
331
4CC
331
4CD
331
4D8
331
4D9
331
4E4
331
4E5
331
4F0
331
4F1
331
4FD
331
4FE
331
509
331
50A
331
515
331
516
331
522
331
523
331
52E
331
52F
331
537
331
538
331
540
331
541
331
549
331
54A
331
553
331
554
331
55C
331
55D
331
565
331
566
331
56F
331
570
102
}
 70
     0
280
     1
281
     0
  0
BLOCK_RECORD
  5
4AE
102
{ACAD_REACTORS
330
4C0
102
}
330
1
100
AcDbSymbolTableRecord
100
AcDbBlockTableRecord
  2
*U12
340
0
102
{BLKREFS
331
43F
102
}
 70
     0
280
     1
281
     0
  0
BLOCK_RECORD
  5
4B8
102
{ACAD_REACTORS
330
4C1
102
}
330
1
100
AcDbSymbolTableRecord
100
AcDbBlockTableRecord
  2
*U13
340
0
102
{BLKREFS
331
4B0
331
4B1
331
4B2
102
}
 70
     0
280
     1
281
     0
  0
BLOCK_RECORD
  5
4C6
330
1
100
AcDbSymbolTableRecord
100
AcDbBlockTableRecord
  2
*D14
340
0
 70
     0
280
     1
281
     0
  0
BLOCK_RECORD
  5
4D2
330
1
100
AcDbSymbolTableRecord
100
AcDbBlockTableRecord
  2
*D15
340
0
 70
     0
280
     1
281
     0
  0
BLOCK_RECORD
  5
4DE
330
1
100
AcDbSymbolTableRecord
100
AcDbBlockTableRecord
  2
*D16
340
0
 70
     0
280
     1
281
     0
  0
BLOCK_RECORD
  5
4EA
330
1
100
AcDbSymbolTableRecord
100
AcDbBlockTableRecord
  2
*D17
340
0
 70
     0
280
     1
281
     0
  0
BLOCK_RECORD
  5
4F6
330
1
100
AcDbSymbolTableRecord
100
AcDbBlockTableRecord
  2
*D18
340
0
 70
     0
280
     1
281
     0
  0
BLOCK_RECORD
  5
503
330
1
100
AcDbSymbolTableRecord
100
AcDbBlockTableRecord
  2
*D19
340
0
 70
     0
280
     1
281
     0
  0
BLOCK_RECORD
  5
50F
330
1
100
AcDbSymbolTableRecord
100
AcDbBlockTableRecord
  2
*D20
340
0
 70
     0
280
     1
281
     0
  0
BLOCK_RECORD
  5
51B
330
1
100
AcDbSymbolTableRecord
100
AcDbBlockTableRecord
  2
*D21
340
0
 70
     0
280
     1
281
     0
  0
ENDTAB
  0
ENDSEC
  0
SECTION
  2
BLOCKS
  0
BLOCK
  5
20
330
1F
100
AcDbEntity
  8
0
100
AcDbBlockBegin
  2
*Model_Space
 70
     0
 10
0.0
 20
0.0
 30
0.0
  3
*Model_Space
  1

  0
ENDBLK
  5
21
330
1F
100
AcDbEntity
  8
0
100
AcDbBlockEnd
  0
BLOCK
  5
1E5
330
1E3
100
AcDbEntity
 67
     1
  8
0
100
AcDbBlockBegin
  2
*Paper_Space
 70
     0
 10
0.0
 20
0.0
 30
0.0
  3
*Paper_Space
  1

  0
ENDBLK
  5
1E6
330
1E3
100
AcDbEntity
 67
     1
  8
0
100
AcDbBlockEnd
  0
BLOCK
  5
1E1
330
1DF
100
AcDbEntity
  8
0
100
AcDbBlockBegin
  2
*Paper_Space0
 70
     0
 10
0.0
 20
0.0
 30
0.0
  3
*Paper_Space0
  1

  0
ENDBLK
  5
1E2
330
1DF
100
AcDbEntity
  8
0
100
AcDbBlockEnd
  0
BLOCK
  5
245
330
244
100
AcDbEntity
  8
0
100
AcDbBlockBegin
  2
_Oblique
 70
     0
 10
0.0
 20
0.0
 30
0.0
  3
_Oblique
  1

  0
LINE
  5
246
330
244
100
AcDbEntity
  8
0
  6
ByBlock
 62
     0
370
    -2
100
AcDbLine
 10
-0.5
 20
-0.5
 30
0.0
 11
0.5
 21
0.5
 31
0.0
  0
ENDBLK
  5
247
330
244
100
AcDbEntity
  8
0
100
AcDbBlockEnd
  0
BLOCK
  5
4AF
330
4AE
100
AcDbEntity
  8
0
100
AcDbBlockBegin
  2
*U12
 70
     1
 10
0.0
 20
0.0
 30
0.0
  3
*U12
  1

  0
INSERT
  5
4B0
330
4AE
100
AcDbEntity
  8
DET-COTAS
  6
ByBlock
 62
     0
440
 16777216
370
    -2
380
     1
100
AcDbBlockReference
  2
*U13
 10
707.5371544742059
 20
320.0566358373418
 30
0.0
  0
INSERT
  5
4B1
330
4AE
100
AcDbEntity
  8
DET-COTAS
  6
ByBlock
 62
     0
440
 16777216
370
    -2
380
     1
100
AcDbBlockReference
  2
*U13
 10
706.1524587039679
 20
319.6664192419074
 30
0.0
 41
0.9999999999999998
 42
0.9999999999999998
 43
0.9999999999999998
 50
120.0
  0
INSERT
  5
4B2
330
4AE
100
AcDbEntity
  8
DET-COTAS
  6
ByBlock
 62
     0
440
 16777216
370
    -2
380
     1
100
AcDbBlockReference
  2
*U13
 10
707.1827440737114
 20
318.6623458260855
 30
0.0
 50
239.9999999999999
  0
ENDBLK
  5
4B3
330
4AE
100
AcDbEntity
  8
0
100
AcDbBlockEnd
  0
BLOCK
  5
4B9
330
4B8
100
AcDbEntity
  8
0
100
AcDbBlockBegin
  2
*U13
 70
     1
 10
0.0
 20
0.0
 30
0.0
  3
*U13
  1

  0
CIRCLE
  5
4BA
330
4B8
100
AcDbEntity
  8
texto
100
AcDbCircle
 10
0.0828009080694301
 20
0.0899079965740271
 30
0.0
 40
0.2432709764047396
  0
LINE
  5
4BB
330
4B8
100
AcDbEntity
  8
texto
100
AcDbLine
 10
0.1631630211755919
 20
-0.1397062423966986
 30
0.0
 11
0.0798155006251591
 21
-0.3331789729785441
 31
0.0
  0
HATCH
  5
4BC
330
4B8
100
AcDbEntity
  8
texto
100
AcDbHatch
 10
0.0
 20
0.0
 30
0.0
210
0.0
220
0.0
230
1.0
  2
SOLID
 70
     1
 71
     0
 91
        1
 92
        1
 93
        6
 72
     2
 10
-0.4776267217181386
 20
-0.5390231128361621
 40
0.5942336587273874
 50
312.5449293851153
 51
339.7325550810044
 73
     0
 72
     1
 10
0.0798155006250454
 20
-0.3331789729787715
 11
0.1631630211754782
 21
-0.1397062423968123
 72
     2
 10
0.0828009080697712
 20
0.0899079965734018
 40
0.2432709764042662
 50
70.71059190004435
 51
136.01174866562
 73
     0
 72
     2
 10
0.0828009080696575
 20
0.0899079965747092
 40
0.2432709764051725
 50
136.0117486653799
 51
197.5266695238851
 73
     0
 72
     1
 10
-0.1491766700229391
 20
0.1631689767990565
 11
-0.3260718844741177
 21
0.0678101473405946
 72
     2
 10
-0.5429703868264824
 20
-0.5230566741688563
 40
0.6294192252254295
 50
290.157442000979
 51
317.9178821879397
 73
     0
 97
        0
 75
     0
 76
     1
 98
        1
 10
-0.2473299513504799
 20
0.0635462580901844
450
        0
451
        0
460
0.0
461
0.0
452
        1
462
1.0
453
        2
463
0.0
 63
     5
421
      255
463
1.0
 63
     7
421
 16777215
470
LINEAR
  0
ENDBLK
  5
4BD
330
4B8
100
AcDbEntity
  8
0
100
AcDbBlockEnd
  0
BLOCK
  5
4C7
330
4C6
100
AcDbEntity
  8
0
100
AcDbBlockBegin
  2
*D14
 70
     1
 10
0.0
 20
0.0
 30
0.0
  3
*D14
  1

  0
LINE
  5
52B
330
4C6
100
AcDbEntity
  8
DET-COTAS
 62
     8
370
    -2
100
AcDbLine
 10
2.717418213180735
 20
19.40146127405905
 30
0.0
 11
2.717418213180735
 21
17.92292145844172
 31
0.0
  0
LINE
  5
52C
330
4C6
100
AcDbEntity
  8
DET-COTAS
 62
     8
370
    -2
100
AcDbLine
 10
5.383918569196338
 20
19.40146127405905
 30
0.0
 11
5.383918569196338
 21
17.92292145844172
 31
0.0
  0
LINE
  5
52D
330
4C6
100
AcDbEntity
  8
DET-COTAS
 62
     4
370
    -2
100
AcDbLine
 10
2.717418213180735
 20
18.12292145844171
 30
0.0
 11
5.383918569196338
 21
18.12292145844171
 31
0.0
  0
INSERT
  5
52E
330
4C6
100
AcDbEntity
  8
DET-COTAS
 62
     4
370
    -2
100
AcDbBlockReference
  2
_Oblique
 10
2.717418213180735
 20
18.12292145844171
 30
0.0
 41
0.14
 42
0.14
 43
0.14
 50
180.0
  0
INSERT
  5
52F
330
4C6
100
AcDbEntity
  8
DET-COTAS
 62
     4
370
    -2
100
AcDbBlockReference
  2
_Oblique
 10
5.383918569196338
 20
18.12292145844171
 30
0.0
 41
0.14
 42
0.14
 43
0.14
  0
MTEXT
  5
530
330
4C6
100
AcDbEntity
  8
DET-COTAS
 62
     2
100
AcDbMText
 10
4.050668391188536
 20
18.28420629868645
 30
0.0
 40
0.2
 41
0.0
 46
0.0
 71
     5
 72
     1
  1
%%C1
  7
Formato
 73
     1
 44
1.0
  0
POINT
  5
531
330
4C6
100
AcDbEntity
  8
Defpoints
 62
     0
100
AcDbPoint
 10
2.717418213180735
 20
19.56146127405905
 30
0.0
  0
POINT
  5
532
330
4C6
100
AcDbEntity
  8
Defpoints
 62
     0
100
AcDbPoint
 10
5.383918569196338
 20
19.56146127405905
 30
0.0
  0
POINT
  5
533
330
4C6
100
AcDbEntity
  8
Defpoints
 62
     0
100
AcDbPoint
 10
5.383918569196338
 20
18.12292145844171
 30
0.0
  0
ENDBLK
  5
4C8
330
4C6
100
AcDbEntity
  8
0
100
AcDbBlockEnd
  0
BLOCK
  5
4D3
330
4D2
100
AcDbEntity
  8
0
100
AcDbBlockBegin
  2
*D15
 70
     1
 10
0.0
 20
0.0
 30
0.0
  3
*D15
  1

  0
LINE
  5
534
330
4D2
100
AcDbEntity
  8
DET-COTAS
 62
     8
370
    -2
100
AcDbLine
 10
4.760194687700731
 20
19.35574858127774
 30
0.0
 11
4.760194687700731
 21
18.38101083312508
 31
0.0
  0
LINE
  5
535
330
4D2
100
AcDbEntity
  8
DET-COTAS
 62
     8
370
    -2
100
AcDbLine
 10
3.341142094676341
 20
19.35574858127774
 30
0.0
 11
3.341142094676341
 21
18.38101083312508
 31
0.0
  0
LINE
  5
536
330
4D2
100
AcDbEntity
  8
DET-COTAS
 62
     4
370
    -2
100
AcDbLine
 10
4.760194687700731
 20
18.58101083312508
 30
0.0
 11
3.341142094676341
 21
18.58101083312508
 31
0.0
  0
INSERT
  5
537
330
4D2
100
AcDbEntity
  8
DET-COTAS
 62
     4
370
    -2
100
AcDbBlockReference
  2
_Oblique
 10
4.760194687700731
 20
18.58101083312508
 30
0.0
 41
0.14
 42
0.14
 43
0.14
  0
INSERT
  5
538
330
4D2
100
AcDbEntity
  8
DET-COTAS
 62
     4
370
    -2
100
AcDbBlockReference
  2
_Oblique
 10
3.341142094676341
 20
18.58101083312508
 30
0.0
 41
0.14
 42
0.14
 43
0.14
 50
180.0
  0
MTEXT
  5
539
330
4D2
100
AcDbEntity
  8
DET-COTAS
 62
     2
100
AcDbMText
 10
4.050668391188536
 20
18.74229567336982
 30
0.0
 40
0.2
 41
0.0
 46
0.0
 71
     5
 72
     1
  1
%%C2
  7
Formato
 73
     1
 44
1.0
  0
POINT
  5
53A
330
4D2
100
AcDbEntity
  8
Defpoints
 62
     0
100
AcDbPoint
 10
4.760194687700731
 20
19.51574858127774
 30
0.0
  0
POINT
  5
53B
330
4D2
100
AcDbEntity
  8
Defpoints
 62
     0
100
AcDbPoint
 10
3.341142094676341
 20
19.51574858127774
 30
0.0
  0
POINT
  5
53C
330
4D2
100
AcDbEntity
  8
Defpoints
 62
     0
100
AcDbPoint
 10
3.341142094676341
 20
18.58101083312508
 30
0.0
  0
ENDBLK
  5
4D4
330
4D2
100
AcDbEntity
  8
0
100
AcDbBlockEnd
  0
BLOCK
  5
4DF
330
4DE
100
AcDbEntity
  8
0
100
AcDbBlockBegin
  2
*D16
 70
     1
 10
0.0
 20
0.0
 30
0.0
  3
*D16
  1

  0
LINE
  5
53D
330
4DE
100
AcDbEntity
  8
DET-COTAS
 62
     8
370
    -2
100
AcDbLine
 10
5.040883257700134
 20
15.82659911259575
 30
0.0
 11
6.173332527908495
 21
15.82659911259575
 31
0.0
  0
LINE
  5
53E
330
4DE
100
AcDbEntity
  8
DET-COTAS
 62
     8
370
    -2
100
AcDbLine
 10
5.798752079245478
 20
14.69525834634474
 30
0.0
 11
6.173332527908495
 21
14.69525834634474
 31
0.0
  0
LINE
  5
53F
330
4DE
100
AcDbEntity
  8
DET-COTAS
 62
     4
370
    -2
100
AcDbLine
 10
5.973332527908495
 20
15.82659911259575
 30
0.0
 11
5.973332527908495
 21
14.69525834634474
 31
0.0
  0
INSERT
  5
540
330
4DE
100
AcDbEntity
  8
DET-COTAS
 62
     4
370
    -2
100
AcDbBlockReference
  2
_Oblique
 10
5.973332527908495
 20
15.82659911259575
 30
0.0
 41
0.14
 42
0.14
 43
0.14
 50
90.0
  0
INSERT
  5
541
330
4DE
100
AcDbEntity
  8
DET-COTAS
 62
     4
370
    -2
100
AcDbBlockReference
  2
_Oblique
 10
5.973332527908495
 20
14.69525834634474
 30
0.0
 41
0.14
 42
0.14
 43
0.14
 50
270.0
  0
MTEXT
  5
542
330
4DE
100
AcDbEntity
  8
DET-COTAS
 62
     2
100
AcDbMText
 10
5.820817232191298
 20
15.26092872947024
 30
0.0
 40
0.2
 41
0.0
 46
0.0
 71
     5
 72
     1
  1
h1
  7
Formato
 11
0.0
 21
1.0
 31
0.0
 73
     1
 44
1.0
  0
POINT
  5
543
330
4DE
100
AcDbEntity
  8
Defpoints
 62
     0
100
AcDbPoint
 10
4.880883257700133
 20
15.82659911259575
 30
0.0
  0
POINT
  5
544
330
4DE
100
AcDbEntity
  8
Defpoints
 62
     0
100
AcDbPoint
 10
5.638752079245477
 20
14.69525834634474
 30
0.0
  0
POINT
  5
545
330
4DE
100
AcDbEntity
  8
Defpoints
 62
     0
100
AcDbPoint
 10
5.973332527908495
 20
14.69525834634474
 30
0.0
  0
ENDBLK
  5
4E0
330
4DE
100
AcDbEntity
  8
0
100
AcDbBlockEnd
  0
BLOCK
  5
4EB
330
4EA
100
AcDbEntity
  8
0
100
AcDbBlockBegin
  2
*D17
 70
     1
 10
0.0
 20
0.0
 30
0.0
  3
*D17
  1

  0
LINE
  5
546
330
4EA
100
AcDbEntity
  8
DET-COTAS
 62
     8
370
    -2
100
AcDbLine
 10
2.583273273130997
 20
13.98542079197631
 30
0.0
 11
2.583273273130997
 21
13.55323695482289
 31
0.0
  0
LINE
  5
547
330
4EA
100
AcDbEntity
  8
DET-COTAS
 62
     8
370
    -2
100
AcDbLine
 10
5.518063509246076
 20
13.98542079197631
 30
0.0
 11
5.518063509246076
 21
13.55323695482289
 31
0.0
  0
LINE
  5
548
330
4EA
100
AcDbEntity
  8
DET-COTAS
 62
     4
370
    -2
100
AcDbLine
 10
2.583273273130997
 20
13.75323695482289
 30
0.0
 11
5.518063509246076
 21
13.75323695482289
 31
0.0
  0
INSERT
  5
549
330
4EA
100
AcDbEntity
  8
DET-COTAS
 62
     4
370
    -2
100
AcDbBlockReference
  2
_Oblique
 10
2.583273273130997
 20
13.75323695482289
 30
0.0
 41
0.14
 42
0.14
 43
0.14
 50
180.0
  0
INSERT
  5
54A
330
4EA
100
AcDbEntity
  8
DET-COTAS
 62
     4
370
    -2
100
AcDbBlockReference
  2
_Oblique
 10
5.518063509246076
 20
13.75323695482289
 30
0.0
 41
0.14
 42
0.14
 43
0.14
  0
MTEXT
  5
54B
330
4EA
100
AcDbEntity
  8
DET-COTAS
 62
     2
100
AcDbMText
 10
4.050668391188536
 20
13.91452179506762
 30
0.0
 40
0.2
 41
0.0
 46
0.0
 71
     5
 72
     1
  1
%%C3
  7
Formato
 73
     1
 44
1.0
  0
POINT
  5
54C
330
4EA
100
AcDbEntity
  8
Defpoints
 62
     0
100
AcDbPoint
 10
2.583273273130997
 20
14.14542079197631
 30
0.0
  0
POINT
  5
54D
330
4EA
100
AcDbEntity
  8
Defpoints
 62
     0
100
AcDbPoint
 10
5.518063509246076
 20
14.14542079197631
 30
0.0
  0
POINT
  5
54E
330
4EA
100
AcDbEntity
  8
Defpoints
 62
     0
100
AcDbPoint
 10
5.518063509246076
 20
13.75323695482289
 30
0.0
  0
ENDBLK
  5
4EC
330
4EA
100
AcDbEntity
  8
0
100
AcDbBlockEnd
  0
BLOCK
  5
4F7
330
4F6
100
AcDbEntity
  8
0
100
AcDbBlockBegin
  2
*D18
 70
     1
 10
0.0
 20
0.0
 30
0.0
  3
*D18
  1

  0
LINE
  5
54F
330
4F6
100
AcDbEntity
  8
DET-COTAS
 62
     8
370
    -2
100
AcDbLine
 10
12.31234982592528
 20
19.53699415318382
 30
0.0
 11
12.72443401260598
 21
19.53699415318382
 31
0.0
  0
LINE
  5
550
330
4F6
100
AcDbEntity
  8
DET-COTAS
 62
     8
370
    -2
100
AcDbLine
 10
12.31234982592528
 20
19.32662442142177
 30
0.0
 11
12.72443401260598
 21
19.32662442142177
 31
0.0
  0
LINE
  5
551
330
4F6
100
AcDbEntity
  8
DET-COTAS
 62
     4
370
    -2
100
AcDbLine
 10
12.52443401260598
 20
19.53699415318382
 30
0.0
 11
12.52443401260598
 21
19.98475078132807
 31
0.0
  0
LINE
  5
552
330
4F6
100
AcDbEntity
  8
DET-COTAS
 62
     4
370
    -2
100
AcDbLine
 10
12.52443401260598
 20
19.53699415318382
 30
0.0
 11
12.52443401260598
 21
19.32662442142177
 31
0.0
  0
INSERT
  5
553
330
4F6
100
AcDbEntity
  8
DET-COTAS
 62
     4
370
    -2
100
AcDbBlockReference
  2
_Oblique
 10
12.52443401260598
 20
19.53699415318382
 30
0.0
 41
0.14
 42
0.14
 43
0.14
 50
90.0
  0
INSERT
  5
554
330
4F6
100
AcDbEntity
  8
DET-COTAS
 62
     4
370
    -2
100
AcDbBlockReference
  2
_Oblique
 10
12.52443401260598
 20
19.32662442142177
 30
0.0
 41
0.14
 42
0.14
 43
0.14
 50
270.0
  0
MTEXT
  5
555
330
4F6
100
AcDbEntity
  8
DET-COTAS
 62
     2
100
AcDbMText
 10
12.36940342117158
 20
19.86704173985968
 30
0.0
 40
0.2
 41
0.0
 46
0.0
 71
     5
 72
     1
  1
8
  7
Formato
 11
0.0
 21
1.0
 31
0.0
 73
     1
 44
1.0
  0
POINT
  5
556
330
4F6
100
AcDbEntity
  8
Defpoints
 62
     0
100
AcDbPoint
 10
12.15234982592528
 20
19.53699415318382
 30
0.0
  0
POINT
  5
557
330
4F6
100
AcDbEntity
  8
Defpoints
 62
     0
100
AcDbPoint
 10
12.15234982592528
 20
19.32662442142177
 30
0.0
  0
POINT
  5
558
330
4F6
100
AcDbEntity
  8
Defpoints
 62
     0
100
AcDbPoint
 10
12.52443401260598
 20
19.32662442142177
 30
0.0
  0
ENDBLK
  5
4F8
330
4F6
100
AcDbEntity
  8
0
100
AcDbBlockEnd
  0
BLOCK
  5
504
330
503
100
AcDbEntity
  8
0
100
AcDbBlockBegin
  2
*D19
 70
     1
 10
0.0
 20
0.0
 30
0.0
  3
*D19
  1

  0
LINE
  5
559
330
503
100
AcDbEntity
  8
FINO
 62
     8
370
    -2
100
AcDbLine
 10
12.63958142738434
 20
7.912463513697598
 30
0.0
 11
13.52386848369697
 21
7.912463513697598
 31
0.0
  0
LINE
  5
55A
330
503
100
AcDbEntity
  8
FINO
 62
     8
370
    -2
100
AcDbLine
 10
12.63958142738434
 20
19.19162442142269
 30
0.0
 11
13.52386848369697
 21
19.19162442142269
 31
0.0
  0
LINE
  5
55B
330
503
100
AcDbEntity
  8
FINO
 62
     4
370
    -2
100
AcDbLine
 10
13.32386848369697
 20
7.912463513697598
 30
0.0
 11
13.32386848369697
 21
19.19162442142269
 31
0.0
  0
INSERT
  5
55C
330
503
100
AcDbEntity
  8
FINO
 62
     4
370
    -2
100
AcDbBlockReference
  2
_Oblique
 10
13.32386848369697
 20
7.912463513697598
 30
0.0
 41
0.14
 42
0.14
 43
0.14
 50
270.0
  0
INSERT
  5
55D
330
503
100
AcDbEntity
  8
FINO
 62
     4
370
    -2
100
AcDbBlockReference
  2
_Oblique
 10
13.32386848369697
 20
19.19162442142269
 30
0.0
 41
0.14
 42
0.14
 43
0.14
 50
90.0
  0
MTEXT
  5
55E
330
503
100
AcDbEntity
  8
FINO
 62
     2
100
AcDbMText
 10
13.14048982972008
 20
13.59190883364713
 30
0.0
 40
0.2
 41
0.0
 46
0.0
 71
     5
 72
     1
  1
L: Longitud media estimada 9,00 m
  7
Formato
 11
0.0
 21
1.0
 31
0.0
 73
     1
 44
1.0
  0
POINT
  5
55F
330
503
100
AcDbEntity
  8
Defpoints
 62
     0
100
AcDbPoint
 10
12.47958142738434
 20
7.912463513697598
 30
0.0
  0
POINT
  5
560
330
503
100
AcDbEntity
  8
Defpoints
 62
     0
100
AcDbPoint
 10
12.47958142738434
 20
19.19162442142269
 30
0.0
  0
POINT
  5
561
330
503
100
AcDbEntity
  8
Defpoints
 62
     0
100
AcDbPoint
 10
13.32386848369697
 20
19.19162442142269
 30
0.0
  0
ENDBLK
  5
505
330
503
100
AcDbEntity
  8
0
100
AcDbBlockEnd
  0
BLOCK
  5
510
330
50F
100
AcDbEntity
  8
0
100
AcDbBlockBegin
  2
*D20
 70
     1
 10
0.0
 20
0.0
 30
0.0
  3
*D20
  1

  0
LINE
  5
562
330
50F
100
AcDbEntity
  8
DET-COTAS
 62
     8
370
    -2
100
AcDbLine
 10
12.01035744835522
 20
20.71091894089919
 30
0.0
 11
12.20356773392013
 21
20.71091894089919
 31
0.0
  0
LINE
  5
563
330
50F
100
AcDbEntity
  8
DET-COTAS
 62
     8
370
    -2
100
AcDbLine
 10
11.97721805755705
 20
19.53699415318429
 30
0.0
 11
12.20356773392013
 21
19.53699415318429
 31
0.0
  0
LINE
  5
564
330
50F
100
AcDbEntity
  8
DET-COTAS
 62
     4
370
    -2
100
AcDbLine
 10
12.00356773392013
 20
20.71091894089919
 30
0.0
 11
12.00356773392013
 21
19.53699415318429
 31
0.0
  0
INSERT
  5
565
330
50F
100
AcDbEntity
  8
DET-COTAS
 62
     4
370
    -2
100
AcDbBlockReference
  2
_Oblique
 10
12.00356773392013
 20
20.71091894089919
 30
0.0
 41
0.14
 42
0.14
 43
0.14
 50
90.0
  0
INSERT
  5
566
330
50F
100
AcDbEntity
  8
DET-COTAS
 62
     4
370
    -2
100
AcDbBlockReference
  2
_Oblique
 10
12.00356773392013
 20
19.53699415318429
 30
0.0
 41
0.14
 42
0.14
 43
0.14
 50
270.0
  0
MTEXT
  5
567
330
50F
100
AcDbEntity
  8
DET-COTAS
 62
     2
100
AcDbMText
 10
11.84853714248573
 20
20.12395654704174
 30
0.0
 40
0.2
 41
0.0
 46
0.0
 71
     5
 72
     1
  1
50
  7
Formato
 11
0.0
 21
1.0
 31
0.0
 73
     1
 44
1.0
  0
POINT
  5
568
330
50F
100
AcDbEntity
  8
Defpoints
 62
     0
100
AcDbPoint
 10
11.85035744835522
 20
20.71091894089919
 30
0.0
  0
POINT
  5
569
330
50F
100
AcDbEntity
  8
Defpoints
 62
     0
100
AcDbPoint
 10
11.81721805755705
 20
19.53699415318429
 30
0.0
  0
POINT
  5
56A
330
50F
100
AcDbEntity
  8
Defpoints
 62
     0
100
AcDbPoint
 10
12.00356773392013
 20
19.53699415318429
 30
0.0
  0
ENDBLK
  5
511
330
50F
100
AcDbEntity
  8
0
100
AcDbBlockEnd
  0
BLOCK
  5
51C
330
51B
100
AcDbEntity
  8
0
100
AcDbBlockBegin
  2
*D21
 70
     1
 10
0.0
 20
0.0
 30
0.0
  3
*D21
  1

  0
LINE
  5
56B
330
51B
100
AcDbEntity
  8
DET-COTAS
 62
     8
370
    -2
100
AcDbLine
 10
11.85035744835522
 20
21.00030267028706
 30
0.0
 11
11.85035744835522
 21
21.33832937075572
 31
0.0
  0
LINE
  5
56C
330
51B
100
AcDbEntity
  8
DET-COTAS
 62
     8
370
    -2
100
AcDbLine
 10
11.53168462331769
 20
21.0003026702873
 30
0.0
 11
11.53168462331769
 21
21.33832937075572
 31
0.0
  0
LINE
  5
56D
330
51B
100
AcDbEntity
  8
DET-COTAS
 62
     4
370
    -2
100
AcDbLine
 10
11.85035744835522
 20
21.13832937075572
 30
0.0
 11
12.34718953537107
 21
21.13832937075572
 31
0.0
  0
LINE
  5
56E
330
51B
100
AcDbEntity
  8
DET-COTAS
 62
     4
370
    -2
100
AcDbLine
 10
11.85035744835522
 20
21.13832937075572
 30
0.0
 11
11.53168462331769
 21
21.13832937075572
 31
0.0
  0
INSERT
  5
56F
330
51B
100
AcDbEntity
  8
DET-COTAS
 62
     4
370
    -2
100
AcDbBlockReference
  2
_Oblique
 10
11.85035744835522
 20
21.13832937075572
 30
0.0
 41
0.14
 42
0.14
 43
0.14
  0
INSERT
  5
570
330
51B
100
AcDbEntity
  8
DET-COTAS
 62
     4
370
    -2
100
AcDbBlockReference
  2
_Oblique
 10
11.53168462331769
 20
21.13832937075572
 30
0.0
 41
0.14
 42
0.14
 43
0.14
 50
180.0
  0
MTEXT
  5
571
330
51B
100
AcDbEntity
  8
DET-COTAS
 62
     2
100
AcDbMText
 10
12.16877349186325
 20
21.29084466647292
 30
0.0
 40
0.2
 41
0.0
 46
0.0
 71
     5
 72
     1
  1
15
  7
Formato
 73
     1
 44
1.0
  0
POINT
  5
572
330
51B
100
AcDbEntity
  8
Defpoints
 62
     0
100
AcDbPoint
 10
11.85035744835522
 20
20.84030267028706
 30
0.0
  0
POINT
  5
573
330
51B
100
AcDbEntity
  8
Defpoints
 62
     0
100
AcDbPoint
 10
11.53168462331769
 20
20.8403026702873
 30
0.0
  0
POINT
  5
574
330
51B
100
AcDbEntity
  8
Defpoints
 62
     0
100
AcDbPoint
 10
11.53168462331769
 20
21.13832937075572
 30
0.0
  0
ENDBLK
  5
51D
330
51B
100
AcDbEntity
  8
0
100
AcDbBlockEnd
  0
ENDSEC
  0
SECTION
  2
ENTITIES
  0
MTEXT
  5
3DA
330
1F
100
AcDbEntity
  8
DET-TEXTO
100
AcDbMText
 10
16.28460395967174
 20
23.35972022419558
 30
0.0
 40
0.25
 41
12.92984863842275
 46
0.0
 71
     1
 72
     5
  3
\pxql;{\A1;\H0.88x;\L\C1;PARÁMETROS DE DISEÑO DEL PILOTAJE:\P\H0.45455x;\l\C0; \P\pq*;\H2x;Según recomendaciones del ESTUDIO GEOTECNICO se ha considerado la siguiente estratigrafía y resistencias unitarias del terreno para el dimensionamiento de los 
  3
micropilotes:\P\pql;\PUnidad Geotécnica 1. Rellenos:\P^I^I^I Profundidad de base de 3.40-4.00m\P                                        No se considera su resistencia\P\PUnidad Geotécnica 2. Aluvial: Arcillas arenas y gravas (-4,00 a -13,10 m)\P        
  3
   ^I^I^I \A0;\fSegoe UI|b0|i0|c0|p34;\H0.99999x;NSPT ≈ 10-15 en el tramo superior y NSPT ≈ 15-30 en el tramo inferior.\P\A1;\fCentury Gothic|b0|i0|c0|p34;\P\H1.00001x;Unidad Geotécnica 3. Sustrato Plioceno: Arcillas (Desde -13,10 m)\P\pq*;           ^I^I
  3
^I\A0;\fSegoe UI|b0|i0|c0|p34;\H0.99999x;Consistencia: "Firme" en la superficie a "dura" en profundidad.\P\A1;\fCentury Gothic|b0|i0|c0|p34;\H1.00001x;\P\pql;\H0.99999x;\P\pq*;\H1.1x;\L\C1;NOTAS EJECUCIÓN DE MICROPILOTES:\P\H0.45455x; \P\pql;\H1.99998
  3
x;\l\C0;En la excavación de los micropilotes se comprobará la correspondencia del terreno saliente con los parámetros geotécnicos considerados para su diseño. En caso de que las condiciones geotécnicas no coincidan, queda a juicio de la Dirección Fac
  3
ultativa de la Obra el posible recálculo de la cimentación.\P\Fromans.shx|c0;\H1.25x;\W0.95;\C2;\P\fCentury Gothic|b0|i0|c0|p34;\H0.8x;\W1;\C0;En el caso de producirse excentricidades en el pilotaje se deberá analizar la necesidad de disponer refuerz
  1
os de armadura en la losa arriostrante o vigas de centradoras.}
  7
Formato
 73
     1
 44
1.0
101
Embedded Object
 70
     1
 10
1.0
 20
0.0
 30
0.0
 11
16.28460395967174
 21
23.35972022419558
 31
0.0
 40
12.92984863842275
 41
0.0
 42
12.89761367912984
 43
8.857873044247519
 71
     2
 72
     1
 44
12.92984863842275
 45
1.0
 73
     0
 74
     0
 46
10.14611322981324
1001
ACAD
1000
MTEXTBEGIN
1070
    73
1070
     1
1070
    44
1040
1.0
1070
    74
1070
     0
1000
MTEXTEND
  0
LWPOLYLINE
  5
3DB
330
1F
100
AcDbEntity
  8
EST-TEXTO LEYENDA
 62
     1
100
AcDbPolyline
 90
        4
 70
     1
 43
0.0
 10
15.89181849510639
 20
23.88539227011891
 10
30.14396755326077
 20
23.88539227011891
 10
30.14396755326077
 20
13.4807140198611
 10
15.89181849510639
 20
13.4807140198611
  0
MTEXT
  5
3DC
330
1F
100
AcDbEntity
  8
DET-TEXTO
 62
     1
100
AcDbMText
 10
29.79009330077968
 20
24.52093147750222
 30
0.0
 40
0.3
 41
13.73596367339041
 46
0.0
 71
     3
 72
     5
  1
\pxql;CRITERIOS DE DISEÑO Y EJECUCIÓN DE MICROPILOTES
  7
CENTURY
 73
     1
 44
1.0
101
Embedded Object
 70
     3
 10
1.0
 20
0.0
 30
0.0
 11
29.79009330077968
 21
24.52093147750222
 31
0.0
 40
13.73596367339041
 41
0.0
 42
10.78817131203263
 43
0.3940176750509857
 71
     2
 72
     1
 44
13.73596367339041
 45
12.5
 73
     0
 74
     0
 46
-0.3940176750509857
1001
ACAD
1000
MTEXTBEGIN
1070
    73
1070
     1
1070
    44
1040
1.0
1070
    74
1070
     0
1000
MTEXTEND
  0
LWPOLYLINE
  5
3DD
330
1F
100
AcDbEntity
  8
DET-TEXTO TÍTULO
100
AcDbPolyline
 90
        4
 70
     1
 43
0.0
 10
0.7252580605986623
 20
23.8912687294895
 10
14.50574309723879
 20
23.8912687294895
 10
14.50574309724226
 20
0.3496991668808196
 10
0.7252580606016751
 20
0.3496991668808196
  0
HATCH
  5
3DE
330
1F
100
AcDbEntity
  8
DET-TRAMAS
100
AcDbHatch
 10
0.0
 20
0.0
 30
0.0
210
0.0
220
0.0
230
1.0
  2
ANSI36
 70
     0
 71
     0
 91
        3
 92
        1
 93
        4
 72
     1
 10
11.62584982592352
 20
15.68079683680921
 11
12.47958142738434
 21
15.68079683680921
 72
     1
 10
12.47958142738434
 20
15.68079683680921
 11
12.47958142738434
 21
19.19162442142338
 72
     1
 10
12.47958142738434
 20
19.19162442142338
 11
11.62584982592352
 21
19.19162442142247
 72
     1
 10
11.62584982592352
 20
19.19162442142247
 11
11.62584982592352
 21
15.68079683680921
 97
        0
 92
        1
 93
        4
 72
     1
 10
10.48690369877522
 20
15.68079683680921
 11
11.32884982592304
 21
15.68079683680944
 72
     1
 10
11.32884982592304
 20
15.68079683680921
 11
11.32884982592304
 21
19.19162442142155
 72
     1
 10
11.32884982592304
 20
19.19162442142155
 11
10.48690369877522
 21
19.19162442142247
 72
     1
 10
10.48690369877522
 20
19.19162442142247
 11
10.48690369877522
 21
15.68079683680899
 97
        0
 92
        1
 93
        8
 72
     1
 10
11.32884982592304
 20
15.3880694355797
 11
10.48690369877522
 21
15.38806943558016
 72
     1
 10
10.48690369877522
 20
15.38806943558016
 11
10.48690369877522
 21
10.90116283609209
 72
     1
 10
10.48690369877522
 20
10.90116283609186
 11
12.47958142738434
 21
10.90116283609186
 72
     1
 10
12.47958142738434
 20
10.90116283609186
 11
12.47958142738343
 21
15.38806943557925
 72
     1
 10
12.47958142738343
 20
15.38806943557925
 11
11.62584982592352
 21
15.3880694355797
 72
     1
 10
11.62584982592352
 20
15.3880694355797
 11
11.62584982592307
 21
10.90116283609209
 72
     1
 10
11.62584982592352
 20
10.90116283609186
 11
11.32884982592304
 21
10.90116283609186
 72
     1
 10
11.32884982592304
 20
10.90116283609186
 11
11.3288498259235
 21
15.3880694355797
 97
        0
 75
     0
 76
     1
 52
0.0
 41
0.05
 77
     0
 78
     1
 53
45.0
 43
-79.09396104395773
 44
-81.30336167478629
 45
0.0841899011350234
 46
0.3086963041617522
 79
     4
 49
0.396875
 49
-0.079375
 49
0.0
 49
-0.079375
 98
        1
 10
10.9328251808206
 20
9.871157692729733
  0
HATCH
  5
3DF
330
1F
100
AcDbEntity
  8
DET-TRAMAS
100
AcDbHatch
 10
0.0
 20
0.0
 30
0.0
210
0.0
220
0.0
230
1.0
  2
AR-CONC
 70
     0
 71
     0
 91
        2
 92
        7
 72
     1
 73
     1
 93
        8
 10
4.541479078738574
 20
20.91212729978438
 42
0.0
 10
4.97293644490719
 20
21.36254490771066
 42
0.6604328670094388
 10
2.717418213180735
 20
20.39974810970293
 42
1.0
 10
5.383918569196338
 20
20.39974810970293
 42
0.2045051864109085
 10
4.97293644490719
 20
21.36254490771066
 42
0.0
 10
4.541479078738574
 20
20.91212729978438
 42
-0.2045051864109085
 10
4.760194687700731
 20
20.39974810970293
 42
-1.0
 10
3.341142094676341
 20
20.39974810970293
 42
-0.6604328670094329
 97
        0
 92
       23
 72
     1
 73
     1
 93
        2
 10
4.560194687700003
 20
20.39974810970293
 42
1.0
 10
3.541142094677069
 20
20.39974810970293
 42
1.0
 97
        0
 75
     0
 76
     1
 52
0.0
 41
0.002
 77
     0
 78
    13
 53
50.0
 43
-62.96369394186422
 44
-60.72014246743415
 45
0.3643693379920081
 46
-0.0318781710778062
 79
     2
 49
0.0381
 49
-0.4191000000000001
 53
355.0
 43
-62.96369394186422
 44
-60.72014246743415
 45
-0.070485651951334
 46
0.38211328576436
 79
     2
 49
0.03048
 49
-0.33528
 53
100.4509999999998
 43
-62.93332994186221
 44
-60.72279896743489
 45
0.2938850033319185
 46
0.3502333756405838
 79
     2
 49
0.03238
 49
-0.3561800000000001
 53
46.18420000000001
 43
-62.96369394186422
 44
-60.61854246743511
 45
0.54215808178426
 46
-0.0840846558654543
 79
     2
 49
0.057149999999999
 49
-0.6286499999999835
 53
96.63559999999964
 43
-62.91851414186475
 44
-60.62554946743343
 45
0.4748084689324745
 46
0.4948511117800985
 79
     2
 49
0.0485699999999991
 49
-0.5342699999999873
 53
351.184
 43
-62.96369394186422
 44
-60.61854246743511
 45
0.4748092116278679
 46
0.4948502357211954
 79
     2
 49
0.04572
 49
-0.5029200000000002
 53
21.0
 43
-62.91289394186151
 44
-60.64394246743372
 45
0.3032297596707666
 46
-0.204531037033525
 79
     2
 49
0.0381
 49
-0.4191000000000001
 53
326.0
 43
-62.91289394186151
 44
-60.64394246743372
 45
0.1236040566952941
 46
0.3683759322446386
 79
     2
 49
0.03048
 49
-0.33528
 53
71.45140000000002
 43
-62.88762494186175
 44
-60.66098666743449
 45
0.426832981540249
 46
0.1638457154321149
 79
     2
 49
0.03238
 49
-0.3561800000000001
 53
37.5
 43
-62.96369394186422
 44
-60.72014246743415
 45
0.0061772065011836
 46
0.1691100777463062
 79
     6
 49
0.0
 49
-0.331216
 49
0.0
 49
-0.34036
 49
0.0
 49
-0.33655
 53
7.499999999999999
 43
-62.96369394186422
 44
-60.72014246743415
 45
0.1336393250206115
 46
0.200361149636239
 79
     6
 49
0.0
 49
-0.194056
 49
0.0
 49
-0.323596
 49
0.0
 49
-0.12827
 53
327.5
 43
-63.07697794186332
 44
-60.72014246743415
 45
0.2711811903337428
 46
-0.0114574879853469
 79
     6
 49
0.0
 49
-0.127
 49
0.0
 49
-0.39624
 49
0.0
 49
-0.5257800000000002
 53
317.5
 43
-63.12777794186057
 44
-60.72014246743415
 45
0.2962583627720361
 46
0.050852982066666
 79
     6
 49
0.0
 49
-0.1651
 49
0.0
 49
-0.263144
 49
0.0
 49
-0.37338
 47
0.0080711235428173
 98
        2
 10
3.582724559452343
 20
21.15909495283982
 10
4.099498769943693
 20
20.38426723195139
  0
HATCH
  5
3E0
330
1F
100
AcDbEntity
  8
DET-BORDE ESTRUCTURA
100
AcDbHatch
 10
0.0
 20
0.0
 30
0.0
210
0.0
220
0.0
230
1.0
  2
ANSI31
 70
     0
 71
     0
 91
        1
 92
        1
 93
        4
 72
     1
 10
10.80234982592492
 20
20.94662442142167
 11
9.763644370474141
 21
20.94662442142167
 72
     1
 10
9.763644370474141
 20
20.94662442142167
 11
9.763644370474141
 21
20.57424918149795
 72
     1
 10
9.763644370474141
 20
20.57424918149795
 11
10.80234982592492
 21
20.57424918149795
 72
     1
 10
10.80234982592492
 20
20.57424918149795
 11
10.80234982592492
 21
20.94662442142167
 97
        0
 75
     0
 76
     1
 52
0.0
 41
0.035
 77
     0
 78
     1
 53
45.0
 43
370.6520479596971
 44
0.3645182685530504
 45
-0.0785772410593551
 46
0.0785772410593551
 79
     0
 98
        1
 10
10.29204842443732
 20
20.70842632124627
  0
HATCH
  5
3E1
330
1F
100
AcDbEntity
  8
DET-BORDE ESTRUCTURA
100
AcDbHatch
 10
0.0
 20
0.0
 30
0.0
210
0.0
220
0.0
230
1.0
  2
ANSI31
 70
     0
 71
     0
 91
        1
 92
        1
 93
        4
 72
     1
 10
13.38760284846921
 20
20.94662442142167
 11
12.15234982592528
 21
20.94662442142167
 72
     1
 10
12.15234982592528
 20
20.94662442142167
 11
12.15234982592528
 21
20.57424918149795
 72
     1
 10
12.15234982592528
 20
20.57424918149795
 11
13.38760284846876
 21
20.57424918149795
 72
     1
 10
13.38760284846921
 20
20.57424918149795
 11
13.38760284846921
 21
20.94662442142167
 97
        0
 75
     0
 76
     1
 52
0.0
 41
0.035
 77
     0
 78
     1
 53
45.0
 43
373.5044055404018
 44
0.3645182685530504
 45
-0.0785772410593551
 46
0.0785772410593551
 79
     0
 98
        1
 10
13.14440600514217
 20
20.70842632124627
  0
LWPOLYLINE
  5
3E2
330
1F
100
AcDbEntity
  8
DET-BORDE ESTRUCTURA
100
AcDbPolyline
 90
        4
 70
     1
 43
0.0
 10
10.80234982592492
 20
19.32662442142177
 10
12.15234982592528
 20
19.32662442142177
 10
12.15234982592528
 20
20.94662442142167
 10
10.80234982592492
 20
20.94662442142167
  0
LINE
  5
3E3
330
1F
100
AcDbEntity
  8
DET-BORDE ESTRUCTURA
100
AcDbLine
 10
11.32884982592304
 20
20.79376279854055
 30
0.0
 11
11.32884982592304
 21
20.73091894089917
 31
0.0
  0
LINE
  5
3E4
330
1F
100
AcDbEntity
  8
DET-BORDE ESTRUCTURA
100
AcDbLine
 10
11.32884982592304
 20
20.69091894089897
 30
0.0
 11
11.32884982592304
 21
19.59663480777167
 31
0.0
  0
LINE
  5
3E5
330
1F
100
AcDbEntity
  8
DET-BORDE ESTRUCTURA
100
AcDbLine
 10
11.62584982592352
 20
20.79376279854055
 30
0.0
 11
11.62584982592352
 21
20.73091894089917
 31
0.0
  0
LINE
  5
3E6
330
1F
100
AcDbEntity
  8
DET-BORDE ESTRUCTURA
100
AcDbLine
 10
11.62584982592352
 20
20.69091894089897
 30
0.0
 11
11.62584982592352
 21
19.59663480777167
 31
0.0
  0
LINE
  5
3E7
330
1F
100
AcDbEntity
  8
DET-BORDE ESTRUCTURA
100
AcDbLine
 10
12.74795961824156
 20
15.68079683680921
 30
0.0
 11
11.54207470459414
 21
15.68079683680921
 31
0.0
  0
LINE
  5
3E8
330
1F
100
AcDbEntity
  8
DET-BORDE ESTRUCTURA
100
AcDbLine
 10
11.38636128682947
 20
15.68079683680921
 30
0.0
 11
10.21080127151026
 21
15.68079683680921
 31
0.0
  0
LINE
  5
3E9
330
1F
100
AcDbEntity
  8
DET-BORDE ESTRUCTURA
100
AcDbLine
 10
11.62584982592352
 20
20.79376279854055
 30
0.0
 11
11.32884982592304
 21
20.79376279854055
 31
0.0
  0
LWPOLYLINE
  5
3EA
330
1F
100
AcDbEntity
  8
DET-BORDE ESTRUCTURA
100
AcDbPolyline
 90
        4
 70
     1
 43
0.0
 10
11.81721805755705
 20
19.50999415318379
 10
11.14221805755596
 20
19.50999415318379
 10
11.14221805755596
 20
19.53699415318382
 10
11.81721805755705
 20
19.53699415318382
  0
LINE
  5
3EB
102
{ACAD_REACTORS
330
450
102
}
330
1F
100
AcDbEntity
  8
DET-BORDE ESTRUCTURA
100
AcDbLine
 10
11.62584982592352
 20
19.69898376683463
 30
0.0
 11
11.81721805755705
 21
19.53699415318382
 31
0.0
  0
LINE
  5
3EC
330
1F
100
AcDbEntity
  8
DET-BORDE ESTRUCTURA
100
AcDbLine
 10
11.32884982592304
 20
19.69898376683463
 30
0.0
 11
11.14221805755596
 21
19.53699415318382
 31
0.0
  0
LINE
  5
3ED
330
1F
100
AcDbEntity
  8
DET-BORDE ESTRUCTURA
100
AcDbLine
 10
11.62584982592352
 20
19.59663480777167
 30
0.0
 11
11.62584982592352
 21
15.68079683680921
 31
0.0
  0
LINE
  5
3EE
330
1F
100
AcDbEntity
  8
DET-BORDE ESTRUCTURA
100
AcDbLine
 10
11.32884982592304
 20
19.59663480777167
 30
0.0
 11
11.32884982592304
 21
15.68079683680921
 31
0.0
  0
LWPOLYLINE
  5
3EF
330
1F
100
AcDbEntity
  8
DET-BORDE ESTRUCTURA
100
AcDbPolyline
 90
        4
 70
     1
 43
0.0
 10
10.80234982592492
 20
19.32662442142177
 10
12.15234982592528
 20
19.32662442142177
 10
12.15234982592528
 20
19.19162442142247
 10
10.80234982592492
 20
19.19162442142247
  0
LINE
  5
3F0
330
1F
100
AcDbEntity
  8
DET-BORDE ESTRUCTURA
100
AcDbLine
 10
10.48690369877522
 20
19.19162442142155
 30
0.0
 11
11.32884982592304
 21
19.19162442142155
 31
0.0
  0
LINE
  5
3F1
330
1F
100
AcDbEntity
  8
DET-BORDE ESTRUCTURA
100
AcDbLine
 10
11.38636128682947
 20
15.68079683680921
 30
0.0
 11
11.42637471035641
 21
15.77924905398582
 31
0.0
  0
LINE
  5
3F2
330
1F
100
AcDbEntity
  8
DET-BORDE ESTRUCTURA
100
AcDbLine
 10
11.42637471035641
 20
15.77924905398582
 30
0.0
 11
11.50215396416252
 21
15.57143176041777
 31
0.0
  0
LINE
  5
3F3
330
1F
100
AcDbEntity
  8
DET-BORDE ESTRUCTURA
100
AcDbLine
 10
11.50215396416252
 20
15.57143176041777
 30
0.0
 11
11.54207470459414
 21
15.68079683680921
 31
0.0
  0
LINE
  5
3F4
330
1F
100
AcDbEntity
  8
DET-BORDE ESTRUCTURA
100
AcDbLine
 10
12.74795961824156
 20
15.38806943557925
 30
0.0
 11
11.54207470459505
 21
15.38806943557925
 31
0.0
  0
LINE
  5
3F5
330
1F
100
AcDbEntity
  8
DET-BORDE ESTRUCTURA
100
AcDbLine
 10
11.38636128683038
 20
15.3880694355797
 30
0.0
 11
10.21080127151026
 21
15.3880694355797
 31
0.0
  0
LINE
  5
3F6
330
1F
100
AcDbEntity
  8
DET-BORDE ESTRUCTURA
100
AcDbLine
 10
11.38636128682947
 20
15.38806943557925
 30
0.0
 11
11.42637471035641
 21
15.48652165275676
 31
0.0
  0
LINE
  5
3F7
330
1F
100
AcDbEntity
  8
DET-BORDE ESTRUCTURA
100
AcDbLine
 10
11.42637471035641
 20
15.48652165275676
 30
0.0
 11
11.50215396416252
 21
15.27870435918871
 31
0.0
  0
LINE
  5
3F8
330
1F
100
AcDbEntity
  8
DET-BORDE ESTRUCTURA
100
AcDbLine
 10
11.50215396416252
 20
15.27870435918871
 30
0.0
 11
11.54207470459505
 21
15.3880694355797
 31
0.0
  0
HATCH
  5
3F9
330
1F
100
AcDbEntity
  8
DET-TRAMAS
100
AcDbHatch
 10
0.0
 20
0.0
 30
0.0
210
0.0
220
0.0
230
1.0
  2
ANSI32
 70
     0
 71
     1
 91
        1
 92
        7
 72
     0
 73
     1
 93
        8
 10
12.47958142738434
 20
10.90116283609164
 10
11.62584982592352
 20
10.90116283609164
 10
11.62584982592352
 20
7.912463513697598
 10
11.32884982592304
 20
7.912463513697598
 10
11.32884982592304
 20
10.90116283609164
 10
10.48690369877522
 20
10.90116283609164
 10
10.48690369877522
 20
7.031213882518253
 10
12.47958142738434
 20
7.031213882518253
 97
        4
330
43B
330
3FA
330
3FC
330
3FB
 75
     0
 76
     1
 52
0.0
 41
0.025
 77
     0
 78
     2
 53
45.0
 43
-701.308373651877
 44
-311.230173947632
 45
-0.1683798022700466
 46
0.1683798022700467
 79
     0
 53
45.0
 43
-701.1961204018771
 44
-311.230173947632
 45
-0.1683798022700466
 46
0.1683798022700467
 79
     0
 47
0.0100475620647149
 98
        1
 10
12.08814285649396
 20
9.301707793560902
1001
GradientColor1ACI
1070
     5
1001
GradientColor2ACI
1070
     2
1001
ACAD
1010
0.0
1020
0.0
1030
0.0
  0
LINE
  5
3FA
102
{ACAD_REACTORS
330
3F9
102
}
330
1F
100
AcDbEntity
  8
DET-BORDE ESTRUCTURA
100
AcDbLine
 10
11.62584982592352
 20
15.38806943558016
 30
0.0
 11
11.62584982592352
 21
7.912463513697598
 31
0.0
  0
LINE
  5
3FB
102
{ACAD_REACTORS
330
3F9
102
}
330
1F
100
AcDbEntity
  8
DET-BORDE ESTRUCTURA
100
AcDbLine
 10
11.32884982592304
 20
15.38806943558016
 30
0.0
 11
11.32884982592304
 21
7.912463513697598
 31
0.0
  0
LINE
  5
3FC
102
{ACAD_REACTORS
330
3F9
102
}
330
1F
100
AcDbEntity
  8
DET-BORDE ESTRUCTURA
100
AcDbLine
 10
11.62584982592352
 20
7.912463513697598
 30
0.0
 11
11.32884982592304
 21
7.912463513697598
 31
0.0
  0
LWPOLYLINE
  5
3FD
330
1F
100
AcDbEntity
  8
DET-BORDE ESTRUCTURA
100
AcDbPolyline
 90
        3
 70
     0
 43
0.0
 10
11.62584982592352
 20
19.19162442142247
 10
12.47958142738434
 20
19.19162442142247
 10
12.47958142738434
 20
15.68079683680921
  0
LWPOLYLINE
  5
3FE
330
1F
100
AcDbEntity
  8
DET-BORDE ESTRUCTURA
100
AcDbPolyline
 90
        4
 70
     0
 43
0.0
 10
12.47958142738434
 20
15.38806943557925
 10
12.47958142738434
 20
7.031213882518253
 10
10.48690369877522
 20
7.031213882518253
 10
10.48690369877522
 20
15.38806943558016
  0
LWPOLYLINE
  5
3FF
330
1F
100
AcDbEntity
  8
DET-BORDE ESTRUCTURA
100
AcDbPolyline
 90
        3
 70
     0
 43
0.0
 10
10.48690369877522
 20
15.68079683680921
 10
10.48690369877522
 20
19.19162442142155
 10
11.32884982592304
 20
19.19162442142155
  0
LINE
  5
400
330
1F
100
AcDbEntity
  8
DET-BORDE ESTRUCTURA
100
AcDbLine
 10
11.62584982592352
 20
19.19162442142247
 30
0.0
 11
12.47958142738434
 21
19.19162442142247
 31
0.0
  0
LINE
  5
401
330
1F
100
AcDbEntity
  8
DET-BORDE ESTRUCTURA
100
AcDbLine
 10
10.80234982592492
 20
20.94662442142167
 30
0.0
 11
9.763644370474141
 21
20.94662442142167
 31
0.0
  0
LINE
  5
402
330
1F
100
AcDbEntity
  8
DET-BORDE ESTRUCTURA
100
AcDbLine
 10
12.15234982592528
 20
20.94662442142167
 30
0.0
 11
13.38760284846921
 21
20.94662442142167
 31
0.0
  0
CIRCLE
  5
403
330
1F
100
AcDbEntity
  8
DET-BORDE ESTRUCTURA
100
AcDbCircle
 10
4.050668391188536
 20
20.39974810970293
 30
0.0
 40
0.509526296511922
  0
CIRCLE
  5
404
330
1F
100
AcDbEntity
  8
DET-BORDE ESTRUCTURA
100
AcDbCircle
 10
4.050668391188536
 20
20.39974810970293
 30
0.0
 40
0.709526296511922
  0
CIRCLE
  5
405
330
1F
100
AcDbEntity
  8
DET-BORDE ESTRUCTURA
100
AcDbCircle
 10
4.050668391188536
 20
20.39974810970293
 30
0.0
 40
1.333250178009165
  0
LINE
  5
406
330
1F
100
AcDbEntity
  8
DET-TEXTO LÍNEA
100
AcDbLine
 10
4.315346510759353
 20
20.67605741587145
 30
0.0
 11
5.223290402424481
 21
21.62390058157857
 31
0.0
  0
LINE
  5
407
330
1F
100
AcDbEntity
  8
DET-TEXTO LÍNEA
100
AcDbLine
 10
5.223290402424481
 20
21.62390058157857
 30
0.0
 11
5.519633445272575
 21
21.62390058157857
 31
0.0
  0
LINE
  5
408
330
1F
100
AcDbEntity
  8
DET-TEXTO LÍNEA
100
AcDbLine
 10
4.403130242350471
 20
20.8327879740335
 30
0.0
 11
4.403130242350471
 21
20.70260957113065
 31
0.0
  0
LINE
  5
409
330
1F
100
AcDbEntity
  8
DET-TEXTO LÍNEA
100
AcDbLine
 10
4.541479078738574
 20
20.97721650123626
 30
0.0
 11
4.541479078738574
 21
20.8470380983325
 31
0.0
  0
LINE
  5
40A
330
1F
100
AcDbEntity
  8
DET-BORDE ESTRUCTURA
100
AcDbLine
 10
3.341142094676341
 20
17.27788866200272
 30
0.0
 11
3.341142094676341
 21
14.69525834634474
 31
0.0
  0
LINE
  5
40B
330
1F
100
AcDbEntity
  8
DET-BORDE ESTRUCTURA
100
AcDbLine
 10
4.760194687700731
 20
17.27788866200272
 30
0.0
 11
4.760194687700731
 21
14.69525834634474
 31
0.0
  0
LINE
  5
40C
330
1F
100
AcDbEntity
  8
DET-BORDE ESTRUCTURA
100
AcDbLine
 10
3.341142094676341
 20
14.46411553202902
 30
0.0
 11
4.760194687700731
 21
14.46411553202902
 31
0.0
  0
LWPOLYLINE
  5
40D
330
1F
100
AcDbEntity
  8
DET-BORDE ESTRUCTURA
100
AcDbPolyline
 90
        4
 70
     1
 43
0.0
 10
2.583273273130997
 20
14.69525834634474
 10
5.518063509246076
 20
14.69525834634474
 10
5.518063509246076
 20
14.46411553202902
 10
2.583273273130997
 20
14.46411553202902
  0
LINE
  5
40E
330
1F
100
AcDbEntity
  8
DET-BORDE ESTRUCTURA
100
AcDbLine
 10
2.583273273130997
 20
14.69525834634474
 30
0.0
 11
3.341142094676341
 21
15.82659911259575
 31
0.0
  0
LINE
  5
40F
330
1F
100
AcDbEntity
  8
DET-BORDE ESTRUCTURA
100
AcDbLine
 10
5.518063509246076
 20
14.69525834634474
 30
0.0
 11
4.760194687700731
 21
15.82659911259575
 31
0.0
  0
LINE
  5
410
330
1F
100
AcDbEntity
  8
DET-BORDE ESTRUCTURA
100
AcDbLine
 10
3.341142094676341
 20
14.46411553202902
 30
0.0
 11
3.341142094676341
 21
12.45429312685869
 31
0.0
  0
LINE
  5
411
330
1F
100
AcDbEntity
  8
DET-BORDE ESTRUCTURA
100
AcDbLine
 10
3.165251396791518
 20
12.45429312685869
 30
0.0
 11
3.912425997876653
 21
12.45429312685869
 31
0.0
  0
LINE
  5
412
330
1F
100
AcDbEntity
  8
DET-BORDE ESTRUCTURA
100
AcDbLine
 10
4.760194687700731
 20
14.46411553202902
 30
0.0
 11
4.760194687700731
 21
12.47706112998626
 31
0.0
  0
LINE
  5
413
330
1F
100
AcDbEntity
  8
DET-TEXTO LÍNEA
100
AcDbLine
 10
4.243544967919206
 20
22.26221573653434
 30
0.0
 11
2.73395766914973
 21
22.26221573653434
 31
0.0
  0
LINE
  5
414
330
1F
100
AcDbEntity
  8
DET-TEXTO LÍNEA
100
AcDbLine
 10
4.243544967919206
 20
22.26221573653434
 30
0.0
 11
4.243544967919206
 21
21.37525462101518
 31
0.0
  0
LINE
  5
415
330
1F
100
AcDbEntity
  8
DET-BORDE ESTRUCTURA
100
AcDbLine
 10
3.912425997876653
 20
12.45429312685869
 30
0.0
 11
3.989642240584089
 21
12.69297087110849
 31
0.0
  0
LINE
  5
416
330
1F
100
AcDbEntity
  8
DET-BORDE ESTRUCTURA
100
AcDbLine
 10
3.989642240584089
 20
12.69297087110849
 30
0.0
 11
4.117643742673408
 21
12.21160784010758
 31
0.0
  0
LINE
  5
417
330
1F
100
AcDbEntity
  8
DET-BORDE ESTRUCTURA
100
AcDbLine
 10
4.117643742673408
 20
12.21160784010758
 30
0.0
 11
4.177644647574651
 21
12.47706112998626
 31
0.0
  0
LINE
  5
418
330
1F
100
AcDbEntity
  8
DET-BORDE ESTRUCTURA
100
AcDbLine
 10
4.177644647574651
 20
12.47706112998626
 30
0.0
 11
4.896195882080518
 21
12.47706112998626
 31
0.0
  0
CIRCLE
  5
419
330
1F
100
AcDbEntity
  8
DET-BORDE ESTRUCTURA
100
AcDbCircle
 10
4.050668391188536
 20
10.07154928843634
 30
0.0
 40
0.509526296511922
  0
CIRCLE
  5
41A
330
1F
100
AcDbEntity
  8
DET-BORDE ESTRUCTURA
100
AcDbCircle
 10
4.050668391188536
 20
10.07154928843634
 30
0.0
 40
0.709526296511922
  0
CIRCLE
  5
41B
330
1F
100
AcDbEntity
  8
DET-BORDE ESTRUCTURA
100
AcDbCircle
 10
4.050668391188536
 20
10.07154928843634
 30
0.0
 40
1.464498675860994
  0
LINE
  5
41C
330
1F
100
AcDbEntity
  8
DET-BORDE ESTRUCTURA
100
AcDbLine
 10
4.140604977868861
 20
10.77994655614734
 30
0.0
 11
4.140668391011786
 21
11.53549740387994
 31
0.0
  0
LINE
  5
41D
330
1F
100
AcDbEntity
  8
DET-BORDE ESTRUCTURA
100
AcDbLine
 10
3.960731804435453
 20
10.77994754296319
 30
0.0
 11
3.960683303058431
 21
11.53549879805846
 31
0.0
  0
LINE
  5
41E
330
1F
100
AcDbEntity
  8
DET-BORDE ESTRUCTURA
100
AcDbLine
 10
4.609581167438136
 20
9.627103805765139
 30
0.0
 11
5.255435525886696
 21
9.235020606423498
 31
0.0
  0
LINE
  5
41F
330
1F
100
AcDbEntity
  8
DET-BORDE ESTRUCTURA
100
AcDbLine
 10
4.702911928873618
 20
9.780868975722665
 30
0.0
 11
5.348824704101388
 21
9.388881235827152
 31
0.0
  0
LINE
  5
420
330
1F
100
AcDbEntity
  8
DET-BORDE ESTRUCTURA
100
AcDbLine
 10
3.399598254099601
 20
9.778252586934607
 30
0.0
 11
2.755257371368769
 21
9.383687111537122
 31
0.0
  0
LINE
  5
421
330
1F
100
AcDbEntity
  8
DET-BORDE ESTRUCTURA
100
AcDbLine
 10
3.493544062653199
 20
9.624862419136071
 30
0.0
 11
2.849261284802195
 21
9.230201294124166
 31
0.0
  0
LINE
  5
422
330
1F
100
AcDbEntity
  8
DET-TEXTO LÍNEA
100
AcDbLine
 10
3.145285244795103
 20
9.470168459519618
 30
0.0
 11
2.625263759937296
 21
8.837672443902969
 31
0.0
  0
LINE
  5
423
330
1F
100
AcDbEntity
  8
DET-TEXTO LÍNEA
100
AcDbLine
 10
1.500749225106119
 20
8.837672443902969
 30
0.0
 11
2.625263759937296
 21
8.837672443902969
 31
0.0
  0
LINE
  5
424
330
1F
100
AcDbEntity
  8
DET-TEXTO LÍNEA
100
AcDbLine
 10
5.48242136910312
 20
16.38620142582236
 30
0.0
 11
6.606935903934298
 21
16.38620142582236
 31
0.0
  0
LINE
  5
425
330
1F
100
AcDbEntity
  8
DET-TEXTO LÍNEA
100
AcDbLine
 10
5.48242136910312
 20
16.38620142582236
 30
0.0
 11
4.985971345608503
 21
15.05318339106848
 31
0.0
  0
MTEXT
  5
426
330
1F
100
AcDbEntity
  8
DET-TEXTO
100
AcDbMText
 10
2.75998767674764
 20
22.57300593414707
 30
0.0
 40
0.2
 41
9.018641700436546
 46
0.0
 71
     1
 72
     5
  1
Inyección\Phormigón
  7
CENTURY
 73
     1
 44
1.0
101
Embedded Object
 70
     1
 10
1.0
 20
0.0
 30
0.0
 11
2.75998767674764
 21
22.57300593414707
 31
0.0
 40
9.018641700436546
 41
0.0
 42
1.290142760027192
 43
0.6257874461817359
 71
     2
 72
     1
 44
9.018641700436546
 45
12.5
 73
     0
 74
     0
 46
-0.6257874461817359
1001
ACAD
1000
MTEXTBEGIN
1070
    73
1070
     1
1070
    44
1040
1.0
1070
    74
1070
     0
1000
MTEXTEND
  0
MTEXT
  5
427
330
1F
100
AcDbEntity
  8
DET-TEXTO
100
AcDbMText
 10
5.26175887295767
 20
21.9120768495603
 30
0.0
 40
0.2
 41
9.018641700436546
 46
0.0
 71
     1
 72
     5
  1
e1
  7
CENTURY
 73
     1
 44
1.0
101
Embedded Object
 70
     1
 10
1.0
 20
0.0
 30
0.0
 11
5.26175887295767
 21
21.9120768495603
 31
0.0
 40
9.018641700436546
 41
0.0
 42
0.2577838205302516
 43
0.2038069340584637
 71
     2
 72
     1
 44
9.018641700436546
 45
12.5
 73
     0
 74
     0
 46
-0.2038069340584637
1001
ACAD
1000
MTEXTBEGIN
1070
    73
1070
     1
1070
    44
1040
1.0
1070
    74
1070
     0
1000
MTEXTEND
  0
DIMENSION
  5
428
330
1F
100
AcDbEntity
  8
DET-COTAS
100
AcDbDimension
280
     0
  2
*D14
 10
5.383918569196338
 20
18.12292145844171
 30
0.0
 11
4.050668391188536
 21
18.28420629868645
 31
0.0
 70
    32
  1
%%C1
 71
     5
 42
266.6500356015604
 73
     0
 74
     0
 75
     0
  3
cotas formato 1.100
100
AcDbAlignedDimension
 13
2.717418213180735
 23
19.56146127405905
 33
0.0
 14
5.383918569196338
 24
19.56146127405905
 34
0.0
 50
0.0
100
AcDbRotatedDimension
1001
ACAD_DSTYLE_DIMJOGGED_JOGANGLE_SYMBOL
1070
   384
1040
1.570796326794896
  0
DIMENSION
  5
429
330
1F
100
AcDbEntity
  8
DET-COTAS
100
AcDbDimension
280
     0
  2
*D15
 10
3.341142094676341
 20
18.58101083312508
 30
0.0
 11
4.050668391188536
 21
18.74229567336982
 31
0.0
 70
    32
  1
%%C2
 71
     5
 42
141.9052593024389
 73
     0
 74
     0
 75
     0
  3
cotas formato 1.100
100
AcDbAlignedDimension
 13
4.760194687700731
 23
19.51574858127774
 33
0.0
 14
3.341142094676341
 24
19.51574858127774
 34
0.0
 50
0.0
100
AcDbRotatedDimension
1001
ACAD_DSTYLE_DIMJOGGED_JOGANGLE_SYMBOL
1070
   384
1040
1.570796326794896
  0
MTEXT
  5
42A
330
1F
100
AcDbEntity
  8
DET-TEXTO
100
AcDbMText
 10
5.48242136910312
 20
16.67942974840921
 30
0.0
 40
0.2
 41
9.018641700436546
 46
0.0
 71
     1
 72
     5
  1
Cartela\Pe=10 mm
  7
CENTURY
 73
     1
 44
1.0
101
Embedded Object
 70
     1
 10
1.0
 20
0.0
 30
0.0
 11
5.48242136910312
 21
16.67942974840921
 31
0.0
 40
9.018641700436546
 41
0.0
 42
1.224881033310672
 43
0.5484251076365285
 71
     2
 72
     1
 44
9.018641700436546
 45
12.5
 73
     0
 74
     0
 46
-0.5484251076365285
1001
ACAD
1000
MTEXTBEGIN
1070
    73
1070
     1
1070
    44
1040
1.0
1070
    74
1070
     0
1000
MTEXTEND
  0
DIMENSION
  5
42B
330
1F
100
AcDbEntity
  8
DET-COTAS
100
AcDbDimension
280
     0
  2
*D16
 10
5.973332527908495
 20
14.69525834634474
 30
0.0
 11
5.820817232191298
 21
15.26092872947024
 31
0.0
 70
    32
  1
h1
 71
     5
 42
113.1340766251014
 73
     0
 74
     0
 75
     0
  3
cotas formato 1.100
100
AcDbAlignedDimension
 13
4.880883257700133
 23
15.82659911259575
 33
0.0
 14
5.638752079245477
 24
14.69525834634474
 34
0.0
 50
90.0
100
AcDbRotatedDimension
1001
ACAD_DSTYLE_DIMJOGGED_JOGANGLE_SYMBOL
1070
   384
1040
1.570796326794896
  0
LINE
  5
42C
330
1F
100
AcDbEntity
  8
DET-COTAS
 62
     8
100
AcDbLine
 10
2.423273273131143
 20
14.69525834634518
 30
0.0
 11
2.153963953019683
 21
14.69525834634518
 31
0.0
  0
LINE
  5
42D
330
1F
100
AcDbEntity
  8
DET-COTAS
 62
     8
100
AcDbLine
 10
2.423273273131143
 20
14.46411553202947
 30
0.0
 11
2.153963953019683
 21
14.46411553202947
 31
0.0
  0
LINE
  5
42E
330
1F
100
AcDbEntity
  8
DET-COTAS
 62
     4
100
AcDbLine
 10
2.3539639530195
 20
14.69525834634518
 30
0.0
 11
2.3539639530195
 21
14.83525834634506
 31
0.0
  0
LINE
  5
42F
330
1F
100
AcDbEntity
  8
DET-COTAS
 62
     4
100
AcDbLine
 10
2.3539639530195
 20
14.46411553202947
 30
0.0
 11
2.3539639530195
 21
14.32411553202937
 31
0.0
  0
LINE
  5
430
330
1F
100
AcDbEntity
  8
DET-COTAS
 62
     4
100
AcDbLine
 10
2.3539639530195
 20
14.69525834634518
 30
0.0
 11
2.3539639530195
 21
14.46411553202947
 31
0.0
  0
INSERT
  5
431
330
1F
100
AcDbEntity
  8
DET-COTAS
 62
     4
100
AcDbBlockReference
  2
_Oblique
 10
2.3539639530195
 20
14.69525834634518
 30
0.0
 41
0.14
 42
0.14
 43
0.14
 50
270.0
  0
INSERT
  5
432
330
1F
100
AcDbEntity
  8
DET-COTAS
 62
     4
100
AcDbBlockReference
  2
_Oblique
 10
2.3539639530195
 20
14.46411553202947
 30
0.0
 41
0.14
 42
0.14
 43
0.14
 50
90.0
  0
MTEXT
  5
433
330
1F
100
AcDbEntity
  8
DET-COTAS
 62
     2
100
AcDbMText
 10
2.140451728964308
 20
14.24246657905551
 30
0.0
 40
0.2
 41
0.0
 46
0.0
 71
     5
 72
     1
  1
e2
  7
Formato
 11
0.0000000000000001
 21
1.0
 31
0.0
 73
     1
 44
1.0
1001
ACAD
1000
MTEXTBEGIN
1070
    73
1070
     1
1070
    44
1040
1.0
1070
    74
1070
     0
1000
MTEXTEND
  0
DIMENSION
  5
434
330
1F
100
AcDbEntity
  8
DET-COTAS
100
AcDbDimension
280
     0
  2
*D17
 10
5.518063509246076
 20
13.75323695482289
 30
0.0
 11
4.050668391188536
 21
13.91452179506762
 31
0.0
 70
    32
  1
%%C3
 71
     5
 42
293.4790236115077
 73
     0
 74
     0
 75
     0
  3
cotas formato 1.100
100
AcDbAlignedDimension
 13
2.583273273130997
 23
14.14542079197631
 33
0.0
 14
5.518063509246076
 24
14.14542079197631
 34
0.0
 50
0.0
100
AcDbRotatedDimension
1001
ACAD_DSTYLE_DIMJOGGED_JOGANGLE_SYMBOL
1070
   384
1040
1.570796326794896
  0
MTEXT
  5
435
330
1F
100
AcDbEntity
  8
DET-TEXTO
100
AcDbMText
 10
1.500749225106119
 20
9.130900766489823
 30
0.0
 40
0.2
 41
9.018641700436546
 46
0.0
 71
     1
 72
     5
  1
Cartela\Pe=10mm
  7
CENTURY
 73
     1
 44
1.0
101
Embedded Object
 70
     1
 10
1.0
 20
0.0
 30
0.0
 11
1.500749225106119
 21
9.130900766489823
 31
0.0
 40
9.018641700436546
 41
0.0
 42
1.147790618626784
 43
0.5484251076365285
 71
     2
 72
     1
 44
9.018641700436546
 45
12.5
 73
     0
 74
     0
 46
-0.5484251076365285
1001
ACAD
1000
MTEXTBEGIN
1070
    73
1070
     1
1070
    44
1040
1.0
1070
    74
1070
     0
1000
MTEXTEND
  0
DIMENSION
  5
436
330
1F
100
AcDbEntity
  8
DET-COTAS
100
AcDbDimension
280
     0
  2
*D18
 10
12.52443401260598
 20
19.32662442142177
 30
0.0
 11
12.52443401260598
 21
19.86704173985968
 31
0.0
 70
   160
  1
8
 71
     5
 42
21.03697317620571
 73
     0
 74
     0
 75
     0
  3
cotas formato 1.100
100
AcDbAlignedDimension
 13
12.15234982592528
 23
19.53699415318382
 33
0.0
 14
12.15234982592528
 24
19.32662442142177
 34
0.0
 50
90.0
100
AcDbRotatedDimension
1001
ACAD_DSTYLE_DIMJOGGED_JOGANGLE_SYMBOL
1070
   384
1040
1.570796326794896
  0
MTEXT
  5
437
330
1F
100
AcDbEntity
  8
DET-TEXTO
100
AcDbMText
 10
5.385360114664308
 20
21.43756801868935
 30
0.0
 40
0.2
 41
9.018641700436546
 46
0.0
 71
     1
 72
     5
  1
Tubo \Pestructural
  7
CENTURY
 73
     1
 44
1.0
101
Embedded Object
 70
     1
 10
1.0
 20
0.0
 30
0.0
 11
5.385360114664308
 21
21.43756801868935
 31
0.0
 40
9.018641700436546
 41
0.0
 42
1.377566281441196
 43
0.5472014502605937
 71
     2
 72
     1
 44
9.018641700436546
 45
12.5
 73
     0
 74
     0
 46
-0.5472014502605937
1001
ACAD
1000
MTEXTBEGIN
1070
    73
1070
     1
1070
    44
1040
1.0
1070
    74
1070
     0
1000
MTEXTEND
  0
LINE
  5
438
330
1F
100
AcDbEntity
  8
DET-TEXTO LÍNEA
100
AcDbLine
 10
6.862193246962306
 20
21.1645223030117
 30
0.0
 11
5.317888064495491
 21
21.1645223030117
 31
0.0
  0
LINE
  5
439
330
1F
100
AcDbEntity
  8
DET-TEXTO LÍNEA
100
AcDbLine
 10
4.650754212145783
 20
20.46807148885214
 30
0.0
 11
5.317888064495491
 21
21.1645223030117
 31
0.0
  0
MTEXT
  5
43A
330
1F
100
AcDbEntity
  8
DET-TEXTO
100
AcDbMText
 10
2.227395170468298
 20
8.610107156240113
 30
0.0
 40
0.2
 41
4.303680936397539
 46
0.0
 71
     1
 72
     5
  1
\PSe dispondrán soldaduras en todos los perímetros
  7
CENTURY
 73
     1
 44
1.0
101
Embedded Object
 70
     1
 10
1.0
 20
0.0
 30
0.0
 11
2.227395170468298
 21
8.610107156240113
 31
0.0
 40
4.303680936397539
 41
0.0
 42
3.878857919782461
 43
0.9553138454566056
 71
     2
 72
     1
 44
4.303680936397539
 45
12.5
 73
     0
 74
     0
 46
-0.9553138454566056
1001
ACAD
1000
MTEXTBEGIN
1070
    73
1070
     1
1070
    44
1040
1.0
1070
    74
1070
     0
1000
MTEXTEND
  0
LWPOLYLINE
  5
43B
102
{ACAD_REACTORS
330
3F9
102
}
330
1F
100
AcDbEntity
  8
DET-BORDE ESTRUCTURA
100
AcDbPolyline
 90
        6
 70
     0
 43
0.0
 10
11.62584982592352
 20
10.90116283609164
 10
12.47958142738434
 20
10.90116283609164
 10
12.47958142738434
 20
7.031213882518253
 10
10.48690369877522
 20
7.031213882518253
 10
10.48690369877522
 20
10.90116283609164
 10
11.32884982592304
 20
10.90116283609164
  0
DIMENSION
  5
43C
330
1F
100
AcDbEntity
  8
FINO
100
AcDbDimension
280
     0
  2
*D19
 10
13.32386848369697
 20
19.19162442142269
 30
0.0
 11
13.32386848369697
 21
13.59190883364713
 31
0.0
 70
   160
  1
L: Longitud media estimada 9,00 m
 71
     5
 42
1127.91609077251
 73
     0
 74
     0
 75
     0
  3
cotas formato 1.100
100
AcDbAlignedDimension
 13
12.47958142738434
 23
7.912463513697598
 33
0.0
 14
12.47958142738434
 24
19.19162442142269
 34
0.0
 50
90.0
100
AcDbRotatedDimension
1001
ACAD_DSTYLE_DIMJOGGED_JOGANGLE_SYMBOL
1070
   384
1040
1.570796326794896
1001
ACAD
1000
DSTYLE
1002
{
1070
   340
1005
2C3
1002
}
  0
LWPOLYLINE
  5
43D
330
1F
100
AcDbEntity
  8
FINO
100
AcDbPolyline
 90
        2
 70
     0
 43
0.0
 10
10.8778736106583
 20
8.693082228377855
 10
7.684300297691152
 20
8.693082228377855
  0
MTEXT
  5
43E
330
1F
100
AcDbEntity
  8
DET-TEXTO
100
AcDbMText
 10
7.684300297691152
 20
8.980941827927019
 30
0.0
 40
0.2
 41
2.925424506385296
 46
0.0
 71
     1
 72
     5
  1
Nivel geotécnico de empotramiento
  7
CENTURY
 73
     1
 44
1.0
101
Embedded Object
 70
     1
 10
1.0
 20
0.0
 30
0.0
 11
7.684300297691152
 21
8.980941827927019
 31
0.0
 40
2.925424506385296
 41
0.0
 42
2.734058463630184
 43
0.6135508724223885
 71
     2
 72
     1
 44
2.925424506385296
 45
12.5
 73
     0
 74
     0
 46
-0.6135508724223885
1001
ACAD
1000
MTEXTBEGIN
1070
    73
1070
     1
1070
    44
1040
1.0
1070
    74
1070
     0
1000
MTEXTEND
  0
INSERT
  5
43F
102
{ACAD_REACTORS
330
4C2
102
}
330
1F
100
AcDbEntity
  8
DET-COTAS
100
AcDbBlockReference
  2
*U12
 10
-762.9404204968304
 20
-106.4160077585551
 30
0.0
 50
344.3184748881411
  0
LINE
  5
440
330
1F
100
AcDbEntity
  8
DET-BORDE ESTRUCTURA
100
AcDbLine
 10
11.57168462331765
 20
19.67248862310212
 30
0.0
 11
11.57168462331765
 21
20.64091894089902
 31
0.0
  0
ARC
  5
441
330
1F
100
AcDbEntity
  8
DET-BORDE ESTRUCTURA
100
AcDbCircle
 10
11.62168462331738
 20
20.64091894089902
 30
0.0
 40
0.0500000000000114
100
AcDbArc
 50
90.00000000005211
 51
180.0000000001302
  0
LINE
  5
442
330
1F
100
AcDbEntity
  8
DET-BORDE ESTRUCTURA
100
AcDbLine
 10
11.62168462331738
 20
20.69091894089897
 30
0.0
 11
11.85035744835522
 21
20.69091894089897
 31
0.0
  0
LINE
  5
443
330
1F
100
AcDbEntity
  8
DET-BORDE ESTRUCTURA
100
AcDbLine
 10
11.85035744835522
 20
20.69091894089897
 30
0.0
 11
11.85035744835522
 21
20.73091894089917
 31
0.0
  0
LINE
  5
444
330
1F
100
AcDbEntity
  8
DET-BORDE ESTRUCTURA
100
AcDbLine
 10
11.85035744835522
 20
20.73091894089917
 30
0.0
 11
11.62168462331738
 21
20.73091894089917
 31
0.0
  0
ARC
  5
445
330
1F
100
AcDbEntity
  8
DET-BORDE ESTRUCTURA
100
AcDbCircle
 10
11.62168462331738
 20
20.64091894089902
 30
0.0
 40
0.0900000000000319
100
AcDbArc
 50
90.00000000002605
 51
180.0000000000651
  0
LINE
  5
446
330
1F
100
AcDbEntity
  8
DET-BORDE ESTRUCTURA
100
AcDbLine
 10
11.53168462331769
 20
20.64091894089902
 30
0.0
 11
11.53168462331769
 21
19.67248862310212
 31
0.0
  0
LINE
  5
447
330
1F
100
AcDbEntity
  8
DET-BORDE ESTRUCTURA
100
AcDbLine
 10
11.38301502852891
 20
19.67248862310212
 30
0.0
 11
11.38301502852891
 21
20.64091894089902
 31
0.0
  0
ARC
  5
448
330
1F
100
AcDbEntity
  8
DET-BORDE ESTRUCTURA
100
AcDbCircle
 10
11.33301502852873
 20
20.64091894089902
 30
0.0
 40
0.0500000000000114
100
AcDbArc
 50
359.9999999998697
 51
89.99999999992184
  0
LINE
  5
449
330
1F
100
AcDbEntity
  8
DET-BORDE ESTRUCTURA
100
AcDbLine
 10
11.33301502852873
 20
20.69091894089897
 30
0.0
 11
11.10434220349134
 21
20.69091894089897
 31
0.0
  0
LINE
  5
44A
330
1F
100
AcDbEntity
  8
DET-BORDE ESTRUCTURA
100
AcDbLine
 10
11.10434220349134
 20
20.69091894089897
 30
0.0
 11
11.10434220349134
 21
20.73091894089917
 31
0.0
  0
LINE
  5
44B
330
1F
100
AcDbEntity
  8
DET-BORDE ESTRUCTURA
100
AcDbLine
 10
11.10434220349134
 20
20.73091894089917
 30
0.0
 11
11.33301502852873
 21
20.73091894089917
 31
0.0
  0
ARC
  5
44C
330
1F
100
AcDbEntity
  8
DET-BORDE ESTRUCTURA
100
AcDbCircle
 10
11.33301502852873
 20
20.64091894089902
 30
0.0
 40
0.0900000000000319
100
AcDbArc
 50
359.9999999999218
 51
89.99999999997395
  0
LINE
  5
44D
330
1F
100
AcDbEntity
  8
DET-BORDE ESTRUCTURA
100
AcDbLine
 10
11.42301502852888
 20
20.64091894089902
 30
0.0
 11
11.42301502852888
 21
19.67248862310212
 31
0.0
  0
DIMENSION
  5
44E
102
{ACAD_XDICTIONARY
360
44F
102
}
102
{ACAD_REACTORS
330
450
102
}
330
1F
100
AcDbEntity
  8
DET-COTAS
100
AcDbDimension
280
     0
  2
*D20
 10
12.00356773392013
 20
19.53699415318429
 30
0.0
 11
11.84853714248573
 21
20.12395654704174
 31
0.0
 70
    32
  1
50
 71
     5
 42
117.3924787714895
 73
     0
 74
     0
 75
     0
  3
cotas formato 1.100
100
AcDbAlignedDimension
 13
11.85035744835522
 23
20.71091894089919
 33
0.0
 14
11.81721805755705
 24
19.53699415318429
 34
0.0
 50
90.0
100
AcDbRotatedDimension
1001
ACAD_DSTYLE_DIMJOGGED_JOGANGLE_SYMBOL
1070
   384
1040
1.570796326794896
  0
DIMENSION
  5
451
330
1F
100
AcDbEntity
  8
DET-COTAS
100
AcDbDimension
280
     0
  2
*D21
 10
11.53168462331769
 20
21.13832937075572
 30
0.0
 11
12.16877349186325
 21
21.13832937075572
 31
0.0
 70
   160
  1
15
 71
     5
 42
31.86728250375381
 73
     0
 74
     0
 75
     0
  3
cotas formato 1.100
100
AcDbAlignedDimension
 13
11.85035744835522
 23
20.84030267028706
 33
0.0
 14
11.53168462331769
 24
20.8403026702873
 34
0.0
 50
0.0
100
AcDbRotatedDimension
1001
ACAD_DSTYLE_DIMJOGGED_JOGANGLE_SYMBOL
1070
   384
1040
1.570796326794896
  0
LINE
  5
452
330
1F
100
AcDbEntity
  8
DET-TEXTO LÍNEA
100
AcDbLine
 10
4.928411580413466
 20
10.63433049911791
 30
0.0
 11
5.536977540074984
 21
11.42520027467604
 31
0.0
  0
LINE
  5
453
330
1F
100
AcDbEntity
  8
DET-TEXTO LÍNEA
100
AcDbLine
 10
5.536977540074984
 20
11.42520027467604
 30
0.0
 11
6.661492074906162
 21
11.42520027467604
 31
0.0
  0
MTEXT
  5
454
330
1F
100
AcDbEntity
  8
DET-TEXTO
100
AcDbMText
 10
5.536977540074984
 20
11.71842859726289
 30
0.0
 40
0.2
 41
9.018641700436546
 46
0.0
 71
     1
 72
     5
  1
3%%C20\P\pxt6;Soldadas
  7
CENTURY
 73
     1
 44
1.0
101
Embedded Object
 70
     1
 10
1.0
 20
0.0
 30
0.0
 11
5.536977540074984
 21
11.71842859726289
 31
0.0
 40
9.018641700436546
 41
0.0
 42
1.230727396329027
 43
0.5519601178336732
 71
     2
 72
     1
 44
9.018641700436546
 45
12.5
 73
     0
 74
     0
 46
-0.5519601178336732
1001
ACAD
1000
MTEXTBEGIN
1070
    73
1070
     1
1070
    44
1040
1.0
1070
    74
1070
     0
1000
MTEXTEND
  0
LWPOLYLINE
  5
455
330
1F
100
AcDbEntity
  8
DET-BORDE ESTRUCTURA
100
AcDbPolyline
 90
        4
 70
     0
 43
0.0
 10
4.348192729347373
 20
17.27788866200272
 10
4.348192729347373
 20
14.76576304053547
 10
4.507102672689143
 20
14.76576304053547
 10
4.507102672689143
 20
17.27788866200272
  0
LWPOLYLINE
  5
456
330
1F
100
AcDbEntity
  8
DET-BORDE ESTRUCTURA
100
AcDbPolyline
 90
        4
 70
     0
 43
0.0
 10
3.650384798237154
 20
17.27788866200272
 10
3.650384798237154
 20
14.74495505398304
 10
3.809294741578924
 20
14.74495505398304
 10
3.809294741578924
 20
17.27788866200272
  0
LINE
  5
457
330
1F
100
AcDbEntity
  8
DET-TEXTO LÍNEA
  6
DASHDOT
100
AcDbLine
 10
3.184428421435313
 20
17.27788866200272
 30
0.0
 11
4.842965829065632
 21
17.27788866200272
 31
0.0
  0
HATCH
  5
458
330
1F
100
AcDbEntity
  8
DET-COTAS
100
AcDbHatch
 10
0.0
 20
0.0
 30
0.0
210
0.0
220
0.0
230
1.0
  2
ANSI31
 70
     0
 71
     1
 91
        1
 92
        1
 93
        4
 72
     1
 10
3.916530514892201
 20
16.07873199427204
 11
3.809294741578468
 21
16.07873199427204
 72
     1
 10
3.809294741578468
 20
16.07873199427204
 11
3.809294741578468
 21
14.94910242963088
 72
     1
 10
3.809294741578468
 20
14.94910242963088
 11
3.916530514892201
 21
14.94910242963088
 72
     1
 10
3.916530514892201
 20
14.94910242963088
 11
3.916530514892201
 21
16.07873199427204
 97
        1
330
459
 75
     1
 76
     1
 52
0.0
 41
0.02
 77
     0
 78
     1
 53
45.0
 43
-703.6045919572166
 44
-307.9915266413681
 45
-0.0449012806053458
 46
0.0449012806053458
 79
     0
 98
        1
 10
-703.6045919572166
 20
-307.9915266413681
1001
GradientColor1ACI
1070
     5
1001
GradientColor2ACI
1070
     2
1001
ACAD
1010
0.0
1020
0.0
1030
0.0
  0
LWPOLYLINE
  5
459
102
{ACAD_REACTORS
330
458
102
}
330
1F
100
AcDbEntity
  8
FINO
100
AcDbPolyline
 90
        4
 70
     1
 43
0.0
 10
3.916530514892201
 20
16.07873199427204
 10
3.809294741578468
 20
16.07873199427204
 10
3.809294741578468
 20
14.94910242963088
 10
3.916530514892201
 20
14.94910242963088
  0
HATCH
  5
45A
330
1F
100
AcDbEntity
  8
DET-COTAS
100
AcDbHatch
 10
0.0
 20
0.0
 30
0.0
210
0.0
220
0.0
230
1.0
  2
ANSI31
 70
     0
 71
     1
 91
        1
 92
        1
 93
        4
 72
     1
 10
3.543149024923877
 20
16.91233868359141
 11
3.65038479823761
 21
16.91233868359141
 72
     1
 10
3.65038479823761
 20
16.91233868359141
 11
3.65038479823761
 21
15.78270911895024
 72
     1
 10
3.65038479823761
 20
15.78270911895024
 11
3.543149024923877
 21
15.78270911895024
 72
     1
 10
3.543149024923877
 20
15.78270911895024
 11
3.543149024923877
 21
16.91233868359141
 97
        1
330
45B
 75
     1
 76
     1
 52
0.0
 41
0.02
 77
     0
 78
     1
 53
45.0
 43
-703.6045919572166
 44
-307.1579199520487
 45
-0.0449012806053458
 46
0.0449012806053458
 79
     0
 98
        1
 10
711.0642714970326
 20
-307.1579199520487
1001
GradientColor1ACI
1070
     5
1001
GradientColor2ACI
1070
     2
1001
ACAD
1010
0.0
1020
0.0
1030
0.0
  0
LWPOLYLINE
  5
45B
102
{ACAD_REACTORS
330
45A
102
}
330
1F
100
AcDbEntity
  8
FINO
100
AcDbPolyline
 90
        4
 70
     1
 43
0.0
 10
3.543149024923877
 20
16.91233868359141
 10
3.65038479823761
 20
16.91233868359141
 10
3.65038479823761
 20
15.78270911895024
 10
3.543149024923877
 20
15.78270911895024
  0
LINE
  5
45C
330
1F
100
AcDbEntity
  8
DET-TEXTO LÍNEA
100
AcDbLine
 10
1.313316958574886
 20
16.95479055341716
 30
0.0
 11
2.843112837255374
 21
16.95479055341716
 31
0.0
  0
LINE
  5
45D
330
1F
100
AcDbEntity
  8
DET-TEXTO LÍNEA
100
AcDbLine
 10
2.843112837255374
 20
16.95479055341716
 30
0.0
 11
3.543149024923877
 21
16.07873199427204
 31
0.0
  0
MTEXT
  5
45E
330
1F
100
AcDbEntity
  8
DET-TEXTO
100
AcDbMText
 10
1.313316958574886
 20
17.24801887600402
 30
0.0
 40
0.2
 41
1.905362246950516
 46
0.0
 71
     1
 72
     5
  1
Córdon de soldadura\P(tresbolillo)
  7
CENTURY
 73
     1
 44
1.0
101
Embedded Object
 70
     1
 10
1.0
 20
0.0
 30
0.0
 11
1.313316958574886
 21
17.24801887600402
 31
0.0
 40
1.905362246950516
 41
0.0
 42
1.454792658055744
 43
0.9557217312485837
 71
     2
 72
     1
 44
1.905362246950516
 45
12.5
 73
     0
 74
     0
 46
-0.9557217312485837
1001
ACAD
1000
MTEXTBEGIN
1070
    73
1070
     1
1070
    44
1040
1.0
1070
    74
1070
     0
1000
MTEXTEND
  0
HATCH
  5
45F
330
1F
100
AcDbEntity
  8
DET-COTAS
100
AcDbHatch
 10
0.0
 20
0.0
 30
0.0
210
0.0
220
0.0
230
1.0
  2
ANSI31
 70
     0
 71
     1
 91
        1
 92
        1
 93
        4
 72
     1
 10
3.916530514892201
 20
17.27788866200272
 11
3.809294741578468
 21
17.27788866200272
 72
     1
 10
3.809294741578468
 20
17.27788866200272
 11
3.809294741578468
 21
16.67448060924753
 72
     1
 10
3.809294741578468
 20
16.67448060924753
 11
3.916530514892201
 21
16.67448060924753
 72
     1
 10
3.916530514892201
 20
16.67448060924753
 11
3.916530514892201
 21
17.27788866200272
 97
        1
330
460
 75
     1
 76
     1
 52
0.0
 41
0.02
 77
     0
 78
     1
 53
45.0
 43
-703.6045919572166
 44
-306.2661484617515
 45
-0.0449012806053458
 46
0.0449012806053458
 79
     0
 98
        1
 10
-703.6045919572166
 20
-306.2661484617515
1001
GradientColor1ACI
1070
     5
1001
GradientColor2ACI
1070
     2
1001
ACAD
1010
0.0
1020
0.0
1030
0.0
  0
LWPOLYLINE
  5
460
102
{ACAD_REACTORS
330
45F
102
}
330
1F
100
AcDbEntity
  8
FINO
100
AcDbPolyline
 90
        4
 70
     1
 43
0.0
 10
3.916530514892201
 20
17.27788866200272
 10
3.809294741578468
 20
17.27788866200272
 10
3.809294741578468
 20
16.67448060924753
 10
3.916530514892201
 20
16.67448060924753
  0
HATCH
  5
461
330
1F
100
AcDbEntity
  8
DET-COTAS
100
AcDbHatch
 10
0.0
 20
0.0
 30
0.0
210
0.0
220
0.0
230
1.0
  2
ANSI31
 70
     0
 71
     1
 91
        1
 92
        1
 93
        4
 72
     1
 10
4.614338446002419
 20
16.09953998082447
 11
4.507102672688688
 21
16.09953998082447
 72
     1
 10
4.507102672688688
 20
16.09953998082447
 11
4.507102672688688
 21
14.9699104161833
 72
     1
 10
4.507102672688688
 20
14.9699104161833
 11
4.614338446002419
 21
14.9699104161833
 72
     1
 10
4.614338446002419
 20
14.9699104161833
 11
4.614338446002419
 21
16.09953998082447
 97
        1
330
462
 75
     1
 76
     1
 52
0.0
 41
0.02
 77
     0
 78
     1
 53
45.0
 43
-702.9067840261062
 44
-307.9707186548157
 45
-0.0449012806053458
 46
0.0449012806053458
 79
     0
 98
        1
 10
-702.9067840261062
 20
-307.9707186548157
1001
GradientColor1ACI
1070
     5
1001
GradientColor2ACI
1070
     2
1001
ACAD
1010
0.0
1020
0.0
1030
0.0
  0
LWPOLYLINE
  5
462
102
{ACAD_REACTORS
330
461
102
}
330
1F
100
AcDbEntity
  8
FINO
100
AcDbPolyline
 90
        4
 70
     1
 43
0.0
 10
4.614338446002419
 20
16.09953998082447
 10
4.507102672688688
 20
16.09953998082447
 10
4.507102672688688
 20
14.9699104161833
 10
4.614338446002419
 20
14.9699104161833
  0
HATCH
  5
463
330
1F
100
AcDbEntity
  8
DET-COTAS
100
AcDbHatch
 10
0.0
 20
0.0
 30
0.0
210
0.0
220
0.0
230
1.0
  2
ANSI31
 70
     0
 71
     1
 91
        1
 92
        1
 93
        4
 72
     1
 10
4.240956956034096
 20
16.93314667014383
 11
4.348192729347828
 21
16.93314667014383
 72
     1
 10
4.348192729347828
 20
16.93314667014383
 11
4.348192729347828
 21
15.80351710550267
 72
     1
 10
4.348192729347828
 20
15.80351710550267
 11
4.240956956034096
 21
15.80351710550267
 72
     1
 10
4.240956956034096
 20
15.80351710550267
 11
4.240956956034096
 21
16.93314667014383
 97
        1
330
464
 75
     1
 76
     1
 52
0.0
 41
0.02
 77
     0
 78
     1
 53
45.0
 43
-702.9067840261062
 44
-307.1371119654963
 45
-0.0449012806053458
 46
0.0449012806053458
 79
     0
 98
        1
 10
711.7620794281426
 20
-307.1371119654963
1001
GradientColor1ACI
1070
     5
1001
GradientColor2ACI
1070
     2
1001
ACAD
1010
0.0
1020
0.0
1030
0.0
  0
LWPOLYLINE
  5
464
102
{ACAD_REACTORS
330
463
102
}
330
1F
100
AcDbEntity
  8
FINO
100
AcDbPolyline
 90
        4
 70
     1
 43
0.0
 10
4.240956956034096
 20
16.93314667014383
 10
4.348192729347828
 20
16.93314667014383
 10
4.348192729347828
 20
15.80351710550267
 10
4.240956956034096
 20
15.80351710550267
  0
HATCH
  5
465
330
1F
100
AcDbEntity
  8
DET-COTAS
100
AcDbHatch
 10
0.0
 20
0.0
 30
0.0
210
0.0
220
0.0
230
1.0
  2
ANSI31
 70
     0
 71
     1
 91
        1
 92
        1
 93
        4
 72
     1
 10
4.614338446002419
 20
17.29869664855514
 11
4.507102672688688
 21
17.29869664855514
 72
     1
 10
4.507102672688688
 20
17.29869664855514
 11
4.507102672688688
 21
16.69528859579996
 72
     1
 10
4.507102672688688
 20
16.69528859579996
 11
4.614338446002419
 21
16.69528859579996
 72
     1
 10
4.614338446002419
 20
16.69528859579996
 11
4.614338446002419
 21
17.29869664855514
 97
        1
330
466
 75
     1
 76
     1
 52
0.0
 41
0.02
 77
     0
 78
     1
 53
45.0
 43
-702.9067840261062
 44
-306.2453404751991
 45
-0.0449012806053458
 46
0.0449012806053458
 79
     0
 98
        1
 10
-702.9067840261062
 20
-306.2453404751991
1001
GradientColor1ACI
1070
     5
1001
GradientColor2ACI
1070
     2
1001
ACAD
1010
0.0
1020
0.0
1030
0.0
  0
LWPOLYLINE
  5
466
102
{ACAD_REACTORS
330
465
102
}
330
1F
100
AcDbEntity
  8
FINO
100
AcDbPolyline
 90
        4
 70
     1
 43
0.0
 10
4.614338446002419
 20
17.29869664855514
 10
4.507102672688688
 20
17.29869664855514
 10
4.507102672688688
 20
16.69528859579996
 10
4.614338446002419
 20
16.69528859579996
  0
LINE
  5
467
330
1F
100
AcDbEntity
  8
DET-TEXTO
100
AcDbLine
 10
1.668598634316991
 20
3.62194485638694
 30
0.0
 11
1.668598634316991
 21
5.464183871586478
 31
0.0
  0
LINE
  5
468
330
1F
100
AcDbEntity
  8
DET-TEXTO
100
AcDbLine
 10
1.668598634316991
 20
5.464183871586478
 30
0.0
 11
9.110459512730527
 21
5.464183871586478
 31
0.0
  0
LINE
  5
469
330
1F
100
AcDbEntity
  8
DET-TEXTO
100
AcDbLine
 10
4.287158993427225
 20
4.383586324091462
 30
0.0
 11
9.110459512731438
 21
4.383586324091462
 31
0.0
  0
TEXT
  5
46A
330
1F
100
AcDbEntity
  8
DET-TEXTO
100
AcDbText
 10
2.27737581848021
 20
4.647143398094081
 30
0.0
 40
0.256
  1
%%c (mm)
  7
Estructura
 72
     1
 11
2.947309197134187
 21
4.647143398094081
 31
0.0
100
AcDbText
  0
TEXT
  5
46B
330
1F
100
AcDbEntity
  8
DET-TEXTO
100
AcDbText
 10
3.023114265099373
 20
4.025666390496477
 30
0.0
 40
0.256
  1
180
  7
Estructura
 72
     1
 11
3.319402504392371
 21
4.025666390496477
 31
0.0
100
AcDbText
  0
LWPOLYLINE
  5
46C
330
1F
100
AcDbEntity
  8
DET-TEXTO
100
AcDbPolyline
 90
        2
 70
     0
 43
0.2564884223999999
 10
2.443606751876528
 20
4.115787956434282
 42
0.4142135623717262
 10
2.571850963077109
 20
3.987543745235521
 42
1.0
  0
LINE
  5
46D
330
1F
100
AcDbEntity
  8
DET-TEXTO
100
AcDbLine
 10
2.375916337559998
 20
4.115787956434282
 30
0.0
 11
2.742670877074658
 21
4.115787956434282
 31
0.0
  0
LINE
  5
46E
330
1F
100
AcDbEntity
  8
DET-TEXTO
100
AcDbLine
 10
2.571850963077109
 20
4.327635361005301
 30
0.0
 11
2.571850963077109
 21
3.881928145592533
 31
0.0
  0
LINE
  5
46F
330
1F
100
AcDbEntity
  8
DET-TEXTO
100
AcDbLine
 10
2.913835526276841
 20
4.115787956434282
 30
0.0
 11
2.22986639987738
 21
4.115787956434282
 31
0.0
  0
CIRCLE
  5
470
330
1F
100
AcDbEntity
  8
DET-TEXTO
100
AcDbCircle
 10
2.571850963077109
 20
4.115787956434282
 30
0.0
 40
0.2564884223999999
  0
LWPOLYLINE
  5
471
330
1F
100
AcDbEntity
  8
DET-TEXTO
100
AcDbPolyline
 90
        2
 70
     0
 43
0.2564884223999999
 10
2.70009517427769
 20
4.115787956434282
 42
0.4142135623717262
 10
2.571850963077109
 20
4.244032167633954
 42
1.0
  0
LINE
  5
472
330
1F
100
AcDbEntity
  8
DET-TEXTO
100
AcDbLine
 10
2.571850963077109
 20
4.515318898987893
 30
0.0
 11
2.571850963077109
 21
3.75790738382731
 31
0.0
  0
TEXT
  5
473
330
1F
100
AcDbEntity
  8
DET-TEXTO
100
AcDbText
 10
1.802248376897344
 20
5.013575219736518
 30
0.0
 40
0.256
  1
MICROPILOTE
  7
Estructura
 72
     1
 11
2.968605956774978
 21
5.013575219736518
 31
0.0
100
AcDbText
  0
LINE
  5
474
330
1F
100
AcDbEntity
  8
DET-TEXTO
100
AcDbLine
 10
4.287158993427225
 20
3.621944856388305
 30
0.0
 11
4.287158993427225
 21
5.464183871586478
 31
0.0
  0
TEXT
  5
475
330
1F
100
AcDbEntity
  8
DET-TEXTO
100
AcDbText
 10
4.430018486323829
 20
4.625261695175972
 30
0.0
 40
0.256
  1
(mm)
  7
Estructura
 72
     1
 11
4.895900199444156
 21
4.625261695175972
 31
0.0
100
AcDbText
  0
TEXT
  5
476
330
1F
100
AcDbEntity
  8
DET-TEXTO
100
AcDbText
 10
4.605015012792871
 20
5.042145721526063
 30
0.0
 40
0.256
  1
%%C1
  7
Estructura
 72
     1
 11
4.858491559359833
 21
5.042145721526063
 31
0.0
100
AcDbText
  0
TEXT
  5
477
330
1F
100
AcDbEntity
  8
DET-TEXTO
100
AcDbText
 10
4.54212862208238
 20
3.875266190866491
 30
0.0
 40
0.256
  1
180
  7
Estructura
 72
     1
 11
4.838416861375377
 21
3.875266190866491
 31
0.0
100
AcDbText
  0
LINE
  5
478
330
1F
100
AcDbEntity
  8
DET-TEXTO
100
AcDbLine
 10
5.492984123253052
 20
5.464183871586478
 30
0.0
 11
5.492984123254416
 21
3.621944856389213
 31
0.0
  0
TEXT
  5
479
330
1F
100
AcDbEntity
  8
DET-TEXTO
100
AcDbText
 10
5.635843616151474
 20
4.625261695175972
 30
0.0
 40
0.256
  1
(mm)
  7
Estructura
 72
     1
 11
6.1017253292718
 21
4.625261695175972
 31
0.0
100
AcDbText
  0
TEXT
  5
47A
330
1F
100
AcDbEntity
  8
DET-TEXTO
100
AcDbText
 10
5.810840142620516
 20
5.042145721526063
 30
0.0
 40
0.256
  1
%%C2
  7
Estructura
 72
     1
 11
6.064316689187477
 21
5.042145721526063
 31
0.0
100
AcDbText
  0
TEXT
  5
47B
330
1F
100
AcDbEntity
  8
DET-TEXTO
100
AcDbText
 10
5.773523371535112
 20
3.887746021429771
 30
0.0
 40
0.256
  1
88,9
  7
Estructura
 72
     1
 11
6.119149476225799
 21
3.887746021429771
 31
0.0
100
AcDbText
  0
LINE
  5
47C
330
1F
100
AcDbEntity
  8
DET-TEXTO
100
AcDbLine
 10
6.698809253077513
 20
5.464183871586478
 30
0.0
 11
6.698809253079787
 21
3.621944856390123
 31
0.0
  0
TEXT
  5
47D
330
1F
100
AcDbEntity
  8
DET-TEXTO
100
AcDbText
 10
6.841668745977299
 20
4.625261695175972
 30
0.0
 40
0.256
  1
(mm)
  7
Estructura
 72
     1
 11
7.307550459097626
 21
4.625261695175972
 31
0.0
100
AcDbText
  0
TEXT
  5
47E
330
1F
100
AcDbEntity
  8
DET-TEXTO
100
AcDbText
 10
7.055561261569387
 20
5.042145721526063
 30
0.0
 40
0.256
  1
e1
  7
Estructura
 72
     1
 11
7.270141819013303
 21
5.042145721526063
 31
0.0
100
AcDbText
  0
TEXT
  5
47F
330
1F
100
AcDbEntity
  8
DET-TEXTO
100
AcDbText
 10
7.151304374597848
 20
3.875266190866491
 30
0.0
 40
0.256
  1
9
  7
Estructura
 72
     1
 11
7.250067121028847
 21
3.875266190866491
 31
0.0
100
AcDbText
  0
LINE
  5
480
330
1F
100
AcDbEntity
  8
DET-TEXTO
100
AcDbLine
 10
7.904634382906523
 20
5.464183871586478
 30
0.0
 11
7.904634382906523
 21
3.621944856391032
 31
0.0
  0
TEXT
  5
481
330
1F
100
AcDbEntity
  8
DET-TEXTO
100
AcDbText
 10
8.219528828143445
 20
3.875266190866491
 30
0.0
 40
0.256
  1
200
  7
Estructura
 72
     1
 11
8.515817067436444
 21
3.875266190866491
 31
0.0
100
AcDbText
  0
LINE
  5
482
330
1F
100
AcDbEntity
  8
DET-TEXTO
100
AcDbLine
 10
9.110459512730527
 20
5.464183871586478
 30
0.0
 11
9.110459512731893
 21
3.621944856391488
 31
0.0
  0
TEXT
  5
483
330
1F
100
AcDbEntity
  8
DET-TEXTO
100
AcDbText
 10
8.257601568588876
 20
5.041388288599514
 30
0.0
 40
0.256
  1
%%C3
  7
Estructura
 72
     1
 11
8.511078115155838
 21
5.041388288599514
 31
0.0
100
AcDbText
  0
TEXT
  5
484
330
1F
100
AcDbEntity
  8
DET-TEXTO
100
AcDbText
 10
8.047493875803125
 20
4.625261695175972
 30
0.0
 40
0.256
  1
(mm)
  7
Estructura
 72
     1
 11
8.513375588923452
 21
4.625261695175972
 31
0.0
100
AcDbText
  0
TEXT
  5
485
330
1F
100
AcDbEntity
  8
DET-TEXTO
100
AcDbText
 10
9.455447718040188
 20
3.919602086104456
 30
0.0
 40
0.256
  1
10
  7
Estructura
 72
     1
 11
9.652973210902187
 21
3.919602086104456
 31
0.0
100
AcDbText
  0
TEXT
  5
486
330
1F
100
AcDbEntity
  8
DET-TEXTO
100
AcDbText
 10
9.46700928375953
 20
5.04138768544764
 30
0.0
 40
0.256
  1
e2
  7
Estructura
 72
     1
 11
9.681589841203447
 21
5.04138768544764
 31
0.0
100
AcDbText
  0
TEXT
  5
487
330
1F
100
AcDbEntity
  8
DET-TEXTO
100
AcDbText
 10
9.261442765731027
 20
4.610482661328584
 30
0.0
 40
0.256
  1
(mm)
  7
Estructura
 72
     1
 11
9.727324478851354
 21
4.610482661328584
 31
0.0
100
AcDbText
  0
LINE
  5
488
330
1F
100
AcDbEntity
  8
DET-TEXTO
100
AcDbLine
 10
9.110459512730527
 20
5.464183871586478
 30
0.0
 11
12.727934902203
 21
5.464183871586478
 31
0.0
  0
TEXT
  5
489
330
1F
100
AcDbEntity
  8
DET-TEXTO
100
AcDbText
 10
10.67541775117364
 20
3.919602086103546
 30
0.0
 40
0.256
  1
70
  7
Estructura
 72
     1
 11
10.87294324403564
 21
3.919602086103546
 31
0.0
100
AcDbText
  0
TEXT
  5
48A
330
1F
100
AcDbEntity
  8
DET-TEXTO
100
AcDbText
 10
10.68672225773112
 20
5.041387685446729
 30
0.0
 40
0.256
  1
h1
  7
Estructura
 72
     1
 11
10.89416753305403
 21
5.041387685446729
 31
0.0
100
AcDbText
  0
TEXT
  5
48B
330
1F
100
AcDbEntity
  8
DET-TEXTO
100
AcDbText
 10
10.44700378530859
 20
4.610482661327673
 30
0.0
 40
0.256
  1
(mm)
  7
Estructura
 72
     1
 11
10.91288549842892
 21
4.610482661327673
 31
0.0
100
AcDbText
  0
LINE
  5
48C
330
1F
100
AcDbEntity
  8
DET-TEXTO
100
AcDbLine
 10
9.110459512730527
 20
4.383586324091462
 30
0.0
 11
12.7279349022038
 21
4.383586324091462
 31
0.0
  0
LINE
  5
48D
330
1F
100
AcDbEntity
  8
DET-TEXTO
100
AcDbLine
 10
10.31628464255499
 20
5.464183871586933
 30
0.0
 11
10.31628464255499
 21
3.621944856392396
 31
0.0
  0
LINE
  5
48E
330
1F
100
AcDbEntity
  8
DET-TEXTO
100
AcDbLine
 10
10.31628464255499
 20
5.46418387158557
 30
0.0
 11
10.31628464255499
 21
3.621944856392396
 31
0.0
  0
LINE
  5
48F
330
1F
100
AcDbEntity
  8
DET-TEXTO
100
AcDbLine
 10
11.52210977237899
 20
5.46418387158557
 30
0.0
 11
11.52210977237899
 21
3.62194485639308
 31
0.0
  0
LINE
  5
490
330
1F
100
AcDbEntity
  8
DET-TEXTO
100
AcDbLine
 10
12.727934902203
 20
5.46418387158557
 30
0.0
 11
12.72793490220436
 21
3.621944856393761
 31
0.0
  0
LINE
  5
491
330
1F
100
AcDbEntity
  8
DET-TEXTO
100
AcDbLine
 10
1.668598634316991
 20
3.62194485638694
 30
0.0
 11
12.72793490220436
 21
3.621944856393931
 31
0.0
  0
TEXT
  5
492
330
1F
100
AcDbEntity
  8
DET-TEXTO
100
AcDbText
 10
11.88246689764641
 20
4.610482661327673
 30
0.0
 40
0.256
  1
(m)
  7
Estructura
 72
     1
 11
12.18119157473683
 21
4.610482661327673
 31
0.0
100
AcDbText
  0
TEXT
  5
493
330
1F
100
AcDbEntity
  8
DET-TEXTO
100
AcDbText
 10
12.06146614335406
 20
5.042145118373277
 30
0.0
 40
0.256
  1
L
  7
Estructura
 72
     1
 11
12.1437829346525
 21
5.042145118373277
 31
0.0
100
AcDbText
  0
TEXT
  5
494
330
1F
100
AcDbEntity
  8
DET-TEXTO
100
AcDbText
 10
12.02811510819148
 20
3.919602086103546
 30
0.0
 40
0.256
  1
9
  7
Estructura
 72
     1
 11
12.12687785462248
 21
3.919602086103546
 31
0.0
100
AcDbText
  0
HATCH
  5
495
330
1F
100
AcDbEntity
  8
DET-TRAMAS
100
AcDbHatch
 10
0.0
 20
0.0
 30
0.0
210
0.0
220
0.0
230
1.0
  2
ANSI31
 70
     0
 71
     0
 91
        1
 92
        7
 72
     0
 73
     1
 93
        4
 10
11.53168462331769
 20
20.27204563261271
 10
11.50476045844016
 20
20.27204563261271
 10
11.50476045844016
 20
19.98842448914033
 10
11.53168462331769
 20
19.98842448914033
 97
        0
 75
     0
 76
     1
 52
0.0
 41
0.0081000000000331
 77
     0
 78
     1
 53
44.99999999999999
 43
20.28705849066728
 44
-48.12265114761853
 45
-0.0181850186452393
 46
0.0181850186452393
 79
     0
 47
0.0010229217137918
 98
        2
 10
11.51719054695832
 20
20.20311729325781
 10
11.60190702269801
 20
19.87928980371985
  0
HATCH
  5
496
330
1F
100
AcDbEntity
  8
DET-TRAMAS
100
AcDbHatch
 10
0.0
 20
0.0
 30
0.0
210
0.0
220
0.0
230
1.0
  2
ANSI31
 70
     0
 71
     0
 91
        1
 92
        7
 72
     0
 73
     1
 93
        4
 10
11.59860878819427
 20
19.95904131383699
 10
11.57168462331765
 20
19.95904131383699
 10
11.57168462331765
 20
19.67542017036462
 10
11.59860878819427
 20
19.67542017036462
 97
        0
 75
     0
 76
     1
 52
0.0
 41
0.0081000000000331
 77
     0
 78
     1
 53
44.99999999999999
 43
20.27305849066625
 44
-48.12265114761853
 45
-0.0181850186452393
 46
0.0181850186452393
 79
     0
 47
0.0010229217137918
 98
        2
 10
11.50319054695728
 20
20.20311729325781
 10
11.58790702269698
 20
19.87928980371985
  0
LWPOLYLINE
  5
497
330
1F
100
AcDbEntity
  8
DET-TRAMAS
100
AcDbPolyline
 90
        4
 70
     1
 43
0.0
 10
11.59860878819427
 20
20.61147822191456
 10
11.57168462331765
 20
20.61147822191456
 10
11.57168462331765
 20
20.32785707844219
 10
11.59860878819427
 20
20.32785707844219
  0
LWPOLYLINE
  5
498
330
1F
100
AcDbEntity
  8
DET-TRAMAS
100
AcDbPolyline
 90
        4
 70
     1
 43
0.0
 10
11.53168462331769
 20
20.27204563261271
 10
11.50476045844016
 20
20.27204563261271
 10
11.50476045844016
 20
19.98842448914079
 10
11.53168462331769
 20
19.98842448914079
  0
LWPOLYLINE
  5
499
330
1F
100
AcDbEntity
  8
DET-TRAMAS
100
AcDbPolyline
 90
        4
 70
     1
 43
0.0
 10
11.59860878819427
 20
19.95904131383745
 10
11.57168462331765
 20
19.95904131383745
 10
11.57168462331765
 20
19.67542017036508
 10
11.59860878819427
 20
19.67542017036508
  0
HATCH
  5
49A
330
1F
100
AcDbEntity
  8
DET-TRAMAS
100
AcDbHatch
 10
0.0
 20
0.0
 30
0.0
210
0.0
220
0.0
230
1.0
  2
ANSI31
 70
     0
 71
     0
 91
        1
 92
        7
 72
     0
 73
     1
 93
        4
 10
11.59860878819427
 20
20.61147822191411
 10
11.57168462331765
 20
20.61147822191411
 10
11.57168462331765
 20
20.32785707844173
 10
11.59860878819427
 20
20.32785707844173
 97
        0
 75
     0
 76
     1
 52
0.0
 41
0.0081000000000331
 77
     0
 78
     1
 53
44.99999999999999
 43
20.27305849066625
 44
-47.47021423954143
 45
-0.0181850186452393
 46
0.0181850186452393
 79
     0
 47
0.0010229217137918
 98
        2
 10
11.50319054695728
 20
20.85555420133492
 10
11.58790702269698
 20
20.53172671179696
  0
HATCH
  5
49B
330
1F
100
AcDbEntity
  8
DET-TRAMAS
100
AcDbHatch
 10
0.0
 20
0.0
 30
0.0
210
0.0
220
0.0
230
1.0
  2
ANSI31
 70
     0
 71
     0
 91
        1
 92
        7
 72
     0
 73
     1
 93
        4
 10
11.38301502852891
 20
20.27204563261271
 10
11.35609086365139
 20
20.27204563261271
 10
11.35609086365139
 20
19.98842448914033
 10
11.38301502852891
 20
19.98842448914033
 97
        0
 75
     0
 76
     1
 52
0.0
 41
0.0081000000000331
 77
     0
 78
     1
 53
44.99999999999999
 43
20.13838889587852
 44
-48.12265114761853
 45
-0.0181850186452393
 46
0.0181850186452393
 79
     0
 47
0.0010229217137918
 98
        2
 10
11.36852095216954
 20
20.20311729325781
 10
11.45323742790924
 20
19.87928980371985
  0
HATCH
  5
49C
330
1F
100
AcDbEntity
  8
DET-TRAMAS
100
AcDbHatch
 10
0.0
 20
0.0
 30
0.0
210
0.0
220
0.0
230
1.0
  2
ANSI31
 70
     0
 71
     0
 91
        1
 92
        7
 72
     0
 73
     1
 93
        4
 10
11.4499391934055
 20
19.95904131383699
 10
11.42301502852888
 20
19.95904131383699
 10
11.42301502852888
 20
19.67542017036462
 10
11.4499391934055
 20
19.67542017036462
 97
        0
 75
     0
 76
     1
 52
0.0
 41
0.0081000000000331
 77
     0
 78
     1
 53
44.99999999999999
 43
20.12438889587747
 44
-48.12265114761853
 45
-0.0181850186452393
 46
0.0181850186452393
 79
     0
 47
0.0010229217137918
 98
        2
 10
11.35452095216851
 20
20.20311729325781
 10
11.43923742790821
 20
19.87928980371985
  0
LWPOLYLINE
  5
49D
330
1F
100
AcDbEntity
  8
DET-TRAMAS
100
AcDbPolyline
 90
        4
 70
     1
 43
0.0
 10
11.4499391934055
 20
20.61147822191456
 10
11.42301502852888
 20
20.61147822191456
 10
11.42301502852888
 20
20.32785707844219
 10
11.4499391934055
 20
20.32785707844219
  0
LWPOLYLINE
  5
49E
330
1F
100
AcDbEntity
  8
DET-TRAMAS
100
AcDbPolyline
 90
        4
 70
     1
 43
0.0
 10
11.38301502852891
 20
20.27204563261271
 10
11.35609086365139
 20
20.27204563261271
 10
11.35609086365139
 20
19.98842448914079
 10
11.38301502852891
 20
19.98842448914079
  0
LWPOLYLINE
  5
49F
330
1F
100
AcDbEntity
  8
DET-TRAMAS
100
AcDbPolyline
 90
        4
 70
     1
 43
0.0
 10
11.4499391934055
 20
19.95904131383745
 10
11.42301502852888
 20
19.95904131383745
 10
11.42301502852888
 20
19.67542017036508
 10
11.4499391934055
 20
19.67542017036508
  0
HATCH
  5
4A0
330
1F
100
AcDbEntity
  8
DET-TRAMAS
100
AcDbHatch
 10
0.0
 20
0.0
 30
0.0
210
0.0
220
0.0
230
1.0
  2
ANSI31
 70
     0
 71
     0
 91
        1
 92
        7
 72
     0
 73
     1
 93
        4
 10
11.4499391934055
 20
20.61147822191411
 10
11.42301502852888
 20
20.61147822191411
 10
11.42301502852888
 20
20.32785707844173
 10
11.4499391934055
 20
20.32785707844173
 97
        0
 75
     0
 76
     1
 52
0.0
 41
0.0081000000000331
 77
     0
 78
     1
 53
44.99999999999999
 43
20.12438889587747
 44
-47.47021423954143
 45
-0.0181850186452393
 46
0.0181850186452393
 79
     0
 47
0.0010229217137918
 98
        2
 10
11.35452095216851
 20
20.85555420133492
 10
11.43923742790821
 20
20.53172671179696
  0
MTEXT
  5
4A1
330
1F
100
AcDbEntity
  8
DET-TEXTO
 62
     1
100
AcDbMText
 10
14.77096359952111
 20
24.54104426738727
 30
0.0
 40
0.3
 41
13.73596367339041
 46
0.0
 71
     3
 72
     5
  1
\pxql;DEFINICIÓN DE MICROPILOTES
  7
CENTURY
 73
     1
 44
1.0
101
Embedded Object
 70
     3
 10
1.0
 20
0.0
 30
0.0
 11
14.77096359952111
 21
24.54104426738727
 31
0.0
 40
13.73596367339041
 41
0.0
 42
5.985316111488782
 43
0.3940176750509857
 71
     2
 72
     1
 44
13.73596367339041
 45
12.5
 73
     0
 74
     0
 46
-0.3940176750509857
1001
ACAD
1000
MTEXTBEGIN
1070
    73
1070
     1
1070
    44
1040
1.0
1070
    74
1070
     0
1000
MTEXTEND
  0
MTEXT
  5
4A2
330
1F
100
AcDbEntity
  8
DET-TEXTO
100
AcDbMText
 10
9.442586847990694
 20
22.48101798966886
 30
0.0
 40
0.2
 41
4.453278147223953
 46
0.0
 71
     1
 72
     5
  1
\pxqc;CONEXIÓN EN ENCEPADOS\PDE PILARES Y MUROS DE SÓTANO
  7
CENTURY
 73
     1
 44
1.0
101
Embedded Object
 70
     1
 10
1.0
 20
0.0
 30
0.0
 11
9.442586847990694
 21
22.48101798966886
 31
0.0
 40
4.453278147223953
 41
0.0
 42
4.383548606390211
 43
0.653659641966916
 71
     2
 72
     1
 44
4.453278147223953
 45
12.5
 73
     0
 74
     0
 46
-0.653659641966916
1001
ACAD
1000
MTEXTBEGIN
1070
    73
1070
     1
1070
    44
1040
1.0
1070
    74
1070
     0
1000
MTEXTEND
  0
MTEXT
  5
4A3
330
1F
100
AcDbEntity
  8
DET-TEXTO
100
AcDbMText
 10
14.72454026196465
 20
3.214725347620778
 30
0.0
 40
0.2
 41
12.9674469093366
 46
0.0
 71
     3
 72
     5
  1
\pxql;MATERIALES\PAcero tubo estructural S550   \PLechada de inyección fck > 30 MPa\P\PTIPO DE INYECCIÓN: IU
  7
CENTURY
 73
     1
 44
1.0
101
Embedded Object
 70
     3
 10
1.0
 20
0.0
 30
0.0
 11
14.72454026196465
 21
3.214725347620778
 31
0.0
 40
12.9674469093366
 41
0.0
 42
4.838613188307275
 43
1.623340131429866
 71
     2
 72
     1
 44
12.9674469093366
 45
12.5
 73
     0
 74
     0
 46
6.244409801608224
1001
ACAD
1000
MTEXTBEGIN
1070
    73
1070
     1
1070
    44
1040
1.0
1070
    74
1070
     0
1000
MTEXTEND
  0
ARC
  5
4A4
330
1F
100
AcDbEntity
  8
DET-BORDE ESTRUCTURA
100
AcDbCircle
 10
11.62168462331738
 20
19.67248862310212
 30
0.0
 40
0.0500000000000114
100
AcDbArc
 50
179.9999999998697
 51
269.9999999999219
  0
LINE
  5
4A5
330
1F
100
AcDbEntity
  8
DET-BORDE ESTRUCTURA
100
AcDbLine
 10
11.62168462331738
 20
19.62248862310216
 30
0.0
 11
11.85035744835522
 21
19.62248862310216
 31
0.0
  0
LINE
  5
4A6
330
1F
100
AcDbEntity
  8
DET-BORDE ESTRUCTURA
100
AcDbLine
 10
11.85035744835522
 20
19.62248862310216
 30
0.0
 11
11.85035744835522
 21
19.58248862310197
 31
0.0
  0
LINE
  5
4A7
330
1F
100
AcDbEntity
  8
DET-BORDE ESTRUCTURA
100
AcDbLine
 10
11.85035744835522
 20
19.58248862310197
 30
0.0
 11
11.62168462331738
 21
19.58248862310197
 31
0.0
  0
ARC
  5
4A8
330
1F
100
AcDbEntity
  8
DET-BORDE ESTRUCTURA
100
AcDbCircle
 10
11.62168462331738
 20
19.67248862310212
 30
0.0
 40
0.0900000000000319
100
AcDbArc
 50
179.9999999999218
 51
269.9999999999739
  0
ARC
  5
4A9
330
1F
100
AcDbEntity
  8
DET-BORDE ESTRUCTURA
100
AcDbCircle
 10
11.33301502852873
 20
19.67248862310212
 30
0.0
 40
0.0500000000000114
100
AcDbArc
 50
270.0000000000521
 51
0.0000000001302755
  0
LINE
  5
4AA
330
1F
100
AcDbEntity
  8
DET-BORDE ESTRUCTURA
100
AcDbLine
 10
11.33301502852873
 20
19.62248862310216
 30
0.0
 11
11.10434220349134
 21
19.62248862310216
 31
0.0
  0
LINE
  5
4AB
330
1F
100
AcDbEntity
  8
DET-BORDE ESTRUCTURA
100
AcDbLine
 10
11.10434220349134
 20
19.62248862310216
 30
0.0
 11
11.10434220349134
 21
19.58248862310197
 31
0.0
  0
LINE
  5
4AC
330
1F
100
AcDbEntity
  8
DET-BORDE ESTRUCTURA
100
AcDbLine
 10
11.10434220349134
 20
19.58248862310197
 30
0.0
 11
11.33301502852873
 21
19.58248862310197
 31
0.0
  0
ARC
  5
4AD
330
1F
100
AcDbEntity
  8
DET-BORDE ESTRUCTURA
100
AcDbCircle
 10
11.33301502852873
 20
19.67248862310212
 30
0.0
 40
0.0900000000000319
100
AcDbArc
 50
270.000000000026
 51
0.0000000000781653
  0
ENDSEC
  0
SECTION
  2
OBJECTS
  0
DICTIONARY
  5
C
330
0
100
AcDbDictionary
281
     1
  3
ACAD_ASSOCNETWORK
350
3D7
  3
ACAD_CIP_PREVIOUS_PRODUCT_INFO
350
19E
  3
ACAD_COLOR
350
6C
  3
ACAD_DATALINK
350
238
  3
ACAD_DETAILVIEWSTYLE
350
1EB
  3
ACAD_GROUP
350
D
  3
ACAD_LAYOUT
350
1A
  3
ACAD_MATERIAL
350
6B
  3
ACAD_MLEADERSTYLE
350
DE
  3
ACAD_MLINESTYLE
350
17
  3
ACAD_PLOTSETTINGS
350
19
  3
ACAD_PLOTSTYLENAME
350
E
  3
ACAD_SCALELIST
350
B7
  3
ACAD_SECTIONVIEWSTYLE
350
1E9
  3
ACAD_TABLESTYLE
350
92
  3
ACAD_VISUALSTYLE
350
17F
  3
ACDB_RECOMPOSE_DATA
350
576
  3
AcDbVariableDictionary
350
2D0
  3
TCH_DBCONFIG
350
243
  0
DICTIONARY
  5
FA
330
2
100
AcDbDictionary
280
     1
281
     1
  3
ACAD_LAYERSTATES
360
FB
  0
DICTIONARY
  5
528
330
1F
100
AcDbDictionary
280
     1
281
     1
  3
ACAD_ASSOCNETWORK
360
529
  0
DICTIONARY
  5
44F
330
44E
100
AcDbDictionary
280
     1
281
     1
  3
ACAD_DIMASSOC
360
450
  0
DICTIONARY
  5
3D7
102
{ACAD_REACTORS
330
C
102
}
330
C
100
AcDbDictionary
281
     1
  3
ACAD_ASSOCNETWORK
350
3D8
  0
XRECORD
  5
19E
102
{ACAD_REACTORS
330
C
102
}
330
C
100
AcDbXrecord
280
     1
300
ACD
300
2013
300
ACD_F_S
  0
DICTIONARY
  5
6C
102
{ACAD_REACTORS
330
C
102
}
330
C
100
AcDbDictionary
281
     1
  0
DICTIONARY
  5
238
102
{ACAD_REACTORS
330
C
102
}
330
C
100
AcDbDictionary
280
     1
281
     1
  0
DICTIONARY
  5
1EB
102
{ACAD_REACTORS
330
C
102
}
330
C
100
AcDbDictionary
281
     1
  3
Metric50
350
1EC
  0
DICTIONARY
  5
D
102
{ACAD_REACTORS
330
C
102
}
330
C
100
AcDbDictionary
281
     1
  0
DICTIONARY
  5
1A
102
{ACAD_REACTORS
330
C
102
}
330
C
100
AcDbDictionary
281
     1
  3
Model
350
22
  3
Presentación1
350
1E0
  3
Presentación2
350
1E4
  0
DICTIONARY
  5
6B
102
{ACAD_REACTORS
330
C
102
}
330
C
100
AcDbDictionary
281
     1
  3
ByBlock
350
16F
  3
ByLayer
350
167
  3
Global
350
177
  0
DICTIONARY
  5
DE
102
{ACAD_REACTORS
330
C
102
}
330
C
100
AcDbDictionary
281
     1
  3
Standard
350
E1
  0
DICTIONARY
  5
17
102
{ACAD_REACTORS
330
C
102
}
330
C
100
AcDbDictionary
281
     1
  3
Standard
350
18
  0
DICTIONARY
  5
19
102
{ACAD_REACTORS
330
C
102
}
330
C
100
AcDbDictionary
281
     1
  0
ACDBDICTIONARYWDFLT
  5
E
102
{ACAD_REACTORS
330
C
102
}
330
C
100
AcDbDictionary
281
     1
  3
Normal
350
F
100
AcDbDictionaryWithDefault
340
F
  0
DICTIONARY
  5
B7
102
{ACAD_REACTORS
330
C
102
}
330
C
100
AcDbDictionary
281
     1
  3
A0
350
B8
  3
A1
350
B9
  3
A2
350
BA
  3
A3
350
BB
  3
A4
350
BC
  3
A5
350
BD
  3
A6
350
BE
  3
A7
350
BF
  3
A8
350
C0
  3
A9
350
C1
  3
B0
350
C2
  3
B1
350
C3
  3
B2
350
C4
  3
B3
350
C5
  3
B4
350
C6
  3
B5
350
C7
  3
B6
350
C8
  3
B7
350
C9
  3
B8
350
CA
  3
B9
350
CB
  3
C0
350
CC
  3
C1
350
CD
  3
C2
350
CE
  3
C3
350
CF
  3
C4
350
D0
  3
C5
350
D1
  3
C6
350
D2
  3
C7
350
D3
  3
C8
350
D4
  3
C9
350
D5
  3
D0
350
D6
  3
D1
350
D7
  3
D2
350
D8
  0
DICTIONARY
  5
1E9
102
{ACAD_REACTORS
330
C
102
}
330
C
100
AcDbDictionary
281
     1
  3
Metric50
350
1EA
  0
DICTIONARY
  5
92
102
{ACAD_REACTORS
330
C
102
}
330
C
100
AcDbDictionary
281
     1
  3
Standard
350
93
  0
DICTIONARY
  5
17F
102
{ACAD_REACTORS
330
C
102
}
330
C
100
AcDbDictionary
281
     1
  3
2dWireframe
350
185
  3
Basic
350
184
  3
Brighten
350
18B
  3
ColorChange
350
18F
  3
Conceptual
350
188
  3
Dim
350
18A
  3
EdgeColorOff
350
197
  3
Facepattern
350
18E
  3
Flat
350
180
  3
FlatWithEdges
350
181
  3
Gouraud
350
182
  3
GouraudWithEdges
350
183
  3
Hidden
350
187
  3
JitterOff
350
195
  3
Linepattern
350
18D
  3
OverhangOff
350
196
  3
Realistic
350
189
  3
Shaded
350
194
  3
Shaded with edges
350
193
  3
Shades of Gray
350
190
  3
Sketchy
350
191
  3
Thicken
350
18C
  3
Wireframe
350
186
  3
X-Ray
350
192
  0
XRECORD
  5
576
102
{ACAD_REACTORS
330
C
102
}
330
C
100
AcDbXrecord
280
     1
 90
        1
330
93
  0
DICTIONARY
  5
2D0
102
{ACAD_REACTORS
330
C
102
}
330
C
100
AcDbDictionary
281
     2
  3
#REVCLOUDAPPROXARCLEN
350
2D1
  3
ANNOALLVISIBLE
350
2D2
  3
CANNOSCALE
350
2D3
  3
CENTEREXE
350
2D4
  3
CENTERLTYPEFILE
350
2D5
  3
CETRANSPARENCY
350
2D6
  3
CMLEADERSTYLE
350
2D7
  3
CTABLESTYLE
350
2D8
  3
CVIEWSECTIONSTYLE
350
2D9
  3
DGNFRAME
350
2DA
  3
DIMADEC
350
2DB
  3
DIMASSOC
350
2DC
  3
DIMLAYER
350
2DD
  3
DWFFRAME
350
2DE
  3
EXPORTPAPERSPACE
350
2DF
  3
HIDETEXT
350
2E0
  3
HPCOLOR
350
2E1
  3
HPINHERIT
350
2E2
  3
HPORIGIN
350
2E3
  3
HPTRANSPARENCY
350
2E4
  3
INDEXCTL
350
2E5
  3
LAYEREVAL
350
2E6
  3
LAYERNOTIFY
350
2E7
  3
LIGHTINGUNITS
350
2E8
  3
MLEADERSCALE
350
2E9
  3
MSLTSCALE
350
2EA
  3
OLEFRAME
350
2EB
  3
PDFFRAME
350
2EC
  3
SKTOLERANCE
350
2ED
  3
SOLIDHIST
350
2EE
  3
SORTENTS
350
2EF
  0
TCH_DBCONFIG
  5
243
102
{ACAD_REACTORS
330
C
102
}
330
C
100
TDbConfig
  0
DICTIONARY
  5
FB
102
{ACAD_REACTORS
330
FA
102
}
330
FA
100
AcDbDictionary
281
     1
  0
DICTIONARY
  5
529
102
{ACAD_REACTORS
330
528
102
}
330
528
100
AcDbDictionary
281
     1
  3
ACAD_ASSOCNETWORK
350
52A
  0
DIMASSOC
  5
450
102
{ACAD_REACTORS
330
44F
102
}
330
44F
100
AcDbDimAssoc
330
44E
 90
        2
 70
     0
 71
     0
  1
AcDbOsnapPointRef
 72
     1
331
3EB
 73
     2
 91
        0
 40
1.030466796722975
 10
0.0
 20
0.0
 30
1.999999999999999E+50
 75
     0
  0
ACDBASSOCNETWORK
  5
3D8
102
{ACAD_REACTORS
330
3D7
102
}
330
3D7
100
AcDbAssocAction
 90
        2
 90
        0
330
0
360
0
 90
        0
 90
        0
 90
        0
 90
        0
 90
        0
 90
        0
 90
        0
100
AcDbAssocNetwork
 90
        0
 90
        2
 90
        1
330
52A
 90
        0
  0
ACDBDETAILVIEWSTYLE
  5
1EC
102
{ACAD_REACTORS
330
1EB
102
}
330
1EB
100
AcDbModelDocViewStyle
 70
     0
  3
Metric50
290
     1
300
Metric50
 90
        0
100
AcDbDetailViewStyle
 70
     0
 71
     0
 90
        3
 71
     1
340
11
 62
   256
 40
5.0
340
0
 62
   256
 40
5.0
300

 40
0.0
280
     1
 71
     2
340
16
 90
       25
 62
   256
 71
     3
340
11
 62
   256
 40
5.0
 90
        0
 40
15.0
 90
        1
300
%<\AcVar ViewDetailId>% (%<\AcVar ViewScale \f "%sn">%)
 71
     4
340
16
 90
       25
 62
   256
340
16
 90
       25
 62
   256
280
     0
  0
LAYOUT
  5
22
102
{ACAD_REACTORS
330
1A
102
}
330
1A
100
AcDbPlotSettings
  1

  2
none_device
  4
none_user_media
  6

 40
6.349999904632567
 41
6.349999904632567
 42
6.350006103515625
 43
6.350006103515625
 44
215.8999938964844
 45
279.3999938964844
 46
0.0
 47
103.0606281331548
 48
0.0
 49
0.0
140
0.0
141
0.0
142
1.0
143
6.378855360305043
 70
 11445
 72
     1
 73
     0
 74
     0
  7

 75
     0
 76
     0
 77
     2
 78
   300
147
0.1567679377436423
148
69.14997379066472
149
-33.54320555294811
100
AcDbLayout
  1
Model
 70
     1
 71
     0
 10
0.0
 20
0.0
 11
420.0
 21
297.0
 12
0.0
 22
0.0
 32
0.0
 14
1.000000000000000E+20
 24
1.000000000000000E+20
 34
1.000000000000000E+20
 15
-1.000000000000000E+20
 25
-1.000000000000000E+20
 35
-1.000000000000000E+20
146
0.0
 13
0.0
 23
0.0
 33
0.0
 16
1.0
 26
0.0
 36
0.0
 17
0.0
 27
1.0
 37
0.0
 76
     0
330
1F
331
1CC
1001
ACAD_PSEXT
1000
Ninguno
1000
Ninguno
1000
No aplicable
1000
Seleccione un nuevo nombre de configuración de trazado para trazar la presentación actual.
1070
     0
  0
LAYOUT
  5
1E0
102
{ACAD_REACTORS
330
1A
102
}
330
1A
100
AcDbPlotSettings
  1

  2
None
  4
ISO_A4_(210.00_x_297.00_MM)
  6

 40
0.0
 41
0.0
 42
0.0
 43
0.0
 44
0.0
 45
0.0
 46
0.0
 47
0.0
 48
0.0
 49
0.0
140
0.0
141
0.0
142
1.0
143
1.0
 70
   688
 72
     1
 73
     1
 74
     5
  7

 75
    16
 76
     0
 77
     2
 78
   300
147
1.0
148
0.0
149
0.0
100
AcDbLayout
  1
Presentación1
 70
     1
 71
     1
 10
-20.0
 20
-7.5
 11
277.0
 21
202.5
 12
0.0
 22
0.0
 32
0.0
 14
25.69999999999999
 24
19.5
 34
0.0
 15
231.3
 25
175.5
 35
0.0
146
0.0
 13
0.0
 23
0.0
 33
0.0
 16
1.0
 26
0.0
 36
0.0
 17
0.0
 27
1.0
 37
0.0
 76
     0
330
1DF
  0
LAYOUT
  5
1E4
102
{ACAD_REACTORS
330
1A
102
}
330
1A
100
AcDbPlotSettings
  1

  2
None
  4
ISO_A4_(210.00_x_297.00_MM)
  6

 40
0.0
 41
0.0
 42
0.0
 43
0.0
 44
0.0
 45
0.0
 46
0.0
 47
0.0
 48
0.0
 49
0.0
140
0.0
141
0.0
142
1.0
143
1.0
 70
   688
 72
     1
 73
     1
 74
     5
  7

 75
    16
 76
     0
 77
     2
 78
   300
147
1.0
148
0.0
149
0.0
100
AcDbLayout
  1
Presentación2
 70
     1
 71
     2
 10
-20.0
 20
-7.5
 11
277.0
 21
202.5
 12
0.0
 22
0.0
 32
0.0
 14
25.69999999999999
 24
19.5
 34
0.0
 15
231.3
 25
175.5
 35
0.0
146
0.0
 13
0.0
 23
0.0
 33
0.0
 16
1.0
 26
0.0
 36
0.0
 17
0.0
 27
1.0
 37
0.0
 76
     0
330
1E3
  0
MATERIAL
  5
16F
102
{ACAD_REACTORS
330
6B
102
}
330
6B
100
AcDbMaterial
  1
ByBlock
 72
     0
 73
     2
 43
0.0008202099737533
 43
0.0
 43
0.0
 43
0.0
 43
0.0
 43
0.0008202099737533
 43
0.0
 43
0.0
 43
0.0
 43
0.0
 43
1.0
 43
0.0
 43
0.0
 43
0.0
 43
0.0
 43
1.0
 77
     0
 78
     2
 47
0.0008202099737533
 47
0.0
 47
0.0
 47
0.0
 47
0.0
 47
0.0008202099737533
 47
0.0
 47
0.0
 47
0.0
 47
0.0
 47
1.0
 47
0.0
 47
0.0
 47
0.0
 47
0.0
 47
1.0
171
     0
172
     2
 49
0.0008202099737533
 49
0.0
 49
0.0
 49
0.0
 49
0.0
 49
0.0008202099737533
 49
0.0
 49
0.0
 49
0.0
 49
0.0
 49
1.0
 49
0.0
 49
0.0
 49
0.0
 49
0.0
 49
1.0
175
     0
176
     2
142
0.0008202099737533
142
0.0
142
0.0
142
0.0
142
0.0
142
0.0008202099737533
142
0.0
142
0.0
142
0.0
142
0.0
142
1.0
142
0.0
142
0.0
142
0.0
142
0.0
142
1.0
179
     0
270
     2
144
0.0008202099737533
144
0.0
144
0.0
144
0.0
144
0.0
144
0.0008202099737533
144
0.0
144
0.0
144
0.0
144
0.0
144
1.0
144
0.0
144
0.0
144
0.0
144
0.0
144
1.0
274
     2
147
0.0008202099737533
147
0.0
147
0.0
147
0.0
147
0.0
147
0.0008202099737533
147
0.0
147
0.0
147
0.0
147
0.0
147
1.0
147
0.0
147
0.0
147
0.0
147
0.0
147
1.0
 94
      127
  0
MATERIAL
  5
167
102
{ACAD_REACTORS
330
6B
102
}
330
6B
100
AcDbMaterial
  1
ByLayer
 72
     0
 73
     2
 43
0.0008202099737533
 43
0.0
 43
0.0
 43
0.0
 43
0.0
 43
0.0008202099737533
 43
0.0
 43
0.0
 43
0.0
 43
0.0
 43
1.0
 43
0.0
 43
0.0
 43
0.0
 43
0.0
 43
1.0
 77
     0
 78
     2
 47
0.0008202099737533
 47
0.0
 47
0.0
 47
0.0
 47
0.0
 47
0.0008202099737533
 47
0.0
 47
0.0
 47
0.0
 47
0.0
 47
1.0
 47
0.0
 47
0.0
 47
0.0
 47
0.0
 47
1.0
171
     0
172
     2
 49
0.0008202099737533
 49
0.0
 49
0.0
 49
0.0
 49
0.0
 49
0.0008202099737533
 49
0.0
 49
0.0
 49
0.0
 49
0.0
 49
1.0
 49
0.0
 49
0.0
 49
0.0
 49
0.0
 49
1.0
175
     0
176
     2
142
0.0008202099737533
142
0.0
142
0.0
142
0.0
142
0.0
142
0.0008202099737533
142
0.0
142
0.0
142
0.0
142
0.0
142
1.0
142
0.0
142
0.0
142
0.0
142
0.0
142
1.0
179
     0
270
     2
144
0.0008202099737533
144
0.0
144
0.0
144
0.0
144
0.0
144
0.0008202099737533
144
0.0
144
0.0
144
0.0
144
0.0
144
1.0
144
0.0
144
0.0
144
0.0
144
0.0
144
1.0
274
     2
147
0.0008202099737533
147
0.0
147
0.0
147
0.0
147
0.0
147
0.0008202099737533
147
0.0
147
0.0
147
0.0
147
0.0
147
1.0
147
0.0
147
0.0
147
0.0
147
0.0
147
1.0
 94
      127
  0
MATERIAL
  5
177
102
{ACAD_REACTORS
330
6B
102
}
330
6B
100
AcDbMaterial
  1
Global
 72
     0
 73
     2
 43
0.0008202099737533
 43
0.0
 43
0.0
 43
0.0
 43
0.0
 43
0.0008202099737533
 43
0.0
 43
0.0
 43
0.0
 43
0.0
 43
1.0
 43
0.0
 43
0.0
 43
0.0
 43
0.0
 43
1.0
 77
     0
 78
     2
 47
0.0008202099737533
 47
0.0
 47
0.0
 47
0.0
 47
0.0
 47
0.0008202099737533
 47
0.0
 47
0.0
 47
0.0
 47
0.0
 47
1.0
 47
0.0
 47
0.0
 47
0.0
 47
0.0
 47
1.0
171
     0
172
     2
 49
0.0008202099737533
 49
0.0
 49
0.0
 49
0.0
 49
0.0
 49
0.0008202099737533
 49
0.0
 49
0.0
 49
0.0
 49
0.0
 49
1.0
 49
0.0
 49
0.0
 49
0.0
 49
0.0
 49
1.0
175
     0
176
     2
142
0.0008202099737533
142
0.0
142
0.0
142
0.0
142
0.0
142
0.0008202099737533
142
0.0
142
0.0
142
0.0
142
0.0
142
1.0
142
0.0
142
0.0
142
0.0
142
0.0
142
1.0
179
     0
270
     2
144
0.0008202099737533
144
0.0
144
0.0
144
0.0
144
0.0
144
0.0008202099737533
144
0.0
144
0.0
144
0.0
144
0.0
144
1.0
144
0.0
144
0.0
144
0.0
144
0.0
144
1.0
274
     2
147
0.0008202099737533
147
0.0
147
0.0
147
0.0
147
0.0
147
0.0008202099737533
147
0.0
147
0.0
147
0.0
147
0.0
147
1.0
147
0.0
147
0.0
147
0.0
147
0.0
147
1.0
 94
      127
  0
MLEADERSTYLE
  5
E1
102
{ACAD_REACTORS
330
DE
102
}
330
DE
100
AcDbMLeaderStyle
179
     2
170
     2
171
     1
172
     0
 90
        2
 40
0.0
 41
0.0
173
     1
 91
-1056964608
340
14
 92
       -2
290
     1
 42
2.0
291
     1
 43
8.0
  3
Standard
 44
4.0
300

342
11
174
     1
178
     1
175
     1
176
     0
 93
-1056964608
 45
4.0
292
     0
297
     0
 46
0.18
 94
-1056964608
 47
1.0
 49
1.0
140
1.0
293
     1
141
0.0
294
     1
177
     0
142
1.0
295
     0
296
     0
143
3.75
271
     0
272
     9
273
     9
298
     0
  0
MLINESTYLE
  5
18
102
{ACAD_REACTORS
330
17
102
}
330
17
100
AcDbMlineStyle
  2
STANDARD
 70
     0
  3

 62
   256
 51
90.0
 52
90.0
 71
     2
 49
0.5
 62
   256
  6
BYLAYER
 49
-0.5
 62
   256
  6
BYLAYER
  0
ACDBPLACEHOLDER
  5
F
102
{ACAD_REACTORS
330
E
102
}
330
E
  0
SCALE
  5
B8
102
{ACAD_REACTORS
330
B7
102
}
330
B7
100
AcDbScale
 70
     0
300
1:1
140
1.0
141
1.0
290
     1
  0
SCALE
  5
B9
102
{ACAD_REACTORS
330
B7
102
}
330
B7
100
AcDbScale
 70
     0
300
1:2
140
1.0
141
2.0
290
     0
  0
SCALE
  5
BA
102
{ACAD_REACTORS
330
B7
102
}
330
B7
100
AcDbScale
 70
     0
300
1:4
140
1.0
141
4.0
290
     0
  0
SCALE
  5
BB
102
{ACAD_REACTORS
330
B7
102
}
330
B7
100
AcDbScale
 70
     0
300
1:5
140
1.0
141
5.0
290
     0
  0
SCALE
  5
BC
102
{ACAD_REACTORS
330
B7
102
}
330
B7
100
AcDbScale
 70
     0
300
1:8
140
1.0
141
8.0
290
     0
  0
SCALE
  5
BD
102
{ACAD_REACTORS
330
B7
102
}
330
B7
100
AcDbScale
 70
     0
300
1:10
140
1.0
141
10.0
290
     0
  0
SCALE
  5
BE
102
{ACAD_REACTORS
330
B7
102
}
330
B7
100
AcDbScale
 70
     0
300
1:16
140
1.0
141
16.0
290
     0
  0
SCALE
  5
BF
102
{ACAD_REACTORS
330
B7
102
}
330
B7
100
AcDbScale
 70
     0
300
1:20
140
1.0
141
20.0
290
     0
  0
SCALE
  5
C0
102
{ACAD_REACTORS
330
B7
102
}
330
B7
100
AcDbScale
 70
     0
300
1:30
140
1.0
141
30.0
290
     0
  0
SCALE
  5
C1
102
{ACAD_REACTORS
330
B7
102
}
330
B7
100
AcDbScale
 70
     0
300
1:40
140
1.0
141
40.0
290
     0
  0
SCALE
  5
C2
102
{ACAD_REACTORS
330
B7
102
}
330
B7
100
AcDbScale
 70
     0
300
1:50
140
1.0
141
50.0
290
     0
  0
SCALE
  5
C3
102
{ACAD_REACTORS
330
B7
102
}
330
B7
100
AcDbScale
 70
     0
300
1:100
140
1.0
141
100.0
290
     0
  0
SCALE
  5
C4
102
{ACAD_REACTORS
330
B7
102
}
330
B7
100
AcDbScale
 70
     0
300
2:1
140
2.0
141
1.0
290
     0
  0
SCALE
  5
C5
102
{ACAD_REACTORS
330
B7
102
}
330
B7
100
AcDbScale
 70
     0
300
4:1
140
4.0
141
1.0
290
     0
  0
SCALE
  5
C6
102
{ACAD_REACTORS
330
B7
102
}
330
B7
100
AcDbScale
 70
     0
300
8:1
140
8.0
141
1.0
290
     0
  0
SCALE
  5
C7
102
{ACAD_REACTORS
330
B7
102
}
330
B7
100
AcDbScale
 70
     0
300
10:1
140
10.0
141
1.0
290
     0
  0
SCALE
  5
C8
102
{ACAD_REACTORS
330
B7
102
}
330
B7
100
AcDbScale
 70
     0
300
100:1
140
100.0
141
1.0
290
     0
  0
SCALE
  5
C9
102
{ACAD_REACTORS
330
B7
102
}
330
B7
100
AcDbScale
 70
     0
300
1/128" = 1'-0"
140
0.0078125
141
12.0
290
     0
  0
SCALE
  5
CA
102
{ACAD_REACTORS
330
B7
102
}
330
B7
100
AcDbScale
 70
     0
300
1/64" = 1'-0"
140
0.015625
141
12.0
290
     0
  0
SCALE
  5
CB
102
{ACAD_REACTORS
330
B7
102
}
330
B7
100
AcDbScale
 70
     0
300
1/32" = 1'-0"
140
0.03125
141
12.0
290
     0
  0
SCALE
  5
CC
102
{ACAD_REACTORS
330
B7
102
}
330
B7
100
AcDbScale
 70
     0
300
1/16" = 1'-0"
140
0.0625
141
12.0
290
     0
  0
SCALE
  5
CD
102
{ACAD_REACTORS
330
B7
102
}
330
B7
100
AcDbScale
 70
     0
300
3/32" = 1'-0"
140
0.09375
141
12.0
290
     0
  0
SCALE
  5
CE
102
{ACAD_REACTORS
330
B7
102
}
330
B7
100
AcDbScale
 70
     0
300
1/8" = 1'-0"
140
0.125
141
12.0
290
     0
  0
SCALE
  5
CF
102
{ACAD_REACTORS
330
B7
102
}
330
B7
100
AcDbScale
 70
     0
300
3/16" = 1'-0"
140
0.1875
141
12.0
290
     0
  0
SCALE
  5
D0
102
{ACAD_REACTORS
330
B7
102
}
330
B7
100
AcDbScale
 70
     0
300
1/4" = 1'-0"
140
0.25
141
12.0
290
     0
  0
SCALE
  5
D1
102
{ACAD_REACTORS
330
B7
102
}
330
B7
100
AcDbScale
 70
     0
300
3/8" = 1'-0"
140
0.375
141
12.0
290
     0
  0
SCALE
  5
D2
102
{ACAD_REACTORS
330
B7
102
}
330
B7
100
AcDbScale
 70
     0
300
1/2" = 1'-0"
140
0.5
141
12.0
290
     0
  0
SCALE
  5
D3
102
{ACAD_REACTORS
330
B7
102
}
330
B7
100
AcDbScale
 70
     0
300
3/4" = 1'-0"
140
0.75
141
12.0
290
     0
  0
SCALE
  5
D4
102
{ACAD_REACTORS
330
B7
102
}
330
B7
100
AcDbScale
 70
     0
300
1" = 1'-0"
140
1.0
141
12.0
290
     0
  0
SCALE
  5
D5
102
{ACAD_REACTORS
330
B7
102
}
330
B7
100
AcDbScale
 70
     0
300
1-1/2" = 1'-0"
140
1.5
141
12.0
290
     0
  0
SCALE
  5
D6
102
{ACAD_REACTORS
330
B7
102
}
330
B7
100
AcDbScale
 70
     0
300
3" = 1'-0"
140
3.0
141
12.0
290
     0
  0
SCALE
  5
D7
102
{ACAD_REACTORS
330
B7
102
}
330
B7
100
AcDbScale
 70
     0
300
6" = 1'-0"
140
6.0
141
12.0
290
     0
  0
SCALE
  5
D8
102
{ACAD_REACTORS
330
B7
102
}
330
B7
100
AcDbScale
 70
     0
300
1'-0" = 1'-0"
140
12.0
141
12.0
290
     0
  0
ACDBSECTIONVIEWSTYLE
  5
1EA
102
{ACAD_REACTORS
330
1E9
102
}
330
1E9
100
AcDbModelDocViewStyle
 70
     0
  3
Metric50
290
     1
300
Metric50
 90
        0
100
AcDbSectionViewStyle
 70
     0
 71
     0
 90
      102
 71
     1
340
11
 62
   256
 40
5.0
340
0
340
0
 62
   256
 40
5.0
300
I, O, Q, S, X, Z
 40
10.0
 90
        0
 40
2.5
 90
        0
 71
     2
340
16
 90
       25
 62
   256
340
16
 90
       50
 62
   256
 40
5.0
 40
2.5
 40
5.0
 71
     3
340
11
 62
   256
 40
5.0
 90
        0
 40
15.0
 90
        1
300
%<\AcVar ViewSectionStartId>%-%<\AcVar ViewSectionEndId>% (%<\AcVar ViewScale \f "%sn">%)
 71
     4
 62
   256
 62
   257
300
ANSI31
 40
1.0
 90
        0
290
     0
290
     0
 90
        6
 40
0.0
 40
1.570796326794896
 40
0.2617993877991494
 40
1.308996938995747
 40
-0.2617993877991494
 40
1.832595714594045
  0
TABLESTYLE
  5
93
102
{ACAD_XDICTIONARY
360
23A
102
}
102
{ACAD_REACTORS
330
92
102
}
330
92
100
AcDbTableStyle
280
     0
  3
Standard
 70
     0
 71
     0
 40
1.5
 41
1.5
280
     0
281
     0
  7
Standard
140
4.5
170
     2
 62
     0
 63
     7
283
     0
 90
      512
 91
        0
  1

274
    -2
284
     1
 64
     0
275
    -2
285
     1
 65
     0
276
    -2
286
     1
 66
     0
277
    -2
287
     1
 67
     0
278
    -2
288
     1
 68
     0
279
    -2
289
     1
 69
     0
  7
Standard
140
6.0
170
     5
 62
     0
 63
     7
283
     0
 90
      512
 91
        0
  1

274
    -2
284
     1
 64
     0
275
    -2
285
     1
 65
     0
276
    -2
286
     1
 66
     0
277
    -2
287
     1
 67
     0
278
    -2
288
     1
 68
     0
279
    -2
289
     1
 69
     0
  7
Standard
140
4.5
170
     5
 62
     0
 63
     7
283
     0
 90
      512
 91
        0
  1

274
    -2
284
     1
 64
     0
275
    -2
285
     1
 65
     0
276
    -2
286
     1
 66
     0
277
    -2
287
     1
 67
     0
278
    -2
288
     1
 68
     0
279
    -2
289
     1
 69
     0
1001
ACAD
1000
AcRTDxfName
1000
TABLESTYLE
  0
VISUALSTYLE
  5
185
102
{ACAD_REACTORS
330
17F
102
}
330
17F
100
AcDbVisualStyle
  2
2dWireframe
 70
     4
177
     3
291
     0
 70
    58
 90
        0
176
     1
 90
        2
176
     1
 90
        0
176
     1
 90
        0
176
     1
 40
0.6
176
     1
 40
30.0
176
     1
 62
     7
420
 16777215
176
     1
 90
        1
176
     1
 90
        4
176
     1
 62
     7
176
     1
 62
   257
176
     1
 90
        1
176
     1
 90
        1
176
     1
 40
1.0
176
     1
 90
        0
176
     1
 62
   257
176
     1
 40
1.0
176
     1
 90
        1
176
     1
 90
        6
176
     1
 90
        2
176
     1
 62
     7
176
     1
 90
        5
176
     1
 90
        0
176
     1
 90
        0
176
     1
290
     0
176
     1
 90
        1
176
     1
 40
0.0
176
     1
 90
        0
176
     1
290
     1
176
     1
290
     1
176
     1
290
     0
176
     1
290
     0
176
     1
290
     0
176
     1
290
     0
176
     1
290
     0
176
     1
290
     0
176
     1
290
     0
176
     1
 90
       50
176
     1
 40
0.0
176
     1
 40
1.0
176
     1
 90
        0
176
     1
 62
    18
420
        0
176
     1
 90
       50
176
     1
 90
        3
176
     1
 62
     5
420
      255
176
     1
290
     0
176
     1
 90
       50
176
     1
 90
       50
176
     1
 90
       50
176
     1
290
     0
176
     1
 90
       50
176
     1
 62
   256
176
     0
 40
1.0
176
     0
 90
        0
176
     1
  1
strokes_ogs.tif
176
     1
290
     0
176
     1
 40
1.0
176
     1
 40
1.0
176
     1
  0
VISUALSTYLE
  5
184
102
{ACAD_REACTORS
330
17F
102
}
330
17F
100
AcDbVisualStyle
  2
Basic
 70
     7
177
     3
291
     1
 70
    58
 90
        1
176
     1
 90
        0
176
     1
 90
        1
176
     1
 90
        0
176
     1
 40
0.6
176
     1
 40
30.0
176
     1
 62
     7
420
 16777215
176
     1
 90
        0
176
     1
 90
        4
176
     1
 62
     7
176
     1
 62
   257
176
     1
 90
        1
176
     1
 90
        1
176
     1
 40
1.0
176
     1
 90
        8
176
     1
 62
     7
176
     1
 40
1.0
176
     1
 90
        1
176
     1
 90
        6
176
     1
 90
        2
176
     1
 62
     7
176
     1
 90
        5
176
     1
 90
        0
176
     1
 90
        0
176
     1
290
     0
176
     1
 90
        1
176
     1
 40
0.0
176
     1
 90
        0
176
     1
290
     0
176
     1
290
     1
176
     1
290
     1
176
     1
290
     0
176
     1
290
     0
176
     1
290
     0
176
     1
290
     0
176
     1
290
     0
176
     1
290
     0
176
     1
 90
       50
176
     1
 40
0.0
176
     1
 40
1.0
176
     1
 90
        0
176
     1
 62
    18
420
        0
176
     1
 90
       50
176
     1
 90
        3
176
     1
 62
     5
420
      255
176
     1
290
     0
176
     1
 90
       50
176
     1
 90
       50
176
     1
 90
       50
176
     1
290
     0
176
     1
 90
       50
176
     1
 62
   256
176
     0
 40
1.0
176
     0
 90
        0
176
     1
  1
strokes_ogs.tif
176
     1
290
     0
176
     1
 40
1.0
176
     1
 40
1.0
176
     1
  0
VISUALSTYLE
  5
18B
102
{ACAD_REACTORS
330
17F
102
}
330
17F
100
AcDbVisualStyle
  2
Brighten
 70
    12
177
     3
291
     1
 70
    58
 90
        2
176
     1
 90
        2
176
     1
 90
        0
176
     1
 90
        0
176
     1
 40
0.6
176
     1
 40
30.0
176
     1
 62
     7
420
 16777215
176
     1
 90
        1
176
     1
 90
        4
176
     1
 62
     7
176
     1
 62
   257
176
     1
 90
        1
176
     1
 90
        1
176
     1
 40
1.0
176
     1
 90
        8
176
     1
 62
     7
176
     1
 40
1.0
176
     1
 90
        1
176
     1
 90
        6
176
     1
 90
        2
176
     1
 62
     7
176
     1
 90
        5
176
     1
 90
        0
176
     1
 90
        0
176
     1
290
     0
176
     1
 90
        1
176
     1
 40
50.0
176
     1
 90
        0
176
     1
290
     0
176
     1
290
     1
176
     1
290
     1
176
     1
290
     0
176
     1
290
     0
176
     1
290
     0
176
     1
290
     0
176
     1
290
     0
176
     1
290
     0
176
     1
 90
       50
176
     1
 40
0.0
176
     1
 40
1.0
176
     1
 90
        0
176
     1
 62
    18
420
        0
176
     1
 90
       50
176
     1
 90
        3
176
     1
 62
     5
420
      255
176
     1
290
     0
176
     1
 90
       50
176
     1
 90
       50
176
     1
 90
       50
176
     1
290
     0
176
     1
 90
       50
176
     1
 62
   256
176
     0
 40
1.0
176
     0
 90
        0
176
     1
  1
strokes_ogs.tif
176
     1
290
     0
176
     1
 40
1.0
176
     1
 40
1.0
176
     1
  0
VISUALSTYLE
  5
18F
102
{ACAD_REACTORS
330
17F
102
}
330
17F
100
AcDbVisualStyle
  2
ColorChange
 70
    16
177
     3
291
     1
 70
    58
 90
        2
176
     1
 90
        2
176
     1
 90
        3
176
     1
 90
        0
176
     1
 40
0.6
176
     1
 40
30.0
176
     1
 62
     8
420
  8421504
176
     1
 90
        1
176
     1
 90
        4
176
     1
 62
     7
176
     1
 62
   257
176
     1
 90
        1
176
     1
 90
        1
176
     1
 40
1.0
176
     1
 90
        8
176
     1
 62
     8
420
  8421504
176
     1
 40
1.0
176
     1
 90
        1
176
     1
 90
        6
176
     1
 90
        2
176
     1
 62
     7
176
     1
 90
        5
176
     1
 90
        0
176
     1
 90
        0
176
     1
290
     0
176
     1
 90
        1
176
     1
 40
0.0
176
     1
 90
        0
176
     1
290
     0
176
     1
290
     1
176
     1
290
     1
176
     1
290
     0
176
     1
290
     0
176
     1
290
     0
176
     1
290
     0
176
     1
290
     0
176
     1
290
     0
176
     1
 90
       50
176
     1
 40
0.0
176
     1
 40
1.0
176
     1
 90
        0
176
     1
 62
    18
420
        0
176
     1
 90
       50
176
     1
 90
        3
176
     1
 62
     5
420
      255
176
     1
290
     0
176
     1
 90
       50
176
     1
 90
       50
176
     1
 90
       50
176
     1
290
     0
176
     1
 90
       50
176
     1
 62
   256
176
     0
 40
1.0
176
     0
 90
        0
176
     1
  1
strokes_ogs.tif
176
     1
290
     0
176
     1
 40
1.0
176
     1
 40
1.0
176
     1
  0
VISUALSTYLE
  5
188
102
{ACAD_REACTORS
330
17F
102
}
330
17F
100
AcDbVisualStyle
  2
Conceptual
 70
     9
177
     3
291
     0
 70
    58
 90
        3
176
     1
 90
        2
176
     1
 90
        0
176
     1
 90
        0
176
     1
 40
0.6
176
     1
 40
30.0
176
     1
 62
     7
420
 16777215
176
     1
 90
        2
176
     1
 90
        2
176
     1
 62
     7
176
     1
 62
   257
176
     1
 90
        1
176
     1
 90
        1
176
     1
 40
179.0
176
     1
 90
        8
176
     1
 62
     7
176
     1
 40
1.0
176
     1
 90
        1
176
     1
 90
        6
176
     1
 90
        2
176
     1
 62
     7
176
     1
 90
        3
176
     1
 90
        0
176
     1
 90
        0
176
     1
290
     0
176
     1
 90
        1
176
     1
 40
0.0
176
     1
 90
        0
176
     1
290
     0
176
     1
290
     1
176
     1
290
     1
176
     1
290
     0
176
     1
290
     0
176
     1
290
     0
176
     1
290
     0
176
     1
290
     0
176
     1
290
     0
176
     1
 90
       50
176
     1
 40
0.0
176
     1
 40
1.0
176
     1
 90
        0
176
     1
 62
    18
420
        0
176
     1
 90
       50
176
     1
 90
        3
176
     1
 62
     5
420
      255
176
     1
290
     0
176
     1
 90
       50
176
     1
 90
       50
176
     1
 90
       50
176
     1
290
     0
176
     1
 90
       50
176
     1
 62
   256
176
     0
 40
1.0
176
     0
 90
        0
176
     1
  1
strokes_ogs.tif
176
     1
290
     0
176
     1
 40
1.0
176
     1
 40
1.0
176
     1
  0
VISUALSTYLE
  5
18A
102
{ACAD_REACTORS
330
17F
102
}
330
17F
100
AcDbVisualStyle
  2
Dim
 70
    11
177
     3
291
     1
 70
    58
 90
        2
176
     1
 90
        2
176
     1
 90
        0
176
     1
 90
        0
176
     1
 40
0.6
176
     1
 40
30.0
176
     1
 62
     7
420
 16777215
176
     1
 90
        1
176
     1
 90
        4
176
     1
 62
     7
176
     1
 62
   257
176
     1
 90
        1
176
     1
 90
        1
176
     1
 40
1.0
176
     1
 90
        8
176
     1
 62
     7
176
     1
 40
1.0
176
     1
 90
        1
176
     1
 90
        6
176
     1
 90
        2
176
     1
 62
     7
176
     1
 90
        5
176
     1
 90
        0
176
     1
 90
        0
176
     1
290
     0
176
     1
 90
        1
176
     1
 40
-50.0
176
     1
 90
        0
176
     1
290
     0
176
     1
290
     1
176
     1
290
     1
176
     1
290
     0
176
     1
290
     0
176
     1
290
     0
176
     1
290
     0
176
     1
290
     0
176
     1
290
     0
176
     1
 90
       50
176
     1
 40
0.0
176
     1
 40
1.0
176
     1
 90
        0
176
     1
 62
    18
420
        0
176
     1
 90
       50
176
     1
 90
        3
176
     1
 62
     5
420
      255
176
     1
290
     0
176
     1
 90
       50
176
     1
 90
       50
176
     1
 90
       50
176
     1
290
     0
176
     1
 90
       50
176
     1
 62
   256
176
     0
 40
1.0
176
     0
 90
        0
176
     1
  1
strokes_ogs.tif
176
     1
290
     0
176
     1
 40
1.0
176
     1
 40
1.0
176
     1
  0
VISUALSTYLE
  5
197
102
{ACAD_REACTORS
330
17F
102
}
330
17F
100
AcDbVisualStyle
  2
EdgeColorOff
 70
    22
177
     3
291
     1
 70
    58
 90
        2
176
     0
 90
        2
176
     0
 90
        0
176
     0
 90
        0
176
     0
 40
0.6
176
     0
 40
30.0
176
     0
 62
     7
420
 16777215
176
     0
 90
        1
176
     0
 90
        4
176
     0
 62
     7
176
     0
 62
   257
176
     0
 90
        1
176
     0
 90
        1
176
     0
 40
1.0
176
     0
 90
        8
176
     2
 62
     7
176
     0
 40
1.0
176
     0
 90
        1
176
     0
 90
        6
176
     0
 90
        2
176
     0
 62
     7
176
     0
 90
        5
176
     0
 90
        0
176
     0
 90
        0
176
     0
290
     0
176
     0
 90
        1
176
     0
 40
0.0
176
     0
 90
        0
176
     0
290
     0
176
     1
290
     1
176
     1
290
     1
176
     1
290
     0
176
     1
290
     0
176
     1
290
     0
176
     1
290
     0
176
     1
290
     0
176
     1
290
     0
176
     1
 90
       50
176
     1
 40
0.0
176
     1
 40
1.0
176
     1
 90
        0
176
     1
 62
    18
420
        0
176
     1
 90
       50
176
     1
 90
        3
176
     1
 62
     5
420
      255
176
     1
290
     0
176
     1
 90
       50
176
     1
 90
       50
176
     1
 90
       50
176
     1
290
     0
176
     1
 90
       50
176
     1
 62
   256
176
     0
 40
1.0
176
     0
 90
        0
176
     1
  1
strokes_ogs.tif
176
     1
290
     0
176
     1
 40
1.0
176
     1
 40
1.0
176
     1
  0
VISUALSTYLE
  5
18E
102
{ACAD_REACTORS
330
17F
102
}
330
17F
100
AcDbVisualStyle
  2
Facepattern
 70
    15
177
     3
291
     1
 70
    58
 90
        2
176
     1
 90
        2
176
     1
 90
        0
176
     1
 90
        0
176
     1
 40
0.6
176
     1
 40
30.0
176
     1
 62
     7
420
 16777215
176
     1
 90
        1
176
     1
 90
        4
176
     1
 62
     7
176
     1
 62
   257
176
     1
 90
        1
176
     1
 90
        1
176
     1
 40
1.0
176
     1
 90
        8
176
     1
 62
     7
176
     1
 40
1.0
176
     1
 90
        1
176
     1
 90
        6
176
     1
 90
        2
176
     1
 62
     7
176
     1
 90
        5
176
     1
 90
        0
176
     1
 90
        0
176
     1
290
     0
176
     1
 90
        1
176
     1
 40
0.0
176
     1
 90
        0
176
     1
290
     0
176
     1
290
     1
176
     1
290
     1
176
     1
290
     0
176
     1
290
     0
176
     1
290
     0
176
     1
290
     0
176
     1
290
     0
176
     1
290
     0
176
     1
 90
       50
176
     1
 40
0.0
176
     1
 40
1.0
176
     1
 90
        0
176
     1
 62
    18
420
        0
176
     1
 90
       50
176
     1
 90
        3
176
     1
 62
     5
420
      255
176
     1
290
     0
176
     1
 90
       50
176
     1
 90
       50
176
     1
 90
       50
176
     1
290
     0
176
     1
 90
       50
176
     1
 62
   256
176
     0
 40
1.0
176
     0
 90
        0
176
     1
  1
strokes_ogs.tif
176
     1
290
     0
176
     1
 40
1.0
176
     1
 40
1.0
176
     1
  0
VISUALSTYLE
  5
180
102
{ACAD_REACTORS
330
17F
102
}
330
17F
100
AcDbVisualStyle
  2
Flat
 70
     0
177
     3
291
     1
 70
    58
 90
        2
176
     1
 90
        1
176
     1
 90
        1
176
     1
 90
        2
176
     1
 40
0.6
176
     1
 40
30.0
176
     1
 62
     7
420
 16777215
176
     1
 90
        0
176
     1
 90
        0
176
     1
 62
     7
176
     1
 62
   257
176
     1
 90
        1
176
     1
 90
        1
176
     1
 40
1.0
176
     1
 90
        8
176
     1
 62
     7
176
     1
 40
1.0
176
     1
 90
        1
176
     1
 90
        6
176
     1
 90
        2
176
     1
 62
     7
176
     1
 90
        5
176
     1
 90
        0
176
     1
 90
        0
176
     1
290
     0
176
     1
 90
       13
176
     1
 40
0.0
176
     1
 90
        0
176
     1
290
     0
176
     1
290
     1
176
     1
290
     1
176
     1
290
     0
176
     1
290
     0
176
     1
290
     0
176
     1
290
     0
176
     1
290
     0
176
     1
290
     0
176
     1
 90
       50
176
     1
 40
0.0
176
     1
 40
1.0
176
     1
 90
        0
176
     1
 62
    18
420
        0
176
     1
 90
       50
176
     1
 90
        3
176
     1
 62
     5
420
      255
176
     1
290
     0
176
     1
 90
       50
176
     1
 90
       50
176
     1
 90
       50
176
     1
290
     0
176
     1
 90
       50
176
     1
 62
   256
176
     0
 40
1.0
176
     0
 90
        0
176
     1
  1
strokes_ogs.tif
176
     1
290
     0
176
     1
 40
1.0
176
     1
 40
1.0
176
     1
  0
VISUALSTYLE
  5
181
102
{ACAD_REACTORS
330
17F
102
}
330
17F
100
AcDbVisualStyle
  2
FlatWithEdges
 70
     1
177
     3
291
     1
 70
    58
 90
        2
176
     1
 90
        1
176
     1
 90
        1
176
     1
 90
        2
176
     1
 40
0.6
176
     1
 40
30.0
176
     1
 62
     7
420
 16777215
176
     1
 90
        1
176
     1
 90
        0
176
     1
 62
     7
176
     1
 62
   257
176
     1
 90
        1
176
     1
 90
        1
176
     1
 40
1.0
176
     1
 90
        0
176
     1
 62
   257
176
     1
 40
1.0
176
     1
 90
        1
176
     1
 90
        6
176
     1
 90
        2
176
     1
 62
     7
176
     1
 90
        5
176
     1
 90
        0
176
     1
 90
        0
176
     1
290
     0
176
     1
 90
       13
176
     1
 40
0.0
176
     1
 90
        0
176
     1
290
     0
176
     1
290
     1
176
     1
290
     1
176
     1
290
     0
176
     1
290
     0
176
     1
290
     0
176
     1
290
     0
176
     1
290
     0
176
     1
290
     0
176
     1
 90
       50
176
     1
 40
0.0
176
     1
 40
1.0
176
     1
 90
        0
176
     1
 62
    18
420
        0
176
     1
 90
       50
176
     1
 90
        3
176
     1
 62
     5
420
      255
176
     1
290
     0
176
     1
 90
       50
176
     1
 90
       50
176
     1
 90
       50
176
     1
290
     0
176
     1
 90
       50
176
     1
 62
   256
176
     0
 40
1.0
176
     0
 90
        0
176
     1
  1
strokes_ogs.tif
176
     1
290
     0
176
     1
 40
1.0
176
     1
 40
1.0
176
     1
  0
VISUALSTYLE
  5
182
102
{ACAD_REACTORS
330
17F
102
}
330
17F
100
AcDbVisualStyle
  2
Gouraud
 70
     2
177
     3
291
     1
 70
    58
 90
        2
176
     1
 90
        2
176
     1
 90
        1
176
     1
 90
        2
176
     1
 40
0.6
176
     1
 40
30.0
176
     1
 62
     7
420
 16777215
176
     1
 90
        0
176
     1
 90
        0
176
     1
 62
     7
176
     1
 62
   257
176
     1
 90
        1
176
     1
 90
        1
176
     1
 40
1.0
176
     1
 90
        0
176
     1
 62
     7
176
     1
 40
1.0
176
     1
 90
        1
176
     1
 90
        6
176
     1
 90
        2
176
     1
 62
     7
176
     1
 90
        5
176
     1
 90
        0
176
     1
 90
        0
176
     1
290
     0
176
     1
 90
       13
176
     1
 40
0.0
176
     1
 90
        0
176
     1
290
     0
176
     1
290
     1
176
     1
290
     1
176
     1
290
     0
176
     1
290
     0
176
     1
290
     0
176
     1
290
     0
176
     1
290
     0
176
     1
290
     0
176
     1
 90
       50
176
     1
 40
0.0
176
     1
 40
1.0
176
     1
 90
        0
176
     1
 62
    18
420
        0
176
     1
 90
       50
176
     1
 90
        3
176
     1
 62
     5
420
      255
176
     1
290
     0
176
     1
 90
       50
176
     1
 90
       50
176
     1
 90
       50
176
     1
290
     0
176
     1
 90
       50
176
     1
 62
   256
176
     0
 40
1.0
176
     0
 90
        0
176
     1
  1
strokes_ogs.tif
176
     1
290
     0
176
     1
 40
1.0
176
     1
 40
1.0
176
     1
  0
VISUALSTYLE
  5
183
102
{ACAD_REACTORS
330
17F
102
}
330
17F
100
AcDbVisualStyle
  2
GouraudWithEdges
 70
     3
177
     3
291
     1
 70
    58
 90
        2
176
     1
 90
        2
176
     1
 90
        1
176
     1
 90
        2
176
     1
 40
0.6
176
     1
 40
30.0
176
     1
 62
     7
420
 16777215
176
     1
 90
        1
176
     1
 90
        0
176
     1
 62
     7
176
     1
 62
   257
176
     1
 90
        1
176
     1
 90
        1
176
     1
 40
1.0
176
     1
 90
        0
176
     1
 62
   257
176
     1
 40
1.0
176
     1
 90
        1
176
     1
 90
        6
176
     1
 90
        2
176
     1
 62
     7
176
     1
 90
        5
176
     1
 90
        0
176
     1
 90
        0
176
     1
290
     0
176
     1
 90
       13
176
     1
 40
0.0
176
     1
 90
        0
176
     1
290
     0
176
     1
290
     1
176
     1
290
     1
176
     1
290
     0
176
     1
290
     0
176
     1
290
     0
176
     1
290
     0
176
     1
290
     0
176
     1
290
     0
176
     1
 90
       50
176
     1
 40
0.0
176
     1
 40
1.0
176
     1
 90
        0
176
     1
 62
    18
420
        0
176
     1
 90
       50
176
     1
 90
        3
176
     1
 62
     5
420
      255
176
     1
290
     0
176
     1
 90
       50
176
     1
 90
       50
176
     1
 90
       50
176
     1
290
     0
176
     1
 90
       50
176
     1
 62
   256
176
     0
 40
1.0
176
     0
 90
        0
176
     1
  1
strokes_ogs.tif
176
     1
290
     0
176
     1
 40
1.0
176
     1
 40
1.0
176
     1
  0
VISUALSTYLE
  5
187
102
{ACAD_REACTORS
330
17F
102
}
330
17F
100
AcDbVisualStyle
  2
Hidden
 70
     6
177
     3
291
     0
 70
    58
 90
        1
176
     1
 90
        2
176
     1
 90
        2
176
     1
 90
        0
176
     1
 40
0.6
176
     1
 40
30.0
176
     1
 62
     7
420
 16777215
176
     1
 90
        2
176
     1
 90
        2
176
     1
 62
     7
176
     1
 62
   257
176
     1
 90
        2
176
     1
 90
        1
176
     1
 40
40.0
176
     1
 90
        0
176
     1
 62
   257
176
     1
 40
1.0
176
     1
 90
        1
176
     1
 90
        6
176
     1
 90
        2
176
     1
 62
     7
176
     1
 90
        3
176
     1
 90
        0
176
     1
 90
        0
176
     1
290
     0
176
     1
 90
        1
176
     1
 40
0.0
176
     1
 90
        0
176
     1
290
     0
176
     1
290
     1
176
     1
290
     1
176
     1
290
     0
176
     1
290
     0
176
     1
290
     0
176
     1
290
     0
176
     1
290
     0
176
     1
290
     0
176
     1
 90
       50
176
     1
 40
0.0
176
     1
 40
1.0
176
     1
 90
        0
176
     1
 62
    18
420
        0
176
     1
 90
       50
176
     1
 90
        3
176
     1
 62
     5
420
      255
176
     1
290
     0
176
     1
 90
       50
176
     1
 90
       50
176
     1
 90
       50
176
     1
290
     0
176
     1
 90
       50
176
     1
 62
   256
176
     0
 40
1.0
176
     0
 90
        0
176
     1
  1
strokes_ogs.tif
176
     1
290
     0
176
     1
 40
1.0
176
     1
 40
1.0
176
     1
  0
VISUALSTYLE
  5
195
102
{ACAD_REACTORS
330
17F
102
}
330
17F
100
AcDbVisualStyle
  2
JitterOff
 70
    20
177
     3
291
     1
 70
    58
 90
        2
176
     0
 90
        2
176
     0
 90
        0
176
     0
 90
        0
176
     0
 40
0.6
176
     0
 40
30.0
176
     0
 62
     7
420
 16777215
176
     0
 90
        1
176
     0
 90
        4
176
     0
 62
     7
176
     0
 62
   257
176
     0
 90
        1
176
     0
 90
        1
176
     0
 40
1.0
176
     0
 90
       10
176
     2
 62
     7
176
     0
 40
1.0
176
     0
 90
        1
176
     0
 90
        6
176
     0
 90
        2
176
     0
 62
     7
176
     0
 90
        5
176
     0
 90
        0
176
     0
 90
        0
176
     0
290
     0
176
     0
 90
        1
176
     0
 40
0.0
176
     0
 90
        0
176
     0
290
     0
176
     1
290
     1
176
     1
290
     1
176
     1
290
     0
176
     1
290
     0
176
     1
290
     0
176
     1
290
     0
176
     1
290
     0
176
     1
290
     0
176
     1
 90
       50
176
     1
 40
0.0
176
     1
 40
1.0
176
     1
 90
        0
176
     1
 62
    18
420
        0
176
     1
 90
       50
176
     1
 90
        3
176
     1
 62
     5
420
      255
176
     1
290
     0
176
     1
 90
       50
176
     1
 90
       50
176
     1
 90
       50
176
     1
290
     0
176
     1
 90
       50
176
     1
 62
   256
176
     0
 40
1.0
176
     0
 90
        0
176
     1
  1
strokes_ogs.tif
176
     1
290
     0
176
     1
 40
1.0
176
     1
 40
1.0
176
     1
  0
VISUALSTYLE
  5
18D
102
{ACAD_REACTORS
330
17F
102
}
330
17F
100
AcDbVisualStyle
  2
Linepattern
 70
    14
177
     3
291
     1
 70
    58
 90
        2
176
     1
 90
        2
176
     1
 90
        0
176
     1
 90
        0
176
     1
 40
0.6
176
     1
 40
30.0
176
     1
 62
     7
420
 16777215
176
     1
 90
        1
176
     1
 90
        4
176
     1
 62
     7
176
     1
 62
   257
176
     1
 90
        7
176
     1
 90
        7
176
     1
 40
1.0
176
     1
 90
        8
176
     1
 62
     7
176
     1
 40
1.0
176
     1
 90
        1
176
     1
 90
        6
176
     1
 90
        2
176
     1
 62
     7
176
     1
 90
        5
176
     1
 90
        0
176
     1
 90
        0
176
     1
290
     0
176
     1
 90
        1
176
     1
 40
0.0
176
     1
 90
        0
176
     1
290
     0
176
     1
290
     1
176
     1
290
     1
176
     1
290
     0
176
     1
290
     0
176
     1
290
     0
176
     1
290
     0
176
     1
290
     0
176
     1
290
     0
176
     1
 90
       50
176
     1
 40
0.0
176
     1
 40
1.0
176
     1
 90
        0
176
     1
 62
    18
420
        0
176
     1
 90
       50
176
     1
 90
        3
176
     1
 62
     5
420
      255
176
     1
290
     0
176
     1
 90
       50
176
     1
 90
       50
176
     1
 90
       50
176
     1
290
     0
176
     1
 90
       50
176
     1
 62
   256
176
     0
 40
1.0
176
     0
 90
        0
176
     1
  1
strokes_ogs.tif
176
     1
290
     0
176
     1
 40
1.0
176
     1
 40
1.0
176
     1
  0
VISUALSTYLE
  5
196
102
{ACAD_REACTORS
330
17F
102
}
330
17F
100
AcDbVisualStyle
  2
OverhangOff
 70
    21
177
     3
291
     1
 70
    58
 90
        2
176
     0
 90
        2
176
     0
 90
        0
176
     0
 90
        0
176
     0
 40
0.6
176
     0
 40
30.0
176
     0
 62
     7
420
 16777215
176
     0
 90
        1
176
     0
 90
        4
176
     0
 62
     7
176
     0
 62
   257
176
     0
 90
        1
176
     0
 90
        1
176
     0
 40
1.0
176
     0
 90
        9
176
     2
 62
     7
176
     0
 40
1.0
176
     0
 90
        1
176
     0
 90
        6
176
     0
 90
        2
176
     0
 62
     7
176
     0
 90
        5
176
     0
 90
        0
176
     0
 90
        0
176
     0
290
     0
176
     0
 90
        1
176
     0
 40
0.0
176
     0
 90
        0
176
     0
290
     0
176
     1
290
     1
176
     1
290
     1
176
     1
290
     0
176
     1
290
     0
176
     1
290
     0
176
     1
290
     0
176
     1
290
     0
176
     1
290
     0
176
     1
 90
       50
176
     1
 40
0.0
176
     1
 40
1.0
176
     1
 90
        0
176
     1
 62
    18
420
        0
176
     1
 90
       50
176
     1
 90
        3
176
     1
 62
     5
420
      255
176
     1
290
     0
176
     1
 90
       50
176
     1
 90
       50
176
     1
 90
       50
176
     1
290
     0
176
     1
 90
       50
176
     1
 62
   256
176
     0
 40
1.0
176
     0
 90
        0
176
     1
  1
strokes_ogs.tif
176
     1
290
     0
176
     1
 40
1.0
176
     1
 40
1.0
176
     1
  0
VISUALSTYLE
  5
189
102
{ACAD_REACTORS
330
17F
102
}
330
17F
100
AcDbVisualStyle
  2
Realistic
 70
     8
177
     3
291
     0
 70
    58
 90
        2
176
     1
 90
        3
176
     1
 90
        0
176
     1
 90
        2
176
     1
 40
0.6
176
     1
 40
30.0
176
     1
 62
     7
420
 16777215
176
     1
 90
        0
176
     1
 90
        0
176
     1
 62
     7
176
     1
 62
   257
176
     1
 90
        1
176
     1
 90
        1
176
     1
 40
1.0
176
     1
 90
        8
176
     1
 62
   257
176
     1
 40
1.0
176
     1
 90
        1
176
     1
 90
        6
176
     1
 90
        2
176
     1
 62
     7
176
     1
 90
        3
176
     1
 90
        0
176
     1
 90
        0
176
     1
290
     0
176
     1
 90
       13
176
     1
 40
0.0
176
     1
 90
        0
176
     1
290
     0
176
     1
290
     1
176
     1
290
     1
176
     1
290
     0
176
     1
290
     0
176
     1
290
     0
176
     1
290
     0
176
     1
290
     0
176
     1
290
     0
176
     1
 90
       50
176
     1
 40
0.0
176
     1
 40
1.0
176
     1
 90
        0
176
     1
 62
    18
420
        0
176
     1
 90
       50
176
     1
 90
        3
176
     1
 62
     5
420
      255
176
     1
290
     0
176
     1
 90
       50
176
     1
 90
       50
176
     1
 90
       50
176
     1
290
     0
176
     1
 90
       50
176
     1
 62
   256
176
     0
 40
1.0
176
     0
 90
        0
176
     1
  1
strokes_ogs.tif
176
     1
290
     0
176
     1
 40
1.0
176
     1
 40
1.0
176
     1
  0
VISUALSTYLE
  5
194
102
{ACAD_REACTORS
330
17F
102
}
330
17F
100
AcDbVisualStyle
  2
Shaded
 70
    27
177
     3
291
     0
 70
    58
 90
        2
176
     1
 90
        2
176
     1
 90
        1
176
     1
 90
        2
176
     1
 40
0.6
176
     1
 40
30.0
176
     1
 62
     7
420
 16777215
176
     1
 90
        0
176
     1
 90
        4
176
     1
 62
     7
176
     1
 62
   257
176
     1
 90
        1
176
     1
 90
        1
176
     1
 40
1.0
176
     1
 90
        8
176
     1
 62
   257
176
     1
 40
1.0
176
     1
 90
        1
176
     1
 90
        6
176
     1
 90
        2
176
     1
 62
     8
420
  7895160
176
     1
 90
        3
176
     1
 90
        0
176
     1
 90
        0
176
     1
290
     0
176
     1
 90
        5
176
     1
 40
0.0
176
     1
 90
        0
176
     1
290
     0
176
     1
290
     1
176
     1
290
     1
176
     1
290
     0
176
     1
290
     0
176
     1
290
     0
176
     1
290
     0
176
     1
290
     0
176
     1
290
     0
176
     1
 90
       50
176
     1
 40
0.0
176
     1
 40
1.0
176
     1
 90
        0
176
     1
 62
    18
420
        0
176
     1
 90
       50
176
     1
 90
        3
176
     1
 62
     5
420
      255
176
     1
290
     0
176
     1
 90
       50
176
     1
 90
       50
176
     1
 90
       50
176
     1
290
     0
176
     1
 90
       50
176
     1
 62
   256
176
     0
 40
1.0
176
     0
 90
        0
176
     1
  1
strokes_ogs.tif
176
     1
290
     0
176
     1
 40
1.0
176
     1
 40
1.0
176
     1
  0
VISUALSTYLE
  5
193
102
{ACAD_REACTORS
330
17F
102
}
330
17F
100
AcDbVisualStyle
  2
Shaded with edges
 70
    26
177
     3
291
     0
 70
    58
 90
        2
176
     1
 90
        2
176
     1
 90
        1
176
     1
 90
        2
176
     1
 40
0.6
176
     1
 40
30.0
176
     1
 62
     7
420
 16777215
176
     1
 90
        1
176
     1
 90
       10
176
     1
 62
     7
176
     1
 62
   257
176
     1
 90
        2
176
     1
 90
        1
176
     1
 40
1.0
176
     1
 90
        8
176
     1
 62
   257
176
     1
 40
1.0
176
     1
 90
        1
176
     1
 90
        6
176
     1
 90
        2
176
     1
 62
     7
176
     1
 90
        3
176
     1
 90
        0
176
     1
 90
        0
176
     1
290
     0
176
     1
 90
        5
176
     1
 40
0.0
176
     1
 90
        0
176
     1
290
     0
176
     1
290
     1
176
     1
290
     1
176
     1
290
     0
176
     1
290
     0
176
     1
290
     0
176
     1
290
     0
176
     1
290
     0
176
     1
290
     0
176
     1
 90
       50
176
     1
 40
0.0
176
     1
 40
1.0
176
     1
 90
        0
176
     1
 62
    18
420
        0
176
     1
 90
       50
176
     1
 90
        3
176
     1
 62
     5
420
      255
176
     1
290
     0
176
     1
 90
       50
176
     1
 90
       50
176
     1
 90
       50
176
     1
290
     0
176
     1
 90
       50
176
     1
 62
   256
176
     0
 40
1.0
176
     0
 90
        0
176
     1
  1
strokes_ogs.tif
176
     1
290
     0
176
     1
 40
1.0
176
     1
 40
1.0
176
     1
  0
VISUALSTYLE
  5
190
102
{ACAD_REACTORS
330
17F
102
}
330
17F
100
AcDbVisualStyle
  2
Shades of Gray
 70
    23
177
     3
291
     0
 70
    58
 90
        2
176
     1
 90
        2
176
     1
 90
        3
176
     1
 90
        0
176
     1
 40
0.6
176
     1
 40
30.0
176
     1
 62
     7
420
 16777215
176
     1
 90
        2
176
     1
 90
        2
176
     1
 62
     7
176
     1
 62
     7
176
     1
 90
        1
176
     1
 90
        1
176
     1
 40
40.0
176
     1
 90
        8
176
     1
 62
     7
176
     1
 40
1.0
176
     1
 90
        1
176
     1
 90
        6
176
     1
 90
        2
176
     1
 62
     7
176
     1
 90
        3
176
     1
 90
        0
176
     1
 90
        0
176
     1
290
     0
176
     1
 90
        1
176
     1
 40
0.0
176
     1
 90
        0
176
     1
290
     0
176
     1
290
     1
176
     1
290
     1
176
     1
290
     0
176
     1
290
     0
176
     1
290
     0
176
     1
290
     0
176
     1
290
     0
176
     1
290
     0
176
     1
 90
       50
176
     1
 40
0.0
176
     1
 40
1.0
176
     1
 90
        0
176
     1
 62
    18
420
        0
176
     1
 90
       50
176
     1
 90
        3
176
     1
 62
     5
420
      255
176
     1
290
     0
176
     1
 90
       50
176
     1
 90
       50
176
     1
 90
       50
176
     1
290
     0
176
     1
 90
       50
176
     1
 62
   256
176
     0
 40
1.0
176
     0
 90
        0
176
     1
  1
strokes_ogs.tif
176
     1
290
     0
176
     1
 40
1.0
176
     1
 40
1.0
176
     1
  0
VISUALSTYLE
  5
191
102
{ACAD_REACTORS
330
17F
102
}
330
17F
100
AcDbVisualStyle
  2
Sketchy
 70
    24
177
     3
291
     0
 70
    58
 90
        1
176
     1
 90
        2
176
     1
 90
        2
176
     1
 90
        0
176
     1
 40
0.6
176
     1
 40
30.0
176
     1
 62
     7
420
 16777215
176
     1
 90
        2
176
     1
 90
        2
176
     1
 62
     7
176
     1
 62
     7
176
     1
 90
        1
176
     1
 90
        1
176
     1
 40
40.0
176
     1
 90
       11
176
     1
 62
     7
176
     1
 40
1.0
176
     1
 90
        1
176
     1
 90
        6
176
     1
 90
        2
176
     1
 62
     7
176
     1
 90
        6
176
     1
 90
        0
176
     1
 90
        0
176
     1
290
     0
176
     1
 90
        1
176
     1
 40
0.0
176
     1
 90
        0
176
     1
290
     0
176
     1
290
     1
176
     1
290
     1
176
     1
290
     0
176
     1
290
     0
176
     1
290
     0
176
     1
290
     0
176
     1
290
     0
176
     1
290
     0
176
     1
 90
       50
176
     1
 40
0.0
176
     1
 40
1.0
176
     1
 90
        0
176
     1
 62
    18
420
        0
176
     1
 90
       50
176
     1
 90
        3
176
     1
 62
     5
420
      255
176
     1
290
     0
176
     1
 90
       50
176
     1
 90
       50
176
     1
 90
       50
176
     1
290
     0
176
     1
 90
       50
176
     1
 62
   256
176
     0
 40
1.0
176
     0
 90
        0
176
     1
  1
strokes_ogs.tif
176
     1
290
     0
176
     1
 40
1.0
176
     1
 40
1.0
176
     1
  0
VISUALSTYLE
  5
18C
102
{ACAD_REACTORS
330
17F
102
}
330
17F
100
AcDbVisualStyle
  2
Thicken
 70
    13
177
     3
291
     1
 70
    58
 90
        2
176
     1
 90
        2
176
     1
 90
        0
176
     1
 90
        0
176
     1
 40
0.6
176
     1
 40
30.0
176
     1
 62
     7
420
 16777215
176
     1
 90
        1
176
     1
 90
        4
176
     1
 62
     7
176
     1
 62
   257
176
     1
 90
        1
176
     1
 90
        1
176
     1
 40
1.0
176
     1
 90
       12
176
     1
 62
     7
176
     1
 40
1.0
176
     1
 90
        1
176
     1
 90
        6
176
     1
 90
        2
176
     1
 62
     7
176
     1
 90
        5
176
     1
 90
        0
176
     1
 90
        0
176
     1
290
     0
176
     1
 90
        1
176
     1
 40
0.0
176
     1
 90
        0
176
     1
290
     0
176
     1
290
     1
176
     1
290
     1
176
     1
290
     0
176
     1
290
     0
176
     1
290
     0
176
     1
290
     0
176
     1
290
     0
176
     1
290
     0
176
     1
 90
       50
176
     1
 40
0.0
176
     1
 40
1.0
176
     1
 90
        0
176
     1
 62
    18
420
        0
176
     1
 90
       50
176
     1
 90
        3
176
     1
 62
     5
420
      255
176
     1
290
     0
176
     1
 90
       50
176
     1
 90
       50
176
     1
 90
       50
176
     1
290
     0
176
     1
 90
       50
176
     1
 62
   256
176
     0
 40
1.0
176
     0
 90
        0
176
     1
  1
strokes_ogs.tif
176
     1
290
     0
176
     1
 40
1.0
176
     1
 40
1.0
176
     1
  0
VISUALSTYLE
  5
186
102
{ACAD_REACTORS
330
17F
102
}
330
17F
100
AcDbVisualStyle
  2
Wireframe
 70
     5
177
     3
291
     0
 70
    58
 90
        0
176
     1
 90
        2
176
     1
 90
        0
176
     1
 90
        0
176
     1
 40
0.6
176
     1
 40
30.0
176
     1
 62
     7
420
 16777215
176
     1
 90
        1
176
     1
 90
        4
176
     1
 62
     7
176
     1
 62
   257
176
     1
 90
        1
176
     1
 90
        1
176
     1
 40
1.0
176
     1
 90
        0
176
     1
 62
   257
176
     1
 40
1.0
176
     1
 90
        1
176
     1
 90
        6
176
     1
 90
        2
176
     1
 62
     7
176
     1
 90
        3
176
     1
 90
        0
176
     1
 90
        0
176
     1
290
     0
176
     1
 90
        1
176
     1
 40
0.0
176
     1
 90
        0
176
     1
290
     0
176
     1
290
     1
176
     1
290
     1
176
     1
290
     0
176
     1
290
     0
176
     1
290
     0
176
     1
290
     0
176
     1
290
     0
176
     1
290
     0
176
     1
 90
       50
176
     1
 40
0.0
176
     1
 40
1.0
176
     1
 90
        0
176
     1
 62
    18
420
        0
176
     1
 90
       50
176
     1
 90
        3
176
     1
 62
     5
420
      255
176
     1
290
     0
176
     1
 90
       50
176
     1
 90
       50
176
     1
 90
       50
176
     1
290
     0
176
     1
 90
       50
176
     1
 62
   256
176
     0
 40
1.0
176
     0
 90
        0
176
     1
  1
strokes_ogs.tif
176
     1
290
     0
176
     1
 40
1.0
176
     1
 40
1.0
176
     1
  0
VISUALSTYLE
  5
192
102
{ACAD_REACTORS
330
17F
102
}
330
17F
100
AcDbVisualStyle
  2
X-Ray
 70
    25
177
     3
291
     0
 70
    58
 90
        2
176
     1
 90
        2
176
     1
 90
        1
176
     1
 90
        1
176
     1
 40
0.5
176
     1
 40
30.0
176
     1
 62
     7
420
 16777215
176
     1
 90
        1
176
     1
 90
        0
176
     1
 62
     7
176
     1
 62
   257
176
     1
 90
        1
176
     1
 90
        1
176
     1
 40
1.0
176
     1
 90
        8
176
     1
 62
     7
176
     1
 40
1.0
176
     1
 90
        1
176
     1
 90
        6
176
     1
 90
        2
176
     1
 62
     7
176
     1
 90
        3
176
     1
 90
        0
176
     1
 90
        0
176
     1
290
     0
176
     1
 90
       13
176
     1
 40
0.0
176
     1
 90
        0
176
     1
290
     0
176
     1
290
     1
176
     1
290
     1
176
     1
290
     0
176
     1
290
     0
176
     1
290
     0
176
     1
290
     0
176
     1
290
     0
176
     1
290
     0
176
     1
 90
       50
176
     1
 40
0.0
176
     1
 40
1.0
176
     1
 90
        0
176
     1
 62
    18
420
        0
176
     1
 90
       50
176
     1
 90
        3
176
     1
 62
     5
420
      255
176
     1
290
     0
176
     1
 90
       50
176
     1
 90
       50
176
     1
 90
       50
176
     1
290
     0
176
     1
 90
       50
176
     1
 62
   256
176
     0
 40
1.0
176
     0
 90
        0
176
     1
  1
strokes_ogs.tif
176
     1
290
     0
176
     1
 40
1.0
176
     1
 40
1.0
176
     1
  0
DICTIONARYVAR
  5
2D1
102
{ACAD_REACTORS
330
2D0
102
}
330
2D0
100
DictionaryVariables
280
     0
  1
0.300000
  0
DICTIONARYVAR
  5
2D2
102
{ACAD_REACTORS
330
2D0
102
}
330
2D0
100
DictionaryVariables
280
     0
  1
1
  0
DICTIONARYVAR
  5
2D3
102
{ACAD_REACTORS
330
2D0
102
}
330
2D0
100
DictionaryVariables
280
     0
  1
1:1
  0
DICTIONARYVAR
  5
2D4
102
{ACAD_REACTORS
330
2D0
102
}
330
2D0
100
DictionaryVariables
280
     0
  1
0.120000
  0
DICTIONARYVAR
  5
2D5
102
{ACAD_REACTORS
330
2D0
102
}
330
2D0
100
DictionaryVariables
280
     0
  1
zwcad.lin
  0
DICTIONARYVAR
  5
2D6
102
{ACAD_REACTORS
330
2D0
102
}
330
2D0
100
DictionaryVariables
280
     0
  1
0
  0
DICTIONARYVAR
  5
2D7
102
{ACAD_REACTORS
330
2D0
102
}
330
2D0
100
DictionaryVariables
280
     0
  1
STANDARD
  0
DICTIONARYVAR
  5
2D8
102
{ACAD_REACTORS
330
2D0
102
}
330
2D0
100
DictionaryVariables
280
     0
  1
STANDARD
  0
DICTIONARYVAR
  5
2D9
102
{ACAD_REACTORS
330
2D0
102
}
330
2D0
100
DictionaryVariables
280
     0
  1
Metric50
  0
DICTIONARYVAR
  5
2DA
102
{ACAD_REACTORS
330
2D0
102
}
330
2D0
100
DictionaryVariables
280
     0
  1
1
  0
DICTIONARYVAR
  5
2DB
102
{ACAD_REACTORS
330
2D0
102
}
330
2D0
100
DictionaryVariables
280
     0
  1
0
  0
DICTIONARYVAR
  5
2DC
102
{ACAD_REACTORS
330
2D0
102
}
330
2D0
100
DictionaryVariables
280
     0
  1
2
  0
DICTIONARYVAR
  5
2DD
102
{ACAD_REACTORS
330
2D0
102
}
330
2D0
100
DictionaryVariables
280
     0
  1
969_Cotas
  0
DICTIONARYVAR
  5
2DE
102
{ACAD_REACTORS
330
2D0
102
}
330
2D0
100
DictionaryVariables
280
     0
  1
1
  0
DICTIONARYVAR
  5
2DF
102
{ACAD_REACTORS
330
2D0
102
}
330
2D0
100
DictionaryVariables
280
     0
  1
1
  0
DICTIONARYVAR
  5
2E0
102
{ACAD_REACTORS
330
2D0
102
}
330
2D0
100
DictionaryVariables
280
     0
  1
1
  0
DICTIONARYVAR
  5
2E1
102
{ACAD_REACTORS
330
2D0
102
}
330
2D0
100
DictionaryVariables
280
     0
  1
RGB:135,135,135
  0
DICTIONARYVAR
  5
2E2
102
{ACAD_REACTORS
330
2D0
102
}
330
2D0
100
DictionaryVariables
280
     0
  1
0
  0
DICTIONARYVAR
  5
2E3
102
{ACAD_REACTORS
330
2D0
102
}
330
2D0
100
DictionaryVariables
280
     0
  1
0.000000;0.000000
  0
DICTIONARYVAR
  5
2E4
102
{ACAD_REACTORS
330
2D0
102
}
330
2D0
100
DictionaryVariables
280
     0
  1
.
  0
DICTIONARYVAR
  5
2E5
102
{ACAD_REACTORS
330
2D0
102
}
330
2D0
100
DictionaryVariables
280
     0
  1
0
  0
DICTIONARYVAR
  5
2E6
102
{ACAD_REACTORS
330
2D0
102
}
330
2D0
100
DictionaryVariables
280
     0
  1
0
  0
DICTIONARYVAR
  5
2E7
102
{ACAD_REACTORS
330
2D0
102
}
330
2D0
100
DictionaryVariables
280
     0
  1
0
  0
DICTIONARYVAR
  5
2E8
102
{ACAD_REACTORS
330
2D0
102
}
330
2D0
100
DictionaryVariables
280
     0
  1
2
  0
DICTIONARYVAR
  5
2E9
102
{ACAD_REACTORS
330
2D0
102
}
330
2D0
100
DictionaryVariables
280
     0
  1
1.000000
  0
DICTIONARYVAR
  5
2EA
102
{ACAD_REACTORS
330
2D0
102
}
330
2D0
100
DictionaryVariables
280
     0
  1
1
  0
DICTIONARYVAR
  5
2EB
102
{ACAD_REACTORS
330
2D0
102
}
330
2D0
100
DictionaryVariables
280
     0
  1
2
  0
DICTIONARYVAR
  5
2EC
102
{ACAD_REACTORS
330
2D0
102
}
330
2D0
100
DictionaryVariables
280
     0
  1
1
  0
DICTIONARYVAR
  5
2ED
102
{ACAD_REACTORS
330
2D0
102
}
330
2D0
100
DictionaryVariables
280
     0
  1
0.050000
  0
DICTIONARYVAR
  5
2EE
102
{ACAD_REACTORS
330
2D0
102
}
330
2D0
100
DictionaryVariables
280
     0
  1
0
  0
DICTIONARYVAR
  5
2EF
102
{ACAD_REACTORS
330
2D0
102
}
330
2D0
100
DictionaryVariables
280
     0
  1
127
  0
ACDBASSOCNETWORK
  5
52A
102
{ACAD_REACTORS
330
529
102
}
330
529
100
AcDbAssocAction
 90
        2
 90
        0
330
3D8
360
0
 90
        2
 90
        0
 90
        0
 90
        0
 90
        0
 90
        0
 90
        0
100
AcDbAssocNetwork
 90
        0
 90
        1
 90
        1
360
4BE
 90
        0
  0
DICTIONARY
  5
23A
330
93
100
AcDbDictionary
280
     1
281
     1
  3
ACAD_ROUNDTRIP_2008_TABLESTYLE_CELLSTYLEMAP
360
578
  0
ACDBASSOCACTION
  5
4BE
330
52A
100
AcDbAssocAction
 90
        2
 90
        0
330
52A
360
4BF
 90
        1
 90
        3
 90
        3
360
4C0
360
4C1
360
4C2
 90
        0
 90
        3
360
4C3
360
4C4
360
4C5
 90
        0
 90
       10
 90
        0
  1
FillAngle
 90
        2
 90
        1
 40
6.283185307179585
330
0
330
0
 90
        0
  1
ItemSpacing
 90
        2
 90
        1
 40
2.094395102393194
330
0
330
0
 90
        0
  1
Items
 90
        0
 90
        1
 90
        3
330
0
330
0
 90
        0
  1
LevelSpacing
 90
        1
 90
        1
 40
0.9782156534223531
330
0
330
0
 90
        0
  1
Levels
 90
        0
 90
        1
 90
        1
330
0
330
0
 90
        0
  1
RowElevation
 90
        1
 90
        1
 40
0.0
330
0
330
0
 90
        0
  1
RowSpacing
 90
        1
 90
        1
 40
0.9995369189363144
330
0
330
0
 90
        0
  1
Rows
 90
        0
 90
        1
 90
        1
330
0
330
0
 90
        0
  1
Radius
 90
        1
 90
        1
 40
0.8305924326383177
330
0
330
0
 90
        0
  1
StartAngle
 90
        2
 90
        1
 40
0.7982820773552143
330
0
330
0
  0
CELLSTYLEMAP
  5
578
102
{ACAD_REACTORS
330
23A
102
}
330
23A
100
AcDbCellStyleMap
 90
        3
300
CELLSTYLE
  1
TABLEFORMAT_BEGIN
 90
        5
170
     1
 91
        0
 92
    32768
 62
   257
 93
        1
300
CONTENTFORMAT
  1
CONTENTFORMAT_BEGIN
 90
        0
 91
        0
 92
      512
 93
        0
300

 40
0.0
140
1.0
 94
        5
 62
     0
340
11
144
6.0
309
CONTENTFORMAT_END
171
     1
301
MARGIN
  1
CELLMARGIN_BEGIN
 40
1.5
 40
1.5
 40
0.06
 40
0.06
 40
0.18
 40
0.18
309
CELLMARGIN_END
 94
        6
 95
        1
302
GRIDFORMAT
  1
GRIDFORMAT_BEGIN
 90
        0
 91
        1
 62
     0
 92
       -2
340
0
 93
        0
 40
0.045
309
GRIDFORMAT_END
 95
        2
302
GRIDFORMAT
  1
GRIDFORMAT_BEGIN
 90
        0
 91
        1
 62
     0
 92
       -2
340
0
 93
        0
 40
0.045
309
GRIDFORMAT_END
 95
        4
302
GRIDFORMAT
  1
GRIDFORMAT_BEGIN
 90
        0
 91
        1
 62
     0
 92
       -2
340
0
 93
        0
 40
0.045
309
GRIDFORMAT_END
 95
        8
302
GRIDFORMAT
  1
GRIDFORMAT_BEGIN
 90
        0
 91
        1
 62
     0
 92
       -2
340
0
 93
        0
 40
0.045
309
GRIDFORMAT_END
 95
       16
302
GRIDFORMAT
  1
GRIDFORMAT_BEGIN
 90
        0
 91
        1
 62
     0
 92
       -2
340
0
 93
        0
 40
0.045
309
GRIDFORMAT_END
 95
       32
302
GRIDFORMAT
  1
GRIDFORMAT_BEGIN
 90
        0
 91
        1
 62
     0
 92
       -2
340
0
 93
        0
 40
0.045
309
GRIDFORMAT_END
309
TABLEFORMAT_END
  1
CELLSTYLE_BEGIN
 90
        1
 91
        1
300
_TITLE
309
CELLSTYLE_END
300
CELLSTYLE
  1
TABLEFORMAT_BEGIN
 90
        5
170
     1
 91
        0
 92
        0
 62
   257
 93
        1
300
CONTENTFORMAT
  1
CONTENTFORMAT_BEGIN
 90
        0
 91
        0
 92
      512
 93
        0
300

 40
0.0
140
1.0
 94
        5
 62
     0
340
11
144
4.5
309
CONTENTFORMAT_END
171
     1
301
MARGIN
  1
CELLMARGIN_BEGIN
 40
1.5
 40
1.5
 40
0.06
 40
0.06
 40
0.18
 40
0.18
309
CELLMARGIN_END
 94
        6
 95
        1
302
GRIDFORMAT
  1
GRIDFORMAT_BEGIN
 90
        0
 91
        1
 62
     0
 92
       -2
340
0
 93
        0
 40
0.045
309
GRIDFORMAT_END
 95
        2
302
GRIDFORMAT
  1
GRIDFORMAT_BEGIN
 90
        0
 91
        1
 62
     0
 92
       -2
340
0
 93
        0
 40
0.045
309
GRIDFORMAT_END
 95
        4
302
GRIDFORMAT
  1
GRIDFORMAT_BEGIN
 90
        0
 91
        1
 62
     0
 92
       -2
340
0
 93
        0
 40
0.045
309
GRIDFORMAT_END
 95
        8
302
GRIDFORMAT
  1
GRIDFORMAT_BEGIN
 90
        0
 91
        1
 62
     0
 92
       -2
340
0
 93
        0
 40
0.045
309
GRIDFORMAT_END
 95
       16
302
GRIDFORMAT
  1
GRIDFORMAT_BEGIN
 90
        0
 91
        1
 62
     0
 92
       -2
340
0
 93
        0
 40
0.045
309
GRIDFORMAT_END
 95
       32
302
GRIDFORMAT
  1
GRIDFORMAT_BEGIN
 90
        0
 91
        1
 62
     0
 92
       -2
340
0
 93
        0
 40
0.045
309
GRIDFORMAT_END
309
TABLEFORMAT_END
  1
CELLSTYLE_BEGIN
 90
        2
 91
        1
300
_HEADER
309
CELLSTYLE_END
300
CELLSTYLE
  1
TABLEFORMAT_BEGIN
 90
        5
170
     1
 91
        0
 92
        0
 62
   257
 93
        1
300
CONTENTFORMAT
  1
CONTENTFORMAT_BEGIN
 90
        0
 91
        0
 92
      512
 93
        0
300

 40
0.0
140
1.0
 94
        2
 62
     0
340
11
144
4.5
309
CONTENTFORMAT_END
171
     1
301
MARGIN
  1
CELLMARGIN_BEGIN
 40
1.5
 40
1.5
 40
0.06
 40
0.06
 40
0.18
 40
0.18
309
CELLMARGIN_END
 94
        6
 95
        1
302
GRIDFORMAT
  1
GRIDFORMAT_BEGIN
 90
        0
 91
        1
 62
     0
 92
       -2
340
0
 93
        0
 40
0.045
309
GRIDFORMAT_END
 95
        2
302
GRIDFORMAT
  1
GRIDFORMAT_BEGIN
 90
        0
 91
        1
 62
     0
 92
       -2
340
0
 93
        0
 40
0.045
309
GRIDFORMAT_END
 95
        4
302
GRIDFORMAT
  1
GRIDFORMAT_BEGIN
 90
        0
 91
        1
 62
     0
 92
       -2
340
0
 93
        0
 40
0.045
309
GRIDFORMAT_END
 95
        8
302
GRIDFORMAT
  1
GRIDFORMAT_BEGIN
 90
        0
 91
        1
 62
     0
 92
       -2
340
0
 93
        0
 40
0.045
309
GRIDFORMAT_END
 95
       16
302
GRIDFORMAT
  1
GRIDFORMAT_BEGIN
 90
        0
 91
        1
 62
     0
 92
       -2
340
0
 93
        0
 40
0.045
309
GRIDFORMAT_END
 95
       32
302
GRIDFORMAT
  1
GRIDFORMAT_BEGIN
 90
        0
 91
        1
 62
     0
 92
       -2
340
0
 93
        0
 40
0.045
309
GRIDFORMAT_END
309
TABLEFORMAT_END
  1
CELLSTYLE_BEGIN
 90
        3
 91
        2
300
_DATA
309
CELLSTYLE_END
  0
ACDBASSOCARRAYACTIONBODY
  5
4BF
330
4BE
100
AcDbAssocActionBody
 90
        2
100
AcDbAssocArrayActionBody
 90
        1
  1
AcDbAssocArrayPolarParameters
 90
        0
 90
        3
  1
AcDbAssocArrayItem
100
AcDbAssocArrayItem
 90
        0
 90
        0
 90
        0
 90
        0
 90
        8
 11
707.5371544742059
 21
320.0566358373418
 31
0.0
330
4B0
100
AcDbAssocArrayItem
 90
        0
 90
        1
 90
        0
 90
        0
 90
       12
 40
-0.5
 40
-0.8660254037844387
 40
0.0
 40
706.1524587039679
 40
0.8660254037844387
 40
-0.5
 40
0.0
 40
319.6664192419074
 40
0.0
 40
0.0
 40
1.0
 40
0.0
 40
0.0
 40
0.0
 40
0.0
 40
1.0
330
4B1
100
AcDbAssocArrayItem
 90
        0
 90
        2
 90
        0
 90
        0
 90
       12
 40
-0.5000000000000006
 40
0.8660254037844385
 40
0.0
 40
707.1827440737114
 40
-0.8660254037844385
 40
-0.5000000000000006
 40
0.0
 40
318.6623458260855
 40
0.0
 40
0.0
 40
1.0
 40
0.0
 40
0.0
 40
0.0
 40
0.0
 40
1.0
330
4B2
 40
0.9627789508499168
 40
0.2702900142445765
 40
0.0
 40
-762.9404204968304
 40
-0.2702900142445765
 40
0.9627789508499168
 40
0.0
 40
-106.4160077585551
 40
0.0
 40
0.0
 40
1.0
 40
0.0
 40
0.0
 40
0.0
 40
0.0
 40
1.0
  0
ACDBASSOCDEPENDENCY
  5
4C0
330
4BE
100
AcDbAssocDependency
 90
        2
 90
        0
290
     0
290
     1
290
     1
290
     1
 90
        0
330
4AE
290
     0
330
0
330
0
360
0
 90
        1
  0
ACDBASSOCDEPENDENCY
  5
4C1
330
4BE
100
AcDbAssocDependency
 90
        2
 90
        0
290
     1
290
     0
290
     1
290
     1
 90
        0
330
4B8
290
     0
330
0
330
0
360
0
 90
        2
  0
ACDBASSOCDEPENDENCY
  5
4C2
330
4BE
100
AcDbAssocDependency
 90
        2
 90
        0
290
     1
290
     1
290
     1
290
     1
 90
-2147483648
330
43F
290
     0
330
0
330
0
360
0
 90
        3
  0
ACDBASSOCVERTEXACTIONPARAM
  5
4C3
330
4BE
100
AcDbAssocActionParam
 90
        1
 90
        0
  1
BaseNormal
100
AcDbAssocSingleDependencyActionParam
 90
        0
330
0
100
AcDbAssocVertexActionParam
 90
        0
 10
0.0
 20
0.0
 30
1.0
  0
ACDBASSOCVERTEXACTIONPARAM
  5
4C4
330
4BE
100
AcDbAssocActionParam
 90
        1
 90
        0
  1
Origin
100
AcDbAssocSingleDependencyActionParam
 90
        0
330
0
100
AcDbAssocVertexActionParam
 90
        0
 10
706.957452417295
 20
319.4618003017782
 30
0.0
  0
ACDBASSOCVERTEXACTIONPARAM
  5
4C5
330
4BE
100
AcDbAssocActionParam
 90
        1
 90
        0
  1
basePoint
100
AcDbAssocSingleDependencyActionParam
 90
        0
330
0
100
AcDbAssocVertexActionParam
 90
        0
 10
0.0
 20
0.0
 30
0.0
  0
ENDSEC
  0
SECTION
  2
ACDSDATA
 70
     2
 71
     2
  0
ACDSSCHEMA
 90
        0
  1
AcDb_Thumbnail_Schema
  2
AcDbDs::ID
280
    10
 91
        0
  2
Thumbnail_Data
280
    15
 91
        0
101
ACDSRECORD
 95
        0
 90
        2
  2
AcDbDs::TreatedAsObjectData
280
     1
291
     1
101
ACDSRECORD
 95
        0
 90
        3
  2
AcDbDs::Legacy
280
     1
291
     1
101
ACDSRECORD
  1
AcDbDs::ID
 90
        4
  2
AcDs:Indexable
280
     1
291
     1
101
ACDSRECORD
  1
AcDbDs::ID
 90
        5
  2
AcDbDs::HandleAttribute
280
     7
282
     1
  0
ACDSSCHEMA
 90
        1
  1
AcDb3DSolid_ASM_Data
  2
AcDbDs::ID
280
    10
 91
        0
  2
ASM_Data
280
    15
 91
        0
101
ACDSRECORD
 95
        1
 90
        2
  2
AcDbDs::TreatedAsObjectData
280
     1
291
     1
101
ACDSRECORD
 95
        1
 90
        3
  2
AcDbDs::Legacy
280
     1
291
     1
101
ACDSRECORD
  1
AcDbDs::ID
 90
        4
  2
AcDs:Indexable
280
     1
291
     1
101
ACDSRECORD
  1
AcDbDs::ID
 90
        5
  2
AcDbDs::HandleAttribute
280
     7
282
     1
  0
ACDSSCHEMA
 90
        2
  1
AcDbDs::TreatedAsObjectDataSchema
  2
AcDbDs::TreatedAsObjectData
280
     1
 91
        0
  0
ACDSSCHEMA
 90
        3
  1
AcDbDs::LegacySchema
  2
AcDbDs::Legacy
280
     1
 91
        0
  0
ACDSSCHEMA
 90
        4
  1
AcDbDs::IndexedPropertySchema
  2
AcDs:Indexable
280
     1
 91
        0
  0
ACDSSCHEMA
 90
        5
  1
AcDbDs::HandleAttributeSchema
  2
AcDbDs::HandleAttribute
280
     7
 91
        8
  0
ENDSEC
  0
EOF
