  0
SECTION
  2
HEADER
  9
$ACADVER
  1
AC1032
  9
$ACADMAINTVER
 90
        4
  9
$DWGCODEPAGE
  3
ANSI_1252
  9
$LASTSAVEDBY
  1
javie
  9
$REQUIREDVERSIONS
160
                 0
  9
$INSBASE
 10
0.0
 20
0.0
 30
0.0
  9
$EXTMIN
 10
0.6914831848720269
 20
1.909628378399268
 30
0.0
  9
$EXTMAX
 10
25.3855838586804
 20
27.12890289751351
 30
0.0
  9
$LIMMIN
 10
0.0
 20
0.0
  9
$LIMMAX
 10
420.0
 20
297.0
  9
$ORTHOMODE
 70
     1
  9
$REGENMODE
 70
     1
  9
$FILLMODE
 70
     1
  9
$QTEXTMODE
 70
     0
  9
$MIRRTEXT
 70
     1
  9
$LTSCALE
 40
1.0
  9
$ATTMODE
 70
     1
  9
$TEXTSIZE
 40
2.5
  9
$TRACEWID
 40
1.0
  9
$TEXTSTYLE
  7
Standard
  9
$CLAYER
  8
0
  9
$CELTYPE
  6
ByLayer
  9
$CECOLOR
 62
   256
  9
$CELTSCALE
 40
1.0
  9
$DISPSILH
 70
     0
  9
$DIMSCALE
 40
1.0
  9
$DIMASZ
 40
2.5
  9
$DIMEXO
 40
0.625
  9
$DIMDLI
 40
3.75
  9
$DIMRND
 40
0.0
  9
$DIMDLE
 40
0.0
  9
$DIMEXE
 40
1.25
  9
$DIMTP
 40
0.0
  9
$DIMTM
 40
0.0
  9
$DIMTXT
 40
2.5
  9
$DIMCEN
 40
2.5
  9
$DIMTSZ
 40
0.0
  9
$DIMTOL
 70
     0
  9
$DIMLIM
 70
     0
  9
$DIMTIH
 70
     0
  9
$DIMTOH
 70
     0
  9
$DIMSE1
 70
     0
  9
$DIMSE2
 70
     0
  9
$DIMTAD
 70
     1
  9
$DIMZIN
 70
     8
  9
$DIMBLK
  1

  9
$DIMASO
 70
     1
  9
$DIMSHO
 70
     1
  9
$DIMPOST
  1

  9
$DIMAPOST
  1

  9
$DIMALT
 70
     0
  9
$DIMALTD
 70
     3
  9
$DIMALTF
 40
0.03937007874016
  9
$DIMLFAC
 40
1.0
  9
$DIMTOFL
 70
     1
  9
$DIMTVP
 40
0.0
  9
$DIMTIX
 70
     0
  9
$DIMSOXD
 70
     0
  9
$DIMSAH
 70
     0
  9
$DIMBLK1
  1

  9
$DIMBLK2
  1

  9
$DIMSTYLE
  2
ISO-25
  9
$DIMCLRD
 70
     0
  9
$DIMCLRE
 70
     0
  9
$DIMCLRT
 70
     0
  9
$DIMTFAC
 40
1.0
  9
$DIMGAP
 40
0.625
  9
$DIMJUST
 70
     0
  9
$DIMSD1
 70
     0
  9
$DIMSD2
 70
     0
  9
$DIMTOLJ
 70
     0
  9
$DIMTZIN
 70
     8
  9
$DIMALTZ
 70
     0
  9
$DIMALTTZ
 70
     0
  9
$DIMUPT
 70
     0
  9
$DIMDEC
 70
     2
  9
$DIMTDEC
 70
     2
  9
$DIMALTU
 70
     2
  9
$DIMALTTD
 70
     3
  9
$DIMTXSTY
  7
Standard
  9
$DIMAUNIT
 70
     0
  9
$DIMADEC
 70
     0
  9
$DIMALTRND
 40
0.0
  9
$DIMAZIN
 70
     0
  9
$DIMDSEP
 70
    44
  9
$DIMATFIT
 70
     3
  9
$DIMFRAC
 70
     0
  9
$DIMLDRBLK
  1

  9
$DIMLUNIT
 70
     2
  9
$DIMLWD
 70
    -2
  9
$DIMLWE
 70
    -2
  9
$DIMTMOVE
 70
     0
  9
$DIMFXL
 40
1.0
  9
$DIMFXLON
 70
     0
  9
$DIMJOGANG
 40
0.7853981633974483
  9
$DIMTFILL
 70
     0
  9
$DIMTFILLCLR
 70
     0
  9
$DIMARCSYM
 70
     0
  9
$DIMLTYPE
  6

  9
$DIMLTEX1
  6

  9
$DIMLTEX2
  6

  9
$DIMTXTDIRECTION
 70
     0
  9
$LUNITS
 70
     2
  9
$LUPREC
 70
     4
  9
$SKETCHINC
 40
1.0
  9
$FILLETRAD
 40
0.0
  9
$AUNITS
 70
     0
  9
$AUPREC
 70
     0
  9
$MENU
  1
.
  9
$ELEVATION
 40
0.0
  9
$PELEVATION
 40
0.0
  9
$THICKNESS
 40
0.0
  9
$LIMCHECK
 70
     0
  9
$CHAMFERA
 40
0.0
  9
$CHAMFERB
 40
0.0
  9
$CHAMFERC
 40
0.0
  9
$CHAMFERD
 40
0.0
  9
$SKPOLY
 70
     0
  9
$TDCREATE
 40
2461306.447105116
  9
$TDUCREATE
 40
2461306.363771782
  9
$TDUPDATE
 40
2461306.633985625
  9
$TDUUPDATE
 40
2461306.550652292
  9
$TDINDWG
 40
0.022777049
  9
$TDUSRTIMER
 40
0.022776678
  9
$USRTIMER
 70
     1
  9
$ANGBASE
 50
0.0
  9
$ANGDIR
 70
     0
  9
$PDMODE
 70
     0
  9
$PDSIZE
 40
0.0
  9
$PLINEWID
 40
0.0
  9
$SPLFRAME
 70
     0
  9
$SPLINETYPE
 70
     6
  9
$SPLINESEGS
 70
     8
  9
$HANDSEED
  5
92D
  9
$SURFTAB1
 70
     6
  9
$SURFTAB2
 70
     6
  9
$SURFTYPE
 70
     6
  9
$SURFU
 70
     6
  9
$SURFV
 70
     6
  9
$UCSBASE
  2

  9
$UCSNAME
  2

  9
$UCSORG
 10
0.0
 20
0.0
 30
0.0
  9
$UCSXDIR
 10
1.0
 20
0.0
 30
0.0
  9
$UCSYDIR
 10
0.0
 20
1.0
 30
0.0
  9
$UCSORTHOREF
  2

  9
$UCSORTHOVIEW
 70
     0
  9
$UCSORGTOP
 10
0.0
 20
0.0
 30
0.0
  9
$UCSORGBOTTOM
 10
0.0
 20
0.0
 30
0.0
  9
$UCSORGLEFT
 10
0.0
 20
0.0
 30
0.0
  9
$UCSORGRIGHT
 10
0.0
 20
0.0
 30
0.0
  9
$UCSORGFRONT
 10
0.0
 20
0.0
 30
0.0
  9
$UCSORGBACK
 10
0.0
 20
0.0
 30
0.0
  9
$PUCSBASE
  2

  9
$PUCSNAME
  2

  9
$PUCSORG
 10
0.0
 20
0.0
 30
0.0
  9
$PUCSXDIR
 10
1.0
 20
0.0
 30
0.0
  9
$PUCSYDIR
 10
0.0
 20
1.0
 30
0.0
  9
$PUCSORTHOREF
  2

  9
$PUCSORTHOVIEW
 70
     0
  9
$PUCSORGTOP
 10
0.0
 20
0.0
 30
0.0
  9
$PUCSORGBOTTOM
 10
0.0
 20
0.0
 30
0.0
  9
$PUCSORGLEFT
 10
0.0
 20
0.0
 30
0.0
  9
$PUCSORGRIGHT
 10
0.0
 20
0.0
 30
0.0
  9
$PUCSORGFRONT
 10
0.0
 20
0.0
 30
0.0
  9
$PUCSORGBACK
 10
0.0
 20
0.0
 30
0.0
  9
$USERI1
 70
     0
  9
$USERI2
 70
     0
  9
$USERI3
 70
     0
  9
$USERI4
 70
     0
  9
$USERI5
 70
     0
  9
$USERR1
 40
0.0
  9
$USERR2
 40
0.0
  9
$USERR3
 40
0.0
  9
$USERR4
 40
0.0
  9
$USERR5
 40
0.0
  9
$WORLDVIEW
 70
     1
  9
$SHADEDGE
 70
     3
  9
$SHADEDIF
 70
    70
  9
$TILEMODE
 70
     1
  9
$MAXACTVP
 70
    64
  9
$PINSBASE
 10
0.0
 20
0.0
 30
0.0
  9
$PLIMCHECK
 70
     0
  9
$PEXTMIN
 10
25.69999999999999
 20
19.5
 30
0.0
  9
$PEXTMAX
 10
231.3
 20
175.5
 30
0.0
  9
$PLIMMIN
 10
-20.0
 20
-7.5
  9
$PLIMMAX
 10
277.0
 20
202.5
  9
$UNITMODE
 70
     0
  9
$VISRETAIN
 70
     1
  9
$PLINEGEN
 70
     0
  9
$PSLTSCALE
 70
     1
  9
$TREEDEPTH
 70
  3020
  9
$CMLSTYLE
  2
Standard
  9
$CMLJUST
 70
     0
  9
$CMLSCALE
 40
20.0
  9
$PROXYGRAPHICS
 70
     1
  9
$MEASUREMENT
 70
     1
  9
$CELWEIGHT
370
    -1
  9
$ENDCAPS
280
     0
  9
$JOINSTYLE
280
     0
  9
$LWDISPLAY
290
     0
  9
$INSUNITS
 70
     4
  9
$HYPERLINKBASE
  1

  9
$STYLESHEET
  1

  9
$XEDIT
290
     1
  9
$CEPSNTYPE
380
     0
  9
$PSTYLEMODE
290
     1
  9
$FINGERPRINTGUID
  2
{A4CAB1FC-42A2-4D6F-B95F-085582C7A8C3}
  9
$VERSIONGUID
  2
{36C78A16-883F-4C7E-B359-DA080A775EF3}
  9
$EXTNAMES
290
     1
  9
$PSVPSCALE
 40
0.0
  9
$OLESTARTUP
290
     0
  9
$SORTENTS
280
   127
  9
$INDEXCTL
280
     0
  9
$HIDETEXT
280
     1
  9
$XCLIPFRAME
280
     2
  9
$HALOGAP
280
     0
  9
$OBSCOLOR
 70
   257
  9
$OBSLTYPE
280
     0
  9
$INTERSECTIONDISPLAY
280
     0
  9
$INTERSECTIONCOLOR
 70
   257
  9
$DIMASSOC
280
     2
  9
$PROJECTNAME
  1

  9
$CAMERADISPLAY
290
     0
  9
$LENSLENGTH
 40
50.0
  9
$CAMERAHEIGHT
 40
0.0
  9
$STEPSPERSEC
 40
2.0
  9
$STEPSIZE
 40
6.0
  9
$3DDWFPREC
 40
2.0
  9
$PSOLWIDTH
 40
0.25
  9
$PSOLHEIGHT
 40
4.0
  9
$LOFTANG1
 40
1.570796326794896
  9
$LOFTANG2
 40
1.570796326794896
  9
$LOFTMAG1
 40
0.0
  9
$LOFTMAG2
 40
0.0
  9
$LOFTPARAM
 70
     7
  9
$LOFTNORMALS
280
     1
  9
$LATITUDE
 40
37.795
  9
$LONGITUDE
 40
-122.394
  9
$NORTHDIRECTION
 40
0.0
  9
$TIMEZONE
 70
 -8000
  9
$LIGHTGLYPHDISPLAY
280
     1
  9
$TILEMODELIGHTSYNCH
280
     1
  9
$CMATERIAL
347
167
  9
$SOLIDHIST
280
     0
  9
$SHOWHIST
280
     1
  9
$DWFFRAME
280
     1
  9
$DGNFRAME
280
     1
  9
$REALWORLDSCALE
290
     1
  9
$INTERFERECOLOR
 62
   256
  9
$CSHADOW
280
     0
  9
$SHADOWPLANELOCATION
 40
0.0
  0
ENDSEC
  0
SECTION
  2
CLASSES
  0
CLASS
  1
ACDBDICTIONARYWDFLT
  2
AcDbDictionaryWithDefault
  3
ObjectDBX Classes
 90
        0
 91
        1
280
     0
281
     0
  0
CLASS
  1
ACDBPLACEHOLDER
  2
AcDbPlaceHolder
  3
ObjectDBX Classes
 90
        0
 91
        0
280
     0
281
     0
  0
CLASS
  1
LAYOUT
  2
AcDbLayout
  3
ObjectDBX Classes
 90
        0
 91
        0
280
     0
281
     0
  0
CLASS
  1
DICTIONARYVAR
  2
AcDbDictionaryVar
  3
ObjectDBX Classes
 90
        0
 91
       31
280
     0
281
     0
  0
CLASS
  1
TABLESTYLE
  2
AcDbTableStyle
  3
ObjectDBX Classes
 90
     4095
 91
        1
280
     0
281
     0
  0
CLASS
  1
WIPEOUTVARIABLES
  2
AcDbWipeoutVariables
  3
"WipeOut|Product Desc:     WipeOut Dbx Application|Company:          Autodesk, Inc.|WEB Address:      www.autodesk.com"
 90
        0
 91
        0
280
     0
281
     0
  0
CLASS
  1
SCALE
  2
AcDbScale
  3
ObjectDBX Classes
 90
     1153
 91
       33
280
     0
281
     0
  0
CLASS
  1
MLEADERSTYLE
  2
AcDbMLeaderStyle
  3
ACDB_MLEADERSTYLE_CLASS
 90
     4095
 91
        2
280
     0
281
     0
  0
CLASS
  1
MATERIAL
  2
AcDbMaterial
  3
ObjectDBX Classes
 90
     1153
 91
        3
280
     0
281
     0
  0
CLASS
  1
VISUALSTYLE
  2
AcDbVisualStyle
  3
ObjectDBX Classes
 90
     4095
 91
       24
280
     0
281
     0
  0
CLASS
  1
ACDBSECTIONVIEWSTYLE
  2
AcDbSectionViewStyle
  3
ObjectDBX Classes
 90
     1025
 91
        1
280
     0
281
     0
  0
CLASS
  1
ACDBDETAILVIEWSTYLE
  2
AcDbDetailViewStyle
  3
ObjectDBX Classes
 90
     1025
 91
        1
280
     0
281
     0
  0
CLASS
  1
CELLSTYLEMAP
  2
AcDbCellStyleMap
  3
ObjectDBX Classes
 90
     1152
 91
        2
280
     0
281
     0
  0
CLASS
  1
TCH_DBCONFIG
  2
TDbConfig
  3
TCH_KERNAL|缺乏中望建筑解释器, 请下载中望建筑相关产品|网址: www.zwsoft.cn
 90
        1
 91
        1
280
     0
281
     0
  0
CLASS
  1
DIMASSOC
  2
AcDbDimAssoc
  3
ZcDbDimAssoc ObjectDBX Classes
 90
        0
 91
        0
280
     0
281
     0
  0
CLASS
  1
SORTENTSTABLE
  2
AcDbSortentsTable
  3
ObjectDBX Classes
 90
        0
 91
        1
280
     0
281
     0
  0
CLASS
  1
ACDBASSOCACTION
  2
AcDbAssocAction
  3
ObjectDBX Classes
 90
     1025
 91
        4
280
     0
281
     0
  0
CLASS
  1
ACDBASSOCARRAYACTIONBODY
  2
AcDbAssocArrayActionBody
  3
ObjectDBX Classes
 90
     1025
 91
        4
280
     0
281
     0
  0
CLASS
  1
ACDBASSOCDEPENDENCY
  2
AcDbAssocDependency
  3
ObjectDBX Classes
 90
     1025
 91
       12
280
     0
281
     0
  0
CLASS
  1
ACDBASSOCVERTEXACTIONPARAM
  2
AcDbAssocVertexActionParam
  3
ObjectDBX Classes
 90
     1025
 91
       12
280
     0
281
     0
  0
CLASS
  1
ACDBASSOCNETWORK
  2
AcDbAssocNetwork
  3
ObjectDBX Classes
 90
     1025
 91
        2
280
     0
281
     0
  0
ENDSEC
  0
SECTION
  2
TABLES
  0
TABLE
  2
VPORT
  5
8
330
0
100
AcDbSymbolTable
 70
     1
  0
VPORT
  5
1CC
330
8
100
AcDbSymbolTableRecord
100
AcDbViewportTableRecord
  2
*Active
 70
     0
 10
0.0
 20
0.0
 11
1.0
 21
1.0
 12
13.00639232849045
 22
18.47017642904359
 13
0.0
 23
0.0
 14
10.0
 24
10.0
 15
10.0
 25
10.0
 16
0.0
 26
0.0
 36
1.0
 17
0.0
 27
0.0
 37
0.0
 40
21.42236270925607
 41
2.654631083202511
 42
50.0
 43
0.0
 44
0.0
 50
0.0
 51
0.0
 71
    16
 72
  1000
 73
     1
 74
     3
 75
     0
 76
     1
 77
     0
 78
     0
281
     0
 65
     1
110
0.0
120
0.0
130
0.0
111
1.0
121
0.0
131
0.0
112
0.0
122
1.0
132
0.0
 79
     0
146
0.0
348
185
 60
     3
 61
     5
292
     1
282
     1
141
0.0
142
0.0
 63
   250
1001
ACAD_NAV_VCDISPLAY
1070
     3
  0
ENDTAB
  0
TABLE
  2
LTYPE
  5
5
330
0
100
AcDbSymbolTable
 70
     2
  0
LTYPE
  5
14
330
5
100
AcDbSymbolTableRecord
100
AcDbLinetypeTableRecord
  2
ByBlock
 70
     0
  3

 72
    65
 73
     0
 40
0.0
  0
LTYPE
  5
15
330
5
100
AcDbSymbolTableRecord
100
AcDbLinetypeTableRecord
  2
ByLayer
 70
     0
  3

 72
    65
 73
     0
 40
0.0
  0
LTYPE
  5
16
330
5
100
AcDbSymbolTableRecord
100
AcDbLinetypeTableRecord
  2
Continuous
 70
     0
  3
Solid line
 72
    65
 73
     0
 40
0.0
  0
LTYPE
  5
2DA
330
5
100
AcDbSymbolTableRecord
100
AcDbLinetypeTableRecord
  2
DASHDOT
 70
     0
  3
__ . __ . __ . __ . __ . __ . __ . __ . __ . __
 72
    65
 73
     4
 40
0.4000000000000057
 49
0.2000000000000028
 74
     0
 49
-0.1000000000000014
 74
     0
 49
0.0
 74
     0
 49
-0.1000000000000014
 74
     0
  0
ENDTAB
  0
TABLE
  2
LAYER
  5
2
102
{ACAD_XDICTIONARY
360
FA
102
}
330
0
100
AcDbSymbolTable
 70
    15
  0
LAYER
  5
10
330
2
100
AcDbSymbolTableRecord
100
AcDbLayerTableRecord
  2
0
 70
     0
 62
     7
  6
Continuous
370
    -3
390
F
347
177
348
0
  0
LAYER
  5
2DB
330
2
100
AcDbSymbolTableRecord
100
AcDbLayerTableRecord
  2
DET-TEXTO
 70
     0
 62
     2
  6
Continuous
370
    -3
390
F
347
177
348
0
1001
AcAecLayerStandard
1000

1000

1001
AcCmTransparency
1071
 33554687
  0
LAYER
  5
2DC
330
2
100
AcDbSymbolTableRecord
100
AcDbLayerTableRecord
  2
Defpoints
 70
     0
 62
     7
  6
Continuous
290
     0
370
     0
390
F
347
177
348
0
  0
LAYER
  5
2DD
330
2
100
AcDbSymbolTableRecord
100
AcDbLayerTableRecord
  2
DET-TRAMAS
 70
     0
 62
     8
  6
Continuous
370
    -3
390
F
347
177
348
0
1001
AcAecLayerStandard
1000

1000

1001
AcCmTransparency
1071
 33554687
  0
LAYER
  5
2DE
330
2
100
AcDbSymbolTableRecord
100
AcDbLayerTableRecord
  2
DET-BORDE ESTRUCTURA
 70
     0
 62
     2
  6
Continuous
370
    -3
390
F
347
177
348
0
1001
AcAecLayerStandard
1000

1000

1001
AcCmTransparency
1071
 33554687
  0
LAYER
  5
2DF
330
2
100
AcDbSymbolTableRecord
100
AcDbLayerTableRecord
  2
DET-TEXTO TÍTULO
 70
     0
 62
     1
  6
Continuous
370
    -3
390
F
347
177
348
0
1001
AcAecLayerStandard
1000

1000

1001
AcCmTransparency
1071
        0
  0
LAYER
  5
2E0
330
2
100
AcDbSymbolTableRecord
100
AcDbLayerTableRecord
  2
DET-TEXTO LÍNEA
 70
     0
 62
     8
  6
Continuous
370
    -3
390
F
347
177
348
0
1001
AcAecLayerStandard
1000

1000

1001
AcCmTransparency
1071
        0
  0
LAYER
  5
2E1
330
2
100
AcDbSymbolTableRecord
100
AcDbLayerTableRecord
  2
DET-ARMADURAS
 70
     0
 62
     6
  6
Continuous
370
    -3
390
F
347
177
348
0
1001
AcAecLayerStandard
1000

1000

1001
AcCmTransparency
1071
        0
  0
LAYER
  5
2E2
330
2
100
AcDbSymbolTableRecord
100
AcDbLayerTableRecord
  2
DET-COTAS
 70
     0
 62
     8
  6
Continuous
370
    -3
390
F
347
177
348
0
1001
AcAecLayerStandard
1000

1000

1001
AcCmTransparency
1071
        0
  0
LAYER
  5
2E3
330
2
100
AcDbSymbolTableRecord
100
AcDbLayerTableRecord
  2
EST-TRAMAS
 70
     0
 62
     8
  6
Continuous
370
    -3
390
F
347
177
348
0
1001
AcAecLayerStandard
1000

1000

1001
AcCmTransparency
1071
 33554687
  0
LAYER
  5
2E4
330
2
100
AcDbSymbolTableRecord
100
AcDbLayerTableRecord
  2
DET-ARMADURA
 70
     0
 62
     6
  6
Continuous
370
    -3
390
F
347
177
348
0
1001
AcAecLayerStandard
1000

1000

1001
AcCmTransparency
1071
        0
  0
LAYER
  5
2E5
330
2
100
AcDbSymbolTableRecord
100
AcDbLayerTableRecord
  2
_FINO
 70
     0
 62
     8
  6
Continuous
370
    -3
390
F
347
177
348
0
  0
LAYER
  5
2E6
330
2
100
AcDbSymbolTableRecord
100
AcDbLayerTableRecord
  2
0-FORMATO
 70
     0
 62
     7
  6
Continuous
370
     0
390
F
347
177
348
0
1001
AcAecLayerStandard
1000

1000

1001
AcCmTransparency
1071
        0
  0
LAYER
  5
2E7
102
{ACAD_XDICTIONARY
360
2E8
102
}
330
2
100
AcDbSymbolTableRecord
100
AcDbLayerTableRecord
  2
Z_ANOTACIONES
 70
     0
 62
     3
  6
Continuous
370
    -3
390
F
347
177
348
0
1001
AcAecLayerStandard
1000

1000

1001
AcCmTransparency
1071
        0
  0
LAYER
  5
655
330
2
100
AcDbSymbolTableRecord
100
AcDbLayerTableRecord
  2
00 Cimentación
 70
     0
 62
   250
  6
Continuous
370
     5
390
F
347
177
348
0
1001
AcAecLayerStandard
1000

1000

1001
AcCmTransparency
1071
        0
  0
ENDTAB
  0
TABLE
  2
STYLE
  5
3
330
0
100
AcDbSymbolTable
 70
     8
  0
STYLE
  5
11
330
3
100
AcDbSymbolTableRecord
100
AcDbTextStyleTableRecord
  2
Standard
 70
     0
 40
0.0
 41
1.0
 50
0.0
 71
     0
 42
2.5
  3
arial.ttf
  4

1001
ACAD
1000
Arial
1071
       34
  0
STYLE
  5
22F
330
3
100
AcDbSymbolTableRecord
100
AcDbTextStyleTableRecord
  2
Annotative
 70
     0
 40
0.0
 41
1.0
 50
0.0
 71
     0
 42
2.5
  3
arial.ttf
  4

1001
AcadAnnotative
1000
AnnotativeData
1002
{
1070
     1
1070
     1
1002
}
1001
ACAD
1000
Arial
1071
       34
  0
STYLE
  5
2E9
330
3
100
AcDbSymbolTableRecord
100
AcDbTextStyleTableRecord
  2
Formato
 70
     0
 40
0.0
 41
1.0
 50
0.0
 71
     0
 42
0.1
  3
GOTHIC.TTF
  4

1001
ACAD
1000
Century Gothic
1071
       34
  0
STYLE
  5
2EA
330
3
100
AcDbSymbolTableRecord
100
AcDbTextStyleTableRecord
  2
Estructura
 70
     0
 40
0.2
 41
1.0
 50
0.0
 71
     0
 42
0.18
  3
GOTHIC.TTF
  4

1001
ACAD
1000
Century Gothic
1071
       34
  0
STYLE
  5
2EB
330
3
100
AcDbSymbolTableRecord
100
AcDbTextStyleTableRecord
  2
CENTURY
 70
     0
 40
0.0
 41
1.0
 50
0.0
 71
     0
 42
0.5
  3
GOTHIC.TTF
  4

1001
ACAD
1000
Century Gothic
1071
       34
  0
STYLE
  5
2EC
330
3
100
AcDbSymbolTableRecord
100
AcDbTextStyleTableRecord
  2
CYPETXT_0.04
 70
     0
 40
0.2
 41
1.0
 50
0.0
 71
     0
 42
2.5
  3
GOTHIC.TTF
  4

1001
ACAD
1000
Century Gothic
1071
       34
  0
STYLE
  5
2ED
330
3
100
AcDbSymbolTableRecord
100
AcDbTextStyleTableRecord
  2
CYPETXT_0.285714
 70
     0
 40
0.190476190476223
 41
1.0
 50
0.0
 71
     0
 42
2.5
  3
arial.ttf
  4

1001
ACAD
1000
Arial
1071
        0
  0
STYLE
  5
656
330
3
100
AcDbSymbolTableRecord
100
AcDbTextStyleTableRecord
  2
1_100 CYPE TEXT 2
 70
     0
 40
0.2
 41
1.0
 50
0.0
 71
     0
 42
2.5
  3
romans.shx
  4

  0
ENDTAB
  0
TABLE
  2
VIEW
  5
6
330
0
100
AcDbSymbolTable
 70
     0
  0
ENDTAB
  0
TABLE
  2
UCS
  5
7
330
0
100
AcDbSymbolTable
 70
     0
  0
ENDTAB
  0
TABLE
  2
APPID
  5
9
330
0
100
AcDbSymbolTable
 70
    14
  0
APPID
  5
12
330
9
100
AcDbSymbolTableRecord
100
AcDbRegAppTableRecord
  2
ACAD
 70
     0
  0
APPID
  5
F4
330
9
100
AcDbSymbolTableRecord
100
AcDbRegAppTableRecord
  2
ACAD_PSEXT
 70
     0
  0
APPID
  5
1A9
330
9
100
AcDbSymbolTableRecord
100
AcDbRegAppTableRecord
  2
ACAD_NAV_VCDISPLAY
 70
     0
  0
APPID
  5
230
330
9
100
AcDbSymbolTableRecord
100
AcDbRegAppTableRecord
  2
AcadAnnoPO
 70
     0
  0
APPID
  5
231
330
9
100
AcDbSymbolTableRecord
100
AcDbRegAppTableRecord
  2
AcadAnnotative
 70
     0
  0
APPID
  5
233
330
9
100
AcDbSymbolTableRecord
100
AcDbRegAppTableRecord
  2
ACAD_DSTYLE_DIMJAG
 70
     0
  0
APPID
  5
234
330
9
100
AcDbSymbolTableRecord
100
AcDbRegAppTableRecord
  2
ACAD_DSTYLE_DIMBREAK
 70
     0
  0
APPID
  5
235
330
9
100
AcDbSymbolTableRecord
100
AcDbRegAppTableRecord
  2
ACAD_DSTYLE_DIMTALN
 70
     0
  0
APPID
  5
2F2
330
9
100
AcDbSymbolTableRecord
100
AcDbRegAppTableRecord
  2
AcAecLayerStandard
 70
     0
  0
APPID
  5
2F3
330
9
100
AcDbSymbolTableRecord
100
AcDbRegAppTableRecord
  2
AcCmTransparency
 70
     0
  0
APPID
  5
2F4
330
9
100
AcDbSymbolTableRecord
100
AcDbRegAppTableRecord
  2
GradientColor1ACI
 70
     0
  0
APPID
  5
2F5
330
9
100
AcDbSymbolTableRecord
100
AcDbRegAppTableRecord
  2
GradientColor2ACI
 70
     0
  0
APPID
  5
4FC
330
9
100
AcDbSymbolTableRecord
100
AcDbRegAppTableRecord
  2
ZWCAD_MTEXT_RTL_PARAGRAPHS
 70
     0
  0
APPID
  5
597
330
9
100
AcDbSymbolTableRecord
100
AcDbRegAppTableRecord
  2
ACAD_DSTYLE_DIMINSPECT
 70
     0
  0
ENDTAB
  0
TABLE
  2
DIMSTYLE
  5
A
330
0
100
AcDbSymbolTable
 70
    11
100
AcDbDimStyleTable
 71
     2
340
9C
340
236
  0
DIMSTYLE
105
27
330
A
100
AcDbSymbolTableRecord
100
AcDbDimStyleTableRecord
  2
Standard
 70
     0
340
11
  0
DIMSTYLE
105
9C
330
A
100
AcDbSymbolTableRecord
100
AcDbDimStyleTableRecord
  2
ISO-25
 70
     0
 41
2.5
 42
0.625
 43
3.75
 44
1.25
 73
     0
 74
     0
 77
     1
 78
     8
140
2.5
141
2.5
143
0.03937007874016
147
0.625
171
     3
172
     1
271
     2
272
     2
274
     3
278
    44
283
     0
284
     8
340
11
  0
DIMSTYLE
105
236
330
A
100
AcDbSymbolTableRecord
100
AcDbDimStyleTableRecord
  2
Annotative
 70
     0
 41
2.5
 42
0.625
 43
3.75
 44
1.25
 73
     0
 74
     0
 77
     1
 78
     8
140
2.5
141
2.5
143
0.03937007874016
147
0.625
171
     3
172
     1
271
     2
272
     2
274
     3
278
    44
283
     0
284
     8
340
11
1001
ACAD_DSTYLE_DIMBREAK
1070
   391
1040
3.75
1001
AcadAnnotative
1000
AnnotativeData
1002
{
1070
     1
1070
     1
1002
}
1001
ACAD_DSTYLE_DIMJAG
1070
   388
1040
1.5
1001
ACAD_DSTYLE_DIMTALN
1070
   392
1070
     0
  0
DIMSTYLE
105
2EE
102
{ACAD_REACTORS
330
333
330
757
102
}
330
A
100
AcDbSymbolTableRecord
100
AcDbDimStyleTableRecord
  2
cotas formato 1.100
 70
     0
 41
0.14
 42
0.16
 43
0.3
 44
0.2
 45
5.0
 49
1.5
 50
90.0
 73
     0
 74
     0
 77
     1
 78
     1
140
0.2
141
-0.05
143
0.03937007874016
144
100.0
147
0.05
171
     3
172
     1
174
     1
176
     4
177
     8
271
     0
178
     2
271
     0
272
     0
274
     3
278
    44
283
     0
284
     8
289
     2
340
2E9
341
244
342
244
1001
ACAD_DSTYLE_DIMBREAK
1070
   391
1040
2.0
1001
ACAD_DSTYLE_DIMJAG
1070
   388
1040
1.5
1001
ACAD_DSTYLE_DIMTALN
1070
   392
1070
     0
  0
DIMSTYLE
105
2EF
102
{ACAD_REACTORS
330
311
330
312
330
342
330
34E
330
34F
330
370
330
76F
330
793
330
794
330
795
330
796
330
797
330
886
102
}
330
A
100
AcDbSymbolTableRecord
100
AcDbDimStyleTableRecord
  2
cotas escala 1.20
 70
     0
 41
0.14
 42
0.07
 43
0.3
 44
0.07
 45
1.0
 49
1.5
 50
90.0
 73
     0
 74
     0
 77
     1
 78
     1
140
0.2
141
-0.05
143
0.03937007874016
144
20.0
147
0.05
171
     3
172
     1
174
     1
176
     4
177
     8
271
     0
178
     2
271
     0
272
     0
274
     3
278
    44
283
     0
284
     8
289
     2
340
2E9
341
244
342
244
1001
ACAD_DSTYLE_DIMBREAK
1070
   391
1040
2.0
1001
ACAD_DSTYLE_DIMJAG
1070
   388
1040
1.5
1001
ACAD_DSTYLE_DIMTALN
1070
   392
1070
     0
  0
DIMSTYLE
105
2F0
330
A
100
AcDbSymbolTableRecord
100
AcDbDimStyleTableRecord
  2
cype_oblique
 70
     0
 41
0.0799999999999983
 42
0.0100000000000016
 44
0.0100000000000016
 73
     0
 74
     0
140
0.2
147
0.0
173
     1
279
     2
340
2EC
343
244
344
244
1001
ACAD_DSTYLE_DIMJAG
1070
   388
1040
1.5
1001
ACAD_DSTYLE_DIMTALN
1070
   392
1070
     0
  0
DIMSTYLE
105
2F1
330
A
100
AcDbSymbolTableRecord
100
AcDbDimStyleTableRecord
  2
cype_arrow
 70
     0
 41
0.0800000000000409
 42
0.0714285714285836
 44
0.0714285714285836
 73
     0
 74
     0
147
0.0
279
     2
340
2ED
  0
DIMSTYLE
105
657
330
A
100
AcDbSymbolTableRecord
100
AcDbDimStyleTableRecord
  2
cotas formato 1.20
 70
     0
 41
0.14
 42
0.16
 43
0.3
 44
0.2
 45
5.0
 50
90.0
 73
     0
 74
     0
 77
     1
 78
     1
140
0.2
141
-0.05
143
0.03937007874016
144
20.0
147
0.05
171
     3
172
     1
174
     1
176
     4
177
     8
271
     0
178
     2
271
     0
272
     0
274
     3
278
    44
283
     0
284
     8
289
     2
340
2E9
341
244
342
244
1001
ACAD_DSTYLE_DIMBREAK
1070
   391
1040
2.0
1001
ACAD_DSTYLE_DIMJAG
1070
   388
1040
1.5
1001
ACAD_DSTYLE_DIMTALN
1070
   392
1070
     0
  0
DIMSTYLE
105
658
330
A
100
AcDbSymbolTableRecord
100
AcDbDimStyleTableRecord
  2
cotas escala 1.50
 70
     0
 41
0.14
 42
0.16
 43
0.3
 44
0.2
 50
90.0
 73
     0
 74
     0
 77
     1
 78
     1
140
0.2
141
-0.05
143
2.0
144
50.0
147
0.05
170
     1
172
     1
174
     1
176
     4
177
     8
271
     0
178
     2
271
     0
272
     0
278
    44
283
     0
284
     8
289
     2
340
2E9
341
244
342
244
1001
ACAD_DSTYLE_DIMBREAK
1070
   391
1040
2.0
1001
ACAD_DSTYLE_DIMJAG
1070
   388
1040
1.5
1001
ACAD_DSTYLE_DIMTALN
1070
   392
1070
     0
  0
DIMSTYLE
105
659
330
A
100
AcDbSymbolTableRecord
100
AcDbDimStyleTableRecord
  2
cotas escala 1.75
 70
     0
 41
0.14
 42
0.16
 43
0.3
 44
0.2
 45
0.05
 50
90.0
 73
     0
 74
     0
 77
     1
 78
     1
140
0.2
141
-0.05
143
2.0
144
0.75
147
0.05
172
     1
174
     1
176
     4
177
     8
271
     2
178
     2
271
     2
272
     2
278
    44
283
     0
284
     8
289
     2
340
2E9
341
244
342
244
1001
ACAD_DSTYLE_DIMBREAK
1070
   391
1040
2.0
1001
ACAD_DSTYLE_DIMJAG
1070
   388
1040
1.5
1001
ACAD_DSTYLE_DIMTALN
1070
   392
1070
     0
  0
DIMSTYLE
105
65A
330
A
100
AcDbSymbolTableRecord
100
AcDbDimStyleTableRecord
  2
1 50
 70
     0
 41
0.1
 42
0.08
 43
0.2
 44
0.1
 50
90.0
 73
     0
 74
     0
 77
     1
 78
     1
140
0.2
141
-0.05
143
0.03937007874016
144
50.0
147
0.1
171
     3
172
     1
174
     1
176
     4
177
     8
271
     0
178
     2
271
     0
272
     0
274
     3
278
    44
283
     0
284
     8
289
     2
340
2E9
341
244
342
244
1001
ACAD_DSTYLE_DIMBREAK
1070
   391
1040
2.0
1001
ACAD_DSTYLE_DIMJAG
1070
   388
1040
1.5
1001
ACAD_DSTYLE_DIMTALN
1070
   392
1070
     0
  0
ENDTAB
  0
TABLE
  2
BLOCK_RECORD
  5
1
330
0
100
AcDbSymbolTable
 70
    50
  0
BLOCK_RECORD
  5
1F
102
{ACAD_XDICTIONARY
360
4BA
102
}
330
1
100
AcDbSymbolTableRecord
100
AcDbBlockTableRecord
  2
*Model_Space
340
22
 70
     0
280
     1
281
     0
  0
BLOCK_RECORD
  5
1E3
330
1
100
AcDbSymbolTableRecord
100
AcDbBlockTableRecord
  2
*Paper_Space
340
1E4
 70
     0
280
     1
281
     0
  0
BLOCK_RECORD
  5
1DF
330
1
100
AcDbSymbolTableRecord
100
AcDbBlockTableRecord
  2
*Paper_Space0
340
1E0
 70
     0
280
     1
281
     0
  0
BLOCK_RECORD
  5
244
330
1
100
AcDbSymbolTableRecord
100
AcDbBlockTableRecord
  2
_Oblique
340
0
310
28000000200000002000000001002000000000000010000001000000010000000000000000000000323232FF323232FF323232FF323232FF323232FF323232FF323232FF323232FF323232FF323232FF323232FF323232FF323232FF323232FF323232FF323232FF323232FF323232FF323232FF323232FF323232FF323232
310
FF323232FF323232FF323232FF323232FF323232FF323232FF323232FF323232FF323232FF323232FF323232FFFFFFFFFF323232FF323232FF323232FF323232FF323232FF323232FF323232FF323232FF323232FF323232FF323232FF323232FF323232FF323232FF323232FF323232FF323232FF323232FF323232FF3232
310
32FF323232FF323232FF323232FF323232FF323232FF323232FF323232FF323232FF323232FF323232FF323232FF323232FFFFFFFFFF323232FF323232FF323232FF323232FF323232FF323232FF323232FF323232FF323232FF323232FF323232FF323232FF323232FF323232FF323232FF323232FF323232FF323232FF32
310
3232FF323232FF323232FF323232FF323232FF323232FF323232FF323232FF323232FF323232FF323232FF323232FF323232FF323232FFFFFFFFFF323232FF323232FF323232FF323232FF323232FF323232FF323232FF323232FF323232FF323232FF323232FF323232FF323232FF323232FF323232FF323232FF323232FF
310
323232FF323232FF323232FF323232FF323232FF323232FF323232FF323232FF323232FF323232FF323232FF323232FF323232FF323232FF323232FFFFFFFFFF323232FF323232FF323232FF323232FF323232FF323232FF323232FF323232FF323232FF323232FF323232FF323232FF323232FF323232FF323232FF323232
310
FF323232FF323232FF323232FF323232FF323232FF323232FF323232FF323232FF323232FF323232FF323232FF323232FF323232FF323232FF323232FF323232FFFFFFFFFF323232FF323232FF323232FF323232FF323232FF323232FF323232FF323232FF323232FF323232FF323232FF323232FF323232FF323232FF3232
310
32FF323232FF323232FF323232FF323232FF323232FF323232FF323232FF323232FF323232FF323232FF323232FF323232FF323232FF323232FF323232FF323232FF323232FFFFFFFFFF323232FF323232FF323232FF323232FF323232FF323232FF323232FF323232FF323232FF323232FF323232FF323232FF323232FF32
310
3232FF323232FF323232FF323232FF323232FF323232FF323232FF323232FF323232FF323232FF323232FF323232FF323232FF323232FF323232FF323232FF323232FF323232FF323232FFFFFFFFFF323232FF323232FF323232FF323232FF323232FF323232FF323232FF323232FF323232FF323232FF323232FF323232FF
310
323232FF323232FF323232FF323232FF323232FF323232FF323232FF323232FF323232FF323232FF323232FF323232FF323232FF323232FF323232FF323232FF323232FF323232FF323232FF323232FFFFFFFFFF323232FF323232FF323232FF323232FF323232FF323232FF323232FF323232FF323232FF323232FF323232
310
FF323232FF323232FF323232FF323232FF323232FF323232FF323232FF323232FF323232FF323232FF323232FF323232FF323232FF323232FF323232FF323232FF323232FF323232FF323232FF323232FF323232FFFFFFFFFF323232FF323232FF323232FF323232FF323232FF323232FF323232FF323232FF323232FF3232
310
32FF323232FF323232FF323232FF323232FF323232FF323232FF323232FF323232FF323232FF323232FF323232FF323232FF323232FF323232FF323232FF323232FF323232FF323232FF323232FF323232FF323232FF323232FFFFFFFFFF323232FF323232FF323232FF323232FF323232FF323232FF323232FF323232FF32
310
3232FF323232FF323232FF323232FF323232FF323232FF323232FF323232FF323232FF323232FF323232FF323232FF323232FF323232FF323232FF323232FF323232FF323232FF323232FF323232FF323232FF323232FF323232FF323232FFFFFFFFFF323232FF323232FF323232FF323232FF323232FF323232FF323232FF
310
323232FF323232FF323232FF323232FF323232FF323232FF323232FF323232FF323232FF323232FF323232FF323232FF323232FF323232FF323232FF323232FF323232FF323232FF323232FF323232FF323232FF323232FF323232FF323232FF323232FFFFFFFFFF323232FF323232FF323232FF323232FF323232FF323232
310
FF323232FF323232FF323232FF323232FF323232FF323232FF323232FF323232FF323232FF323232FF323232FF323232FF323232FF323232FF323232FF323232FF323232FF323232FF323232FF323232FF323232FF323232FF323232FF323232FF323232FF323232FFFFFFFFFF323232FF323232FF323232FF323232FF3232
310
32FF323232FF323232FF323232FF323232FF323232FF323232FF323232FF323232FF323232FF323232FF323232FF323232FF323232FF323232FF323232FF323232FF323232FF323232FF323232FF323232FF323232FF323232FF323232FF323232FF323232FF323232FF323232FFFFFFFFFF323232FF323232FF323232FF32
310
3232FF323232FF323232FF323232FF323232FF323232FF323232FF323232FF323232FF323232FF323232FF323232FF323232FF323232FF323232FF323232FF323232FF323232FF323232FF323232FF323232FF323232FF323232FF323232FF323232FF323232FF323232FF323232FF323232FFFFFFFFFF323232FF323232FF
310
323232FF323232FF323232FF323232FF323232FF323232FF323232FF323232FF323232FF323232FF323232FF323232FF323232FF323232FF323232FF323232FF323232FF323232FF323232FF323232FF323232FF323232FF323232FF323232FF323232FF323232FF323232FF323232FF323232FF323232FFFFFFFFFF323232
310
FF323232FF323232FF323232FF323232FF323232FF323232FF323232FF323232FF323232FF323232FF323232FF323232FF323232FF323232FF323232FF323232FF323232FF323232FF323232FF323232FF323232FF323232FF323232FF323232FF323232FF323232FF323232FF323232FF323232FF323232FF323232FFFFFF
310
FFFF323232FF323232FF323232FF323232FF323232FF323232FF323232FF323232FF323232FF323232FF323232FF323232FF323232FF323232FF323232FF323232FF323232FF323232FF323232FF323232FF323232FF323232FF323232FF323232FF323232FF323232FF323232FF323232FF323232FF323232FF323232FF32
310
3232FFFFFFFFFF323232FF323232FF323232FF323232FF323232FF323232FF323232FF323232FF323232FF323232FF323232FF323232FF323232FF323232FF323232FF323232FF323232FF323232FF323232FF323232FF323232FF323232FF323232FF323232FF323232FF323232FF323232FF323232FF323232FF323232FF
310
323232FF323232FFFFFFFFFF323232FF323232FF323232FF323232FF323232FF323232FF323232FF323232FF323232FF323232FF323232FF323232FF323232FF323232FF323232FF323232FF323232FF323232FF323232FF323232FF323232FF323232FF323232FF323232FF323232FF323232FF323232FF323232FF323232
310
FF323232FF323232FF323232FFFFFFFFFF323232FF323232FF323232FF323232FF323232FF323232FF323232FF323232FF323232FF323232FF323232FF323232FF323232FF323232FF323232FF323232FF323232FF323232FF323232FF323232FF323232FF323232FF323232FF323232FF323232FF323232FF323232FF3232
310
32FF323232FF323232FF323232FF323232FFFFFFFFFF323232FF323232FF323232FF323232FF323232FF323232FF323232FF323232FF323232FF323232FF323232FF323232FF323232FF323232FF323232FF323232FF323232FF323232FF323232FF323232FF323232FF323232FF323232FF323232FF323232FF323232FF32
310
3232FF323232FF323232FF323232FF323232FF323232FFFFFFFFFF323232FF323232FF323232FF323232FF323232FF323232FF323232FF323232FF323232FF323232FF323232FF323232FF323232FF323232FF323232FF323232FF323232FF323232FF323232FF323232FF323232FF323232FF323232FF323232FF323232FF
310
323232FF323232FF323232FF323232FF323232FF323232FF323232FFFFFFFFFF323232FF323232FF323232FF323232FF323232FF323232FF323232FF323232FF323232FF323232FF323232FF323232FF323232FF323232FF323232FF323232FF323232FF323232FF323232FF323232FF323232FF323232FF323232FF323232
310
FF323232FF323232FF323232FF323232FF323232FF323232FF323232FF323232FFFFFFFFFF323232FF323232FF323232FF323232FF323232FF323232FF323232FF323232FF323232FF323232FF323232FF323232FF323232FF323232FF323232FF323232FF323232FF323232FF323232FF323232FF323232FF323232FF3232
310
32FF323232FF323232FF323232FF323232FF323232FF323232FF323232FF323232FF323232FFFFFFFFFF323232FF323232FF323232FF323232FF323232FF323232FF323232FF323232FF323232FF323232FF323232FF323232FF323232FF323232FF323232FF323232FF323232FF323232FF323232FF323232FF323232FF32
310
3232FF323232FF323232FF323232FF323232FF323232FF323232FF323232FF323232FF323232FF323232FFFFFFFFFF323232FF323232FF323232FF323232FF323232FF323232FF323232FF323232FF323232FF323232FF323232FF323232FF323232FF323232FF323232FF323232FF323232FF323232FF323232FF323232FF
310
323232FF323232FF323232FF323232FF323232FF323232FF323232FF323232FF323232FF323232FF323232FF323232FFFFFFFFFF323232FF323232FF323232FF323232FF323232FF323232FF323232FF323232FF323232FF323232FF323232FF323232FF323232FF323232FF323232FF323232FF323232FF323232FF323232
310
FF323232FF323232FF323232FF323232FF323232FF323232FF323232FF323232FF323232FF323232FF323232FF323232FF323232FFFFFFFFFF323232FF323232FF323232FF323232FF323232FF323232FF323232FF323232FF323232FF323232FF323232FF323232FF323232FF323232FF323232FF323232FF323232FF3232
310
32FF323232FF323232FF323232FF323232FF323232FF323232FF323232FF323232FF323232FF323232FF323232FF323232FF323232FF323232FFFFFFFFFF323232FF323232FF323232FF323232FF323232FF323232FF323232FF323232FF323232FF323232FF323232FF323232FF323232FF323232FF323232FF323232FF32
310
3232FF323232FF323232FF323232FF323232FF323232FF323232FF323232FF323232FF323232FF323232FF323232FF323232FF323232FF323232FF323232FFFFFFFFFF323232FF323232FF323232FF323232FF323232FF323232FF323232FF323232FF323232FF323232FF323232FF323232FF323232FF323232FF323232FF
310
323232FF323232FF323232FF323232FF323232FF323232FF323232FF323232FF323232FF323232FF323232FF323232FF323232FF323232FF323232FF323232FF323232FF323232FF
102
{BLKREFS
331
27F
331
281
331
28D
331
28F
331
29B
331
29C
331
2A7
331
2A9
331
2B5
331
2B7
331
2C3
331
2C5
331
2D1
331
2D3
331
46C
331
46D
331
478
331
479
331
484
331
485
331
490
331
491
331
49C
331
49D
331
4A8
331
4A9
331
4B4
331
4B5
331
4C0
331
4C1
331
4C9
331
4CA
331
4D2
331
4D3
331
4DB
331
4DC
331
4E4
331
4E5
331
4ED
331
4EE
331
4F6
331
4F7
331
50B
331
50C
331
518
331
519
331
527
331
528
331
534
331
535
331
53D
331
53E
331
54C
331
54D
331
555
331
556
331
55E
331
55F
331
567
331
568
331
570
331
571
331
579
331
57A
331
59B
331
59C
331
5A4
331
5A5
331
5AD
331
5AE
331
5B6
331
5B7
331
5BF
331
5C0
331
5C8
331
5C9
331
5D1
331
5D2
331
5DA
331
5DB
331
5E3
331
5E4
331
5EC
331
5ED
331
5F5
331
5F6
331
5FE
331
5FF
331
607
331
608
331
610
331
611
331
619
331
61A
331
622
331
623
331
62B
331
62C
331
634
331
635
331
63D
331
63E
331
646
331
647
331
64F
331
650
331
70A
331
70B
331
82D
331
82E
331
839
331
83A
331
845
331
846
331
851
331
852
331
85D
331
85E
331
869
331
86A
331
875
331
876
331
880
331
881
331
88D
331
88E
331
896
331
897
331
89F
331
8A0
331
8A8
331
8A9
331
8B1
331
8B2
331
905
331
906
331
90E
331
90F
331
917
331
918
331
920
331
921
102
}
 70
     0
280
     1
281
     0
  0
BLOCK_RECORD
  5
248
330
1
100
AcDbSymbolTableRecord
100
AcDbBlockTableRecord
  2
*U2
340
0
102
{BLKREFS
331
24E
331
24F
331
250
331
251
331
252
102
}
 70
     0
280
     1
281
     0
  0
BLOCK_RECORD
  5
24C
330
1
100
AcDbSymbolTableRecord
100
AcDbBlockTableRecord
  2
*U3
340
0
102
{BLKREFS
331
345
102
}
 70
     0
280
     1
281
     1
  0
BLOCK_RECORD
  5
254
330
1
100
AcDbSymbolTableRecord
100
AcDbBlockTableRecord
  2
*U4
340
0
102
{BLKREFS
331
25A
331
25B
331
25C
331
25D
331
25E
331
25F
331
260
331
261
331
262
331
263
331
264
331
265
102
}
 70
     0
280
     1
281
     0
  0
BLOCK_RECORD
  5
258
330
1
100
AcDbSymbolTableRecord
100
AcDbBlockTableRecord
  2
*U5
340
0
102
{BLKREFS
331
31A
102
}
 70
     0
280
     1
281
     1
  0
BLOCK_RECORD
  5
267
330
1
100
AcDbSymbolTableRecord
100
AcDbBlockTableRecord
  2
*U6
340
0
102
{BLKREFS
331
26D
331
26E
331
26F
331
270
331
271
331
272
331
273
331
274
331
275
331
276
331
277
331
278
102
}
 70
     0
280
     1
281
     0
  0
BLOCK_RECORD
  5
26B
330
1
100
AcDbSymbolTableRecord
100
AcDbBlockTableRecord
  2
*U7
340
0
102
{BLKREFS
331
31B
102
}
 70
     0
280
     1
281
     1
  0
BLOCK_RECORD
  5
27A
330
1
100
AcDbSymbolTableRecord
100
AcDbBlockTableRecord
  2
*D8
340
0
 70
     0
280
     1
281
     0
  0
BLOCK_RECORD
  5
288
330
1
100
AcDbSymbolTableRecord
100
AcDbBlockTableRecord
  2
*D9
340
0
 70
     0
280
     1
281
     0
  0
BLOCK_RECORD
  5
296
330
1
100
AcDbSymbolTableRecord
100
AcDbBlockTableRecord
  2
*D10
340
0
 70
     0
280
     1
281
     0
  0
BLOCK_RECORD
  5
2A2
330
1
100
AcDbSymbolTableRecord
100
AcDbBlockTableRecord
  2
*D11
340
0
 70
     0
280
     1
281
     0
  0
BLOCK_RECORD
  5
2B0
330
1
100
AcDbSymbolTableRecord
100
AcDbBlockTableRecord
  2
*D12
340
0
 70
     0
280
     1
281
     0
  0
BLOCK_RECORD
  5
2BE
330
1
100
AcDbSymbolTableRecord
100
AcDbBlockTableRecord
  2
*D13
340
0
 70
     0
280
     1
281
     0
  0
BLOCK_RECORD
  5
2CC
330
1
100
AcDbSymbolTableRecord
100
AcDbBlockTableRecord
  2
*D14
340
0
 70
     0
280
     1
281
     0
  0
BLOCK_RECORD
  5
418
330
1
100
AcDbSymbolTableRecord
100
AcDbBlockTableRecord
  2
*U15
340
0
102
{BLKREFS
331
422
331
423
331
424
331
425
331
426
102
}
 70
     0
280
     1
281
     0
  0
BLOCK_RECORD
  5
420
330
1
100
AcDbSymbolTableRecord
100
AcDbBlockTableRecord
  2
*U16
340
0
102
{BLKREFS
331
3E8
102
}
 70
     0
280
     1
281
     1
  0
BLOCK_RECORD
  5
428
330
1
100
AcDbSymbolTableRecord
100
AcDbBlockTableRecord
  2
*U17
340
0
102
{BLKREFS
331
42E
331
42F
331
430
331
431
331
432
331
433
331
434
331
435
331
436
331
437
331
438
331
439
102
}
 70
     0
280
     1
281
     0
  0
BLOCK_RECORD
  5
42C
330
1
100
AcDbSymbolTableRecord
100
AcDbBlockTableRecord
  2
*U18
340
0
102
{BLKREFS
331
3BD
102
}
 70
     0
280
     1
281
     1
  0
BLOCK_RECORD
  5
43B
330
1
100
AcDbSymbolTableRecord
100
AcDbBlockTableRecord
  2
*U19
340
0
102
{BLKREFS
331
441
331
442
331
443
331
444
331
445
331
446
331
447
331
448
331
449
331
44A
331
44B
331
44C
102
}
 70
     0
280
     1
281
     0
  0
BLOCK_RECORD
  5
43F
330
1
100
AcDbSymbolTableRecord
100
AcDbBlockTableRecord
  2
*U20
340
0
102
{BLKREFS
331
3BE
102
}
 70
     0
280
     1
281
     1
  0
BLOCK_RECORD
  5
466
330
1
100
AcDbSymbolTableRecord
100
AcDbBlockTableRecord
  2
*D21
340
0
 70
     0
280
     1
281
     0
  0
BLOCK_RECORD
  5
472
330
1
100
AcDbSymbolTableRecord
100
AcDbBlockTableRecord
  2
*D22
340
0
 70
     0
280
     1
281
     0
  0
BLOCK_RECORD
  5
47E
330
1
100
AcDbSymbolTableRecord
100
AcDbBlockTableRecord
  2
*D23
340
0
 70
     0
280
     1
281
     0
  0
BLOCK_RECORD
  5
48A
330
1
100
AcDbSymbolTableRecord
100
AcDbBlockTableRecord
  2
*D24
340
0
 70
     0
280
     1
281
     0
  0
BLOCK_RECORD
  5
496
330
1
100
AcDbSymbolTableRecord
100
AcDbBlockTableRecord
  2
*D25
340
0
 70
     0
280
     1
281
     0
  0
BLOCK_RECORD
  5
4A2
330
1
100
AcDbSymbolTableRecord
100
AcDbBlockTableRecord
  2
*D26
340
0
 70
     0
280
     1
281
     0
  0
BLOCK_RECORD
  5
4AE
330
1
100
AcDbSymbolTableRecord
100
AcDbBlockTableRecord
  2
*D27
340
0
 70
     0
280
     1
281
     0
  0
BLOCK_RECORD
  5
505
330
1
100
AcDbSymbolTableRecord
100
AcDbBlockTableRecord
  2
*D28
340
0
 70
     0
280
     1
281
     0
  0
BLOCK_RECORD
  5
512
330
1
100
AcDbSymbolTableRecord
100
AcDbBlockTableRecord
  2
*D29
340
0
 70
     0
280
     1
281
     0
  0
BLOCK_RECORD
  5
521
330
1
100
AcDbSymbolTableRecord
100
AcDbBlockTableRecord
  2
*D30
340
0
 70
     0
280
     1
281
     0
  0
BLOCK_RECORD
  5
52E
330
1
100
AcDbSymbolTableRecord
100
AcDbBlockTableRecord
  2
*D31
340
0
 70
     0
280
     1
281
     0
  0
BLOCK_RECORD
  5
546
330
1
100
AcDbSymbolTableRecord
100
AcDbBlockTableRecord
  2
*D32
340
0
 70
     0
280
     1
281
     0
  0
BLOCK_RECORD
  5
580
330
1
100
AcDbSymbolTableRecord
100
AcDbBlockTableRecord
  2
*D33
340
0
 70
     0
280
     1
281
     0
  0
BLOCK_RECORD
  5
7D9
102
{ACAD_REACTORS
330
822
102
}
330
1
100
AcDbSymbolTableRecord
100
AcDbBlockTableRecord
  2
*U34
340
0
102
{BLKREFS
331
7E3
331
7E4
331
7E5
331
7E6
331
7E7
331
8CE
102
}
 70
     0
280
     1
281
     0
  0
BLOCK_RECORD
  5
7E1
102
{ACAD_REACTORS
330
821
102
}
330
1
100
AcDbSymbolTableRecord
100
AcDbBlockTableRecord
  2
*U35
340
0
102
{BLKREFS
331
766
102
}
 70
     0
280
     1
281
     1
  0
BLOCK_RECORD
  5
7E9
102
{ACAD_REACTORS
330
812
102
}
330
1
100
AcDbSymbolTableRecord
100
AcDbBlockTableRecord
  2
*U36
340
0
102
{BLKREFS
331
7EF
331
7F0
331
7F1
331
7F2
331
7F3
331
7F4
331
7F5
331
7F6
331
7F7
331
7F8
331
7F9
331
7FA
102
}
 70
     0
280
     1
281
     0
  0
BLOCK_RECORD
  5
7ED
102
{ACAD_REACTORS
330
811
102
}
330
1
100
AcDbSymbolTableRecord
100
AcDbBlockTableRecord
  2
*U37
340
0
102
{BLKREFS
331
742
102
}
 70
     0
280
     1
281
     1
  0
BLOCK_RECORD
  5
7FC
102
{ACAD_REACTORS
330
81A
102
}
330
1
100
AcDbSymbolTableRecord
100
AcDbBlockTableRecord
  2
*U38
340
0
102
{BLKREFS
331
802
331
803
331
804
331
805
331
806
331
807
331
808
331
809
331
80A
331
80B
331
80C
331
80D
102
}
 70
     0
280
     1
281
     0
  0
BLOCK_RECORD
  5
800
102
{ACAD_REACTORS
330
819
102
}
330
1
100
AcDbSymbolTableRecord
100
AcDbBlockTableRecord
  2
*U39
340
0
102
{BLKREFS
331
743
102
}
 70
     0
280
     1
281
     1
  0
BLOCK_RECORD
  5
827
330
1
100
AcDbSymbolTableRecord
100
AcDbBlockTableRecord
  2
*D40
340
0
 70
     0
280
     1
281
     0
  0
BLOCK_RECORD
  5
833
330
1
100
AcDbSymbolTableRecord
100
AcDbBlockTableRecord
  2
*D41
340
0
 70
     0
280
     1
281
     0
  0
BLOCK_RECORD
  5
83F
330
1
100
AcDbSymbolTableRecord
100
AcDbBlockTableRecord
  2
*D42
340
0
 70
     0
280
     1
281
     0
  0
BLOCK_RECORD
  5
84B
330
1
100
AcDbSymbolTableRecord
100
AcDbBlockTableRecord
  2
*D43
340
0
 70
     0
280
     1
281
     0
  0
BLOCK_RECORD
  5
857
330
1
100
AcDbSymbolTableRecord
100
AcDbBlockTableRecord
  2
*D44
340
0
 70
     0
280
     1
281
     0
  0
BLOCK_RECORD
  5
863
330
1
100
AcDbSymbolTableRecord
100
AcDbBlockTableRecord
  2
*D45
340
0
 70
     0
280
     1
281
     0
  0
BLOCK_RECORD
  5
86F
330
1
100
AcDbSymbolTableRecord
100
AcDbBlockTableRecord
  2
*D46
340
0
 70
     0
280
     1
281
     0
  0
BLOCK_RECORD
  5
887
330
1
100
AcDbSymbolTableRecord
100
AcDbBlockTableRecord
  2
*D47
340
0
 70
     0
280
     1
281
     0
  0
BLOCK_RECORD
  5
8D5
102
{ACAD_REACTORS
330
8E9
102
}
330
1
100
AcDbSymbolTableRecord
100
AcDbBlockTableRecord
  2
*U48
340
0
102
{BLKREFS
331
8DF
331
8E0
331
8E1
331
8E2
331
8E3
331
8E4
102
}
 70
     0
280
     1
281
     0
  0
BLOCK_RECORD
  5
8DD
102
{ACAD_REACTORS
330
8E8
102
}
330
1
100
AcDbSymbolTableRecord
100
AcDbBlockTableRecord
  2
*U49
340
0
102
{BLKREFS
331
8D2
102
}
 70
     0
280
     1
281
     1
  0
ENDTAB
  0
ENDSEC
  0
SECTION
  2
BLOCKS
  0
BLOCK
  5
20
330
1F
100
AcDbEntity
  8
0
100
AcDbBlockBegin
  2
*Model_Space
 70
     0
 10
0.0
 20
0.0
 30
0.0
  3
*Model_Space
  1

  0
ENDBLK
  5
21
330
1F
100
AcDbEntity
  8
0
100
AcDbBlockEnd
  0
BLOCK
  5
1E5
330
1E3
100
AcDbEntity
 67
     1
  8
0
100
AcDbBlockBegin
  2
*Paper_Space
 70
     0
 10
0.0
 20
0.0
 30
0.0
  3
*Paper_Space
  1

  0
ENDBLK
  5
1E6
330
1E3
100
AcDbEntity
 67
     1
  8
0
100
AcDbBlockEnd
  0
BLOCK
  5
1E1
330
1DF
100
AcDbEntity
  8
0
100
AcDbBlockBegin
  2
*Paper_Space0
 70
     0
 10
0.0
 20
0.0
 30
0.0
  3
*Paper_Space0
  1

  0
ENDBLK
  5
1E2
330
1DF
100
AcDbEntity
  8
0
100
AcDbBlockEnd
  0
BLOCK
  5
245
330
244
100
AcDbEntity
  8
0
100
AcDbBlockBegin
  2
_Oblique
 70
     0
 10
0.0
 20
0.0
 30
0.0
  3
_Oblique
  1

  0
LINE
  5
246
330
244
100
AcDbEntity
  8
0
  6
ByBlock
 62
     0
370
    -2
100
AcDbLine
 10
-0.5
 20
-0.5
 30
0.0
 11
0.5
 21
0.5
 31
0.0
  0
ENDBLK
  5
247
330
244
100
AcDbEntity
  8
0
100
AcDbBlockEnd
  0
BLOCK
  5
249
330
248
100
AcDbEntity
  8
0
100
AcDbBlockBegin
  2
*U2
 70
     1
 10
0.0
 20
0.0
 30
0.0
  3
*U2
  1

  0
LWPOLYLINE
  5
24A
330
248
100
AcDbEntity
  8
DET-ARMADURAS
 62
     6
100
AcDbPolyline
 90
        2
 70
     1
 43
0.0319696909714751
 10
-0.0159848454857183
 20
0.0
 42
-1.0
 10
0.0159848454857183
 20
0.0
 42
-1.0
  0
ENDBLK
  5
24B
330
248
100
AcDbEntity
  8
0
100
AcDbBlockEnd
  0
BLOCK
  5
24D
330
24C
100
AcDbEntity
  8
0
100
AcDbBlockBegin
  2
*U3
 70
     1
 10
0.0
 20
0.0
 30
0.0
  3
*U3
  1

  0
INSERT
  5
24E
330
24C
100
AcDbEntity
  8
Z_ANOTACIONES
  6
ByBlock
347
16F
 62
     0
440
 16777216
370
    -2
380
     1
100
AcDbBlockReference
  2
*U2
 10
0.0
 20
0.0
 30
0.0
  0
INSERT
  5
24F
330
24C
100
AcDbEntity
  8
Z_ANOTACIONES
  6
ByBlock
347
16F
 62
     0
440
 16777216
370
    -2
380
     1
100
AcDbBlockReference
  2
*U2
 10
1.1
 20
0.0
 30
0.0
  0
INSERT
  5
250
330
24C
100
AcDbEntity
  8
Z_ANOTACIONES
  6
ByBlock
347
16F
 62
     0
440
 16777216
370
    -2
380
     1
100
AcDbBlockReference
  2
*U2
 10
2.2
 20
0.0
 30
0.0
  0
INSERT
  5
251
330
24C
100
AcDbEntity
  8
Z_ANOTACIONES
  6
ByBlock
347
16F
 62
     0
440
 16777216
370
    -2
380
     1
100
AcDbBlockReference
  2
*U2
 10
3.299999999999998
 20
0.0
 30
0.0
  0
INSERT
  5
252
330
24C
100
AcDbEntity
  8
Z_ANOTACIONES
  6
ByBlock
347
16F
 62
     0
440
 16777216
370
    -2
380
     1
100
AcDbBlockReference
  2
*U2
 10
4.4
 20
0.0
 30
0.0
  0
ENDBLK
  5
253
330
24C
100
AcDbEntity
  8
0
100
AcDbBlockEnd
  0
BLOCK
  5
255
330
254
100
AcDbEntity
  8
0
100
AcDbBlockBegin
  2
*U4
 70
     1
 10
0.0
 20
0.0
 30
0.0
  3
*U4
  1

  0
LWPOLYLINE
  5
256
330
254
100
AcDbEntity
  8
DET-ARMADURAS
 62
     6
100
AcDbPolyline
 90
        2
 70
     1
 43
0.0319696909714751
 10
-0.0159848454857183
 20
0.0
 42
-1.0
 10
0.0159848454857183
 20
0.0
 42
-1.0
  0
ENDBLK
  5
257
330
254
100
AcDbEntity
  8
0
100
AcDbBlockEnd
  0
BLOCK
  5
259
330
258
100
AcDbEntity
  8
0
100
AcDbBlockBegin
  2
*U5
 70
     1
 10
0.0
 20
0.0
 30
0.0
  3
*U5
  1

  0
INSERT
  5
25A
330
258
100
AcDbEntity
  8
Z_ANOTACIONES
  6
ByBlock
347
16F
 62
     0
440
 16777216
370
    -2
380
     1
100
AcDbBlockReference
  2
*U4
 10
0.0
 20
0.0
 30
0.0
  0
INSERT
  5
25B
330
258
100
AcDbEntity
  8
Z_ANOTACIONES
  6
ByBlock
347
16F
 62
     0
440
 16777216
370
    -2
380
     1
100
AcDbBlockReference
  2
*U4
 10
1.0
 20
0.0
 30
0.0
  0
INSERT
  5
25C
330
258
100
AcDbEntity
  8
Z_ANOTACIONES
  6
ByBlock
347
16F
 62
     0
440
 16777216
370
    -2
380
     1
100
AcDbBlockReference
  2
*U4
 10
2.0
 20
0.0
 30
0.0
  0
INSERT
  5
25D
330
258
100
AcDbEntity
  8
Z_ANOTACIONES
  6
ByBlock
347
16F
 62
     0
440
 16777216
370
    -2
380
     1
100
AcDbBlockReference
  2
*U4
 10
3.0
 20
0.0
 30
0.0
  0
INSERT
  5
25E
330
258
100
AcDbEntity
  8
Z_ANOTACIONES
  6
ByBlock
347
16F
 62
     0
440
 16777216
370
    -2
380
     1
100
AcDbBlockReference
  2
*U4
 10
4.0
 20
0.0
 30
0.0
  0
INSERT
  5
25F
330
258
100
AcDbEntity
  8
Z_ANOTACIONES
  6
ByBlock
347
16F
 62
     0
440
 16777216
370
    -2
380
     1
100
AcDbBlockReference
  2
*U4
 10
5.0
 20
0.0
 30
0.0
  0
INSERT
  5
260
330
258
100
AcDbEntity
  8
Z_ANOTACIONES
  6
ByBlock
347
16F
 62
     0
440
 16777216
370
    -2
380
     1
100
AcDbBlockReference
  2
*U4
 10
6.0
 20
0.0
 30
0.0
  0
INSERT
  5
261
330
258
100
AcDbEntity
  8
Z_ANOTACIONES
  6
ByBlock
347
16F
 62
     0
440
 16777216
370
    -2
380
     1
100
AcDbBlockReference
  2
*U4
 10
7.0
 20
0.0
 30
0.0
  0
INSERT
  5
262
330
258
100
AcDbEntity
  8
Z_ANOTACIONES
  6
ByBlock
347
16F
 62
     0
440
 16777216
370
    -2
380
     1
100
AcDbBlockReference
  2
*U4
 10
8.0
 20
0.0
 30
0.0
  0
INSERT
  5
263
330
258
100
AcDbEntity
  8
Z_ANOTACIONES
  6
ByBlock
347
16F
 62
     0
440
 16777216
370
    -2
380
     1
100
AcDbBlockReference
  2
*U4
 10
9.0
 20
0.0
 30
0.0
  0
INSERT
  5
264
330
258
100
AcDbEntity
  8
Z_ANOTACIONES
  6
ByBlock
347
16F
 62
     0
440
 16777216
370
    -2
380
     1
100
AcDbBlockReference
  2
*U4
 10
10.0
 20
0.0
 30
0.0
  0
INSERT
  5
265
330
258
100
AcDbEntity
  8
Z_ANOTACIONES
  6
ByBlock
347
16F
 62
     0
440
 16777216
370
    -2
380
     1
100
AcDbBlockReference
  2
*U4
 10
11.0
 20
0.0
 30
0.0
  0
ENDBLK
  5
266
330
258
100
AcDbEntity
  8
0
100
AcDbBlockEnd
  0
BLOCK
  5
268
330
267
100
AcDbEntity
  8
0
100
AcDbBlockBegin
  2
*U6
 70
     1
 10
0.0
 20
0.0
 30
0.0
  3
*U6
  1

  0
LWPOLYLINE
  5
269
330
267
100
AcDbEntity
  8
DET-ARMADURAS
 62
     6
100
AcDbPolyline
 90
        2
 70
     1
 43
0.0319696909714751
 10
-0.0159848454857183
 20
0.0
 42
-1.0
 10
0.0159848454857183
 20
0.0
 42
-1.0
  0
ENDBLK
  5
26A
330
267
100
AcDbEntity
  8
0
100
AcDbBlockEnd
  0
BLOCK
  5
26C
330
26B
100
AcDbEntity
  8
0
100
AcDbBlockBegin
  2
*U7
 70
     1
 10
0.0
 20
0.0
 30
0.0
  3
*U7
  1

  0
INSERT
  5
26D
330
26B
100
AcDbEntity
  8
Z_ANOTACIONES
  6
ByBlock
347
16F
 62
     0
440
 16777216
370
    -2
380
     1
100
AcDbBlockReference
  2
*U6
 10
0.0
 20
0.0
 30
0.0
  0
INSERT
  5
26E
330
26B
100
AcDbEntity
  8
Z_ANOTACIONES
  6
ByBlock
347
16F
 62
     0
440
 16777216
370
    -2
380
     1
100
AcDbBlockReference
  2
*U6
 10
1.0
 20
0.0
 30
0.0
  0
INSERT
  5
26F
330
26B
100
AcDbEntity
  8
Z_ANOTACIONES
  6
ByBlock
347
16F
 62
     0
440
 16777216
370
    -2
380
     1
100
AcDbBlockReference
  2
*U6
 10
2.0
 20
0.0
 30
0.0
  0
INSERT
  5
270
330
26B
100
AcDbEntity
  8
Z_ANOTACIONES
  6
ByBlock
347
16F
 62
     0
440
 16777216
370
    -2
380
     1
100
AcDbBlockReference
  2
*U6
 10
3.0
 20
0.0
 30
0.0
  0
INSERT
  5
271
330
26B
100
AcDbEntity
  8
Z_ANOTACIONES
  6
ByBlock
347
16F
 62
     0
440
 16777216
370
    -2
380
     1
100
AcDbBlockReference
  2
*U6
 10
4.0
 20
0.0
 30
0.0
  0
INSERT
  5
272
330
26B
100
AcDbEntity
  8
Z_ANOTACIONES
  6
ByBlock
347
16F
 62
     0
440
 16777216
370
    -2
380
     1
100
AcDbBlockReference
  2
*U6
 10
5.0
 20
0.0
 30
0.0
  0
INSERT
  5
273
330
26B
100
AcDbEntity
  8
Z_ANOTACIONES
  6
ByBlock
347
16F
 62
     0
440
 16777216
370
    -2
380
     1
100
AcDbBlockReference
  2
*U6
 10
6.0
 20
0.0
 30
0.0
  0
INSERT
  5
274
330
26B
100
AcDbEntity
  8
Z_ANOTACIONES
  6
ByBlock
347
16F
 62
     0
440
 16777216
370
    -2
380
     1
100
AcDbBlockReference
  2
*U6
 10
7.0
 20
0.0
 30
0.0
  0
INSERT
  5
275
330
26B
100
AcDbEntity
  8
Z_ANOTACIONES
  6
ByBlock
347
16F
 62
     0
440
 16777216
370
    -2
380
     1
100
AcDbBlockReference
  2
*U6
 10
8.0
 20
0.0
 30
0.0
  0
INSERT
  5
276
330
26B
100
AcDbEntity
  8
Z_ANOTACIONES
  6
ByBlock
347
16F
 62
     0
440
 16777216
370
    -2
380
     1
100
AcDbBlockReference
  2
*U6
 10
9.0
 20
0.0
 30
0.0
  0
INSERT
  5
277
330
26B
100
AcDbEntity
  8
Z_ANOTACIONES
  6
ByBlock
347
16F
 62
     0
440
 16777216
370
    -2
380
     1
100
AcDbBlockReference
  2
*U6
 10
10.0
 20
0.0
 30
0.0
  0
INSERT
  5
278
330
26B
100
AcDbEntity
  8
Z_ANOTACIONES
  6
ByBlock
347
16F
 62
     0
440
 16777216
370
    -2
380
     1
100
AcDbBlockReference
  2
*U6
 10
11.0
 20
0.0
 30
0.0
  0
ENDBLK
  5
279
330
26B
100
AcDbEntity
  8
0
100
AcDbBlockEnd
  0
BLOCK
  5
27B
330
27A
100
AcDbEntity
  8
0
100
AcDbBlockBegin
  2
*D8
 70
     1
 10
0.0
 20
0.0
 30
0.0
  3
*D8
  1

  0
LINE
  5
27C
330
27A
100
AcDbEntity
  8
DET-COTAS
 62
     8
440
 16777216
 48
0.1
370
    -2
100
AcDbLine
 10
7581.956280660652
 20
1215.834646473491
 30
0.0
 11
7582.373828940024
 21
1215.834646473491
 31
0.0
  0
LINE
  5
27D
330
27A
100
AcDbEntity
  8
DET-COTAS
 62
     8
440
 16777216
 48
0.1
370
    -2
100
AcDbLine
 10
7581.956280660652
 20
1213.291731535793
 30
0.0
 11
7582.373828940024
 21
1213.291731535793
 31
0.0
  0
LINE
  5
27E
330
27A
100
AcDbEntity
  8
DET-COTAS
 62
     4
440
 16777216
 48
0.1
370
    -2
100
AcDbLine
 10
7582.303828940024
 20
1215.834646473491
 30
0.0
 11
7582.303828940024
 21
1213.291731535793
 31
0.0
  0
INSERT
  5
27F
330
27A
100
AcDbEntity
  8
DET-COTAS
 62
     4
440
 16777216
 48
0.1
370
    -2
100
AcDbBlockReference
 66
     1
  2
_Oblique
 10
7582.303828940024
 20
1215.834646473491
 30
0.0
 41
0.14
 42
0.14
 43
0.14
 50
90.0
  0
SEQEND
  5
280
330
27F
100
AcDbEntity
  8
0
 48
0.1
  0
INSERT
  5
281
330
27A
100
AcDbEntity
  8
DET-COTAS
 62
     4
440
 16777216
 48
0.1
370
    -2
100
AcDbBlockReference
 66
     1
  2
_Oblique
 10
7582.303828940024
 20
1213.291731535793
 30
0.0
 41
0.14
 42
0.14
 43
0.14
 50
270.0
  0
SEQEND
  5
282
330
281
100
AcDbEntity
  8
0
 48
0.1
  0
MTEXT
  5
283
330
27A
100
AcDbEntity
  8
DET-COTAS
 62
     2
440
 16777216
 48
0.1
100
AcDbMText
 10
7582.148798348588
 20
1214.56318900464
 30
0.0
 40
0.2
 41
0.0
 46
0.0
 71
     5
 72
     1
  1
70
  7
Formato
 11
0.0000000000000001
 21
1.0
 31
0.0
 73
     1
 44
1.0
  0
POINT
  5
284
330
27A
100
AcDbEntity
  8
Defpoints
 62
     0
440
 16777216
 48
0.1
100
AcDbPoint
 10
7581.886280660651
 20
1215.834646473491
 30
0.0
  0
POINT
  5
285
330
27A
100
AcDbEntity
  8
Defpoints
 62
     0
440
 16777216
 48
0.1
100
AcDbPoint
 10
7581.886280660651
 20
1213.291731535793
 30
0.0
  0
POINT
  5
286
330
27A
100
AcDbEntity
  8
Defpoints
 62
     0
440
 16777216
 48
0.1
100
AcDbPoint
 10
7582.303828940024
 20
1213.291731535793
 30
0.0
  0
ENDBLK
  5
287
330
27A
100
AcDbEntity
  8
0
100
AcDbBlockEnd
  0
BLOCK
  5
289
330
288
100
AcDbEntity
  8
0
100
AcDbBlockBegin
  2
*D9
 70
     1
 10
0.0
 20
0.0
 30
0.0
  3
*D9
  1

  0
LINE
  5
28A
330
288
100
AcDbEntity
  8
DET-COTAS
 62
     8
440
 16777216
 48
0.1
370
    -2
100
AcDbLine
 10
7580.260782207135
 20
1213.291731535795
 30
0.0
 11
7579.773319194048
 21
1213.291731535795
 31
0.0
  0
LINE
  5
28B
330
288
100
AcDbEntity
  8
DET-COTAS
 62
     8
440
 16777216
 48
0.1
370
    -2
100
AcDbLine
 10
7580.362479746225
 20
1217.136384074827
 30
0.0
 11
7579.773319194048
 21
1217.136384074827
 31
0.0
  0
LINE
  5
28C
330
288
100
AcDbEntity
  8
DET-COTAS
 62
     4
440
 16777216
 48
0.1
370
    -2
100
AcDbLine
 10
7579.843319194047
 20
1213.291731535795
 30
0.0
 11
7579.843319194047
 21
1217.136384074827
 31
0.0
  0
INSERT
  5
28D
330
288
100
AcDbEntity
  8
DET-COTAS
 62
     4
440
 16777216
 48
0.1
370
    -2
100
AcDbBlockReference
 66
     1
  2
_Oblique
 10
7579.843319194047
 20
1213.291731535795
 30
0.0
 41
0.14
 42
0.14
 43
0.14
 50
270.0
  0
SEQEND
  5
28E
330
28D
100
AcDbEntity
  8
0
 48
0.1
  0
INSERT
  5
28F
330
288
100
AcDbEntity
  8
DET-COTAS
 62
     4
440
 16777216
 48
0.1
370
    -2
100
AcDbBlockReference
 66
     1
  2
_Oblique
 10
7579.843319194047
 20
1217.136384074827
 30
0.0
 41
0.14
 42
0.14
 43
0.14
 50
90.0
  0
SEQEND
  5
290
330
28F
100
AcDbEntity
  8
0
 48
0.1
  0
MTEXT
  5
291
330
288
100
AcDbEntity
  8
DET-COTAS
 62
     2
440
 16777216
 48
0.1
100
AcDbMText
 10
7579.688288602611
 20
1215.21405780531
 30
0.0
 40
0.2
 41
0.0
 46
0.0
 71
     5
 72
     1
  1
120
  7
Formato
 11
0.0000000000000001
 21
1.0
 31
0.0
 73
     1
 44
1.0
  0
POINT
  5
292
330
288
100
AcDbEntity
  8
Defpoints
 62
     0
440
 16777216
 48
0.1
100
AcDbPoint
 10
7580.330782207134
 20
1213.291731535795
 30
0.0
  0
POINT
  5
293
330
288
100
AcDbEntity
  8
Defpoints
 62
     0
440
 16777216
 48
0.1
100
AcDbPoint
 10
7580.432479746223
 20
1217.136384074827
 30
0.0
  0
POINT
  5
294
330
288
100
AcDbEntity
  8
Defpoints
 62
     0
440
 16777216
 48
0.1
100
AcDbPoint
 10
7579.843319194047
 20
1217.136384074827
 30
0.0
  0
ENDBLK
  5
295
330
288
100
AcDbEntity
  8
0
100
AcDbBlockEnd
  0
BLOCK
  5
297
330
296
100
AcDbEntity
  8
0
100
AcDbBlockBegin
  2
*D10
 70
     1
 10
0.0
 20
0.0
 30
0.0
  3
*D10
  1

  0
LINE
  5
298
330
296
100
AcDbEntity
  8
DET-COTAS
 62
     8
440
 16777216
370
    -2
100
AcDbLine
 10
7581.725173195109
 20
1211.302110982408
 30
0.0
 11
7581.725173195109
 21
1211.737572884632
 31
0.0
  0
LINE
  5
299
330
296
100
AcDbEntity
  8
DET-COTAS
 62
     8
440
 16777216
370
    -2
100
AcDbLine
 10
7582.723143100389
 20
1211.398483022449
 30
0.0
 11
7582.723143100389
 21
1211.737572884632
 31
0.0
  0
LINE
  5
29A
330
296
100
AcDbEntity
  8
DET-COTAS
 62
     4
440
 16777216
370
    -2
100
AcDbLine
 10
7581.725173195109
 20
1211.537572884632
 30
0.0
 11
7582.723143100389
 21
1211.537572884632
 31
0.0
  0
INSERT
  5
29B
330
296
100
AcDbEntity
  8
DET-COTAS
 62
     4
440
 16777216
370
    -2
100
AcDbBlockReference
  2
_Oblique
 10
7581.725173195109
 20
1211.537572884632
 30
0.0
 41
0.14
 42
0.14
 43
0.14
 50
180.0
  0
INSERT
  5
29C
330
296
100
AcDbEntity
  8
DET-COTAS
 62
     4
440
 16777216
370
    -2
100
AcDbBlockReference
  2
_Oblique
 10
7582.723143100389
 20
1211.537572884632
 30
0.0
 41
0.14
 42
0.14
 43
0.14
  0
MTEXT
  5
29D
330
296
100
AcDbEntity
  8
DET-COTAS
 62
     2
440
 16777216
100
AcDbMText
 10
7582.22415814775
 20
1211.692603476066
 30
0.0
 40
0.2
 41
0.0
 46
0.0
 71
     5
 72
     1
  1
30
  7
Formato
 73
     1
 44
1.0
  0
POINT
  5
29E
330
296
100
AcDbEntity
  8
Defpoints
 62
     0
440
 16777216
100
AcDbPoint
 10
7581.725173195109
 20
1211.142110982408
 30
0.0
  0
POINT
  5
29F
330
296
100
AcDbEntity
  8
Defpoints
 62
     0
440
 16777216
100
AcDbPoint
 10
7582.723143100389
 20
1211.238483022449
 30
0.0
  0
POINT
  5
2A0
330
296
100
AcDbEntity
  8
Defpoints
 62
     0
440
 16777216
100
AcDbPoint
 10
7582.723143100389
 20
1211.537572884632
 30
0.0
  0
ENDBLK
  5
2A1
330
296
100
AcDbEntity
  8
0
100
AcDbBlockEnd
  0
BLOCK
  5
2A3
330
2A2
100
AcDbEntity
  8
0
100
AcDbBlockBegin
  2
*D11
 70
     1
 10
0.0
 20
0.0
 30
0.0
  3
*D11
  1

  0
LINE
  5
2A4
330
2A2
100
AcDbEntity
  8
DET-COTAS
 62
     8
440
 16777216
 48
0.1
370
    -2
100
AcDbLine
 10
7580.166232717108
 20
1210.791731535794
 30
0.0
 11
7579.773319194052
 21
1210.791731535794
 31
0.0
  0
LINE
  5
2A5
330
2A2
100
AcDbEntity
  8
DET-COTAS
 62
     8
440
 16777216
 48
0.1
370
    -2
100
AcDbLine
 10
7580.16345799508
 20
1210.291731535791
 30
0.0
 11
7579.773319194052
 21
1210.291731535791
 31
0.0
  0
LINE
  5
2A6
330
2A2
100
AcDbEntity
  8
DET-COTAS
 62
     4
440
 16777216
 48
0.1
370
    -2
100
AcDbLine
 10
7579.843319194051
 20
1210.791731535794
 30
0.0
 11
7579.843319194051
 21
1210.291731535791
 31
0.0
  0
INSERT
  5
2A7
330
2A2
100
AcDbEntity
  8
DET-COTAS
 62
     4
440
 16777216
 48
0.1
370
    -2
100
AcDbBlockReference
 66
     1
  2
_Oblique
 10
7579.843319194051
 20
1210.791731535794
 30
0.0
 41
0.14
 42
0.14
 43
0.14
 50
90.0
  0
SEQEND
  5
2A8
330
2A7
100
AcDbEntity
  8
0
 48
0.1
  0
INSERT
  5
2A9
330
2A2
100
AcDbEntity
  8
DET-COTAS
 62
     4
440
 16777216
 48
0.1
370
    -2
100
AcDbBlockReference
 66
     1
  2
_Oblique
 10
7579.843319194051
 20
1210.291731535791
 30
0.0
 41
0.14
 42
0.14
 43
0.14
 50
270.0
  0
SEQEND
  5
2AA
330
2A9
100
AcDbEntity
  8
0
 48
0.1
  0
MTEXT
  5
2AB
330
2A2
100
AcDbEntity
  8
DET-COTAS
 62
     2
440
 16777216
 48
0.1
100
AcDbMText
 10
7579.688288602617
 20
1210.541731535791
 30
0.0
 40
0.2
 41
0.0
 46
0.0
 71
     5
 72
     1
  1
10
  7
Formato
 11
0.0000000000000001
 21
1.0
 31
0.0
 73
     1
 44
1.0
  0
POINT
  5
2AC
330
2A2
100
AcDbEntity
  8
Defpoints
 62
     0
440
 16777216
 48
0.1
100
AcDbPoint
 10
7580.236232717108
 20
1210.791731535794
 30
0.0
  0
POINT
  5
2AD
330
2A2
100
AcDbEntity
  8
Defpoints
 62
     0
440
 16777216
 48
0.1
100
AcDbPoint
 10
7580.233457995081
 20
1210.291731535791
 30
0.0
  0
POINT
  5
2AE
330
2A2
100
AcDbEntity
  8
Defpoints
 62
     0
440
 16777216
 48
0.1
100
AcDbPoint
 10
7579.843319194051
 20
1210.291731535791
 30
0.0
  0
ENDBLK
  5
2AF
330
2A2
100
AcDbEntity
  8
0
100
AcDbBlockEnd
  0
BLOCK
  5
2B1
330
2B0
100
AcDbEntity
  8
0
100
AcDbBlockBegin
  2
*D12
 70
     1
 10
0.0
 20
0.0
 30
0.0
  3
*D12
  1

  0
LINE
  5
2B2
330
2B0
100
AcDbEntity
  8
DET-COTAS
 62
     8
440
 16777216
 48
0.1
370
    -2
100
AcDbLine
 10
7580.1662327171
 20
1213.291731535803
 30
0.0
 11
7579.773319194052
 21
1213.291731535803
 31
0.0
  0
LINE
  5
2B3
330
2B0
100
AcDbEntity
  8
DET-COTAS
 62
     8
440
 16777216
 48
0.1
370
    -2
100
AcDbLine
 10
7580.166232717108
 20
1210.791731535794
 30
0.0
 11
7579.773319194052
 21
1210.791731535794
 31
0.0
  0
LINE
  5
2B4
330
2B0
100
AcDbEntity
  8
DET-COTAS
 62
     4
440
 16777216
 48
0.1
370
    -2
100
AcDbLine
 10
7579.843319194051
 20
1213.291731535803
 30
0.0
 11
7579.843319194051
 21
1210.791731535794
 31
0.0
  0
INSERT
  5
2B5
330
2B0
100
AcDbEntity
  8
DET-COTAS
 62
     4
440
 16777216
 48
0.1
370
    -2
100
AcDbBlockReference
 66
     1
  2
_Oblique
 10
7579.843319194051
 20
1213.291731535803
 30
0.0
 41
0.14
 42
0.14
 43
0.14
 50
90.0
  0
SEQEND
  5
2B6
330
2B5
100
AcDbEntity
  8
0
 48
0.1
  0
INSERT
  5
2B7
330
2B0
100
AcDbEntity
  8
DET-COTAS
 62
     4
440
 16777216
 48
0.1
370
    -2
100
AcDbBlockReference
 66
     1
  2
_Oblique
 10
7579.843319194051
 20
1210.791731535794
 30
0.0
 41
0.14
 42
0.14
 43
0.14
 50
270.0
  0
SEQEND
  5
2B8
330
2B7
100
AcDbEntity
  8
0
 48
0.1
  0
MTEXT
  5
2B9
330
2B0
100
AcDbEntity
  8
DET-COTAS
 62
     2
440
 16777216
 48
0.1
100
AcDbMText
 10
7579.688288602617
 20
1212.041731535797
 30
0.0
 40
0.2
 41
0.0
 46
0.0
 71
     5
 72
     1
  1
50
  7
Formato
 11
0.0000000000000001
 21
1.0
 31
0.0
 73
     1
 44
1.0
  0
POINT
  5
2BA
330
2B0
100
AcDbEntity
  8
Defpoints
 62
     0
440
 16777216
 48
0.1
100
AcDbPoint
 10
7580.2362327171
 20
1213.291731535803
 30
0.0
  0
POINT
  5
2BB
330
2B0
100
AcDbEntity
  8
Defpoints
 62
     0
440
 16777216
 48
0.1
100
AcDbPoint
 10
7580.236232717108
 20
1210.791731535794
 30
0.0
  0
POINT
  5
2BC
330
2B0
100
AcDbEntity
  8
Defpoints
 62
     0
440
 16777216
 48
0.1
100
AcDbPoint
 10
7579.843319194051
 20
1210.791731535794
 30
0.0
  0
ENDBLK
  5
2BD
330
2B0
100
AcDbEntity
  8
0
100
AcDbBlockEnd
  0
BLOCK
  5
2BF
330
2BE
100
AcDbEntity
  8
0
100
AcDbBlockBegin
  2
*D13
 70
     1
 10
0.0
 20
0.0
 30
0.0
  3
*D13
  1

  0
LINE
  5
2C0
330
2BE
100
AcDbEntity
  8
DET-COTAS
 62
     8
440
 16777216
 48
0.1
370
    -2
100
AcDbLine
 10
7580.330782207131
 20
1223.837934980317
 30
0.0
 11
7580.330782207131
 21
1224.198838510493
 31
0.0
  0
LINE
  5
2C1
330
2BE
100
AcDbEntity
  8
DET-COTAS
 62
     8
440
 16777216
 48
0.1
370
    -2
100
AcDbLine
 10
7581.830782207133
 20
1223.837934980317
 30
0.0
 11
7581.830782207133
 21
1224.198838510493
 31
0.0
  0
LINE
  5
2C2
330
2BE
100
AcDbEntity
  8
DET-COTAS
 62
     4
440
 16777216
 48
0.1
370
    -2
100
AcDbLine
 10
7580.330782207131
 20
1224.128838510493
 30
0.0
 11
7581.830782207133
 21
1224.128838510493
 31
0.0
  0
INSERT
  5
2C3
330
2BE
100
AcDbEntity
  8
DET-COTAS
 62
     4
440
 16777216
 48
0.1
370
    -2
100
AcDbBlockReference
 66
     1
  2
_Oblique
 10
7580.330782207131
 20
1224.128838510493
 30
0.0
 41
0.14
 42
0.14
 43
0.14
 50
180.0
  0
SEQEND
  5
2C4
330
2C3
100
AcDbEntity
  8
0
 48
0.1
  0
INSERT
  5
2C5
330
2BE
100
AcDbEntity
  8
DET-COTAS
 62
     4
440
 16777216
 48
0.1
370
    -2
100
AcDbBlockReference
 66
     1
  2
_Oblique
 10
7581.830782207133
 20
1224.128838510493
 30
0.0
 41
0.14
 42
0.14
 43
0.14
  0
SEQEND
  5
2C6
330
2C5
100
AcDbEntity
  8
0
 48
0.1
  0
MTEXT
  5
2C7
330
2BE
100
AcDbEntity
  8
DET-COTAS
 62
     2
440
 16777216
 48
0.1
100
AcDbMText
 10
7581.080782207131
 20
1224.283869101927
 30
0.0
 40
0.2
 41
0.0
 46
0.0
 71
     5
 72
     1
  1
30
  7
Formato
 73
     1
 44
1.0
  0
POINT
  5
2C8
330
2BE
100
AcDbEntity
  8
Defpoints
 62
     0
440
 16777216
 48
0.1
100
AcDbPoint
 10
7580.330782207131
 20
1223.767934980317
 30
0.0
  0
POINT
  5
2C9
330
2BE
100
AcDbEntity
  8
Defpoints
 62
     0
440
 16777216
 48
0.1
100
AcDbPoint
 10
7581.830782207133
 20
1223.767934980317
 30
0.0
  0
POINT
  5
2CA
330
2BE
100
AcDbEntity
  8
Defpoints
 62
     0
440
 16777216
 48
0.1
100
AcDbPoint
 10
7581.830782207133
 20
1224.128838510493
 30
0.0
  0
ENDBLK
  5
2CB
330
2BE
100
AcDbEntity
  8
0
100
AcDbBlockEnd
  0
BLOCK
  5
2CD
330
2CC
100
AcDbEntity
  8
0
100
AcDbBlockBegin
  2
*D14
 70
     1
 10
0.0
 20
0.0
 30
0.0
  3
*D14
  1

  0
LINE
  5
2CE
330
2CC
100
AcDbEntity
  8
DET-COTAS
 62
     8
440
 16777216
 48
0.1
370
    -2
100
AcDbLine
 10
7580.328007485109
 20
1210.22173153579
 30
0.0
 11
7580.328007485109
 21
1209.82222938801
 31
0.0
  0
LINE
  5
2CF
330
2CC
100
AcDbEntity
  8
DET-COTAS
 62
     8
440
 16777216
 48
0.1
370
    -2
100
AcDbLine
 10
7585.328007485104
 20
1210.22173153579
 30
0.0
 11
7585.328007485104
 21
1209.82222938801
 31
0.0
  0
LINE
  5
2D0
330
2CC
100
AcDbEntity
  8
DET-COTAS
 62
     4
440
 16777216
 48
0.1
370
    -2
100
AcDbLine
 10
7580.328007485109
 20
1209.89222938801
 30
0.0
 11
7585.328007485104
 21
1209.89222938801
 31
0.0
  0
INSERT
  5
2D1
330
2CC
100
AcDbEntity
  8
DET-COTAS
 62
     4
440
 16777216
 48
0.1
370
    -2
100
AcDbBlockReference
 66
     1
  2
_Oblique
 10
7580.328007485109
 20
1209.89222938801
 30
0.0
 41
0.14
 42
0.14
 43
0.14
 50
180.0
  0
SEQEND
  5
2D2
330
2D1
100
AcDbEntity
  8
0
 48
0.1
  0
INSERT
  5
2D3
330
2CC
100
AcDbEntity
  8
DET-COTAS
 62
     4
440
 16777216
 48
0.1
370
    -2
100
AcDbBlockReference
 66
     1
  2
_Oblique
 10
7585.328007485104
 20
1209.89222938801
 30
0.0
 41
0.14
 42
0.14
 43
0.14
  0
SEQEND
  5
2D4
330
2D3
100
AcDbEntity
  8
0
 48
0.1
  0
MTEXT
  5
2D5
330
2CC
100
AcDbEntity
  8
DET-COTAS
 62
     2
440
 16777216
 48
0.1
100
AcDbMText
 10
7582.828007485106
 20
1210.047259979445
 30
0.0
 40
0.2
 41
0.0
 46
0.0
 71
     5
 72
     1
  1
100
  7
Formato
 73
     1
 44
1.0
  0
POINT
  5
2D6
330
2CC
100
AcDbEntity
  8
Defpoints
 62
     0
440
 16777216
 48
0.1
100
AcDbPoint
 10
7580.328007485109
 20
1210.29173153579
 30
0.0
  0
POINT
  5
2D7
330
2CC
100
AcDbEntity
  8
Defpoints
 62
     0
440
 16777216
 48
0.1
100
AcDbPoint
 10
7585.328007485104
 20
1210.29173153579
 30
0.0
  0
POINT
  5
2D8
330
2CC
100
AcDbEntity
  8
Defpoints
 62
     0
440
 16777216
 48
0.1
100
AcDbPoint
 10
7585.328007485104
 20
1209.89222938801
 30
0.0
  0
ENDBLK
  5
2D9
330
2CC
100
AcDbEntity
  8
0
100
AcDbBlockEnd
  0
BLOCK
  5
419
330
418
100
AcDbEntity
  8
0
100
AcDbBlockBegin
  2
*U15
 70
     1
 10
0.0
 20
0.0
 30
0.0
  3
*U15
  1

  0
LWPOLYLINE
  5
41A
330
418
100
AcDbEntity
  8
DET-ARMADURAS
 62
     6
100
AcDbPolyline
 90
        2
 70
     1
 43
0.0319696909714751
 10
-0.0159848454857183
 20
0.0
 42
-1.0
 10
0.0159848454857183
 20
0.0
 42
-1.0
  0
ENDBLK
  5
41B
330
418
100
AcDbEntity
  8
0
100
AcDbBlockEnd
  0
BLOCK
  5
421
330
420
100
AcDbEntity
  8
0
100
AcDbBlockBegin
  2
*U16
 70
     1
 10
0.0
 20
0.0
 30
0.0
  3
*U16
  1

  0
INSERT
  5
422
330
420
100
AcDbEntity
  8
Z_ANOTACIONES
  6
ByBlock
347
16F
 62
     0
440
 16777216
370
    -2
380
     1
100
AcDbBlockReference
  2
*U15
 10
0.0
 20
0.0
 30
0.0
  0
INSERT
  5
423
330
420
100
AcDbEntity
  8
Z_ANOTACIONES
  6
ByBlock
347
16F
 62
     0
440
 16777216
370
    -2
380
     1
100
AcDbBlockReference
  2
*U15
 10
1.1
 20
0.0
 30
0.0
  0
INSERT
  5
424
330
420
100
AcDbEntity
  8
Z_ANOTACIONES
  6
ByBlock
347
16F
 62
     0
440
 16777216
370
    -2
380
     1
100
AcDbBlockReference
  2
*U15
 10
2.2
 20
0.0
 30
0.0
  0
INSERT
  5
425
330
420
100
AcDbEntity
  8
Z_ANOTACIONES
  6
ByBlock
347
16F
 62
     0
440
 16777216
370
    -2
380
     1
100
AcDbBlockReference
  2
*U15
 10
3.299999999999998
 20
0.0
 30
0.0
  0
INSERT
  5
426
330
420
100
AcDbEntity
  8
Z_ANOTACIONES
  6
ByBlock
347
16F
 62
     0
440
 16777216
370
    -2
380
     1
100
AcDbBlockReference
  2
*U15
 10
4.4
 20
0.0
 30
0.0
  0
ENDBLK
  5
427
330
420
100
AcDbEntity
  8
0
100
AcDbBlockEnd
  0
BLOCK
  5
429
330
428
100
AcDbEntity
  8
0
100
AcDbBlockBegin
  2
*U17
 70
     1
 10
0.0
 20
0.0
 30
0.0
  3
*U17
  1

  0
LWPOLYLINE
  5
42A
330
428
100
AcDbEntity
  8
DET-ARMADURAS
 62
     6
100
AcDbPolyline
 90
        2
 70
     1
 43
0.0319696909714751
 10
-0.0159848454857183
 20
0.0
 42
-1.0
 10
0.0159848454857183
 20
0.0
 42
-1.0
  0
ENDBLK
  5
42B
330
428
100
AcDbEntity
  8
0
100
AcDbBlockEnd
  0
BLOCK
  5
42D
330
42C
100
AcDbEntity
  8
0
100
AcDbBlockBegin
  2
*U18
 70
     1
 10
0.0
 20
0.0
 30
0.0
  3
*U18
  1

  0
INSERT
  5
42E
330
42C
100
AcDbEntity
  8
Z_ANOTACIONES
  6
ByBlock
347
16F
 62
     0
440
 16777216
370
    -2
380
     1
100
AcDbBlockReference
  2
*U17
 10
0.0
 20
0.0
 30
0.0
  0
INSERT
  5
42F
330
42C
100
AcDbEntity
  8
Z_ANOTACIONES
  6
ByBlock
347
16F
 62
     0
440
 16777216
370
    -2
380
     1
100
AcDbBlockReference
  2
*U17
 10
1.0
 20
0.0
 30
0.0
  0
INSERT
  5
430
330
42C
100
AcDbEntity
  8
Z_ANOTACIONES
  6
ByBlock
347
16F
 62
     0
440
 16777216
370
    -2
380
     1
100
AcDbBlockReference
  2
*U17
 10
2.0
 20
0.0
 30
0.0
  0
INSERT
  5
431
330
42C
100
AcDbEntity
  8
Z_ANOTACIONES
  6
ByBlock
347
16F
 62
     0
440
 16777216
370
    -2
380
     1
100
AcDbBlockReference
  2
*U17
 10
3.0
 20
0.0
 30
0.0
  0
INSERT
  5
432
330
42C
100
AcDbEntity
  8
Z_ANOTACIONES
  6
ByBlock
347
16F
 62
     0
440
 16777216
370
    -2
380
     1
100
AcDbBlockReference
  2
*U17
 10
4.0
 20
0.0
 30
0.0
  0
INSERT
  5
433
330
42C
100
AcDbEntity
  8
Z_ANOTACIONES
  6
ByBlock
347
16F
 62
     0
440
 16777216
370
    -2
380
     1
100
AcDbBlockReference
  2
*U17
 10
5.0
 20
0.0
 30
0.0
  0
INSERT
  5
434
330
42C
100
AcDbEntity
  8
Z_ANOTACIONES
  6
ByBlock
347
16F
 62
     0
440
 16777216
370
    -2
380
     1
100
AcDbBlockReference
  2
*U17
 10
6.0
 20
0.0
 30
0.0
  0
INSERT
  5
435
330
42C
100
AcDbEntity
  8
Z_ANOTACIONES
  6
ByBlock
347
16F
 62
     0
440
 16777216
370
    -2
380
     1
100
AcDbBlockReference
  2
*U17
 10
7.0
 20
0.0
 30
0.0
  0
INSERT
  5
436
330
42C
100
AcDbEntity
  8
Z_ANOTACIONES
  6
ByBlock
347
16F
 62
     0
440
 16777216
370
    -2
380
     1
100
AcDbBlockReference
  2
*U17
 10
8.0
 20
0.0
 30
0.0
  0
INSERT
  5
437
330
42C
100
AcDbEntity
  8
Z_ANOTACIONES
  6
ByBlock
347
16F
 62
     0
440
 16777216
370
    -2
380
     1
100
AcDbBlockReference
  2
*U17
 10
9.0
 20
0.0
 30
0.0
  0
INSERT
  5
438
330
42C
100
AcDbEntity
  8
Z_ANOTACIONES
  6
ByBlock
347
16F
 62
     0
440
 16777216
370
    -2
380
     1
100
AcDbBlockReference
  2
*U17
 10
10.0
 20
0.0
 30
0.0
  0
INSERT
  5
439
330
42C
100
AcDbEntity
  8
Z_ANOTACIONES
  6
ByBlock
347
16F
 62
     0
440
 16777216
370
    -2
380
     1
100
AcDbBlockReference
  2
*U17
 10
11.0
 20
0.0
 30
0.0
  0
ENDBLK
  5
43A
330
42C
100
AcDbEntity
  8
0
100
AcDbBlockEnd
  0
BLOCK
  5
43C
330
43B
100
AcDbEntity
  8
0
100
AcDbBlockBegin
  2
*U19
 70
     1
 10
0.0
 20
0.0
 30
0.0
  3
*U19
  1

  0
LWPOLYLINE
  5
43D
330
43B
100
AcDbEntity
  8
DET-ARMADURAS
 62
     6
100
AcDbPolyline
 90
        2
 70
     1
 43
0.0319696909714751
 10
-0.0159848454857183
 20
0.0
 42
-1.0
 10
0.0159848454857183
 20
0.0
 42
-1.0
  0
ENDBLK
  5
43E
330
43B
100
AcDbEntity
  8
0
100
AcDbBlockEnd
  0
BLOCK
  5
440
330
43F
100
AcDbEntity
  8
0
100
AcDbBlockBegin
  2
*U20
 70
     1
 10
0.0
 20
0.0
 30
0.0
  3
*U20
  1

  0
INSERT
  5
441
330
43F
100
AcDbEntity
  8
Z_ANOTACIONES
  6
ByBlock
347
16F
 62
     0
440
 16777216
370
    -2
380
     1
100
AcDbBlockReference
  2
*U19
 10
0.0
 20
0.0
 30
0.0
  0
INSERT
  5
442
330
43F
100
AcDbEntity
  8
Z_ANOTACIONES
  6
ByBlock
347
16F
 62
     0
440
 16777216
370
    -2
380
     1
100
AcDbBlockReference
  2
*U19
 10
1.0
 20
0.0
 30
0.0
  0
INSERT
  5
443
330
43F
100
AcDbEntity
  8
Z_ANOTACIONES
  6
ByBlock
347
16F
 62
     0
440
 16777216
370
    -2
380
     1
100
AcDbBlockReference
  2
*U19
 10
2.0
 20
0.0
 30
0.0
  0
INSERT
  5
444
330
43F
100
AcDbEntity
  8
Z_ANOTACIONES
  6
ByBlock
347
16F
 62
     0
440
 16777216
370
    -2
380
     1
100
AcDbBlockReference
  2
*U19
 10
3.0
 20
0.0
 30
0.0
  0
INSERT
  5
445
330
43F
100
AcDbEntity
  8
Z_ANOTACIONES
  6
ByBlock
347
16F
 62
     0
440
 16777216
370
    -2
380
     1
100
AcDbBlockReference
  2
*U19
 10
4.0
 20
0.0
 30
0.0
  0
INSERT
  5
446
330
43F
100
AcDbEntity
  8
Z_ANOTACIONES
  6
ByBlock
347
16F
 62
     0
440
 16777216
370
    -2
380
     1
100
AcDbBlockReference
  2
*U19
 10
5.0
 20
0.0
 30
0.0
  0
INSERT
  5
447
330
43F
100
AcDbEntity
  8
Z_ANOTACIONES
  6
ByBlock
347
16F
 62
     0
440
 16777216
370
    -2
380
     1
100
AcDbBlockReference
  2
*U19
 10
6.0
 20
0.0
 30
0.0
  0
INSERT
  5
448
330
43F
100
AcDbEntity
  8
Z_ANOTACIONES
  6
ByBlock
347
16F
 62
     0
440
 16777216
370
    -2
380
     1
100
AcDbBlockReference
  2
*U19
 10
7.0
 20
0.0
 30
0.0
  0
INSERT
  5
449
330
43F
100
AcDbEntity
  8
Z_ANOTACIONES
  6
ByBlock
347
16F
 62
     0
440
 16777216
370
    -2
380
     1
100
AcDbBlockReference
  2
*U19
 10
8.0
 20
0.0
 30
0.0
  0
INSERT
  5
44A
330
43F
100
AcDbEntity
  8
Z_ANOTACIONES
  6
ByBlock
347
16F
 62
     0
440
 16777216
370
    -2
380
     1
100
AcDbBlockReference
  2
*U19
 10
9.0
 20
0.0
 30
0.0
  0
INSERT
  5
44B
330
43F
100
AcDbEntity
  8
Z_ANOTACIONES
  6
ByBlock
347
16F
 62
     0
440
 16777216
370
    -2
380
     1
100
AcDbBlockReference
  2
*U19
 10
10.0
 20
0.0
 30
0.0
  0
INSERT
  5
44C
330
43F
100
AcDbEntity
  8
Z_ANOTACIONES
  6
ByBlock
347
16F
 62
     0
440
 16777216
370
    -2
380
     1
100
AcDbBlockReference
  2
*U19
 10
11.0
 20
0.0
 30
0.0
  0
ENDBLK
  5
44D
330
43F
100
AcDbEntity
  8
0
100
AcDbBlockEnd
  0
BLOCK
  5
467
330
466
100
AcDbEntity
  8
0
100
AcDbBlockBegin
  2
*D21
 70
     1
 10
0.0
 20
0.0
 30
0.0
  3
*D21
  1

  0
LINE
  5
4BD
330
466
100
AcDbEntity
  8
DET-COTAS
 62
     8
 48
0.1
370
    -2
100
AcDbLine
 10
6.274322789834814
 20
6.869261361769655
 30
0.0
 11
6.691871069211018
 21
6.869261361769655
 31
0.0
  0
LINE
  5
4BE
330
466
100
AcDbEntity
  8
DET-COTAS
 62
     8
 48
0.1
370
    -2
100
AcDbLine
 10
6.274322789834814
 20
4.326346424071415
 30
0.0
 11
6.691871069211018
 21
4.326346424071415
 31
0.0
  0
LINE
  5
4BF
330
466
100
AcDbEntity
  8
DET-COTAS
 62
     4
 48
0.1
370
    -2
100
AcDbLine
 10
6.621871069211017
 20
6.869261361769655
 30
0.0
 11
6.621871069211017
 21
4.326346424071415
 31
0.0
  0
INSERT
  5
4C0
330
466
100
AcDbEntity
  8
DET-COTAS
 62
     4
370
    -2
100
AcDbBlockReference
  2
_Oblique
 10
6.621871069211017
 20
6.869261361769655
 30
0.0
 41
0.14
 42
0.14
 43
0.14
 50
90.0
  0
INSERT
  5
4C1
330
466
100
AcDbEntity
  8
DET-COTAS
 62
     4
370
    -2
100
AcDbBlockReference
  2
_Oblique
 10
6.621871069211017
 20
4.326346424071415
 30
0.0
 41
0.14
 42
0.14
 43
0.14
 50
270.0
  0
MTEXT
  5
4C2
330
466
100
AcDbEntity
  8
DET-COTAS
 62
     2
100
AcDbMText
 10
6.466840477776621
 20
5.597803892920534
 30
0.0
 40
0.2
 41
0.0
 46
0.0
 71
     5
 72
     1
  1
70
  7
Formato
 11
0.0
 21
1.0
 31
0.0
 73
     1
 44
1.0
  0
POINT
  5
4C3
330
466
100
AcDbEntity
  8
Defpoints
 62
     0
100
AcDbPoint
 10
6.204322789834813
 20
6.869261361769655
 30
0.0
  0
POINT
  5
4C4
330
466
100
AcDbEntity
  8
Defpoints
 62
     0
100
AcDbPoint
 10
6.204322789834813
 20
4.326346424071415
 30
0.0
  0
POINT
  5
4C5
330
466
100
AcDbEntity
  8
Defpoints
 62
     0
100
AcDbPoint
 10
6.621871069211017
 20
4.326346424071415
 30
0.0
  0
ENDBLK
  5
468
330
466
100
AcDbEntity
  8
0
100
AcDbBlockEnd
  0
BLOCK
  5
473
330
472
100
AcDbEntity
  8
0
100
AcDbBlockBegin
  2
*D22
 70
     1
 10
0.0
 20
0.0
 30
0.0
  3
*D22
  1

  0
LINE
  5
4C6
330
472
100
AcDbEntity
  8
DET-COTAS
 62
     8
 48
0.1
370
    -2
100
AcDbLine
 10
4.578824336317381
 20
4.326346424073233
 30
0.0
 11
4.091361323232093
 21
4.326346424073233
 31
0.0
  0
LINE
  5
4C7
330
472
100
AcDbEntity
  8
DET-COTAS
 62
     8
 48
0.1
370
    -2
100
AcDbLine
 10
4.680521875405874
 20
8.1709989631055
 30
0.0
 11
4.091361323232093
 21
8.1709989631055
 31
0.0
  0
LINE
  5
4C8
330
472
100
AcDbEntity
  8
DET-COTAS
 62
     4
 48
0.1
370
    -2
100
AcDbLine
 10
4.161361323232093
 20
4.326346424073233
 30
0.0
 11
4.161361323232093
 21
8.1709989631055
 31
0.0
  0
INSERT
  5
4C9
330
472
100
AcDbEntity
  8
DET-COTAS
 62
     4
370
    -2
100
AcDbBlockReference
  2
_Oblique
 10
4.161361323232093
 20
4.326346424073233
 30
0.0
 41
0.14
 42
0.14
 43
0.14
 50
270.0
  0
INSERT
  5
4CA
330
472
100
AcDbEntity
  8
DET-COTAS
 62
     4
370
    -2
100
AcDbBlockReference
  2
_Oblique
 10
4.161361323232093
 20
8.1709989631055
 30
0.0
 41
0.14
 42
0.14
 43
0.14
 50
90.0
  0
MTEXT
  5
4CB
330
472
100
AcDbEntity
  8
DET-COTAS
 62
     2
100
AcDbMText
 10
4.006330731797696
 20
6.248672693589139
 30
0.0
 40
0.2
 41
0.0
 46
0.0
 71
     5
 72
     1
  1
120
  7
Formato
 11
0.0
 21
1.0
 31
0.0
 73
     1
 44
1.0
  0
POINT
  5
4CC
330
472
100
AcDbEntity
  8
Defpoints
 62
     0
100
AcDbPoint
 10
4.648824336317384
 20
4.326346424073233
 30
0.0
  0
POINT
  5
4CD
330
472
100
AcDbEntity
  8
Defpoints
 62
     0
100
AcDbPoint
 10
4.750521875405874
 20
8.1709989631055
 30
0.0
  0
POINT
  5
4CE
330
472
100
AcDbEntity
  8
Defpoints
 62
     0
100
AcDbPoint
 10
4.161361323232093
 20
8.1709989631055
 30
0.0
  0
ENDBLK
  5
474
330
472
100
AcDbEntity
  8
0
100
AcDbBlockEnd
  0
BLOCK
  5
47F
330
47E
100
AcDbEntity
  8
0
100
AcDbBlockBegin
  2
*D23
 70
     1
 10
0.0
 20
0.0
 30
0.0
  3
*D23
  1

  0
LINE
  5
4CF
330
47E
100
AcDbEntity
  8
DET-COTAS
 62
     8
370
    -2
100
AcDbLine
 10
6.043215324295497
 20
9.705836508117537
 30
0.0
 11
6.043215324295497
 21
10.14129841034135
 31
0.0
  0
LINE
  5
4D0
330
47E
100
AcDbEntity
  8
DET-COTAS
 62
     8
370
    -2
100
AcDbLine
 10
7.041185229575612
 20
9.802208548158473
 30
0.0
 11
7.041185229575612
 21
10.14129841034135
 31
0.0
  0
LINE
  5
4D1
330
47E
100
AcDbEntity
  8
DET-COTAS
 62
     4
370
    -2
100
AcDbLine
 10
6.043215324295497
 20
9.941298410341355
 30
0.0
 11
7.041185229575612
 21
9.941298410341355
 31
0.0
  0
INSERT
  5
4D2
330
47E
100
AcDbEntity
  8
DET-COTAS
 62
     4
370
    -2
100
AcDbBlockReference
  2
_Oblique
 10
6.043215324295497
 20
9.941298410341355
 30
0.0
 41
0.14
 42
0.14
 43
0.14
 50
180.0
  0
INSERT
  5
4D3
330
47E
100
AcDbEntity
  8
DET-COTAS
 62
     4
370
    -2
100
AcDbBlockReference
  2
_Oblique
 10
7.041185229575612
 20
9.941298410341355
 30
0.0
 41
0.14
 42
0.14
 43
0.14
  0
MTEXT
  5
4D4
330
47E
100
AcDbEntity
  8
DET-COTAS
 62
     2
100
AcDbMText
 10
6.542200276935552
 20
10.09632900177575
 30
0.0
 40
0.2
 41
0.0
 46
0.0
 71
     5
 72
     1
  1
30
  7
Formato
 73
     1
 44
1.0
  0
POINT
  5
4D5
330
47E
100
AcDbEntity
  8
Defpoints
 62
     0
100
AcDbPoint
 10
6.043215324295497
 20
9.545836508117536
 30
0.0
  0
POINT
  5
4D6
330
47E
100
AcDbEntity
  8
Defpoints
 62
     0
100
AcDbPoint
 10
7.041185229575612
 20
9.642208548158473
 30
0.0
  0
POINT
  5
4D7
330
47E
100
AcDbEntity
  8
Defpoints
 62
     0
100
AcDbPoint
 10
7.041185229575612
 20
9.941298410341355
 30
0.0
  0
ENDBLK
  5
480
330
47E
100
AcDbEntity
  8
0
100
AcDbBlockEnd
  0
BLOCK
  5
48B
330
48A
100
AcDbEntity
  8
0
100
AcDbBlockBegin
  2
*D24
 70
     1
 10
0.0
 20
0.0
 30
0.0
  3
*D24
  1

  0
LINE
  5
4D8
330
48A
100
AcDbEntity
  8
DET-COTAS
 62
     8
 48
0.1
370
    -2
100
AcDbLine
 10
4.646049614294504
 20
1.256346424068913
 30
0.0
 11
4.646049614294504
 21
0.8568442762892287
 31
0.0
  0
LINE
  5
4D9
330
48A
100
AcDbEntity
  8
DET-COTAS
 62
     8
 48
0.1
370
    -2
100
AcDbLine
 10
9.646049614290866
 20
1.256346424068913
 30
0.0
 11
9.646049614290866
 21
0.8568442762892287
 31
0.0
  0
LINE
  5
4DA
330
48A
100
AcDbEntity
  8
DET-COTAS
 62
     4
 48
0.1
370
    -2
100
AcDbLine
 10
4.646049614294504
 20
0.9268442762892288
 30
0.0
 11
9.646049614290866
 21
0.9268442762892288
 31
0.0
  0
INSERT
  5
4DB
330
48A
100
AcDbEntity
  8
DET-COTAS
 62
     4
370
    -2
100
AcDbBlockReference
  2
_Oblique
 10
4.646049614294504
 20
0.9268442762892288
 30
0.0
 41
0.14
 42
0.14
 43
0.14
 50
180.0
  0
INSERT
  5
4DC
330
48A
100
AcDbEntity
  8
DET-COTAS
 62
     4
370
    -2
100
AcDbBlockReference
  2
_Oblique
 10
9.646049614290866
 20
0.9268442762892288
 30
0.0
 41
0.14
 42
0.14
 43
0.14
  0
MTEXT
  5
4DD
330
48A
100
AcDbEntity
  8
DET-COTAS
 62
     2
100
AcDbMText
 10
7.146049614292687
 20
1.081874867723627
 30
0.0
 40
0.2
 41
0.0
 46
0.0
 71
     5
 72
     1
  1
100
  7
Formato
 73
     1
 44
1.0
  0
POINT
  5
4DE
330
48A
100
AcDbEntity
  8
Defpoints
 62
     0
100
AcDbPoint
 10
4.646049614294504
 20
1.326346424068914
 30
0.0
  0
POINT
  5
4DF
330
48A
100
AcDbEntity
  8
Defpoints
 62
     0
100
AcDbPoint
 10
9.646049614290866
 20
1.326346424068914
 30
0.0
  0
POINT
  5
4E0
330
48A
100
AcDbEntity
  8
Defpoints
 62
     0
100
AcDbPoint
 10
9.646049614290866
 20
0.9268442762892288
 30
0.0
  0
ENDBLK
  5
48C
330
48A
100
AcDbEntity
  8
0
100
AcDbBlockEnd
  0
BLOCK
  5
497
330
496
100
AcDbEntity
  8
0
100
AcDbBlockBegin
  2
*D25
 70
     1
 10
0.0
 20
0.0
 30
0.0
  3
*D25
  1

  0
LINE
  5
4E1
330
496
100
AcDbEntity
  8
DET-COTAS
 62
     8
 48
0.1
370
    -2
100
AcDbLine
 10
4.484274846290363
 20
9.195457061503367
 30
0.0
 11
4.09136132323846
 21
9.195457061503367
 31
0.0
  0
LINE
  5
4E2
330
496
100
AcDbEntity
  8
DET-COTAS
 62
     8
 48
0.1
370
    -2
100
AcDbLine
 10
4.481500124262938
 20
8.695457061500642
 30
0.0
 11
4.09136132323846
 21
8.695457061500642
 31
0.0
  0
LINE
  5
4E3
330
496
100
AcDbEntity
  8
DET-COTAS
 62
     4
 48
0.1
370
    -2
100
AcDbLine
 10
4.161361323238461
 20
9.195457061503367
 30
0.0
 11
4.161361323238461
 21
8.695457061500642
 31
0.0
  0
INSERT
  5
4E4
330
496
100
AcDbEntity
  8
DET-COTAS
 62
     4
370
    -2
100
AcDbBlockReference
  2
_Oblique
 10
4.161361323238461
 20
9.195457061503367
 30
0.0
 41
0.14
 42
0.14
 43
0.14
 50
90.0
  0
INSERT
  5
4E5
330
496
100
AcDbEntity
  8
DET-COTAS
 62
     4
370
    -2
100
AcDbBlockReference
  2
_Oblique
 10
4.161361323238461
 20
8.695457061500642
 30
0.0
 41
0.14
 42
0.14
 43
0.14
 50
270.0
  0
MTEXT
  5
4E6
330
496
100
AcDbEntity
  8
DET-COTAS
 62
     2
100
AcDbMText
 10
4.006330731804061
 20
8.945457061502006
 30
0.0
 40
0.2
 41
0.0
 46
0.0
 71
     5
 72
     1
  1
10
  7
Formato
 11
0.0
 21
1.0
 31
0.0
 73
     1
 44
1.0
  0
POINT
  5
4E7
330
496
100
AcDbEntity
  8
Defpoints
 62
     0
100
AcDbPoint
 10
4.554274846290363
 20
9.195457061503367
 30
0.0
  0
POINT
  5
4E8
330
496
100
AcDbEntity
  8
Defpoints
 62
     0
100
AcDbPoint
 10
4.551500124262938
 20
8.695457061500642
 30
0.0
  0
POINT
  5
4E9
330
496
100
AcDbEntity
  8
Defpoints
 62
     0
100
AcDbPoint
 10
4.161361323238461
 20
8.695457061500642
 30
0.0
  0
ENDBLK
  5
498
330
496
100
AcDbEntity
  8
0
100
AcDbBlockEnd
  0
BLOCK
  5
4A3
330
4A2
100
AcDbEntity
  8
0
100
AcDbBlockBegin
  2
*D26
 70
     1
 10
0.0
 20
0.0
 30
0.0
  3
*D26
  1

  0
LINE
  5
576
330
4A2
100
AcDbEntity
  8
DET-COTAS
 62
     8
 48
0.1
370
    -2
100
AcDbLine
 10
4.484274846282175
 20
4.326346424081873
 30
0.0
 11
4.09136132323846
 21
4.326346424081873
 31
0.0
  0
LINE
  5
577
330
4A2
100
AcDbEntity
  8
DET-COTAS
 62
     8
 48
0.1
370
    -2
100
AcDbLine
 10
4.484274846290363
 20
1.826346424072779
 30
0.0
 11
4.09136132323846
 21
1.826346424072779
 31
0.0
  0
LINE
  5
578
330
4A2
100
AcDbEntity
  8
DET-COTAS
 62
     4
 48
0.1
370
    -2
100
AcDbLine
 10
4.161361323238461
 20
4.326346424081873
 30
0.0
 11
4.161361323238461
 21
1.826346424072779
 31
0.0
  0
INSERT
  5
579
330
4A2
100
AcDbEntity
  8
DET-COTAS
 62
     4
370
    -2
100
AcDbBlockReference
  2
_Oblique
 10
4.161361323238461
 20
4.326346424081873
 30
0.0
 41
0.14
 42
0.14
 43
0.14
 50
90.0
  0
INSERT
  5
57A
330
4A2
100
AcDbEntity
  8
DET-COTAS
 62
     4
370
    -2
100
AcDbBlockReference
  2
_Oblique
 10
4.161361323238461
 20
1.826346424072779
 30
0.0
 41
0.14
 42
0.14
 43
0.14
 50
270.0
  0
MTEXT
  5
57B
330
4A2
100
AcDbEntity
  8
DET-COTAS
 62
     2
100
AcDbMText
 10
4.011361323238459
 20
3.076346424077326
 30
0.0
 40
0.2
 41
0.0
 46
0.0
 71
     5
 72
     1
  1
H
  7
Formato
 11
0.0
 21
1.0
 31
0.0
 73
     1
 44
1.0
  0
POINT
  5
57C
330
4A2
100
AcDbEntity
  8
Defpoints
 62
     0
100
AcDbPoint
 10
4.554274846282177
 20
4.326346424081873
 30
0.0
  0
POINT
  5
57D
330
4A2
100
AcDbEntity
  8
Defpoints
 62
     0
100
AcDbPoint
 10
4.554274846290363
 20
1.826346424072779
 30
0.0
  0
POINT
  5
57E
330
4A2
100
AcDbEntity
  8
Defpoints
 62
     0
100
AcDbPoint
 10
4.161361323238461
 20
1.826346424072779
 30
0.0
  0
ENDBLK
  5
4A4
330
4A2
100
AcDbEntity
  8
0
100
AcDbBlockEnd
  0
BLOCK
  5
4AF
330
4AE
100
AcDbEntity
  8
0
100
AcDbBlockBegin
  2
*D27
 70
     1
 10
0.0
 20
0.0
 30
0.0
  3
*D27
  1

  0
LINE
  5
4F3
330
4AE
100
AcDbEntity
  8
DET-COTAS
 62
     8
 48
0.1
370
    -2
100
AcDbLine
 10
4.648824336317384
 20
14.87254986859621
 30
0.0
 11
4.648824336317384
 21
15.23345339877183
 31
0.0
  0
LINE
  5
4F4
330
4AE
100
AcDbEntity
  8
DET-COTAS
 62
     8
 48
0.1
370
    -2
100
AcDbLine
 10
6.148824336316471
 20
14.87254986859621
 30
0.0
 11
6.148824336316471
 21
15.23345339877183
 31
0.0
  0
LINE
  5
4F5
330
4AE
100
AcDbEntity
  8
DET-COTAS
 62
     4
 48
0.1
370
    -2
100
AcDbLine
 10
4.648824336317384
 20
15.16345339877183
 30
0.0
 11
6.148824336316471
 21
15.16345339877183
 31
0.0
  0
INSERT
  5
4F6
330
4AE
100
AcDbEntity
  8
DET-COTAS
 62
     4
370
    -2
100
AcDbBlockReference
  2
_Oblique
 10
4.648824336317384
 20
15.16345339877183
 30
0.0
 41
0.14
 42
0.14
 43
0.14
 50
180.0
  0
INSERT
  5
4F7
330
4AE
100
AcDbEntity
  8
DET-COTAS
 62
     4
370
    -2
100
AcDbBlockReference
  2
_Oblique
 10
6.148824336316471
 20
15.16345339877183
 30
0.0
 41
0.14
 42
0.14
 43
0.14
  0
MTEXT
  5
4F8
330
4AE
100
AcDbEntity
  8
DET-COTAS
 62
     2
100
AcDbMText
 10
5.398824336316929
 20
15.31848399020623
 30
0.0
 40
0.2
 41
0.0
 46
0.0
 71
     5
 72
     1
  1
30
  7
Formato
 73
     1
 44
1.0
  0
POINT
  5
4F9
330
4AE
100
AcDbEntity
  8
Defpoints
 62
     0
100
AcDbPoint
 10
4.648824336317384
 20
14.80254986859621
 30
0.0
  0
POINT
  5
4FA
330
4AE
100
AcDbEntity
  8
Defpoints
 62
     0
100
AcDbPoint
 10
6.148824336316471
 20
14.80254986859621
 30
0.0
  0
POINT
  5
4FB
330
4AE
100
AcDbEntity
  8
Defpoints
 62
     0
100
AcDbPoint
 10
6.148824336316471
 20
15.16345339877183
 30
0.0
  0
ENDBLK
  5
4B0
330
4AE
100
AcDbEntity
  8
0
100
AcDbBlockEnd
  0
BLOCK
  5
506
330
505
100
AcDbEntity
  8
0
100
AcDbBlockBegin
  2
*D28
 70
     1
 10
0.0
 20
0.0
 30
0.0
  3
*D28
  1

  0
LINE
  5
631
330
505
100
AcDbEntity
  8
DET-COTAS
 62
     8
 48
0.1
370
    -2
100
AcDbLine
 10
14.89902262456301
 20
21.98402082368586
 30
0.0
 11
14.89902262456301
 21
22.34492435386148
 31
0.0
  0
LINE
  5
632
330
505
100
AcDbEntity
  8
DET-COTAS
 62
     8
 48
0.1
370
    -2
100
AcDbLine
 10
16.3990226245621
 20
21.98402082368586
 30
0.0
 11
16.3990226245621
 21
22.34492435386148
 31
0.0
  0
LINE
  5
633
330
505
100
AcDbEntity
  8
DET-COTAS
 62
     4
 48
0.1
370
    -2
100
AcDbLine
 10
14.89902262456301
 20
22.20492435386148
 30
0.0
 11
16.3990226245621
 21
22.20492435386148
 31
0.0
  0
INSERT
  5
634
330
505
100
AcDbEntity
  8
DET-COTAS
 62
     4
370
    -2
100
AcDbBlockReference
  2
_Oblique
 10
14.89902262456301
 20
22.20492435386148
 30
0.0
 41
0.28
 42
0.28
 43
0.28
 50
180.0
  0
INSERT
  5
635
330
505
100
AcDbEntity
  8
DET-COTAS
 62
     4
370
    -2
100
AcDbBlockReference
  2
_Oblique
 10
16.3990226245621
 20
22.20492435386148
 30
0.0
 41
0.28
 42
0.28
 43
0.28
  0
MTEXT
  5
636
330
505
100
AcDbEntity
  8
DET-COTAS
 62
     2
100
AcDbMText
 10
15.64902262456255
 20
22.50492435386148
 30
0.0
 40
0.4
 41
0.0
 46
0.0
 71
     5
 72
     1
  1
E
  7
Formato
 73
     1
 44
1.0
  0
POINT
  5
637
330
505
100
AcDbEntity
  8
Defpoints
 62
     0
100
AcDbPoint
 10
14.89902262456301
 20
21.84402082368586
 30
0.0
  0
POINT
  5
638
330
505
100
AcDbEntity
  8
Defpoints
 62
     0
100
AcDbPoint
 10
16.3990226245621
 20
21.84402082368586
 30
0.0
  0
POINT
  5
639
330
505
100
AcDbEntity
  8
Defpoints
 62
     0
100
AcDbPoint
 10
16.3990226245621
 20
22.20492435386148
 30
0.0
  0
ENDBLK
  5
507
330
505
100
AcDbEntity
  8
0
100
AcDbBlockEnd
  0
BLOCK
  5
513
330
512
100
AcDbEntity
  8
0
100
AcDbBlockBegin
  2
*D29
 70
     1
 10
0.0
 20
0.0
 30
0.0
  3
*D29
  1

  0
LINE
  5
53A
330
512
100
AcDbEntity
  8
DET-COTAS
 62
     8
 48
0.1
370
    -2
100
AcDbLine
 10
14.82902262456301
 20
4.326346424073233
 30
0.0
 11
14.34155961147772
 21
4.326346424073233
 31
0.0
  0
LINE
  5
53B
330
512
100
AcDbEntity
  8
DET-COTAS
 62
     8
 48
0.1
370
    -2
100
AcDbLine
 10
14.82902262456301
 20
16.82634642407323
 30
0.0
 11
14.34155961147772
 21
16.82634642407323
 31
0.0
  0
LINE
  5
53C
330
512
100
AcDbEntity
  8
DET-COTAS
 62
     4
 48
0.1
370
    -2
100
AcDbLine
 10
14.41155961147772
 20
4.326346424073233
 30
0.0
 11
14.41155961147772
 21
16.82634642407323
 31
0.0
  0
INSERT
  5
53D
330
512
100
AcDbEntity
  8
DET-COTAS
 62
     4
370
    -2
100
AcDbBlockReference
  2
_Oblique
 10
14.41155961147772
 20
4.326346424073233
 30
0.0
 41
0.14
 42
0.14
 43
0.14
 50
270.0
  0
INSERT
  5
53E
330
512
100
AcDbEntity
  8
DET-COTAS
 62
     4
370
    -2
100
AcDbBlockReference
  2
_Oblique
 10
14.41155961147772
 20
16.82634642407323
 30
0.0
 41
0.14
 42
0.14
 43
0.14
 50
90.0
  0
MTEXT
  5
53F
330
512
100
AcDbEntity
  8
DET-COTAS
 62
     2
100
AcDbMText
 10
14.25652902004332
 20
6.248672693589139
 30
0.0
 40
0.2
 41
0.0
 46
0.0
 71
     5
 72
     1
  1
120
  7
Formato
 11
0.0
 21
1.0
 31
0.0
 73
     1
 44
1.0
  0
POINT
  5
540
330
512
100
AcDbEntity
  8
Defpoints
 62
     0
100
AcDbPoint
 10
14.89902262456301
 20
4.326346424073233
 30
0.0
  0
POINT
  5
541
330
512
100
AcDbEntity
  8
Defpoints
 62
     0
100
AcDbPoint
 10
14.89902262456301
 20
16.82634642407323
 30
0.0
  0
POINT
  5
542
330
512
100
AcDbEntity
  8
Defpoints
 62
     0
100
AcDbPoint
 10
14.41155961147772
 20
16.82634642407323
 30
0.0
  0
ENDBLK
  5
514
330
512
100
AcDbEntity
  8
0
100
AcDbBlockEnd
  0
BLOCK
  5
522
330
521
100
AcDbEntity
  8
0
100
AcDbBlockBegin
  2
*D30
 70
     1
 10
0.0
 20
0.0
 30
0.0
  3
*D30
  1

  0
LINE
  5
707
330
521
100
AcDbEntity
  8
DET-COTAS
 62
     8
 48
0.1
370
    -2
100
AcDbLine
 10
14.89624790254013
 20
8.555457061499504
 30
0.0
 11
14.89624790254013
 21
8.155954913719819
 31
0.0
  0
LINE
  5
708
330
521
100
AcDbEntity
  8
DET-COTAS
 62
     8
 48
0.1
370
    -2
100
AcDbLine
 10
19.89624790253649
 20
8.555457061499504
 30
0.0
 11
19.89624790253649
 21
8.155954913719819
 31
0.0
  0
LINE
  5
709
330
521
100
AcDbEntity
  8
DET-COTAS
 62
     4
 48
0.1
370
    -2
100
AcDbLine
 10
14.89624790254013
 20
8.295954913719818
 30
0.0
 11
19.89624790253649
 21
8.295954913719818
 31
0.0
  0
INSERT
  5
70A
330
521
100
AcDbEntity
  8
DET-COTAS
 62
     4
370
    -2
100
AcDbBlockReference
  2
_Oblique
 10
14.89624790254013
 20
8.295954913719818
 30
0.0
 41
0.28
 42
0.28
 43
0.28
 50
180.0
  0
INSERT
  5
70B
330
521
100
AcDbEntity
  8
DET-COTAS
 62
     4
370
    -2
100
AcDbBlockReference
  2
_Oblique
 10
19.89624790253649
 20
8.295954913719818
 30
0.0
 41
0.28
 42
0.28
 43
0.28
  0
MTEXT
  5
70C
330
521
100
AcDbEntity
  8
DET-COTAS
 62
     2
100
AcDbMText
 10
17.39624790253831
 20
8.595954913719817
 30
0.0
 40
0.4
 41
0.0
 46
0.0
 71
     5
 72
     1
  1
B
  7
Formato
 73
     1
 44
1.0
  0
POINT
  5
70D
330
521
100
AcDbEntity
  8
Defpoints
 62
     0
100
AcDbPoint
 10
14.89624790254013
 20
8.695457061499505
 30
0.0
  0
POINT
  5
70E
330
521
100
AcDbEntity
  8
Defpoints
 62
     0
100
AcDbPoint
 10
19.89624790253649
 20
8.695457061499505
 30
0.0
  0
POINT
  5
70F
330
521
100
AcDbEntity
  8
Defpoints
 62
     0
100
AcDbPoint
 10
19.89624790253649
 20
8.295954913719818
 30
0.0
  0
ENDBLK
  5
523
330
521
100
AcDbEntity
  8
0
100
AcDbBlockEnd
  0
BLOCK
  5
52F
330
52E
100
AcDbEntity
  8
0
100
AcDbBlockBegin
  2
*D31
 70
     1
 10
0.0
 20
0.0
 30
0.0
  3
*D31
  1

  0
LINE
  5
643
330
52E
100
AcDbEntity
  8
DET-COTAS
 62
     8
 48
0.1
370
    -2
100
AcDbLine
 10
14.6644731345128
 20
11.69545706151246
 30
0.0
 11
14.27155961146908
 21
11.69545706151246
 31
0.0
  0
LINE
  5
644
330
52E
100
AcDbEntity
  8
DET-COTAS
 62
     8
 48
0.1
370
    -2
100
AcDbLine
 10
14.66447313452098
 20
9.195457061503367
 30
0.0
 11
14.27155961146908
 21
9.195457061503367
 31
0.0
  0
LINE
  5
645
330
52E
100
AcDbEntity
  8
DET-COTAS
 62
     4
 48
0.1
370
    -2
100
AcDbLine
 10
14.41155961146908
 20
11.69545706151246
 30
0.0
 11
14.41155961146908
 21
9.195457061503367
 31
0.0
  0
INSERT
  5
646
330
52E
100
AcDbEntity
  8
DET-COTAS
 62
     4
370
    -2
100
AcDbBlockReference
  2
_Oblique
 10
14.41155961146908
 20
11.69545706151246
 30
0.0
 41
0.28
 42
0.28
 43
0.28
 50
90.0
  0
INSERT
  5
647
330
52E
100
AcDbEntity
  8
DET-COTAS
 62
     4
370
    -2
100
AcDbBlockReference
  2
_Oblique
 10
14.41155961146908
 20
9.195457061503367
 30
0.0
 41
0.28
 42
0.28
 43
0.28
 50
270.0
  0
MTEXT
  5
648
330
52E
100
AcDbEntity
  8
DET-COTAS
 62
     2
100
AcDbMText
 10
14.11155961146908
 20
10.44545706150792
 30
0.0
 40
0.4
 41
0.0
 46
0.0
 71
     5
 72
     1
  1
H
  7
Formato
 11
0.0
 21
1.0
 31
0.0
 73
     1
 44
1.0
  0
POINT
  5
649
330
52E
100
AcDbEntity
  8
Defpoints
 62
     0
100
AcDbPoint
 10
14.8044731345128
 20
11.69545706151246
 30
0.0
  0
POINT
  5
64A
330
52E
100
AcDbEntity
  8
Defpoints
 62
     0
100
AcDbPoint
 10
14.80447313452098
 20
9.195457061503367
 30
0.0
  0
POINT
  5
64B
330
52E
100
AcDbEntity
  8
Defpoints
 62
     0
100
AcDbPoint
 10
14.41155961146908
 20
9.195457061503367
 30
0.0
  0
ENDBLK
  5
530
330
52E
100
AcDbEntity
  8
0
100
AcDbBlockEnd
  0
BLOCK
  5
547
330
546
100
AcDbEntity
  8
0
100
AcDbBlockBegin
  2
*D32
 70
     1
 10
0.0
 20
0.0
 30
0.0
  3
*D32
  1

  0
LINE
  5
63A
330
546
100
AcDbEntity
  8
DET-COTAS
 62
     8
 48
0.1
370
    -2
100
AcDbLine
 10
16.39902262456483
 20
11.55545706150382
 30
0.0
 11
16.39902262456483
 21
10.6559549137205
 31
0.0
  0
LINE
  5
63B
330
546
100
AcDbEntity
  8
DET-COTAS
 62
     8
 48
0.1
370
    -2
100
AcDbLine
 10
19.89624790253649
 20
11.05545706150018
 30
0.0
 11
19.89624790253649
 21
10.6559549137205
 31
0.0
  0
LINE
  5
63C
330
546
100
AcDbEntity
  8
DET-COTAS
 62
     4
 48
0.1
370
    -2
100
AcDbLine
 10
16.39902262456483
 20
10.7959549137205
 30
0.0
 11
19.89624790253649
 21
10.7959549137205
 31
0.0
  0
INSERT
  5
63D
330
546
100
AcDbEntity
  8
DET-COTAS
 62
     4
370
    -2
100
AcDbBlockReference
  2
_Oblique
 10
16.39902262456483
 20
10.7959549137205
 30
0.0
 41
0.28
 42
0.28
 43
0.28
 50
180.0
  0
INSERT
  5
63E
330
546
100
AcDbEntity
  8
DET-COTAS
 62
     4
370
    -2
100
AcDbBlockReference
  2
_Oblique
 10
19.89624790253649
 20
10.7959549137205
 30
0.0
 41
0.28
 42
0.28
 43
0.28
  0
MTEXT
  5
63F
330
546
100
AcDbEntity
  8
DET-COTAS
 62
     2
100
AcDbMText
 10
18.14763526355066
 20
11.1060160965893
 30
0.0
 40
0.4
 41
0.0
 46
0.0
 71
     5
 72
     1
  1
C
  7
Formato
 73
     1
 44
1.0
  0
POINT
  5
640
330
546
100
AcDbEntity
  8
Defpoints
 62
     0
100
AcDbPoint
 10
16.39902262456483
 20
11.69545706150382
 30
0.0
  0
POINT
  5
641
330
546
100
AcDbEntity
  8
Defpoints
 62
     0
100
AcDbPoint
 10
19.89624790253649
 20
11.19545706150018
 30
0.0
  0
POINT
  5
642
330
546
100
AcDbEntity
  8
Defpoints
 62
     0
100
AcDbPoint
 10
19.89624790253649
 20
10.7959549137205
 30
0.0
  0
ENDBLK
  5
548
330
546
100
AcDbEntity
  8
0
100
AcDbBlockEnd
  0
BLOCK
  5
58A
330
580
100
AcDbEntity
  8
0
100
AcDbBlockBegin
  2
*D33
 70
     1
 10
0.0
 20
0.0
 30
0.0
  3
*D33
  1

  0
LINE
  5
628
330
580
100
AcDbEntity
  8
DET-COTAS
 62
     8
 48
0.1
370
    -2
100
AcDbLine
 10
14.75902262456301
 20
24.19545706150383
 30
0.0
 11
14.27155961146908
 21
24.19545706150383
 31
0.0
  0
LINE
  5
629
330
580
100
AcDbEntity
  8
DET-COTAS
 62
     8
 48
0.1
370
    -2
100
AcDbLine
 10
14.75902262456301
 20
11.69650552910738
 30
0.0
 11
14.27155961146908
 21
11.69650552910738
 31
0.0
  0
LINE
  5
62A
330
580
100
AcDbEntity
  8
DET-COTAS
 62
     4
 48
0.1
370
    -2
100
AcDbLine
 10
14.41155961146908
 20
24.19545706150383
 30
0.0
 11
14.41155961146908
 21
11.69650552910738
 31
0.0
  0
INSERT
  5
62B
330
580
100
AcDbEntity
  8
DET-COTAS
 62
     4
370
    -2
100
AcDbBlockReference
  2
_Oblique
 10
14.41155961146908
 20
24.19545706150383
 30
0.0
 41
0.28
 42
0.28
 43
0.28
 50
90.0
  0
INSERT
  5
62C
330
580
100
AcDbEntity
  8
DET-COTAS
 62
     4
370
    -2
100
AcDbBlockReference
  2
_Oblique
 10
14.41155961146908
 20
11.69650552910738
 30
0.0
 41
0.28
 42
0.28
 43
0.28
 50
270.0
  0
MTEXT
  5
62D
330
580
100
AcDbEntity
  8
DET-COTAS
 62
     2
100
AcDbMText
 10
14.11155961146908
 20
17.94598129530561
 30
0.0
 40
0.4
 41
0.0
 46
0.0
 71
     5
 72
     1
  1
A
  7
Formato
 11
0.0
 21
1.0
 31
0.0
 73
     1
 44
1.0
  0
POINT
  5
62E
330
580
100
AcDbEntity
  8
Defpoints
 62
     0
100
AcDbPoint
 10
14.89902262456301
 20
24.19545706150383
 30
0.0
  0
POINT
  5
62F
330
580
100
AcDbEntity
  8
Defpoints
 62
     0
100
AcDbPoint
 10
14.89902262456301
 20
11.69650552910738
 30
0.0
  0
POINT
  5
630
330
580
100
AcDbEntity
  8
Defpoints
 62
     0
100
AcDbPoint
 10
14.41155961146908
 20
11.69650552910738
 30
0.0
  0
ENDBLK
  5
58B
330
580
100
AcDbEntity
  8
0
100
AcDbBlockEnd
  0
BLOCK
  5
7DA
330
7D9
100
AcDbEntity
  8
0
100
AcDbBlockBegin
  2
*U34
 70
     1
 10
0.0
 20
0.0
 30
0.0
  3
*U34
  1

  0
LWPOLYLINE
  5
7DB
330
7D9
100
AcDbEntity
  8
DET-ARMADURAS
 62
     6
100
AcDbPolyline
 90
        2
 70
     1
 43
0.0319696909714751
 10
-0.0159848454857183
 20
0.0
 42
-1.0
 10
0.0159848454857183
 20
0.0
 42
-1.0
  0
ENDBLK
  5
7DC
330
7D9
100
AcDbEntity
  8
0
100
AcDbBlockEnd
  0
BLOCK
  5
7E2
330
7E1
100
AcDbEntity
  8
0
100
AcDbBlockBegin
  2
*U35
 70
     1
 10
0.0
 20
0.0
 30
0.0
  3
*U35
  1

  0
INSERT
  5
7E3
330
7E1
100
AcDbEntity
  8
Z_ANOTACIONES
  6
ByBlock
347
16F
 62
     0
440
 16777216
370
    -2
380
     1
100
AcDbBlockReference
  2
*U34
 10
0.0
 20
0.0
 30
0.0
  0
INSERT
  5
7E4
330
7E1
100
AcDbEntity
  8
Z_ANOTACIONES
  6
ByBlock
347
16F
 62
     0
440
 16777216
370
    -2
380
     1
100
AcDbBlockReference
  2
*U34
 10
1.1
 20
0.0
 30
0.0
  0
INSERT
  5
7E5
330
7E1
100
AcDbEntity
  8
Z_ANOTACIONES
  6
ByBlock
347
16F
 62
     0
440
 16777216
370
    -2
380
     1
100
AcDbBlockReference
  2
*U34
 10
2.2
 20
0.0
 30
0.0
  0
INSERT
  5
7E6
330
7E1
100
AcDbEntity
  8
Z_ANOTACIONES
  6
ByBlock
347
16F
 62
     0
440
 16777216
370
    -2
380
     1
100
AcDbBlockReference
  2
*U34
 10
3.299999999999998
 20
0.0
 30
0.0
  0
INSERT
  5
7E7
330
7E1
100
AcDbEntity
  8
Z_ANOTACIONES
  6
ByBlock
347
16F
 62
     0
440
 16777216
370
    -2
380
     1
100
AcDbBlockReference
  2
*U34
 10
4.4
 20
0.0
 30
0.0
  0
INSERT
  5
8CE
330
7E1
100
AcDbEntity
  8
Z_ANOTACIONES
  6
ByBlock
347
16F
 62
     0
440
 16777216
370
    -2
380
     1
100
AcDbBlockReference
  2
*U34
 10
5.5
 20
0.0
 30
0.0
  0
ENDBLK
  5
7E8
330
7E1
100
AcDbEntity
  8
0
100
AcDbBlockEnd
  0
BLOCK
  5
7EA
330
7E9
100
AcDbEntity
  8
0
100
AcDbBlockBegin
  2
*U36
 70
     1
 10
0.0
 20
0.0
 30
0.0
  3
*U36
  1

  0
LWPOLYLINE
  5
7EB
330
7E9
100
AcDbEntity
  8
DET-ARMADURAS
 62
     6
100
AcDbPolyline
 90
        2
 70
     1
 43
0.0319696909714751
 10
-0.0159848454857183
 20
0.0
 42
-1.0
 10
0.0159848454857183
 20
0.0
 42
-1.0
  0
ENDBLK
  5
7EC
330
7E9
100
AcDbEntity
  8
0
100
AcDbBlockEnd
  0
BLOCK
  5
7EE
330
7ED
100
AcDbEntity
  8
0
100
AcDbBlockBegin
  2
*U37
 70
     1
 10
0.0
 20
0.0
 30
0.0
  3
*U37
  1

  0
INSERT
  5
7EF
330
7ED
100
AcDbEntity
  8
Z_ANOTACIONES
  6
ByBlock
347
16F
 62
     0
440
 16777216
370
    -2
380
     1
100
AcDbBlockReference
  2
*U36
 10
0.0
 20
0.0
 30
0.0
  0
INSERT
  5
7F0
330
7ED
100
AcDbEntity
  8
Z_ANOTACIONES
  6
ByBlock
347
16F
 62
     0
440
 16777216
370
    -2
380
     1
100
AcDbBlockReference
  2
*U36
 10
1.0
 20
0.0
 30
0.0
  0
INSERT
  5
7F1
330
7ED
100
AcDbEntity
  8
Z_ANOTACIONES
  6
ByBlock
347
16F
 62
     0
440
 16777216
370
    -2
380
     1
100
AcDbBlockReference
  2
*U36
 10
2.0
 20
0.0
 30
0.0
  0
INSERT
  5
7F2
330
7ED
100
AcDbEntity
  8
Z_ANOTACIONES
  6
ByBlock
347
16F
 62
     0
440
 16777216
370
    -2
380
     1
100
AcDbBlockReference
  2
*U36
 10
3.0
 20
0.0
 30
0.0
  0
INSERT
  5
7F3
330
7ED
100
AcDbEntity
  8
Z_ANOTACIONES
  6
ByBlock
347
16F
 62
     0
440
 16777216
370
    -2
380
     1
100
AcDbBlockReference
  2
*U36
 10
4.0
 20
0.0
 30
0.0
  0
INSERT
  5
7F4
330
7ED
100
AcDbEntity
  8
Z_ANOTACIONES
  6
ByBlock
347
16F
 62
     0
440
 16777216
370
    -2
380
     1
100
AcDbBlockReference
  2
*U36
 10
5.0
 20
0.0
 30
0.0
  0
INSERT
  5
7F5
330
7ED
100
AcDbEntity
  8
Z_ANOTACIONES
  6
ByBlock
347
16F
 62
     0
440
 16777216
370
    -2
380
     1
100
AcDbBlockReference
  2
*U36
 10
6.0
 20
0.0
 30
0.0
  0
INSERT
  5
7F6
330
7ED
100
AcDbEntity
  8
Z_ANOTACIONES
  6
ByBlock
347
16F
 62
     0
440
 16777216
370
    -2
380
     1
100
AcDbBlockReference
  2
*U36
 10
7.0
 20
0.0
 30
0.0
  0
INSERT
  5
7F7
330
7ED
100
AcDbEntity
  8
Z_ANOTACIONES
  6
ByBlock
347
16F
 62
     0
440
 16777216
370
    -2
380
     1
100
AcDbBlockReference
  2
*U36
 10
8.0
 20
0.0
 30
0.0
  0
INSERT
  5
7F8
330
7ED
100
AcDbEntity
  8
Z_ANOTACIONES
  6
ByBlock
347
16F
 62
     0
440
 16777216
370
    -2
380
     1
100
AcDbBlockReference
  2
*U36
 10
9.0
 20
0.0
 30
0.0
  0
INSERT
  5
7F9
330
7ED
100
AcDbEntity
  8
Z_ANOTACIONES
  6
ByBlock
347
16F
 62
     0
440
 16777216
370
    -2
380
     1
100
AcDbBlockReference
  2
*U36
 10
10.0
 20
0.0
 30
0.0
  0
INSERT
  5
7FA
330
7ED
100
AcDbEntity
  8
Z_ANOTACIONES
  6
ByBlock
347
16F
 62
     0
440
 16777216
370
    -2
380
     1
100
AcDbBlockReference
  2
*U36
 10
11.0
 20
0.0
 30
0.0
  0
ENDBLK
  5
7FB
330
7ED
100
AcDbEntity
  8
0
100
AcDbBlockEnd
  0
BLOCK
  5
7FD
330
7FC
100
AcDbEntity
  8
0
100
AcDbBlockBegin
  2
*U38
 70
     1
 10
0.0
 20
0.0
 30
0.0
  3
*U38
  1

  0
LWPOLYLINE
  5
7FE
330
7FC
100
AcDbEntity
  8
DET-ARMADURAS
 62
     6
100
AcDbPolyline
 90
        2
 70
     1
 43
0.0319696909714751
 10
-0.0159848454857183
 20
0.0
 42
-1.0
 10
0.0159848454857183
 20
0.0
 42
-1.0
  0
ENDBLK
  5
7FF
330
7FC
100
AcDbEntity
  8
0
100
AcDbBlockEnd
  0
BLOCK
  5
801
330
800
100
AcDbEntity
  8
0
100
AcDbBlockBegin
  2
*U39
 70
     1
 10
0.0
 20
0.0
 30
0.0
  3
*U39
  1

  0
INSERT
  5
802
330
800
100
AcDbEntity
  8
Z_ANOTACIONES
  6
ByBlock
347
16F
 62
     0
440
 16777216
370
    -2
380
     1
100
AcDbBlockReference
  2
*U38
 10
0.0
 20
0.0
 30
0.0
  0
INSERT
  5
803
330
800
100
AcDbEntity
  8
Z_ANOTACIONES
  6
ByBlock
347
16F
 62
     0
440
 16777216
370
    -2
380
     1
100
AcDbBlockReference
  2
*U38
 10
1.0
 20
0.0
 30
0.0
  0
INSERT
  5
804
330
800
100
AcDbEntity
  8
Z_ANOTACIONES
  6
ByBlock
347
16F
 62
     0
440
 16777216
370
    -2
380
     1
100
AcDbBlockReference
  2
*U38
 10
2.0
 20
0.0
 30
0.0
  0
INSERT
  5
805
330
800
100
AcDbEntity
  8
Z_ANOTACIONES
  6
ByBlock
347
16F
 62
     0
440
 16777216
370
    -2
380
     1
100
AcDbBlockReference
  2
*U38
 10
3.0
 20
0.0
 30
0.0
  0
INSERT
  5
806
330
800
100
AcDbEntity
  8
Z_ANOTACIONES
  6
ByBlock
347
16F
 62
     0
440
 16777216
370
    -2
380
     1
100
AcDbBlockReference
  2
*U38
 10
4.0
 20
0.0
 30
0.0
  0
INSERT
  5
807
330
800
100
AcDbEntity
  8
Z_ANOTACIONES
  6
ByBlock
347
16F
 62
     0
440
 16777216
370
    -2
380
     1
100
AcDbBlockReference
  2
*U38
 10
5.0
 20
0.0
 30
0.0
  0
INSERT
  5
808
330
800
100
AcDbEntity
  8
Z_ANOTACIONES
  6
ByBlock
347
16F
 62
     0
440
 16777216
370
    -2
380
     1
100
AcDbBlockReference
  2
*U38
 10
6.0
 20
0.0
 30
0.0
  0
INSERT
  5
809
330
800
100
AcDbEntity
  8
Z_ANOTACIONES
  6
ByBlock
347
16F
 62
     0
440
 16777216
370
    -2
380
     1
100
AcDbBlockReference
  2
*U38
 10
7.0
 20
0.0
 30
0.0
  0
INSERT
  5
80A
330
800
100
AcDbEntity
  8
Z_ANOTACIONES
  6
ByBlock
347
16F
 62
     0
440
 16777216
370
    -2
380
     1
100
AcDbBlockReference
  2
*U38
 10
8.0
 20
0.0
 30
0.0
  0
INSERT
  5
80B
330
800
100
AcDbEntity
  8
Z_ANOTACIONES
  6
ByBlock
347
16F
 62
     0
440
 16777216
370
    -2
380
     1
100
AcDbBlockReference
  2
*U38
 10
9.0
 20
0.0
 30
0.0
  0
INSERT
  5
80C
330
800
100
AcDbEntity
  8
Z_ANOTACIONES
  6
ByBlock
347
16F
 62
     0
440
 16777216
370
    -2
380
     1
100
AcDbBlockReference
  2
*U38
 10
10.0
 20
0.0
 30
0.0
  0
INSERT
  5
80D
330
800
100
AcDbEntity
  8
Z_ANOTACIONES
  6
ByBlock
347
16F
 62
     0
440
 16777216
370
    -2
380
     1
100
AcDbBlockReference
  2
*U38
 10
11.0
 20
0.0
 30
0.0
  0
ENDBLK
  5
80E
330
800
100
AcDbEntity
  8
0
100
AcDbBlockEnd
  0
BLOCK
  5
828
330
827
100
AcDbEntity
  8
0
100
AcDbBlockBegin
  2
*D40
 70
     1
 10
0.0
 20
0.0
 30
0.0
  3
*D40
  1

  0
LINE
  5
82A
330
827
100
AcDbEntity
  8
DET-COTAS
 62
     8
370
    -2
100
AcDbLine
 10
7.161069781602265
 20
9.705836508117537
 30
0.0
 11
7.161069781602265
 21
10.14129841034135
 31
0.0
  0
LINE
  5
82B
330
827
100
AcDbEntity
  8
DET-COTAS
 62
     8
370
    -2
100
AcDbLine
 10
8.15903968688238
 20
9.802208548158473
 30
0.0
 11
8.15903968688238
 21
10.14129841034135
 31
0.0
  0
LINE
  5
82C
330
827
100
AcDbEntity
  8
DET-COTAS
 62
     4
370
    -2
100
AcDbLine
 10
7.161069781602265
 20
9.941298410341355
 30
0.0
 11
8.15903968688238
 21
9.941298410341355
 31
0.0
  0
INSERT
  5
82D
330
827
100
AcDbEntity
  8
DET-COTAS
 62
     4
370
    -2
100
AcDbBlockReference
  2
_Oblique
 10
7.161069781602265
 20
9.941298410341355
 30
0.0
 41
0.14
 42
0.14
 43
0.14
 50
180.0
  0
INSERT
  5
82E
330
827
100
AcDbEntity
  8
DET-COTAS
 62
     4
370
    -2
100
AcDbBlockReference
  2
_Oblique
 10
8.15903968688238
 20
9.941298410341355
 30
0.0
 41
0.14
 42
0.14
 43
0.14
  0
MTEXT
  5
82F
330
827
100
AcDbEntity
  8
DET-COTAS
 62
     2
100
AcDbMText
 10
7.660054734242322
 20
10.09632900177575
 30
0.0
 40
0.2
 41
0.0
 46
0.0
 71
     5
 72
     1
  1
30
  7
Formato
 73
     1
 44
1.0
  0
POINT
  5
830
330
827
100
AcDbEntity
  8
Defpoints
 62
     0
100
AcDbPoint
 10
7.161069781602265
 20
9.545836508117536
 30
0.0
  0
POINT
  5
831
330
827
100
AcDbEntity
  8
Defpoints
 62
     0
100
AcDbPoint
 10
8.15903968688238
 20
9.642208548158473
 30
0.0
  0
POINT
  5
832
330
827
100
AcDbEntity
  8
Defpoints
 62
     0
100
AcDbPoint
 10
8.15903968688238
 20
9.941298410341355
 30
0.0
  0
ENDBLK
  5
829
330
827
100
AcDbEntity
  8
0
100
AcDbBlockEnd
  0
BLOCK
  5
834
330
833
100
AcDbEntity
  8
0
100
AcDbBlockBegin
  2
*D41
 70
     1
 10
0.0
 20
0.0
 30
0.0
  3
*D41
  1

  0
LINE
  5
836
330
833
100
AcDbEntity
  8
DET-COTAS
 62
     8
 48
0.1
370
    -2
100
AcDbLine
 10
3.654514131629618
 20
9.195457061503594
 30
0.0
 11
3.261600608577714
 21
9.195457061503594
 31
0.0
  0
LINE
  5
837
330
833
100
AcDbEntity
  8
DET-COTAS
 62
     8
 48
0.1
370
    -2
100
AcDbLine
 10
3.651739409602193
 20
8.695457061500869
 30
0.0
 11
3.261600608577714
 21
8.695457061500869
 31
0.0
  0
LINE
  5
838
330
833
100
AcDbEntity
  8
DET-COTAS
 62
     4
 48
0.1
370
    -2
100
AcDbLine
 10
3.331600608577716
 20
9.195457061503594
 30
0.0
 11
3.331600608577716
 21
8.695457061500869
 31
0.0
  0
INSERT
  5
839
330
833
100
AcDbEntity
  8
DET-COTAS
 62
     4
370
    -2
100
AcDbBlockReference
  2
_Oblique
 10
3.331600608577716
 20
9.195457061503594
 30
0.0
 41
0.14
 42
0.14
 43
0.14
 50
90.0
  0
INSERT
  5
83A
330
833
100
AcDbEntity
  8
DET-COTAS
 62
     4
370
    -2
100
AcDbBlockReference
  2
_Oblique
 10
3.331600608577716
 20
8.695457061500869
 30
0.0
 41
0.14
 42
0.14
 43
0.14
 50
270.0
  0
MTEXT
  5
83B
330
833
100
AcDbEntity
  8
DET-COTAS
 62
     2
100
AcDbMText
 10
3.176570017143318
 20
8.94545706150223
 30
0.0
 40
0.2
 41
0.0
 46
0.0
 71
     5
 72
     1
  1
10
  7
Formato
 11
0.0
 21
1.0
 31
0.0
 73
     1
 44
1.0
  0
POINT
  5
83C
330
833
100
AcDbEntity
  8
Defpoints
 62
     0
100
AcDbPoint
 10
3.724514131629618
 20
9.195457061503594
 30
0.0
  0
POINT
  5
83D
330
833
100
AcDbEntity
  8
Defpoints
 62
     0
100
AcDbPoint
 10
3.721739409602193
 20
8.695457061500869
 30
0.0
  0
POINT
  5
83E
330
833
100
AcDbEntity
  8
Defpoints
 62
     0
100
AcDbPoint
 10
3.331600608577716
 20
8.695457061500869
 30
0.0
  0
ENDBLK
  5
835
330
833
100
AcDbEntity
  8
0
100
AcDbBlockEnd
  0
BLOCK
  5
840
330
83F
100
AcDbEntity
  8
0
100
AcDbBlockBegin
  2
*D42
 70
     1
 10
0.0
 20
0.0
 30
0.0
  3
*D42
  1

  0
LINE
  5
842
330
83F
100
AcDbEntity
  8
DET-COTAS
 62
     8
 48
0.1
370
    -2
100
AcDbLine
 10
20.24835858070693
 20
21.98402082368586
 30
0.0
 11
20.24835858070693
 21
22.34492435386148
 31
0.0
  0
LINE
  5
843
330
83F
100
AcDbEntity
  8
DET-COTAS
 62
     8
 48
0.1
370
    -2
100
AcDbLine
 10
21.74835858070601
 20
21.98402082368586
 30
0.0
 11
21.74835858070601
 21
22.34492435386148
 31
0.0
  0
LINE
  5
844
330
83F
100
AcDbEntity
  8
DET-COTAS
 62
     4
 48
0.1
370
    -2
100
AcDbLine
 10
20.24835858070693
 20
22.20492435386148
 30
0.0
 11
21.74835858070601
 21
22.20492435386148
 31
0.0
  0
INSERT
  5
845
330
83F
100
AcDbEntity
  8
DET-COTAS
 62
     4
370
    -2
100
AcDbBlockReference
  2
_Oblique
 10
20.24835858070693
 20
22.20492435386148
 30
0.0
 41
0.28
 42
0.28
 43
0.28
 50
180.0
  0
INSERT
  5
846
330
83F
100
AcDbEntity
  8
DET-COTAS
 62
     4
370
    -2
100
AcDbBlockReference
  2
_Oblique
 10
21.74835858070601
 20
22.20492435386148
 30
0.0
 41
0.28
 42
0.28
 43
0.28
  0
MTEXT
  5
847
330
83F
100
AcDbEntity
  8
DET-COTAS
 62
     2
100
AcDbMText
 10
20.99835858070647
 20
22.50492435386148
 30
0.0
 40
0.4
 41
0.0
 46
0.0
 71
     5
 72
     1
  1
E
  7
Formato
 73
     1
 44
1.0
  0
POINT
  5
848
330
83F
100
AcDbEntity
  8
Defpoints
 62
     0
100
AcDbPoint
 10
20.24835858070693
 20
21.84402082368586
 30
0.0
  0
POINT
  5
849
330
83F
100
AcDbEntity
  8
Defpoints
 62
     0
100
AcDbPoint
 10
21.74835858070601
 20
21.84402082368586
 30
0.0
  0
POINT
  5
84A
330
83F
100
AcDbEntity
  8
Defpoints
 62
     0
100
AcDbPoint
 10
21.74835858070601
 20
22.20492435386148
 30
0.0
  0
ENDBLK
  5
841
330
83F
100
AcDbEntity
  8
0
100
AcDbBlockEnd
  0
BLOCK
  5
84C
330
84B
100
AcDbEntity
  8
0
100
AcDbBlockBegin
  2
*D43
 70
     1
 10
0.0
 20
0.0
 30
0.0
  3
*D43
  1

  0
LINE
  5
914
330
84B
100
AcDbEntity
  8
DET-COTAS
 62
     8
 48
0.1
370
    -2
100
AcDbLine
 10
18.30074340873941
 20
9.055457061502687
 30
0.0
 11
18.30074340873941
 21
8.155954913719817
 31
0.0
  0
LINE
  5
915
330
84B
100
AcDbEntity
  8
DET-COTAS
 62
     8
 48
0.1
370
    -2
100
AcDbLine
 10
25.2455838586804
 20
8.555457061499504
 30
0.0
 11
25.2455838586804
 21
8.155954913719817
 31
0.0
  0
LINE
  5
916
330
84B
100
AcDbEntity
  8
DET-COTAS
 62
     4
 48
0.1
370
    -2
100
AcDbLine
 10
18.30074340873941
 20
8.295954913719818
 30
0.0
 11
25.2455838586804
 21
8.295954913719818
 31
0.0
  0
INSERT
  5
917
330
84B
100
AcDbEntity
  8
DET-COTAS
 62
     4
370
    -2
100
AcDbBlockReference
  2
_Oblique
 10
18.30074340873941
 20
8.295954913719818
 30
0.0
 41
0.28
 42
0.28
 43
0.28
 50
180.0
  0
INSERT
  5
918
330
84B
100
AcDbEntity
  8
DET-COTAS
 62
     4
370
    -2
100
AcDbBlockReference
  2
_Oblique
 10
25.2455838586804
 20
8.295954913719818
 30
0.0
 41
0.28
 42
0.28
 43
0.28
  0
MTEXT
  5
919
330
84B
100
AcDbEntity
  8
DET-COTAS
 62
     2
100
AcDbMText
 10
21.77316363370991
 20
8.595954913719817
 30
0.0
 40
0.4
 41
0.0
 46
0.0
 71
     5
 72
     1
  1
B
  7
Formato
 73
     1
 44
1.0
  0
POINT
  5
91A
330
84B
100
AcDbEntity
  8
Defpoints
 62
     0
100
AcDbPoint
 10
18.30074340873941
 20
9.195457061502688
 30
0.0
  0
POINT
  5
91B
330
84B
100
AcDbEntity
  8
Defpoints
 62
     0
100
AcDbPoint
 10
25.2455838586804
 20
8.695457061499505
 30
0.0
  0
POINT
  5
91C
330
84B
100
AcDbEntity
  8
Defpoints
 62
     0
100
AcDbPoint
 10
25.2455838586804
 20
8.295954913719818
 30
0.0
  0
ENDBLK
  5
84D
330
84B
100
AcDbEntity
  8
0
100
AcDbBlockEnd
  0
BLOCK
  5
858
330
857
100
AcDbEntity
  8
0
100
AcDbBlockBegin
  2
*D44
 70
     1
 10
0.0
 20
0.0
 30
0.0
  3
*D44
  1

  0
LINE
  5
85A
330
857
100
AcDbEntity
  8
DET-COTAS
 62
     8
 48
0.1
370
    -2
100
AcDbLine
 10
18.0661939186892
 20
11.69545706151246
 30
0.0
 11
17.67328039564548
 21
11.69545706151246
 31
0.0
  0
LINE
  5
85B
330
857
100
AcDbEntity
  8
DET-COTAS
 62
     8
 48
0.1
370
    -2
100
AcDbLine
 10
18.06619391869739
 20
9.195457061503367
 30
0.0
 11
17.67328039564548
 21
9.195457061503367
 31
0.0
  0
LINE
  5
85C
330
857
100
AcDbEntity
  8
DET-COTAS
 62
     4
 48
0.1
370
    -2
100
AcDbLine
 10
17.81328039564548
 20
11.69545706151246
 30
0.0
 11
17.81328039564548
 21
9.195457061503367
 31
0.0
  0
INSERT
  5
85D
330
857
100
AcDbEntity
  8
DET-COTAS
 62
     4
370
    -2
100
AcDbBlockReference
  2
_Oblique
 10
17.81328039564548
 20
11.69545706151246
 30
0.0
 41
0.28
 42
0.28
 43
0.28
 50
90.0
  0
INSERT
  5
85E
330
857
100
AcDbEntity
  8
DET-COTAS
 62
     4
370
    -2
100
AcDbBlockReference
  2
_Oblique
 10
17.81328039564548
 20
9.195457061503367
 30
0.0
 41
0.28
 42
0.28
 43
0.28
 50
270.0
  0
MTEXT
  5
85F
330
857
100
AcDbEntity
  8
DET-COTAS
 62
     2
100
AcDbMText
 10
17.51328039564549
 20
10.44545706150792
 30
0.0
 40
0.4
 41
0.0
 46
0.0
 71
     5
 72
     1
  1
H
  7
Formato
 11
0.0
 21
1.0
 31
0.0
 73
     1
 44
1.0
  0
POINT
  5
860
330
857
100
AcDbEntity
  8
Defpoints
 62
     0
100
AcDbPoint
 10
18.2061939186892
 20
11.69545706151246
 30
0.0
  0
POINT
  5
861
330
857
100
AcDbEntity
  8
Defpoints
 62
     0
100
AcDbPoint
 10
18.20619391869739
 20
9.195457061503367
 30
0.0
  0
POINT
  5
862
330
857
100
AcDbEntity
  8
Defpoints
 62
     0
100
AcDbPoint
 10
17.81328039564548
 20
9.195457061503367
 30
0.0
  0
ENDBLK
  5
859
330
857
100
AcDbEntity
  8
0
100
AcDbBlockEnd
  0
BLOCK
  5
864
330
863
100
AcDbEntity
  8
0
100
AcDbBlockBegin
  2
*D45
 70
     1
 10
0.0
 20
0.0
 30
0.0
  3
*D45
  1

  0
LINE
  5
866
330
863
100
AcDbEntity
  8
DET-COTAS
 62
     8
 48
0.1
370
    -2
100
AcDbLine
 10
21.74835858070874
 20
11.55545706150382
 30
0.0
 11
21.74835858070874
 21
10.6559549137205
 31
0.0
  0
LINE
  5
867
330
863
100
AcDbEntity
  8
DET-COTAS
 62
     8
 48
0.1
370
    -2
100
AcDbLine
 10
25.2455838586804
 20
11.05545706150018
 30
0.0
 11
25.2455838586804
 21
10.6559549137205
 31
0.0
  0
LINE
  5
868
330
863
100
AcDbEntity
  8
DET-COTAS
 62
     4
 48
0.1
370
    -2
100
AcDbLine
 10
21.74835858070874
 20
10.7959549137205
 30
0.0
 11
25.2455838586804
 21
10.7959549137205
 31
0.0
  0
INSERT
  5
869
330
863
100
AcDbEntity
  8
DET-COTAS
 62
     4
370
    -2
100
AcDbBlockReference
  2
_Oblique
 10
21.74835858070874
 20
10.7959549137205
 30
0.0
 41
0.28
 42
0.28
 43
0.28
 50
180.0
  0
INSERT
  5
86A
330
863
100
AcDbEntity
  8
DET-COTAS
 62
     4
370
    -2
100
AcDbBlockReference
  2
_Oblique
 10
25.2455838586804
 20
10.7959549137205
 30
0.0
 41
0.28
 42
0.28
 43
0.28
  0
MTEXT
  5
86B
330
863
100
AcDbEntity
  8
DET-COTAS
 62
     2
100
AcDbMText
 10
23.49697121969457
 20
11.1060160965893
 30
0.0
 40
0.4
 41
0.0
 46
0.0
 71
     5
 72
     1
  1
C
  7
Formato
 73
     1
 44
1.0
  0
POINT
  5
86C
330
863
100
AcDbEntity
  8
Defpoints
 62
     0
100
AcDbPoint
 10
21.74835858070874
 20
11.69545706150382
 30
0.0
  0
POINT
  5
86D
330
863
100
AcDbEntity
  8
Defpoints
 62
     0
100
AcDbPoint
 10
25.2455838586804
 20
11.19545706150018
 30
0.0
  0
POINT
  5
86E
330
863
100
AcDbEntity
  8
Defpoints
 62
     0
100
AcDbPoint
 10
25.2455838586804
 20
10.7959549137205
 30
0.0
  0
ENDBLK
  5
865
330
863
100
AcDbEntity
  8
0
100
AcDbBlockEnd
  0
BLOCK
  5
870
330
86F
100
AcDbEntity
  8
0
100
AcDbBlockBegin
  2
*D46
 70
     1
 10
0.0
 20
0.0
 30
0.0
  3
*D46
  1

  0
LINE
  5
87D
330
86F
100
AcDbEntity
  8
DET-COTAS
 62
     8
 48
0.1
370
    -2
100
AcDbLine
 10
20.10835858070692
 20
24.19545706150383
 30
0.0
 11
19.62089556761299
 21
24.19545706150383
 31
0.0
  0
LINE
  5
87E
330
86F
100
AcDbEntity
  8
DET-COTAS
 62
     8
 48
0.1
370
    -2
100
AcDbLine
 10
20.10835858070692
 20
11.69650552910738
 30
0.0
 11
19.62089556761299
 21
11.69650552910738
 31
0.0
  0
LINE
  5
87F
330
86F
100
AcDbEntity
  8
DET-COTAS
 62
     4
 48
0.1
370
    -2
100
AcDbLine
 10
19.76089556761299
 20
24.19545706150383
 30
0.0
 11
19.76089556761299
 21
11.69650552910738
 31
0.0
  0
INSERT
  5
880
330
86F
100
AcDbEntity
  8
DET-COTAS
 62
     4
370
    -2
100
AcDbBlockReference
  2
_Oblique
 10
19.76089556761299
 20
24.19545706150383
 30
0.0
 41
0.28
 42
0.28
 43
0.28
 50
90.0
  0
INSERT
  5
881
330
86F
100
AcDbEntity
  8
DET-COTAS
 62
     4
370
    -2
100
AcDbBlockReference
  2
_Oblique
 10
19.76089556761299
 20
11.69650552910738
 30
0.0
 41
0.28
 42
0.28
 43
0.28
 50
270.0
  0
MTEXT
  5
882
330
86F
100
AcDbEntity
  8
DET-COTAS
 62
     2
100
AcDbMText
 10
19.46089556761299
 20
17.94598129530561
 30
0.0
 40
0.4
 41
0.0
 46
0.0
 71
     5
 72
     1
  1
A
  7
Formato
 11
0.0
 21
1.0
 31
0.0
 73
     1
 44
1.0
  0
POINT
  5
883
330
86F
100
AcDbEntity
  8
Defpoints
 62
     0
100
AcDbPoint
 10
20.24835858070693
 20
24.19545706150383
 30
0.0
  0
POINT
  5
884
330
86F
100
AcDbEntity
  8
Defpoints
 62
     0
100
AcDbPoint
 10
20.24835858070693
 20
11.69650552910738
 30
0.0
  0
POINT
  5
885
330
86F
100
AcDbEntity
  8
Defpoints
 62
     0
100
AcDbPoint
 10
19.76089556761299
 20
11.69650552910738
 30
0.0
  0
ENDBLK
  5
871
330
86F
100
AcDbEntity
  8
0
100
AcDbBlockEnd
  0
BLOCK
  5
888
330
887
100
AcDbEntity
  8
0
100
AcDbBlockBegin
  2
*D47
 70
     1
 10
0.0
 20
0.0
 30
0.0
  3
*D47
  1

  0
LINE
  5
91D
330
887
100
AcDbEntity
  8
DET-COTAS
 62
     8
 48
0.1
370
    -2
100
AcDbLine
 10
18.30074340873941
 20
11.55545706150382
 30
0.0
 11
18.30074340873941
 21
10.6559549137205
 31
0.0
  0
LINE
  5
91E
330
887
100
AcDbEntity
  8
DET-COTAS
 62
     8
 48
0.1
370
    -2
100
AcDbLine
 10
20.24558385868404
 20
11.55545706150382
 30
0.0
 11
20.24558385868404
 21
10.6559549137205
 31
0.0
  0
LINE
  5
91F
330
887
100
AcDbEntity
  8
DET-COTAS
 62
     4
 48
0.1
370
    -2
100
AcDbLine
 10
18.30074340873941
 20
10.7959549137205
 30
0.0
 11
20.24558385868404
 21
10.7959549137205
 31
0.0
  0
INSERT
  5
920
330
887
100
AcDbEntity
  8
DET-COTAS
 62
     4
370
    -2
100
AcDbBlockReference
  2
_Oblique
 10
18.30074340873941
 20
10.7959549137205
 30
0.0
 41
0.28
 42
0.28
 43
0.28
 50
180.0
  0
INSERT
  5
921
330
887
100
AcDbEntity
  8
DET-COTAS
 62
     4
370
    -2
100
AcDbBlockReference
  2
_Oblique
 10
20.24558385868404
 20
10.7959549137205
 30
0.0
 41
0.28
 42
0.28
 43
0.28
  0
MTEXT
  5
922
330
887
100
AcDbEntity
  8
DET-COTAS
 62
     2
100
AcDbMText
 10
19.27316363371172
 20
11.0959549137205
 30
0.0
 40
0.4
 41
0.0
 46
0.0
 71
     5
 72
     1
  1
D
  7
Formato
 73
     1
 44
1.0
  0
POINT
  5
923
330
887
100
AcDbEntity
  8
Defpoints
 62
     0
100
AcDbPoint
 10
18.30074340873941
 20
11.69545706150382
 30
0.0
  0
POINT
  5
924
330
887
100
AcDbEntity
  8
Defpoints
 62
     0
100
AcDbPoint
 10
20.24558385868404
 20
11.69545706150382
 30
0.0
  0
POINT
  5
925
330
887
100
AcDbEntity
  8
Defpoints
 62
     0
100
AcDbPoint
 10
20.24558385868404
 20
10.7959549137205
 30
0.0
  0
ENDBLK
  5
889
330
887
100
AcDbEntity
  8
0
100
AcDbBlockEnd
  0
BLOCK
  5
8D6
330
8D5
100
AcDbEntity
  8
0
100
AcDbBlockBegin
  2
*U48
 70
     1
 10
0.0
 20
0.0
 30
0.0
  3
*U48
  1

  0
LWPOLYLINE
  5
8D7
330
8D5
100
AcDbEntity
  8
DET-ARMADURAS
 62
     6
100
AcDbPolyline
 90
        2
 70
     1
 43
0.0319696909714751
 10
-0.0159848454857183
 20
0.0
 42
-1.0
 10
0.0159848454857183
 20
0.0
 42
-1.0
  0
ENDBLK
  5
8D8
330
8D5
100
AcDbEntity
  8
0
100
AcDbBlockEnd
  0
BLOCK
  5
8DE
330
8DD
100
AcDbEntity
  8
0
100
AcDbBlockBegin
  2
*U49
 70
     1
 10
0.0
 20
0.0
 30
0.0
  3
*U49
  1

  0
INSERT
  5
8DF
330
8DD
100
AcDbEntity
  8
Z_ANOTACIONES
  6
ByBlock
347
16F
 62
     0
440
 16777216
370
    -2
380
     1
100
AcDbBlockReference
  2
*U48
 10
0.0
 20
0.0
 30
0.0
  0
INSERT
  5
8E0
330
8DD
100
AcDbEntity
  8
Z_ANOTACIONES
  6
ByBlock
347
16F
 62
     0
440
 16777216
370
    -2
380
     1
100
AcDbBlockReference
  2
*U48
 10
1.1
 20
0.0
 30
0.0
  0
INSERT
  5
8E1
330
8DD
100
AcDbEntity
  8
Z_ANOTACIONES
  6
ByBlock
347
16F
 62
     0
440
 16777216
370
    -2
380
     1
100
AcDbBlockReference
  2
*U48
 10
2.2
 20
0.0
 30
0.0
  0
INSERT
  5
8E2
330
8DD
100
AcDbEntity
  8
Z_ANOTACIONES
  6
ByBlock
347
16F
 62
     0
440
 16777216
370
    -2
380
     1
100
AcDbBlockReference
  2
*U48
 10
3.299999999999998
 20
0.0
 30
0.0
  0
INSERT
  5
8E3
330
8DD
100
AcDbEntity
  8
Z_ANOTACIONES
  6
ByBlock
347
16F
 62
     0
440
 16777216
370
    -2
380
     1
100
AcDbBlockReference
  2
*U48
 10
4.4
 20
0.0
 30
0.0
  0
INSERT
  5
8E4
330
8DD
100
AcDbEntity
  8
Z_ANOTACIONES
  6
ByBlock
347
16F
 62
     0
440
 16777216
370
    -2
380
     1
100
AcDbBlockReference
  2
*U48
 10
5.5
 20
0.0
 30
0.0
  0
ENDBLK
  5
8E5
330
8DD
100
AcDbEntity
  8
0
100
AcDbBlockEnd
  0
ENDSEC
  0
SECTION
  2
ENTITIES
  0
HATCH
  5
723
330
1F
100
AcDbEntity
  8
DET-TRAMAS
100
AcDbHatch
 10
0.0
 20
0.0
 30
0.0
210
0.0
220
0.0
230
1.0
  2
AR-CONC
 70
     0
 71
     0
 91
        1
 92
        1
 93
        4
 72
     1
 10
3.8176762606452
 20
9.195457061503823
 11
3.8176762606452
 21
8.695457061498592
 72
     1
 10
3.8176762606452
 20
8.695457061498592
 11
10.76390407160218
 21
8.695601060660132
 72
     1
 10
10.76390407160218
 20
8.695601060660132
 11
10.76390407160127
 21
9.195601060665362
 72
     1
 10
10.76390407160127
 20
9.195601060665362
 11
3.8176762606452
 21
9.195457061503823
 97
        0
 75
     0
 76
     1
 52
0.0
 41
0.002
 77
     0
 78
    13
 53
50.0
 43
-143.5972667954511
 44
-616.9403503082452
 45
0.3643693379920081
 46
-0.0318781710778062
 79
     2
 49
0.0381
 49
-0.4191000000000001
 53
355.0
 43
-143.5972667954511
 44
-616.9403503082452
 45
-0.0704868428499387
 46
0.3821136904780703
 79
     2
 49
0.03048
 49
-0.3352811683400001
 53
100.4514446999999
 43
-143.566902781451
 44
-616.943006815245
 45
0.2938824941807066
 46
0.3502355038243902
 79
     2
 49
0.0323800176
 49
-0.3561804891999999
 53
46.18419999999999
 43
-143.5972667954511
 44
-616.8387503082453
 45
0.54215808178426
 46
-0.0840846558654543
 79
     2
 49
0.05715
 49
-0.6286500000000002
 53
96.6355576099999
 43
-143.5520869954516
 44
-616.8457573082451
 45
0.474808268103006
 46
0.4948522491954431
 79
     2
 49
0.04857004628
 49
-0.53427121632
 53
351.18415117
 43
-143.5972667954511
 44
-616.8387503082453
 45
0.4748082681299541
 46
0.4948522491710654
 79
     2
 49
0.04571993414
 49
-0.50291946384
 53
21.0
 43
-143.5464667954511
 44
-616.8641503082453
 45
0.3032287825382649
 46
-0.2045303963741752
 79
     2
 49
0.0381
 49
-0.4191000000000001
 53
326.0
 43
-143.5464667954511
 44
-616.8641503082453
 45
0.1236040566952941
 46
0.3683759322446385
 79
     2
 49
0.03048
 49
-0.33528
 53
71.45144499999998
 43
-143.5211977302515
 44
-616.8811945080452
 45
0.4268328385574323
 46
0.1638455377718105
 79
     2
 49
0.0323800176
 49
-0.3561798752
 53
37.5
 43
-143.5972667954511
 44
-616.9403503082452
 45
0.0061772065011836
 46
0.1691100777463062
 79
     6
 49
0.0
 49
-0.331216
 49
0.0
 49
-0.34036
 49
0.0
 49
-0.33655
 53
7.499999999999999
 43
-143.5972667954511
 44
-616.9403503082452
 45
0.1336393250206115
 46
0.200361149636239
 79
     6
 49
0.0
 49
-0.194056
 49
0.0
 49
-0.323596
 49
0.0
 49
-0.12827
 53
327.5
 43
-143.7105507954511
 44
-616.9403503082452
 45
0.2711811903337428
 46
-0.0114574879853469
 79
     6
 49
0.0
 49
-0.127
 49
0.0
 49
-0.39624
 49
0.0
 49
-0.5257800000000003
 53
317.5
 43
-143.7613507954511
 44
-616.9403503082452
 45
0.2962583627720361
 46
0.0508529820666661
 79
     6
 49
0.0
 49
-0.1651
 49
0.0
 49
-0.263144
 49
0.0
 49
-0.37338
 98
        4
 10
1.375348160203458
 20
8.855780989682111
 10
2.790191511880975
 20
7.997836182081423
 10
7.152626303226525
 20
8.031480609180684
 10
12.6470557841649
 20
9.04069160842085
1001
GradientColor1ACI
1070
     5
1001
GradientColor2ACI
1070
     2
1001
ACAD
1010
0.0
1020
0.0
1030
0.0
  0
HATCH
  5
724
330
1F
100
AcDbEntity
  8
DET-BORDE ESTRUCTURA
100
AcDbHatch
 10
0.0
 20
0.0
 30
0.0
210
0.0
220
0.0
230
1.0
  2
SOLID
 70
     1
 71
     0
 91
        1
 92
        1
 93
        4
 72
     1
 10
6.50646546601186
 20
11.77673148499105
 11
6.647423391093099
 21
11.77673148499105
 72
     1
 10
6.647423391093099
 20
11.77673148499105
 11
6.647423391093099
 21
11.6967877245437
 72
     1
 10
6.647423391093099
 20
11.6967877245437
 11
6.50646546601186
 21
11.6967877245437
 72
     1
 10
6.50646546601186
 20
11.6967877245437
 11
6.50646546601186
 21
11.77673148499105
 97
        0
 75
     1
 76
     1
 98
        1
 10
-105.9997911471418
 20
-729.8850574553703
450
        0
451
        0
460
0.0
461
0.0
452
        0
462
0.0
453
        2
463
0.0
 63
     5
421
      255
463
1.0
 63
     2
421
 16776960
470
LINEAR
1001
GradientColor1ACI
1070
     5
1001
GradientColor2ACI
1070
     2
1001
ACAD
1010
0.0
1020
0.0
1030
0.0
  0
HATCH
  5
725
330
1F
100
AcDbEntity
  8
DET-ARMADURA
 62
     6
100
AcDbHatch
 10
0.0
 20
0.0
 30
0.0
210
0.0
220
0.0
230
1.0
  2
SOLID
 70
     1
 71
     0
 91
        1
 92
        1
 93
        1
 72
     2
 10
5.966873555255032
 20
23.83381872123654
 40
0.0289700641476003
 50
89.99999999999998
 51
450.0
 73
     1
 97
        0
 75
     1
 76
     1
 98
        1
 10
90.33520663907351
 20
-88.10709307195258
450
        0
451
        0
460
0.0
461
0.0
452
        0
462
1.0
453
        2
463
0.0
 63
     5
421
      255
463
1.0
 63
     2
421
 16776960
470
LINEAR
1001
GradientColor1ACI
1070
     5
1001
GradientColor2ACI
1070
     2
1001
ACAD
1010
0.0
1020
0.0
1030
0.0
  0
HATCH
  5
726
330
1F
100
AcDbEntity
  8
DET-ARMADURA
 62
     6
100
AcDbHatch
 10
0.0
 20
0.0
 30
0.0
210
0.0
220
0.0
230
1.0
  2
SOLID
 70
     1
 71
     0
 91
        1
 92
        1
 93
        1
 72
     2
 10
7.116298235487221
 20
23.84670141750088
 40
0.0289700641476003
 50
89.99999999999998
 51
450.0
 73
     1
 97
        0
 75
     1
 76
     1
 98
        1
 10
91.4846313193057
 20
-88.09421037568823
450
        0
451
        0
460
0.0
461
0.0
452
        0
462
1.0
453
        2
463
0.0
 63
     5
421
      255
463
1.0
 63
     2
421
 16776960
470
LINEAR
1001
GradientColor1ACI
1070
     5
1001
GradientColor2ACI
1070
     2
1001
ACAD
1010
0.0
1020
0.0
1030
0.0
  0
LINE
  5
727
330
1F
100
AcDbEntity
  8
DET-ARMADURAS
 62
     6
100
AcDbLine
 10
5.926545046797372
 20
9.583736149913224
 30
0.0
 11
5.925747599819287
 21
15.54010960053609
 31
0.0
  0
LINE
  5
728
330
1F
100
AcDbEntity
  8
DET-ARMADURAS
 62
     6
100
AcDbLine
 10
7.160945257822303
 20
9.584158323954977
 30
0.0
 11
7.170769720709388
 21
14.23837199920025
 31
0.0
  0
ARC
  5
729
330
1F
100
AcDbEntity
  8
DET-ARMADURAS
 62
     6
100
AcDbCircle
 10
7.106310840251381
 20
14.38764066838883
 30
0.0
 40
0.063939381942937
100
AcDbArc
 50
326.821488340593
 51
0.0000000000130276
  0
LINE
  5
72A
330
1F
100
AcDbEntity
  8
DET-ARMADURAS
 62
     6
100
AcDbLine
 10
7.170250222194254
 20
14.38764066838883
 30
0.0
 11
7.170250222194254
 21
14.39416831837105
 31
0.0
  0
ARC
  5
72B
330
1F
100
AcDbEntity
  8
DET-ARMADURAS
 62
     6
100
AcDbCircle
 10
5.983898515585707
 20
15.72214311607366
 30
0.0
 40
0.063939381942937
100
AcDbArc
 50
179.999999999987
 51
213.178511659407
  0
ARC
  5
72C
330
1F
100
AcDbEntity
  8
DET-ARMADURAS
 62
     6
100
AcDbCircle
 10
7.138280531223272
 20
14.18330206974623
 30
0.0
 40
0.0639393819429544
100
AcDbArc
 50
146.821488340593
 51
180.0
  0
LINE
  5
72D
330
1F
100
AcDbEntity
  8
DET-ARMADURAS
 62
     6
100
AcDbLine
 10
6.015348708039736
 20
11.82333582539002
 30
0.0
 11
6.015868206556687
 21
15.51780451743469
 31
0.0
  0
ARC
  5
72E
330
1F
100
AcDbEntity
  8
DET-ARMADURAS
 62
     6
100
AcDbCircle
 10
5.951928823479676
 20
15.51779645016166
 30
0.0
 40
0.0639393819429659
100
AcDbArc
 50
0.0000000000260551
 51
33.17851165940701
  0
LINE
  5
72F
330
1F
100
AcDbEntity
  8
DET-ARMADURAS
 62
     6
100
AcDbLine
 10
7.074860647794622
 20
11.82333582539002
 30
0.0
 11
7.074341149281307
 21
14.18330206974623
 31
0.0
  0
LINE
  5
730
330
1F
100
AcDbEntity
  8
DET-ARMADURAS
 62
     6
100
AcDbLine
 10
7.170250222194254
 20
14.39416831837105
 30
0.0
 11
7.170769720709388
 21
15.51259285278355
 31
0.0
  0
LINE
  5
731
330
1F
100
AcDbEntity
  8
DET-ARMADURAS
 62
     6
100
AcDbLine
 10
7.084765211401672
 20
14.21829285578486
 30
0.0
 11
7.159826160073888
 21
14.35264988234975
 31
0.0
  0
LINE
  5
732
330
1F
100
AcDbEntity
  8
DET-ARMADURAS
 62
     6
100
AcDbLine
 10
6.005444144435415
 20
15.55279530346969
 30
0.0
 11
5.930383195761377
 21
15.68715233003502
 31
0.0
  0
LINE
  5
733
330
1F
100
AcDbEntity
  8
DET-BORDE ESTRUCTURA
100
AcDbLine
 10
7.26667879362597
 20
11.69545706150382
 30
0.0
 11
7.26667879362597
 21
17.37450612483088
 31
0.0
  0
LINE
  5
734
330
1F
100
AcDbEntity
  8
DET-BORDE ESTRUCTURA
100
AcDbLine
 10
7.26667879362597
 20
17.59443697139239
 30
0.0
 11
7.26667879362597
 21
24.19545706150383
 31
0.0
  0
LINE
  5
735
330
1F
100
AcDbEntity
  8
DET-ARMADURAS
 62
     6
100
AcDbLine
 10
5.919989959888908
 20
15.72412832945009
 30
0.0
 11
5.920004262336107
 21
17.37450612483111
 31
0.0
  0
LINE
  5
736
330
1F
100
AcDbEntity
  8
DET-ARMADURAS
 62
     6
100
AcDbLine
 10
5.920006168293213
 20
17.59443697139239
 30
0.0
 11
5.920061222059329
 21
23.9471622053626
 31
0.0
  0
LINE
  5
737
330
1F
100
AcDbEntity
  8
DET-BORDE ESTRUCTURA
100
AcDbLine
 10
5.766678793624151
 20
11.695457061502
 30
0.0
 11
5.766678793624151
 21
17.37450612483088
 31
0.0
  0
LINE
  5
738
330
1F
100
AcDbEntity
  8
DET-BORDE ESTRUCTURA
100
AcDbLine
 10
5.766678793624151
 20
17.59443697139239
 30
0.0
 11
5.766678793624151
 21
24.19545706150383
 31
0.0
  0
LWPOLYLINE
  5
739
330
1F
100
AcDbEntity
  8
DET-ARMADURAS
 62
     6
100
AcDbPolyline
 90
        2
 70
     0
 43
0.0
 10
7.170957085918445
 20
23.81167637735315
 10
7.170816721701188
 20
17.59443697139239
  0
LWPOLYLINE
  5
73A
330
1F
100
AcDbEntity
  8
DET-ARMADURAS
 62
     6
100
AcDbPolyline
 90
        2
 70
     0
 43
0.0
 10
7.17081175640763
 20
17.37450612483088
 10
7.170769720709388
 20
15.51259285278355
  0
ARC
  5
73B
330
1F
100
AcDbEntity
  8
DET-ARMADURAS
 62
     6
100
AcDbCircle
 10
7.106310840251381
 20
14.38764066838883
 30
0.0
 40
0.063939381942937
100
AcDbArc
 50
326.821488340593
 51
0.0000000000130276
  0
LINE
  5
73C
330
1F
100
AcDbEntity
  8
DET-ARMADURAS
 62
     6
100
AcDbLine
 10
7.170250222194254
 20
14.38764066838883
 30
0.0
 11
7.170250222194254
 21
14.39416831837105
 31
0.0
  0
ARC
  5
73D
330
1F
100
AcDbEntity
  8
DET-ARMADURAS
 62
     6
100
AcDbCircle
 10
7.07095708591899
 20
23.81167637735315
 30
0.0
 40
0.1
100
AcDbArc
 50
0.0
 51
90.0
  0
LINE
  5
73E
330
1F
100
AcDbEntity
  8
DET-TEXTO LÍNEA
100
AcDbLine
 10
5.924561809899413
 20
14.72343263129517
 30
0.0
 11
3.217762957350743
 21
14.7239215962303
 31
0.0
  0
MTEXT
  5
73F
102
{ACAD_XDICTIONARY
360
740
102
}
330
1F
100
AcDbEntity
  8
DET-TEXTO
100
AcDbMText
 10
5.797646152579053
 20
15.01170172745049
 30
0.0
 40
0.2
 41
2.937691514161768
 46
0.0
 71
     3
 72
     5
  1
\pxql;Esperas segun long. \Panclaje
  7
CENTURY
 73
     1
 44
1.0
101
Embedded Object
 70
     3
 10
1.0
 20
0.0
 30
0.0
 11
5.797646152579053
 21
15.01170172745049
 31
0.0
 40
2.937691514161768
 41
0.0
 42
2.609653297076818
 43
0.6051212327215048
 71
     2
 72
     1
 44
2.937691514161768
 45
0.9
 73
     0
 74
     0
 46
-0.6051212327215048
  0
LINE
  5
741
330
1F
100
AcDbEntity
  8
DET-TEXTO LÍNEA
100
AcDbLine
 10
7.170073161054487
 20
13.90838576909562
 30
0.0
 11
9.899389532312881
 21
13.90262452363743
 31
0.0
  0
INSERT
  5
742
102
{ACAD_REACTORS
330
813
102
}
330
1F
100
AcDbEntity
  8
Z_ANOTACIONES
100
AcDbBlockReference
  2
*U37
 10
5.966806914432737
 20
12.11027469243243
 30
0.0
 50
90.0
  0
INSERT
  5
743
102
{ACAD_REACTORS
330
81B
102
}
330
1F
100
AcDbEntity
  8
Z_ANOTACIONES
100
AcDbBlockReference
  2
*U39
 10
7.129322191066449
 20
12.1177529854366
 30
0.0
 50
90.0
  0
LINE
  5
744
330
1F
100
AcDbEntity
  8
DET-TEXTO LÍNEA
100
AcDbLine
 10
5.924561809899413
 20
16.56983334113841
 30
0.0
 11
3.217762957350743
 21
16.57032230607354
 31
0.0
  0
LINE
  5
745
330
1F
100
AcDbEntity
  8
DET-TEXTO LÍNEA
100
AcDbLine
 10
7.170073161054487
 20
16.51982438838639
 30
0.0
 11
9.899389532312881
 21
16.5140631429282
 31
0.0
  0
MTEXT
  5
746
102
{ACAD_XDICTIONARY
360
747
102
}
330
1F
100
AcDbEntity
  8
DET-TEXTO TÍTULO
100
AcDbMText
 10
2.832014097732126
 20
27.12890289524001
 30
0.0
 40
0.3
 41
7.395173485853206
 46
0.0
 71
     1
 72
     5
  1
\pxqc;MURO TIPO 1
  7
Formato
 73
     1
 44
1.0
101
Embedded Object
 70
     1
 10
1.0
 20
0.0
 30
0.0
 11
2.832014097732126
 21
27.12890289524001
 31
0.0
 40
7.395173485853206
 41
0.0
 42
2.500951733514616
 43
0.3150917743031951
 71
     2
 72
     1
 44
7.395173485853206
 45
0.9
 73
     0
 74
     0
 46
-0.3150917743031951
  0
LINE
  5
748
330
1F
100
AcDbEntity
  8
DET-BORDE ESTRUCTURA
100
AcDbLine
 10
5.766678793624151
 20
24.19545706150383
 30
0.0
 11
7.266678793625061
 21
24.19545706150383
 31
0.0
  0
LINE
  5
749
330
1F
100
AcDbEntity
  8
DET-ARMADURAS
 62
     6
100
AcDbLine
 10
6.020061222058783
 20
24.04716220536274
 30
0.0
 11
7.059366287869151
 21
24.04716220536274
 31
0.0
  0
ARC
  5
74A
330
1F
100
AcDbEntity
  8
DET-ARMADURAS
 62
     6
100
AcDbCircle
 10
6.020061222058783
 20
23.9471622053626
 30
0.0
 40
0.1
100
AcDbArc
 50
90.0
 51
180.0
  0
LINE
  5
74B
330
1F
100
AcDbEntity
  8
DET-ARMADURAS
 62
     6
100
AcDbLine
 10
6.031652020108622
 20
23.91167637735306
 30
0.0
 11
7.07095708591899
 21
23.91167637735306
 31
0.0
  0
LINE
  5
74C
330
1F
100
AcDbEntity
  8
DET-TEXTO LÍNEA
100
AcDbLine
 10
4.479693582769896
 20
24.87215538897989
 30
0.0
 11
6.452990347202129
 21
24.87215538897989
 31
0.0
  0
LINE
  5
74D
330
1F
100
AcDbEntity
  8
DET-TEXTO LÍNEA
100
AcDbLine
 10
6.452990347202129
 20
24.87215538897989
 30
0.0
 11
5.971340539741532
 21
23.83446188975735
 31
0.0
  0
LINE
  5
74E
330
1F
100
AcDbEntity
  8
DET-TEXTO LÍNEA
100
AcDbLine
 10
6.452990347202129
 20
24.87215538897989
 30
0.0
 11
7.129322191066449
 21
23.8325282956015
 31
0.0
  0
MTEXT
  5
74F
102
{ACAD_XDICTIONARY
360
750
102
}
330
1F
100
AcDbEntity
  8
DET-TEXTO
100
AcDbMText
 10
4.546360249436503
 20
25.16420395970489
 30
0.0
 40
0.2
 41
1.75359099600962
 46
0.0
 71
     1
 72
     5
  1
\A1;\pxql;2%%C16 coronación
  7
CENTURY
 73
     1
 44
1.0
101
Embedded Object
 70
     1
 10
1.0
 20
0.0
 30
0.0
 11
4.546360249436503
 21
25.16420395970489
 31
0.0
 40
1.75359099600962
 41
0.0
 42
1.542760027192386
 43
0.5629730342170859
 71
     2
 72
     1
 44
1.75359099600962
 45
12.5
 73
     0
 74
     0
 46
-0.5629730342170859
  0
LINE
  5
751
330
1F
100
AcDbEntity
  8
DET-ARMADURAS
 62
     6
100
AcDbLine
 10
8.159791476134186
 20
9.48394723693435
 30
0.0
 11
7.260945035032848
 21
9.48394723693435
 31
0.0
  0
ARC
  5
752
330
1F
100
AcDbEntity
  8
DET-ARMADURAS
 62
     6
100
AcDbCircle
 10
7.260945035032848
 20
9.58394723693426
 30
0.0
 40
0.1
100
AcDbArc
 50
179.8790559560307
 51
270.0
  0
LINE
  5
753
330
1F
100
AcDbEntity
  8
DET-BORDE ESTRUCTURA
100
AcDbLine
 10
10.76390407160218
 20
11.69545706150337
 30
0.0
 11
7.26667879362597
 21
11.69545706150337
 31
0.0
  0
LINE
  5
755
330
1F
100
AcDbEntity
  8
DET-BORDE ESTRUCTURA
100
AcDbLine
 10
10.76390407160127
 20
9.195457061502688
 30
0.0
 11
5.766678793624151
 21
9.195457061502688
 31
0.0
  0
LINE
  5
756
330
1F
100
AcDbEntity
  8
DET-BORDE ESTRUCTURA
100
AcDbLine
 10
3.819063621656638
 20
9.195457061502688
 30
0.0
 11
3.816288899633761
 21
8.695457061499732
 31
0.0
  0
DIMENSION
  5
757
330
1F
100
AcDbEntity
  8
DET-COTAS
100
AcDbDimension
280
     0
  2
*D40
 10
8.15903968688238
 20
9.941298410341355
 30
0.0
 11
7.660054734242322
 21
10.09632900177575
 31
0.0
 70
    32
  1
30
 71
     5
 42
99.79699052801151
 73
     0
 74
     0
 75
     0
  3
cotas formato 1.100
100
AcDbAlignedDimension
 13
7.161069781602265
 23
9.545836508117536
 33
0.0
 14
8.15903968688238
 24
9.642208548158473
 34
0.0
 50
0.0
100
AcDbRotatedDimension
  0
SOLID
  5
758
330
1F
100
AcDbEntity
  8
_FINO
100
AcDbTrace
 10
9.986364998144408
 20
9.195457061502461
 30
0.0
 11
9.870650712430716
 21
9.195457061502461
 31
0.0
 12
9.928507855286651
 22
9.325973807039083
 32
0.0
 13
9.928507855286651
 23
9.325973807039083
 33
0.0
  0
SOLID
  5
759
330
1F
100
AcDbEntity
  8
_FINO
100
AcDbTrace
 10
9.986364998144408
 20
9.195457061502461
 30
0.0
 11
9.870650712430716
 21
9.195457061502461
 31
0.0
 12
9.928507855286651
 22
9.325973807039083
 32
0.0
 13
9.928507855286651
 23
9.325973807039083
 33
0.0
  0
SOLID
  5
75A
330
1F
100
AcDbEntity
  8
_FINO
100
AcDbTrace
 10
6.85356987250546
 20
9.195457061502461
 30
0.0
 11
6.737855586791766
 21
9.195457061502461
 31
0.0
 12
6.795712729647704
 22
9.325973807039083
 32
0.0
 13
6.795712729647704
 23
9.325973807039083
 33
0.0
  0
SOLID
  5
75B
330
1F
100
AcDbEntity
  8
_FINO
100
AcDbTrace
 10
6.85356987250546
 20
9.195457061502461
 30
0.0
 11
6.737855586791766
 21
9.195457061502461
 31
0.0
 12
6.795712729647704
 22
9.325973807039083
 32
0.0
 13
6.795712729647704
 23
9.325973807039083
 33
0.0
  0
LINE
  5
75C
330
1F
100
AcDbEntity
  8
_FINO
100
AcDbLine
 10
1.96518624488729
 20
12.82175940117225
 30
0.0
 11
5.036231320292273
 21
12.82175940117225
 31
0.0
  0
MTEXT
  5
75D
102
{ACAD_XDICTIONARY
360
75E
102
}
330
1F
100
AcDbEntity
  8
DET-TEXTO
100
AcDbMText
 10
6.133394406350845
 20
13.11179234399936
 30
0.0
 40
0.2
 41
4.16820816146287
 46
0.0
 71
     3
 72
     5
  1
\pxql;Doble cordón hidrófilo \P(ver detalle)
  7
Estructura
 73
     1
 44
1.0
101
Embedded Object
 70
     3
 10
1.0
 20
0.0
 30
0.0
 11
6.133394406350845
 21
13.11179234399936
 31
0.0
 40
4.16820816146287
 41
0.0
 42
2.984772263766146
 43
0.6173578064808521
 71
     2
 72
     1
 44
4.16820816146287
 45
0.9
 73
     0
 74
     0
 46
-0.6173578064808521
  0
LINE
  5
75F
330
1F
100
AcDbEntity
  8
EST-TRAMAS
100
AcDbLine
 10
6.867384212401731
 20
11.75382044892456
 30
0.0
 11
5.036231320292273
 21
12.82175940117225
 31
0.0
  0
LINE
  5
760
330
1F
100
AcDbEntity
  8
DET-BORDE ESTRUCTURA
100
AcDbLine
 10
10.76390407160127
 20
8.695457061496549
 30
0.0
 11
3.816288899633761
 21
8.695457061499732
 31
0.0
  0
LINE
  5
761
330
1F
100
AcDbEntity
  8
DET-BORDE ESTRUCTURA
100
AcDbLine
 10
10.76390407160127
 20
8.695457061496549
 30
0.0
 11
10.76390407160127
 21
11.69545706150337
 31
0.0
  0
LINE
  5
762
330
1F
100
AcDbEntity
  8
DET-ARMADURAS
 62
     6
100
AcDbLine
 10
10.55990856618157
 20
10.8027131545331
 30
0.0
 11
10.55990856618157
 21
9.425973807038994
 31
0.0
  0
ARC
  5
763
330
1F
100
AcDbEntity
  8
DET-ARMADURAS
 62
     6
100
AcDbCircle
 10
10.45990856618212
 20
9.425973807038994
 30
0.0
 40
0.0999999999999801
100
AcDbArc
 50
270.0
 51
0.0
  0
LINE
  5
764
330
1F
100
AcDbEntity
  8
DET-ARMADURAS
 62
     6
100
AcDbLine
 10
10.45990856618212
 20
9.325973807038858
 30
0.0
 11
4.120284405052911
 21
9.325973807039014
 31
0.0
  0
INSERT
  5
766
102
{ACAD_REACTORS
330
823
102
}
330
1F
100
AcDbEntity
  8
Z_ANOTACIONES
100
AcDbBlockReference
  2
*U35
 10
4.424058066122867
 20
9.367454518616918
 30
0.0
  0
LINE
  5
767
330
1F
100
AcDbEntity
  8
DET-TEXTO LÍNEA
100
AcDbLine
 10
4.428413721041691
 20
7.709760578781365
 30
0.0
 11
7.419243616117482
 21
7.709760578781365
 31
0.0
  0
MTEXT
  5
768
330
1F
100
AcDbEntity
  8
DET-TEXTO
100
AcDbMText
 10
4.532530795001837
 20
8.003836445771407
 30
0.0
 40
0.2
 41
9.018641700436546
 46
0.0
 71
     1
 72
     5
  1
Armado long. inferior\PAs4
  7
Estructura
 73
     1
 44
1.0
101
Embedded Object
 70
     1
 10
1.0
 20
0.0
 30
0.0
 11
4.532530795001837
 21
8.003836445771407
 31
0.0
 40
9.018641700436546
 41
0.0
 42
2.838613188307273
 43
0.5510083843190574
 71
     2
 72
     1
 44
9.018641700436546
 45
12.5
 73
     0
 74
     0
 46
-0.5510083843190574
  0
LINE
  5
769
330
1F
100
AcDbEntity
  8
DET-TEXTO LÍNEA
100
AcDbLine
 10
7.419243616117482
 20
7.709760578781365
 30
0.0
 11
7.419243616117482
 21
9.325973807039083
 31
0.0
  0
LINE
  5
76A
330
1F
100
AcDbEntity
  8
DET-BORDE ESTRUCTURA
100
AcDbLine
 10
10.76390407160218
 20
11.69545706150337
 30
0.0
 11
7.26667879362597
 21
11.69545706150337
 31
0.0
  0
LINE
  5
76B
330
1F
100
AcDbEntity
  8
DET-TEXTO LÍNEA
100
AcDbLine
 10
10.84370320943984
 20
7.699761201972826
 30
0.0
 11
9.030509529861802
 21
7.699761201972826
 31
0.0
  0
MTEXT
  5
76C
102
{ACAD_XDICTIONARY
360
76D
102
}
330
1F
100
AcDbEntity
  8
DET-TEXTO
100
AcDbMText
 10
12.7649829509692
 20
7.979629956949913
 30
0.0
 40
0.2
 41
3.53972271047587
 46
0.0
 71
     3
 72
     5
  1
\A1;\pxql;Hormigón\Pde limpieza
  7
CENTURY
 73
     1
 44
1.0
101
Embedded Object
 70
     3
 10
1.0
 20
0.0
 30
0.0
 11
12.7649829509692
 21
7.979629956949913
 31
0.0
 40
3.53972271047587
 41
0.0
 42
1.520190346702923
 43
0.6135508724223885
 71
     2
 72
     1
 44
3.53972271047587
 45
12.5
 73
     0
 74
     0
 46
-0.6135508724223885
  0
LINE
  5
76E
330
1F
100
AcDbEntity
  8
DET-TEXTO LÍNEA
100
AcDbLine
 10
9.030509529861802
 20
8.922185868911023
 30
0.0
 11
9.030509529861802
 21
7.699761201972826
 31
0.0
  0
DIMENSION
  5
76F
330
1F
100
AcDbEntity
  8
DET-COTAS
 48
0.1
100
AcDbDimension
280
     0
  2
*D41
 10
3.331600608577716
 20
8.695457061500869
 30
0.0
 11
3.176570017143318
 21
8.94545706150223
 31
0.0
 70
    32
  1
10
 71
     5
 42
10.00000000005457
 73
     0
 74
     0
 75
     0
  3
cotas escala 1.20
100
AcDbAlignedDimension
 13
3.724514131629618
 23
9.195457061503594
 33
0.0
 14
3.721739409602193
 24
8.695457061500869
 34
0.0
 50
90.0
100
AcDbRotatedDimension
  0
LINE
  5
770
330
1F
100
AcDbEntity
  8
DET-TEXTO LÍNEA
100
AcDbLine
 10
4.112227435039158
 20
9.367454518616918
 30
0.0
 11
6.027981037319506
 21
9.367454518616918
 31
0.0
  0
LWPOLYLINE
  5
772
330
1F
100
AcDbEntity
  8
DET-BORDE ESTRUCTURA
100
AcDbPolyline
 90
        4
 70
     1
 43
0.0
 10
6.50646546601186
 20
11.77673148499105
 10
6.647423391093099
 20
11.77673148499105
 10
6.647423391093099
 20
11.6967877245437
 10
6.50646546601186
 20
11.6967877245437
  0
LINE
  5
773
330
1F
100
AcDbEntity
  8
DET-COTAS
100
AcDbLine
 10
5.925747599811102
 20
11.69545706151246
 30
0.0
 11
5.925747599819287
 21
11.69545706150428
 31
0.0
  0
LINE
  5
774
330
1F
100
AcDbEntity
  8
DET-COTAS
100
AcDbLine
 10
5.925747599819287
 20
11.69545706150428
 30
0.0
 11
6.009080933151409
 21
11.77879039483913
 31
0.0
  0
LINE
  5
775
330
1F
100
AcDbEntity
  8
DET-COTAS
100
AcDbLine
 10
6.009080933151409
 20
11.77879039483913
 30
0.0
 11
6.092414266486257
 21
11.69545706150428
 31
0.0
  0
LINE
  5
776
330
1F
100
AcDbEntity
  8
DET-COTAS
100
AcDbLine
 10
6.092414266486257
 20
11.69545706150428
 30
0.0
 11
6.175747599820197
 21
11.77879039483913
 31
0.0
  0
LINE
  5
777
330
1F
100
AcDbEntity
  8
DET-COTAS
100
AcDbLine
 10
6.175747599820197
 20
11.77879039483913
 30
0.0
 11
6.259080933149589
 21
11.69545706150928
 31
0.0
  0
LINE
  5
778
330
1F
100
AcDbEntity
  8
DET-COTAS
100
AcDbLine
 10
6.259080933149589
 20
11.69545706150928
 30
0.0
 11
6.34241426648353
 21
11.77879039484277
 31
0.0
  0
LINE
  5
779
330
1F
100
AcDbEntity
  8
DET-COTAS
100
AcDbLine
 10
6.34241426648353
 20
11.77879039484277
 30
0.0
 11
6.425747599818377
 21
11.69545706150928
 31
0.0
  0
LINE
  5
77A
330
1F
100
AcDbEntity
  8
DET-COTAS
100
AcDbLine
 10
6.425747599818377
 20
11.69545706150928
 30
0.0
 11
6.509080933149589
 21
11.77879039484436
 31
0.0
  0
LINE
  5
77B
330
1F
100
AcDbEntity
  8
DET-COTAS
100
AcDbLine
 10
6.509080933149589
 20
11.77879039484436
 30
0.0
 11
6.592414266486257
 21
11.69545706150928
 31
0.0
  0
LINE
  5
77C
330
1F
100
AcDbEntity
  8
DET-COTAS
100
AcDbLine
 10
6.592414266486257
 20
11.69545706150928
 30
0.0
 11
6.675747599820197
 21
11.77879039484436
 31
0.0
  0
LINE
  5
77D
330
1F
100
AcDbEntity
  8
DET-COTAS
100
AcDbLine
 10
6.675747599820197
 20
11.77879039484436
 30
0.0
 11
6.76667879362597
 21
11.69545706150428
 31
0.0
  0
LINE
  5
77E
330
1F
100
AcDbEntity
  8
DET-COTAS
100
AcDbLine
 10
6.76667879362597
 20
11.69545706150428
 30
0.0
 11
6.85001212695991
 21
11.77879039483913
 31
0.0
  0
LINE
  5
77F
330
1F
100
AcDbEntity
  8
DET-COTAS
100
AcDbLine
 10
6.85001212695991
 20
11.77879039483913
 30
0.0
 11
6.940943320765682
 21
11.69545706149928
 31
0.0
  0
LINE
  5
780
330
1F
100
AcDbEntity
  8
DET-COTAS
100
AcDbLine
 10
6.940943320765682
 20
11.69545706149928
 30
0.0
 11
7.02427665409962
 21
11.77879039483412
 31
0.0
  0
LINE
  5
781
330
1F
100
AcDbEntity
  8
DET-COTAS
100
AcDbLine
 10
7.02427665409962
 20
11.77879039483412
 30
0.0
 11
7.115207847905393
 21
11.69545706149405
 31
0.0
  0
LINE
  5
782
330
1F
100
AcDbEntity
  8
DET-COTAS
100
AcDbLine
 10
7.115207847905393
 20
11.69545706149405
 30
0.0
 11
7.198541181239335
 21
11.77879039482911
 31
0.0
  0
LINE
  5
783
330
1F
100
AcDbEntity
  8
DET-COTAS
100
AcDbLine
 10
7.198541181239335
 20
11.77879039482911
 30
0.0
 11
7.26667879362597
 21
11.69545706148882
 31
0.0
  0
LINE
  5
784
330
1F
100
AcDbEntity
  8
DET-TEXTO LÍNEA
100
AcDbLine
 10
5.408790990764856
 20
18.57608608871704
 30
0.0
 11
3.316426286899542
 21
18.57608608871704
 31
0.0
  0
MTEXT
  5
785
102
{ACAD_XDICTIONARY
360
786
102
}
330
1F
100
AcDbEntity
  8
DET-TEXTO
100
AcDbMText
 10
6.254117801061539
 20
18.86386621993723
 30
0.0
 40
0.2
 41
2.937691514161768
 46
0.0
 71
     3
 72
     5
  1
\pxql;Arm. horizontal \PAs3
  7
CENTURY
 73
     1
 44
1.0
101
Embedded Object
 70
     3
 10
1.0
 20
0.0
 30
0.0
 11
6.254117801061539
 21
18.86386621993723
 31
0.0
 40
2.937691514161768
 41
0.0
 42
1.982460910944935
 43
0.5522320416949921
 71
     2
 72
     1
 44
2.937691514161768
 45
0.9
 73
     0
 74
     0
 46
-0.5522320416949921
  0
LINE
  5
787
330
1F
100
AcDbEntity
  8
DET-TEXTO LÍNEA
100
AcDbLine
 10
5.408790990764856
 20
18.57608608871704
 30
0.0
 11
5.966806914432737
 21
19.03321011496872
 31
0.0
  0
LINE
  5
788
330
1F
100
AcDbEntity
  8
DET-TEXTO LÍNEA
100
AcDbLine
 10
5.408790990764856
 20
18.57608608871704
 30
0.0
 11
5.966806914432737
 21
18.03321011496872
 31
0.0
  0
LINE
  5
789
330
1F
100
AcDbEntity
  8
DET-TEXTO LÍNEA
100
AcDbLine
 10
7.759501552522152
 20
18.55055621160898
 30
0.0
 11
9.851866256387467
 21
18.55055621160898
 31
0.0
  0
LINE
  5
78A
330
1F
100
AcDbEntity
  8
DET-TEXTO LÍNEA
100
AcDbLine
 10
7.759501552522152
 20
18.55055621160898
 30
0.0
 11
7.129322191066449
 21
19.03321011496872
 31
0.0
  0
LINE
  5
78B
330
1F
100
AcDbEntity
  8
DET-TEXTO LÍNEA
100
AcDbLine
 10
7.759501552522152
 20
18.55055621160898
 30
0.0
 11
7.129322191066449
 21
18.03321011496872
 31
0.0
  0
CIRCLE
  5
78C
330
1F
100
AcDbEntity
  8
DET-ARMADURA
 62
     6
100
AcDbCircle
 10
5.966873555255032
 20
23.83381872123654
 30
0.0
 40
0.0289700641476003
  0
CIRCLE
  5
78D
330
1F
100
AcDbEntity
  8
DET-ARMADURA
 62
     6
100
AcDbCircle
 10
7.116298235487221
 20
23.84670141750088
 30
0.0
 40
0.0289700641476003
  0
LINE
  5
78E
330
1F
100
AcDbEntity
  8
DET-COTAS
100
AcDbLine
 10
5.759080933145042
 20
11.69545706151246
 30
0.0
 11
5.842414266476254
 21
11.77879039484754
 31
0.0
  0
LINE
  5
78F
330
1F
100
AcDbEntity
  8
DET-COTAS
100
AcDbLine
 10
5.842414266476254
 20
11.77879039484754
 30
0.0
 11
5.925747599811102
 21
11.69545706151246
 31
0.0
  0
LINE
  5
790
330
1F
100
AcDbEntity
  8
DET-TEXTO LÍNEA
  6
DASHDOT
100
AcDbLine
 10
5.230540981505356
 20
17.37450612483088
 30
0.0
 11
7.829010603483792
 21
17.37450612483088
 31
0.0
  0
LWPOLYLINE
  5
791
330
1F
100
AcDbEntity
  8
DET-TEXTO LÍNEA
  6
DASHDOT
100
AcDbPolyline
 90
        3
 70
     0
 43
0.0
 10
5.230540981505356
 20
17.59443697139239
 10
7.836488399214457
 20
17.59443697139239
 10
7.836488399214457
 20
17.59443697139239
  0
DIMENSION
  5
793
330
1F
100
AcDbEntity
  8
DET-COTAS
 48
0.1
100
AcDbDimension
280
     0
  2
*D42
 10
21.74835858070601
 20
22.20492435386148
 30
0.0
 11
20.99835858070647
 21
22.50492435386148
 31
0.0
 70
    32
  1
E
 71
     5
 42
29.99999999998181
 73
     0
 74
     0
 75
     0
  3
cotas escala 1.20
100
AcDbAlignedDimension
 13
20.24835858070693
 23
21.84402082368586
 33
0.0
 14
21.74835858070601
 24
21.84402082368586
 34
0.0
 50
0.0
100
AcDbRotatedDimension
1001
ACAD
1000
DSTYLE
1002
{
1070
   342
1005
244
1070
    40
1040
2.0
1002
}
1001
ACAD_DSTYLE_DIMINSPECT
1070
   393
1070
     0
1070
   394
1070
     0
1070
   395
1000

1070
   396
1000

  0
DIMENSION
  5
794
330
1F
100
AcDbEntity
  8
DET-COTAS
 48
0.1
100
AcDbDimension
280
     0
  2
*D43
 10
25.2455838586804
 20
8.295954913719818
 30
0.0
 11
21.77316363370991
 21
8.595954913719817
 31
0.0
 70
    32
  1
B
 71
     5
 42
138.8968089988197
 73
     0
 74
     0
 75
     0
  3
cotas escala 1.20
100
AcDbAlignedDimension
 13
18.30074340873941
 23
9.195457061502688
 33
0.0
 14
25.2455838586804
 24
8.695457061499505
 34
0.0
 50
0.0
100
AcDbRotatedDimension
1001
ACAD
1000
DSTYLE
1002
{
1070
   342
1005
244
1070
    40
1040
2.0
1002
}
1001
ACAD_DSTYLE_DIMINSPECT
1070
   393
1070
     0
1070
   394
1070
     0
1070
   395
1000

1070
   396
1000

  0
DIMENSION
  5
795
330
1F
100
AcDbEntity
  8
DET-COTAS
 48
0.1
100
AcDbDimension
280
     0
  2
*D44
 10
17.81328039564548
 20
9.195457061503367
 30
0.0
 11
17.51328039564549
 21
10.44545706150792
 31
0.0
 70
    32
  1
H
 71
     5
 42
50.00000000018189
 73
     0
 74
     0
 75
     0
  3
cotas escala 1.20
100
AcDbAlignedDimension
 13
18.2061939186892
 23
11.69545706151246
 33
0.0
 14
18.20619391869739
 24
9.195457061503367
 34
0.0
 50
90.0
100
AcDbRotatedDimension
1001
ACAD
1000
DSTYLE
1002
{
1070
   342
1005
244
1070
    40
1040
2.0
1002
}
1001
ACAD_DSTYLE_DIMINSPECT
1070
   393
1070
     0
1070
   394
1070
     0
1070
   395
1000

1070
   396
1000

  0
DIMENSION
  5
796
330
1F
100
AcDbEntity
  8
DET-COTAS
 48
0.1
100
AcDbDimension
280
     0
  2
*D45
 10
25.2455838586804
 20
10.7959549137205
 30
0.0
 11
23.49697121969457
 21
11.1060160965893
 31
0.0
 70
    32
  1
C
 71
     5
 42
69.9445055594333
 73
     0
 74
     0
 75
     0
  3
cotas escala 1.20
100
AcDbAlignedDimension
 13
21.74835858070874
 23
11.69545706150382
 33
0.0
 14
25.2455838586804
 24
11.19545706150018
 34
0.0
 50
0.0
100
AcDbRotatedDimension
1001
ACAD
1000
DSTYLE
1002
{
1070
   342
1005
244
1070
    40
1040
2.0
1002
}
1001
ACAD_DSTYLE_DIMINSPECT
1070
   393
1070
     0
1070
   394
1070
     0
1070
   395
1000

1070
   396
1000

  0
DIMENSION
  5
797
330
1F
100
AcDbEntity
  8
DET-COTAS
 48
0.1
100
AcDbDimension
280
     0
  2
*D46
 10
19.76089556761299
 20
11.69650552910738
 30
0.0
 11
19.46089556761299
 21
17.94598129530561
 31
0.0
 70
    32
  1
A
 71
     5
 42
249.9790306479289
 73
     0
 74
     0
 75
     0
  3
cotas escala 1.20
100
AcDbAlignedDimension
 13
20.24835858070693
 23
24.19545706150383
 33
0.0
 14
20.24835858070693
 24
11.69650552910738
 34
0.0
 50
90.0
100
AcDbRotatedDimension
1001
ACAD
1000
DSTYLE
1002
{
1070
    40
1040
2.0
1070
   340
1005
2E9
1070
   342
1005
244
1002
}
1001
ACAD_DSTYLE_DIMINSPECT
1070
   393
1070
     0
1070
   394
1070
     0
1070
   395
1000

1070
   396
1000

  0
LINE
  5
79A
330
1F
100
AcDbEntity
  8
DET-TEXTO
100
AcDbLine
 10
6.537641539119462
 20
4.701720201419924
 30
0.0
 11
23.19158229078427
 21
4.701720201419924
 31
0.0
  0
TEXT
  5
79B
330
1F
100
AcDbEntity
  8
DET-TEXTO
100
AcDbText
 10
7.434741682689464
 20
4.938409262701518
 30
0.0
 40
0.26
  1
MURO DE CONTENCION TIPO 1
  7
Estructura
 72
     1
 11
10.1271821993448
 21
4.938409262701518
 31
0.0
100
AcDbText
  0
LINE
  5
79C
330
1F
100
AcDbEntity
  8
DET-TEXTO
100
AcDbLine
 10
6.537641539119462
 20
1.909628378399268
 30
0.0
 11
6.537641539119462
 21
4.701720201419924
 31
0.0
  0
TEXT
  5
79D
330
1F
100
AcDbEntity
  8
DET-TEXTO
100
AcDbText
 10
6.732362350848612
 20
3.703600078692963
 30
0.0
 40
0.256
  1
(cm)
  7
Estructura
 72
     1
 11
7.146382745138211
 21
3.703600078692963
 31
0.0
100
AcDbText
  0
TEXT
  5
79E
330
1F
100
AcDbEntity
  8
DET-TEXTO
100
AcDbText
 10
6.987239230818673
 20
4.135262535739477
 30
0.0
 40
0.256
  1
H
  7
Estructura
 72
     1
 11
7.108974105053887
 21
4.135262535739477
 31
0.0
100
AcDbText
  0
LINE
  5
79F
330
1F
100
AcDbEntity
  8
DET-TEXTO
100
AcDbLine
 10
6.537641539119462
 20
1.909628378399268
 30
0.0
 11
23.19158229078427
 21
1.909628378399268
 31
0.0
  0
TEXT
  5
7A0
330
1F
100
AcDbEntity
  8
DET-TEXTO
100
AcDbText
 10
6.792611167775978
 20
2.444673568908021
 30
0.0
 40
0.256
  1
140
  7
Estructura
 72
     1
 11
7.088899407068977
 21
2.444673568908021
 31
0.0
100
AcDbText
  0
LINE
  5
7A1
330
1F
100
AcDbEntity
  8
DET-TEXTO
100
AcDbLine
 10
8.949291798771113
 20
4.701720201419924
 30
0.0
 11
8.949291798771113
 21
1.909628378399268
 31
0.0
  0
TEXT
  5
7A2
330
1F
100
AcDbEntity
  8
DET-TEXTO
100
AcDbText
 10
9.144012610500265
 20
3.703600078692963
 30
0.0
 40
0.256
  1
(cm)
  7
Estructura
 72
     1
 11
9.558033004789864
 21
3.703600078692963
 31
0.0
100
AcDbText
  0
TEXT
  5
7A3
330
1F
100
AcDbEntity
  8
DET-TEXTO
100
AcDbText
 10
9.418293977214036
 20
4.135262535739477
 30
0.0
 40
0.256
  1
B
  7
Estructura
 72
     1
 11
9.520624364705538
 21
4.135262535739477
 31
0.0
100
AcDbText
  0
TEXT
  5
7A4
330
1F
100
AcDbEntity
  8
DET-TEXTO
100
AcDbText
 10
9.204261427428086
 20
2.444673568908021
 30
0.0
 40
0.256
  1
100
  7
Estructura
 72
     1
 11
9.500549666721084
 21
2.444673568908021
 31
0.0
100
AcDbText
  0
LINE
  5
7A5
330
1F
100
AcDbEntity
  8
DET-TEXTO
100
AcDbLine
 10
10.15511692859694
 20
4.701720201419924
 30
0.0
 11
10.15511692859694
 21
1.909628378399268
 31
0.0
  0
TEXT
  5
7A6
330
1F
100
AcDbEntity
  8
DET-TEXTO
100
AcDbText
 10
10.34983774032654
 20
3.703600078692963
 30
0.0
 40
0.256
  1
(cm)
  7
Estructura
 72
     1
 11
10.76385813461614
 21
3.703600078692963
 31
0.0
100
AcDbText
  0
TEXT
  5
7A7
330
1F
100
AcDbEntity
  8
DET-TEXTO
100
AcDbText
 10
10.532230595823
 20
4.135262535739477
 30
0.0
 40
0.256
  1
C 
  7
Estructura
 72
     1
 11
10.72644949453136
 21
4.135262535739477
 31
0.0
100
AcDbText
  0
TEXT
  5
7A8
330
1F
100
AcDbEntity
  8
DET-TEXTO
100
AcDbText
 10
10.41008655725391
 20
2.444673568908021
 30
0.0
 40
0.256
  1
220
  7
Estructura
 72
     1
 11
10.70637479654691
 21
2.444673568908021
 31
0.0
100
AcDbText
  0
LINE
  5
7A9
330
1F
100
AcDbEntity
  8
DET-TEXTO
100
AcDbLine
 10
12.5667671882495
 20
4.701720201419924
 30
0.0
 11
12.5667671882495
 21
1.909628378399268
 31
0.0
  0
TEXT
  5
7AA
330
1F
100
AcDbEntity
  8
DET-TEXTO
100
AcDbText
 10
12.7614879999791
 20
3.703600078692963
 30
0.0
 40
0.256
  1
(cm)
  7
Estructura
 72
     1
 11
13.1755083942687
 21
3.703600078692963
 31
0.0
100
AcDbText
  0
TEXT
  5
7AB
330
1F
100
AcDbEntity
  8
DET-TEXTO
100
AcDbText
 10
13.00548792549686
 20
4.135262535739477
 30
0.0
 40
0.256
  1
D
  7
Estructura
 72
     1
 11
13.13809975418483
 21
4.135262535739477
 31
0.0
100
AcDbText
  0
TEXT
  5
7AC
330
1F
100
AcDbEntity
  8
DET-TEXTO
100
AcDbText
 10
12.92049956333747
 20
2.444673568908021
 30
0.0
 40
0.256
  1
35
  7
Estructura
 72
     1
 11
13.11802505619947
 21
2.444673568908021
 31
0.0
100
AcDbText
  0
LINE
  5
7AD
330
1F
100
AcDbEntity
  8
DET-TEXTO
100
AcDbLine
 10
13.77259231807623
 20
4.701720201419924
 30
0.0
 11
13.77259231807623
 21
1.909628378399268
 31
0.0
  0
TEXT
  5
7AE
330
1F
100
AcDbEntity
  8
DET-TEXTO
100
AcDbText
 10
14.18390088556836
 20
4.13450510281202
 30
0.0
 40
0.256
  1
As1
  7
Estructura
 72
     1
 11
14.48366975028624
 21
4.13450510281202
 31
0.0
100
AcDbText
  0
LINE
  5
7AF
330
1F
100
AcDbEntity
  8
DET-TEXTO
100
AcDbLine
 10
15.11816231417718
 20
4.701720201419924
 30
0.0
 11
15.11816231417718
 21
1.909628378399268
 31
0.0
  0
TEXT
  5
7B0
330
1F
100
AcDbEntity
  8
DET-TEXTO
100
AcDbText
 10
14.00384884309224
 20
2.444673568908021
 30
0.0
 40
0.256
  1
8%%C20
  7
Estructura
 72
     1
 11
14.4548508825212
 21
2.444673568908021
 31
0.0
100
AcDbText
  0
LWPOLYLINE
  5
7B1
330
1F
100
AcDbEntity
  8
DET-TEXTO
100
AcDbPolyline
 90
        4
 70
     0
 43
0.0
 10
14.59649911072807
 20
3.391419016956468
 10
14.40670234036389
 20
3.391419016956468
 10
14.4067023403639
 20
4.011882293247376
 10
14.59649911072808
 20
4.011882293247376
  0
TEXT
  5
7B2
330
1F
100
AcDbEntity
  8
DET-TEXTO
100
AcDbText
 10
15.52947088166885
 20
4.13450510281202
 30
0.0
 40
0.256
  1
As2
  7
Estructura
 72
     1
 11
15.82923974638673
 21
4.13450510281202
 31
0.0
100
AcDbText
  0
LINE
  5
7B3
330
1F
100
AcDbEntity
  8
DET-TEXTO
100
AcDbLine
 10
16.46373231027857
 20
4.701720201419924
 30
0.0
 11
16.46373231027857
 21
1.909628378399268
 31
0.0
  0
TEXT
  5
7B4
330
1F
100
AcDbEntity
  8
DET-TEXTO
100
AcDbText
 10
15.34941883919364
 20
2.444673568908021
 30
0.0
 40
0.256
  1
4%%C16
  7
Estructura
 72
     1
 11
15.8004208786226
 21
2.444673568908021
 31
0.0
100
AcDbText
  0
TEXT
  5
7B5
330
1F
100
AcDbEntity
  8
DET-TEXTO
100
AcDbText
 10
16.87504087777026
 20
4.13450510281202
 30
0.0
 40
0.256
  1
As3
  7
Estructura
 72
     1
 11
17.17480974248814
 21
4.13450510281202
 31
0.0
100
AcDbText
  0
LINE
  5
7B6
330
1F
100
AcDbEntity
  8
DET-TEXTO
100
AcDbLine
 10
17.80930230637953
 20
4.701720201419924
 30
0.0
 11
17.80930230637953
 21
1.909628378399268
 31
0.0
  0
TEXT
  5
7B7
330
1F
100
AcDbEntity
  8
DET-TEXTO
100
AcDbText
 10
16.79375158172514
 20
2.636673937155613
 30
0.0
 40
0.256
  1
%%C16
  7
Estructura
 72
     1
 11
17.1459908747231
 21
2.636673937155613
 31
0.0
100
AcDbText
  0
LWPOLYLINE
  5
7B8
330
1F
100
AcDbEntity
  8
DET-TEXTO
100
AcDbPolyline
 90
        4
 70
     0
 43
0.0
 10
19.00363481694481
 20
3.856676605220876
 10
19.00363481694481
 20
3.477083064492511
 10
17.9956403170228
 20
3.477083064492511
 10
17.9956403170228
 20
3.856676605220876
  0
TEXT
  5
7B9
330
1F
100
AcDbEntity
  8
DET-TEXTO
100
AcDbText
 10
18.17127300847351
 20
4.13450510281202
 30
0.0
 40
0.256
  1
As4 
  7
Estructura
 72
     1
 11
18.52037973858908
 21
4.13450510281202
 31
0.0
100
AcDbText
  0
LINE
  5
7BA
330
1F
100
AcDbEntity
  8
DET-TEXTO
100
AcDbLine
 10
19.15487230248094
 20
4.701720201419924
 30
0.0
 11
19.15487230248094
 21
1.909628378399268
 31
0.0
  0
TEXT
  5
7BB
330
1F
100
AcDbEntity
  8
DET-TEXTO
100
AcDbText
 10
18.13932157782654
 20
2.636673937155613
 30
0.0
 40
0.256
  1
%%C16
  7
Estructura
 72
     1
 11
18.4915608708245
 21
2.636673937155613
 31
0.0
100
AcDbText
  0
TEXT
  5
7BC
330
1F
100
AcDbEntity
  8
DET-TEXTO
100
AcDbText
 10
19.51684300457492
 20
4.13450510281202
 30
0.0
 40
0.256
  1
As5 
  7
Estructura
 72
     1
 11
19.86594973469049
 21
4.13450510281202
 31
0.0
100
AcDbText
  0
LINE
  5
7BD
330
1F
100
AcDbEntity
  8
DET-TEXTO
100
AcDbLine
 10
20.50044229858234
 20
4.701720201419924
 30
0.0
 11
20.50044229858234
 21
1.909628378399268
 31
0.0
  0
TEXT
  5
7BE
330
1F
100
AcDbEntity
  8
DET-TEXTO
100
AcDbText
 10
19.48489157392793
 20
2.636673937155613
 30
0.0
 40
0.256
  1
%%C16
  7
Estructura
 72
     1
 11
19.83713086692589
 21
2.636673937155613
 31
0.0
100
AcDbText
  0
LINE
  5
7BF
330
1F
100
AcDbEntity
  8
DET-TEXTO
100
AcDbLine
 10
7.743466668945287
 20
4.701720201419924
 30
0.0
 11
7.743466668945287
 21
1.909628378399268
 31
0.0
  0
TEXT
  5
7C0
330
1F
100
AcDbEntity
  8
DET-TEXTO
100
AcDbText
 10
7.938187480674438
 20
3.703600078692963
 30
0.0
 40
0.256
  1
(cm)
  7
Estructura
 72
     1
 11
8.352207874964037
 21
3.703600078692963
 31
0.0
100
AcDbText
  0
TEXT
  5
7C1
330
1F
100
AcDbEntity
  8
DET-TEXTO
100
AcDbText
 10
8.182970546912345
 20
4.135262535739477
 30
0.0
 40
0.256
  1
A
  7
Estructura
 72
     1
 11
8.314799234879714
 21
4.135262535739477
 31
0.0
100
AcDbText
  0
TEXT
  5
7C2
330
1F
100
AcDbEntity
  8
DET-TEXTO
100
AcDbText
 10
7.998436297602259
 20
2.444673568908021
 30
0.0
 40
0.256
  1
150
  7
Estructura
 72
     1
 11
8.294724536895257
 21
2.444673568908021
 31
0.0
100
AcDbText
  0
LINE
  5
7C3
330
1F
100
AcDbEntity
  8
DET-TEXTO
100
AcDbLine
 10
11.36094205842276
 20
4.701720201419924
 30
0.0
 11
11.36094205842276
 21
1.909628378399268
 31
0.0
  0
TEXT
  5
7C4
330
1F
100
AcDbEntity
  8
DET-TEXTO
100
AcDbText
 10
11.55566287015237
 20
3.703600078692963
 30
0.0
 40
0.256
  1
(cm)
  7
Estructura
 72
     1
 11
11.96968326444197
 21
3.703600078692963
 31
0.0
100
AcDbText
  0
TEXT
  5
7C5
330
1F
100
AcDbEntity
  8
DET-TEXTO
100
AcDbText
 10
11.8367314564442
 20
4.135262535739477
 30
0.0
 40
0.256
  1
E
  7
Estructura
 72
     1
 11
11.93227462435719
 21
4.135262535739477
 31
0.0
100
AcDbText
  0
TEXT
  5
7C6
330
1F
100
AcDbEntity
  8
DET-TEXTO
100
AcDbText
 10
11.61591168707973
 20
2.444673568908021
 30
0.0
 40
0.256
  1
270
  7
Estructura
 72
     1
 11
11.91219992637273
 21
2.444673568908021
 31
0.0
100
AcDbText
  0
LINE
  5
7C7
330
1F
100
AcDbEntity
  8
DET-TEXTO
100
AcDbLine
 10
6.537641539119462
 20
3.270828431764606
 30
0.0
 11
23.19158229078427
 21
3.270828431764606
 31
0.0
  0
TEXT
  5
7C8
330
1F
100
AcDbEntity
  8
DET-TEXTO
100
AcDbText
 10
16.7552906707802
 20
2.252673937155599
 30
0.0
 40
0.256
  1
c/15
  7
Estructura
 72
     1
 11
17.1459908747231
 21
2.252673937155599
 31
0.0
100
AcDbText
  0
TEXT
  5
7C9
330
1F
100
AcDbEntity
  8
DET-TEXTO
100
AcDbText
 10
18.1008606668816
 20
2.252673937155599
 30
0.0
 40
0.256
  1
c/15
  7
Estructura
 72
     1
 11
18.4915608708245
 21
2.252673937155599
 31
0.0
100
AcDbText
  0
TEXT
  5
7CA
330
1F
100
AcDbEntity
  8
DET-TEXTO
100
AcDbText
 10
19.44643066298299
 20
2.252673937155599
 30
0.0
 40
0.256
  1
c/15
  7
Estructura
 72
     1
 11
19.83713086692589
 21
2.252673937155599
 31
0.0
100
AcDbText
  0
MTEXT
  5
7CB
102
{ACAD_XDICTIONARY
360
7CC
102
}
330
1F
100
AcDbEntity
  8
DET-TEXTO
100
AcDbMText
 10
5.463126130814591
 20
16.85810243729373
 30
0.0
 40
0.2
 41
2.937691514161768
 46
0.0
 71
     3
 72
     5
  1
\pxql;Arm. trasdos vertical \PAs1
  7
CENTURY
 73
     1
 44
1.0
101
Embedded Object
 70
     3
 10
1.0
 20
0.0
 30
0.0
 11
5.463126130814591
 21
16.85810243729373
 31
0.0
 40
2.937691514161768
 41
0.0
 42
2.709993201903467
 43
0.545977792884659
 71
     2
 72
     1
 44
2.937691514161768
 45
0.9
 73
     0
 74
     0
 46
-0.545977792884659
  0
MTEXT
  5
7CD
102
{ACAD_XDICTIONARY
360
7CE
102
}
330
1F
100
AcDbEntity
  8
DET-TEXTO
100
AcDbMText
 10
10.89053744493258
 20
16.80551613753119
 30
0.0
 40
0.2
 41
2.937691514161768
 46
0.0
 71
     3
 72
     5
  1
\pxql;Arm. intrados vertical \PAs2
  7
CENTURY
 73
     1
 44
1.0
101
Embedded Object
 70
     3
 10
1.0
 20
0.0
 30
0.0
 11
10.89053744493258
 21
16.80551613753119
 31
0.0
 40
2.937691514161768
 41
0.0
 42
2.827464309993202
 43
0.5510083843190574
 71
     2
 72
     1
 44
2.937691514161768
 45
0.9
 73
     0
 74
     0
 46
-0.5510083843190574
  0
MTEXT
  5
7CF
102
{ACAD_XDICTIONARY
360
7D0
102
}
330
1F
100
AcDbEntity
  8
DET-TEXTO
100
AcDbMText
 10
10.85914818464622
 20
14.20091285587352
 30
0.0
 40
0.2
 41
2.937691514161768
 46
0.0
 71
     3
 72
     5
  1
\pxql;Esperas segun long. \Panclaje
  7
CENTURY
 73
     1
 44
1.0
101
Embedded Object
 70
     3
 10
1.0
 20
0.0
 30
0.0
 11
10.85914818464622
 21
14.20091285587352
 31
0.0
 40
2.937691514161768
 41
0.0
 42
2.609653297076818
 43
0.6051212327215048
 71
     2
 72
     1
 44
2.937691514161768
 45
0.9
 73
     0
 74
     0
 46
-0.6051212327215048
  0
MTEXT
  5
7D1
102
{ACAD_XDICTIONARY
360
7D2
102
}
330
1F
100
AcDbEntity
  8
DET-TEXTO
100
AcDbMText
 10
11.01853713619303
 20
18.83833634282917
 30
0.0
 40
0.2
 41
2.937691514161768
 46
0.0
 71
     3
 72
     5
  1
\pxql;Arm. horizontal \PAs3
  7
CENTURY
 73
     1
 44
1.0
101
Embedded Object
 70
     3
 10
1.0
 20
0.0
 30
0.0
 11
11.01853713619303
 21
18.83833634282917
 31
0.0
 40
2.937691514161768
 41
0.0
 42
1.982460910944935
 43
0.5522320416949921
 71
     2
 72
     1
 44
2.937691514161768
 45
0.9
 73
     0
 74
     0
 46
-0.5522320416949921
  0
CIRCLE
  5
7D3
330
1F
100
AcDbEntity
  8
DET-TEXTO
100
AcDbCircle
 10
16.82707306516465
 20
3.796770773563865
 30
0.0
 40
0.026272494959565
  0
CIRCLE
  5
7D4
330
1F
100
AcDbEntity
  8
DET-TEXTO
100
AcDbCircle
 10
16.82707306516465
 20
3.517625514618486
 30
0.0
 40
0.026272494959565
  0
CIRCLE
  5
7D5
330
1F
100
AcDbEntity
  8
DET-TEXTO
100
AcDbCircle
 10
17.45929438387164
 20
3.796770773563865
 30
0.0
 40
0.026272494959565
  0
CIRCLE
  5
7D6
330
1F
100
AcDbEntity
  8
DET-TEXTO
100
AcDbCircle
 10
17.45929438387164
 20
3.517625514618486
 30
0.0
 40
0.026272494959565
  0
LWPOLYLINE
  5
7D7
330
1F
100
AcDbEntity
  8
DET-TEXTO
100
AcDbPolyline
 90
        4
 70
     0
 43
0.0
 10
15.63982551762629
 20
3.391419016956468
 10
15.82962228799047
 20
3.391419016956468
 10
15.82962228799047
 20
4.011882293247376
 10
15.63982551762627
 20
4.011882293247376
  0
LWPOLYLINE
  5
7D8
330
1F
100
AcDbEntity
  8
DET-TEXTO
100
AcDbPolyline
 90
        4
 70
     0
 43
0.0
 10
20.34724369075529
 20
3.477083064492511
 10
20.34724369075529
 20
3.856676605220876
 10
19.33924919083328
 20
3.856676605220876
 10
19.33924919083328
 20
3.477083064492511
  0
LWPOLYLINE
  5
87C
330
1F
100
AcDbEntity
  8
DET-BORDE ESTRUCTURA
100
AcDbPolyline
 90
        9
 70
     0
 43
0.0
 10
20.24835858070693
 20
24.19545706150383
 10
21.74835858070875
 20
24.19545706150383
 10
21.74835858070875
 20
11.69545706150382
 10
25.24558385868405
 20
11.69545706150382
 10
25.24558385868405
 20
9.195457061502688
 10
18.30074340873941
 20
9.195457061502688
 10
18.30074340873941
 20
11.69545706150382
 10
20.24835858070693
 20
11.69545706150382
 10
20.24835858070693
 20
24.19545706150383
  0
DIMENSION
  5
886
330
1F
100
AcDbEntity
  8
DET-COTAS
 48
0.1
100
AcDbDimension
280
     0
  2
*D47
 10
20.24558385868404
 20
10.7959549137205
 30
0.0
 11
19.27316363371172
 21
11.0959549137205
 31
0.0
 70
    32
  1
D
 71
     5
 42
38.89680899889257
 73
     0
 74
     0
 75
     0
  3
cotas escala 1.20
100
AcDbAlignedDimension
 13
18.30074340873941
 23
11.69545706150382
 33
0.0
 14
20.24558385868404
 24
11.69545706150382
 34
0.0
 50
0.0
100
AcDbRotatedDimension
1001
ACAD
1000
DSTYLE
1002
{
1070
   340
1005
2E9
1070
   342
1005
244
1070
    40
1040
2.0
1002
}
1001
ACAD_DSTYLE_DIMINSPECT
1070
   393
1070
     0
1070
   394
1070
     0
1070
   395
1000

1070
   396
1000

  0
LWPOLYLINE
  5
8B8
330
1F
100
AcDbEntity
  8
DET-BORDE ESTRUCTURA
100
AcDbPolyline
 90
        4
 70
     0
 43
0.0
 10
5.759080933136402
 20
11.69545706150382
 10
3.819063621656638
 20
11.69545706150382
 10
3.819063621656638
 20
9.195457061502688
 10
5.766678793624151
 20
9.195457061502688
  0
LINE
  5
8B9
330
1F
100
AcDbEntity
  8
DET-ARMADURAS
 62
     6
100
AcDbLine
 10
4.927698605696028
 20
9.483736149913317
 30
0.0
 11
5.826545046797369
 21
9.483736149913317
 31
0.0
  0
ARC
  5
8BA
330
1F
100
AcDbEntity
  8
DET-ARMADURAS
 62
     6
100
AcDbCircle
 10
5.826545046797369
 20
9.583736149913224
 30
0.0
 40
0.1
100
AcDbArc
 50
270.0
 51
0.1209440439693022
  0
LINE
  5
8BB
330
1F
100
AcDbEntity
  8
DET-TEXTO LÍNEA
100
AcDbLine
 10
0.6914831848720269
 20
9.367454518616918
 30
0.0
 11
4.080365865352
 21
9.367454518616918
 31
0.0
  0
MTEXT
  5
8BC
330
1F
100
AcDbEntity
  8
DET-TEXTO
100
AcDbMText
 10
0.7237668266783432
 20
9.641852737267877
 30
0.0
 40
0.2
 41
9.018641700436546
 46
0.0
 71
     1
 72
     5
  1
Armado trans. inferior\PAs6
  7
Estructura
 73
     1
 44
1.0
101
Embedded Object
 70
     1
 10
1.0
 20
0.0
 30
0.0
 11
0.7237668266783432
 21
9.641852737267877
 31
0.0
 40
9.018641700436546
 41
0.0
 42
2.889598912304554
 43
0.5522320416949921
 71
     2
 72
     1
 44
9.018641700436546
 45
12.5
 73
     0
 74
     0
 46
-0.5522320416949921
  0
TEXT
  5
8C6
330
1F
100
AcDbEntity
  8
DET-TEXTO
100
AcDbText
 10
20.91175086607403
 20
4.13450510281202
 30
0.0
 40
0.256
  1
As6
  7
Estructura
 72
     1
 11
21.21151973079191
 21
4.13450510281202
 31
0.0
100
AcDbText
  0
LINE
  5
8C7
330
1F
100
AcDbEntity
  8
DET-TEXTO
100
AcDbLine
 10
21.84601229468331
 20
4.701720201419924
 30
0.0
 11
21.84601229468331
 21
1.909628378399268
 31
0.0
  0
TEXT
  5
8C8
330
1F
100
AcDbEntity
  8
DET-TEXTO
100
AcDbText
 10
20.83046157002891
 20
2.636673937155613
 30
0.0
 40
0.256
  1
%%C16
  7
Estructura
 72
     1
 11
21.18270086302687
 21
2.636673937155613
 31
0.0
100
AcDbText
  0
TEXT
  5
8C9
330
1F
100
AcDbEntity
  8
DET-TEXTO
100
AcDbText
 10
20.79200065908398
 20
2.252673937155599
 30
0.0
 40
0.256
  1
c/15
  7
Estructura
 72
     1
 11
21.18270086302687
 21
2.252673937155599
 31
0.0
100
AcDbText
  0
CIRCLE
  5
8CA
330
1F
100
AcDbEntity
  8
DET-TEXTO
100
AcDbCircle
 10
20.86378305346842
 20
3.517625514618486
 30
0.0
 40
0.026272494959565
  0
CIRCLE
  5
8CB
330
1F
100
AcDbEntity
  8
DET-TEXTO
100
AcDbCircle
 10
21.49600437217541
 20
3.517625514618486
 30
0.0
 40
0.026272494959565
  0
LINE
  5
8CC
330
1F
100
AcDbEntity
  8
DET-ARMADURAS
 62
     6
100
AcDbLine
 10
4.020284405053458
 20
10.8027131545331
 30
0.0
 11
4.020284405053458
 21
9.425973807038994
 31
0.0
  0
ARC
  5
8CD
330
1F
100
AcDbEntity
  8
DET-ARMADURAS
 62
     6
100
AcDbCircle
 10
4.120284405052911
 20
9.425973807038994
 30
0.0
 40
0.0999999999999801
100
AcDbArc
 50
180.0
 51
270.0
  0
LINE
  5
8CF
330
1F
100
AcDbEntity
  8
DET-ARMADURAS
 62
     6
100
AcDbLine
 10
10.67684505283797
 20
10.03147902067603
 30
0.0
 11
10.67684505283797
 21
11.32874271889192
 31
0.0
  0
ARC
  5
8D0
330
1F
100
AcDbEntity
  8
DET-ARMADURAS
 62
     6
100
AcDbCircle
 10
10.57684505283851
 20
11.32874271889192
 30
0.0
 40
0.0999999999999801
100
AcDbArc
 50
0.0
 51
90.00000000000001
  0
LINE
  5
8D1
330
1F
100
AcDbEntity
  8
DET-ARMADURAS
 62
     6
100
AcDbLine
 10
10.57684505283851
 20
11.42874271889205
 30
0.0
 11
4.027585868997745
 21
11.4287427188919
 31
0.0
  0
INSERT
  5
8D2
102
{ACAD_REACTORS
330
8EA
102
}
330
1F
100
AcDbEntity
  8
Z_ANOTACIONES
100
AcDbBlockReference
  2
*U49
 10
4.54099455277926
 20
11.38726200731399
 30
0.0
 41
-1.0
 50
180.0
  0
LINE
  5
8D3
330
1F
100
AcDbEntity
  8
DET-ARMADURAS
 62
     6
100
AcDbLine
 10
3.927585868998292
 20
10.03147902067603
 30
0.0
 11
3.927585868998292
 21
11.32874271889192
 31
0.0
  0
ARC
  5
8D4
330
1F
100
AcDbEntity
  8
DET-ARMADURAS
 62
     6
100
AcDbCircle
 10
4.027585868997745
 20
11.32874271889192
 30
0.0
 40
0.0999999999999801
100
AcDbArc
 50
90.00000000000001
 51
180.0
  0
LINE
  5
8F2
330
1F
100
AcDbEntity
  8
DET-TEXTO LÍNEA
100
AcDbLine
 10
8.011965344780506
 20
12.36520563484293
 30
0.0
 11
10.27113115413294
 21
12.36520563484293
 31
0.0
  0
MTEXT
  5
8F3
330
1F
100
AcDbEntity
  8
DET-TEXTO
100
AcDbMText
 10
8.144062555046508
 20
12.65928150183297
 30
0.0
 40
0.2
 41
9.018641700436546
 46
0.0
 71
     1
 72
     5
  1
Armado superior\PAs5
  7
Estructura
 73
     1
 44
1.0
101
Embedded Object
 70
     1
 10
1.0
 20
0.0
 30
0.0
 11
8.144062555046508
 21
12.65928150183297
 31
0.0
 40
9.018641700436546
 41
0.0
 42
2.243507817811012
 43
0.5472014502605937
 71
     2
 72
     1
 44
9.018641700436546
 45
12.5
 73
     0
 74
     0
 46
-0.5472014502605937
  0
LINE
  5
8F4
330
1F
100
AcDbEntity
  8
DET-TEXTO LÍNEA
100
AcDbLine
 10
10.27113115413294
 20
12.36520563484293
 30
0.0
 11
10.27113115413294
 21
11.42874271889205
 31
0.0
  0
LINE
  5
8F5
330
1F
100
AcDbEntity
  8
DET-TEXTO LÍNEA
100
AcDbLine
 10
0.6914831848720269
 20
11.34393466621766
 30
0.0
 11
4.080365865352
 21
11.34393466621766
 31
0.0
  0
MTEXT
  5
8F6
330
1F
100
AcDbEntity
  8
DET-TEXTO
100
AcDbMText
 10
0.7237668266783432
 20
11.61833288486862
 30
0.0
 40
0.2
 41
9.018641700436546
 46
0.0
 71
     1
 72
     5
  1
Armado trans. superior\PAs7
  7
Estructura
 73
     1
 44
1.0
101
Embedded Object
 70
     1
 10
1.0
 20
0.0
 30
0.0
 11
0.7237668266783432
 21
11.61833288486862
 31
0.0
 40
9.018641700436546
 41
0.0
 42
3.043915703602991
 43
0.5472014502605937
 71
     2
 72
     1
 44
9.018641700436546
 45
12.5
 73
     0
 74
     0
 46
-0.5472014502605937
  0
TEXT
  5
8F7
330
1F
100
AcDbEntity
  8
DET-TEXTO
100
AcDbText
 10
22.25732086217499
 20
4.13450510281202
 30
0.0
 40
0.256
  1
As7
  7
Estructura
 72
     1
 11
22.55708972689287
 21
4.13450510281202
 31
0.0
100
AcDbText
  0
LINE
  5
8F8
330
1F
100
AcDbEntity
  8
DET-TEXTO
100
AcDbLine
 10
23.19158229078427
 20
4.701720201419924
 30
0.0
 11
23.19158229078427
 21
1.909628378399268
 31
0.0
  0
TEXT
  5
8F9
330
1F
100
AcDbEntity
  8
DET-TEXTO
100
AcDbText
 10
22.17603156612987
 20
2.636673937155613
 30
0.0
 40
0.256
  1
%%C16
  7
Estructura
 72
     1
 11
22.52827085912783
 21
2.636673937155613
 31
0.0
100
AcDbText
  0
TEXT
  5
8FA
330
1F
100
AcDbEntity
  8
DET-TEXTO
100
AcDbText
 10
22.13757065518493
 20
2.252673937155599
 30
0.0
 40
0.256
  1
c/15
  7
Estructura
 72
     1
 11
22.52827085912783
 21
2.252673937155599
 31
0.0
100
AcDbText
  0
CIRCLE
  5
8FB
330
1F
100
AcDbEntity
  8
DET-TEXTO
100
AcDbCircle
 10
22.20935304956939
 20
3.831969201000696
 30
0.0
 40
0.026272494959565
  0
CIRCLE
  5
8FC
330
1F
100
AcDbEntity
  8
DET-TEXTO
100
AcDbCircle
 10
22.84157436827637
 20
3.831969201000696
 30
0.0
 40
0.026272494959565
  0
MTEXT
  5
928
102
{ACAD_XDICTIONARY
360
929
102
}
330
1F
100
AcDbEntity
  8
DET-TEXTO TÍTULO
100
AcDbMText
 10
0.2220989728253957
 20
21.58581814832453
 30
0.0
 40
0.3
 41
7.395173485853206
 46
0.0
 71
     1
 72
     5
  1
\pxqc;TRASDOS
  7
Formato
 73
     1
 44
1.0
101
Embedded Object
 70
     1
 10
1.0
 20
0.0
 30
0.0
 11
0.2220989728253957
 21
21.58581814832453
 31
0.0
 40
7.395173485853206
 41
0.0
 42
1.796532970768184
 43
0.3150917743031951
 71
     2
 72
     1
 44
7.395173485853206
 45
0.9
 73
     0
 74
     0
 46
-0.3150917743031951
  0
MTEXT
  5
92A
102
{ACAD_XDICTIONARY
360
92B
102
}
330
1F
100
AcDbEntity
  8
DET-TEXTO TÍTULO
100
AcDbMText
 10
5.566879980685314
 20
21.58581814832453
 30
0.0
 40
0.3
 41
7.395173485853206
 46
0.0
 71
     1
 72
     5
  1
\pxqc;INTRADOS
  7
Formato
 73
     1
 44
1.0
101
Embedded Object
 70
     1
 10
1.0
 20
0.0
 30
0.0
 11
5.566879980685314
 21
21.58581814832453
 31
0.0
 40
7.395173485853206
 41
0.0
 42
1.966417403127124
 43
0.3150917743031951
 71
     2
 72
     1
 44
7.395173485853206
 45
0.9
 73
     0
 74
     0
 46
-0.3150917743031951
  0
ENDSEC
  0
SECTION
  2
OBJECTS
  0
DICTIONARY
  5
C
330
0
100
AcDbDictionary
281
     1
  3
ACAD_ASSOCNETWORK
350
397
  3
ACAD_CIP_PREVIOUS_PRODUCT_INFO
350
19E
  3
ACAD_COLOR
350
6C
  3
ACAD_DATALINK
350
238
  3
ACAD_DETAILVIEWSTYLE
350
1EB
  3
ACAD_GROUP
350
D
  3
ACAD_LAYOUT
350
1A
  3
ACAD_MATERIAL
350
6B
  3
ACAD_MLEADERSTYLE
350
DE
  3
ACAD_MLINESTYLE
350
17
  3
ACAD_PLOTSETTINGS
350
19
  3
ACAD_PLOTSTYLENAME
350
E
  3
ACAD_SCALELIST
350
B7
  3
ACAD_SECTIONVIEWSTYLE
350
1E9
  3
ACAD_TABLESTYLE
350
92
  3
ACAD_VISUALSTYLE
350
17F
  3
ACDB_RECOMPOSE_DATA
350
900
  3
AcDbVariableDictionary
350
65B
  3
TCH_DBCONFIG
350
243
  0
DICTIONARY
  5
FA
330
2
100
AcDbDictionary
280
     1
281
     1
  3
ACAD_LAYERSTATES
360
FB
  0
DICTIONARY
  5
2E8
330
2E7
100
AcDbDictionary
280
     1
281
     1
  0
DICTIONARY
  5
4BA
330
1F
100
AcDbDictionary
280
     1
281
     1
  3
ACAD_ASSOCNETWORK
360
4BB
  3
ACAD_SORTENTS
360
710
  0
DICTIONARY
  5
740
330
73F
100
AcDbDictionary
280
     1
281
     1
  0
DICTIONARY
  5
747
330
746
100
AcDbDictionary
280
     1
281
     1
  0
DICTIONARY
  5
750
330
74F
100
AcDbDictionary
280
     1
281
     1
  0
DICTIONARY
  5
75E
330
75D
100
AcDbDictionary
280
     1
281
     1
  0
DICTIONARY
  5
76D
330
76C
100
AcDbDictionary
280
     1
281
     1
  0
DICTIONARY
  5
786
330
785
100
AcDbDictionary
280
     1
281
     1
  0
DICTIONARY
  5
7CC
330
7CB
100
AcDbDictionary
280
     1
281
     1
  0
DICTIONARY
  5
7CE
330
7CD
100
AcDbDictionary
280
     1
281
     1
  0
DICTIONARY
  5
7D0
330
7CF
100
AcDbDictionary
280
     1
281
     1
  0
DICTIONARY
  5
7D2
330
7D1
100
AcDbDictionary
280
     1
281
     1
  0
DICTIONARY
  5
929
330
928
100
AcDbDictionary
280
     1
281
     1
  0
DICTIONARY
  5
92B
330
92A
100
AcDbDictionary
280
     1
281
     1
  0
DICTIONARY
  5
397
102
{ACAD_REACTORS
330
C
102
}
330
C
100
AcDbDictionary
281
     1
  3
ACAD_ASSOCNETWORK
350
398
  0
XRECORD
  5
19E
102
{ACAD_REACTORS
330
C
102
}
330
C
100
AcDbXrecord
280
     1
300
ACD
300
2013
300
ACD_F_S
  0
DICTIONARY
  5
6C
102
{ACAD_REACTORS
330
C
102
}
330
C
100
AcDbDictionary
281
     1
  0
DICTIONARY
  5
238
102
{ACAD_REACTORS
330
C
102
}
330
C
100
AcDbDictionary
280
     1
281
     1
  0
DICTIONARY
  5
1EB
102
{ACAD_REACTORS
330
C
102
}
330
C
100
AcDbDictionary
281
     1
  3
Metric50
350
1EC
  0
DICTIONARY
  5
D
102
{ACAD_REACTORS
330
C
102
}
330
C
100
AcDbDictionary
281
     1
  0
DICTIONARY
  5
1A
102
{ACAD_REACTORS
330
C
102
}
330
C
100
AcDbDictionary
281
     1
  3
Model
350
22
  3
Presentación1
350
1E0
  3
Presentación2
350
1E4
  0
DICTIONARY
  5
6B
102
{ACAD_REACTORS
330
C
102
}
330
C
100
AcDbDictionary
281
     1
  3
ByBlock
350
16F
  3
ByLayer
350
167
  3
Global
350
177
  0
DICTIONARY
  5
DE
102
{ACAD_REACTORS
330
C
102
}
330
C
100
AcDbDictionary
281
     1
  3
Annotative
350
237
  3
Standard
350
E1
  0
DICTIONARY
  5
17
102
{ACAD_REACTORS
330
C
102
}
330
C
100
AcDbDictionary
281
     1
  3
Standard
350
18
  0
DICTIONARY
  5
19
102
{ACAD_REACTORS
330
C
102
}
330
C
100
AcDbDictionary
281
     1
  0
ACDBDICTIONARYWDFLT
  5
E
102
{ACAD_REACTORS
330
C
102
}
330
C
100
AcDbDictionary
281
     1
  3
Normal
350
F
100
AcDbDictionaryWithDefault
340
F
  0
DICTIONARY
  5
B7
102
{ACAD_REACTORS
330
C
102
}
330
C
100
AcDbDictionary
281
     1
  3
A0
350
B8
  3
A1
350
B9
  3
A2
350
BA
  3
A3
350
BB
  3
A4
350
BC
  3
A5
350
BD
  3
A6
350
BE
  3
A7
350
BF
  3
A8
350
C0
  3
A9
350
C1
  3
B0
350
C2
  3
B1
350
C3
  3
B2
350
C4
  3
B3
350
C5
  3
B4
350
C6
  3
B5
350
C7
  3
B6
350
C8
  3
B7
350
C9
  3
B8
350
CA
  3
B9
350
CB
  3
C0
350
CC
  3
C1
350
CD
  3
C2
350
CE
  3
C3
350
CF
  3
C4
350
D0
  3
C5
350
D1
  3
C6
350
D2
  3
C7
350
D3
  3
C8
350
D4
  3
C9
350
D5
  3
D0
350
D6
  3
D1
350
D7
  3
D2
350
D8
  0
DICTIONARY
  5
1E9
102
{ACAD_REACTORS
330
C
102
}
330
C
100
AcDbDictionary
281
     1
  3
Metric50
350
1EA
  0
DICTIONARY
  5
92
102
{ACAD_REACTORS
330
C
102
}
330
C
100
AcDbDictionary
281
     1
  3
Standard
350
93
  0
DICTIONARY
  5
17F
102
{ACAD_REACTORS
330
C
102
}
330
C
100
AcDbDictionary
281
     1
  3
2dWireframe
350
185
  3
Basic
350
184
  3
Brighten
350
18B
  3
ColorChange
350
18F
  3
Conceptual
350
188
  3
Dim
350
18A
  3
EdgeColorOff
350
197
  3
Facepattern
350
18E
  3
Flat
350
180
  3
FlatWithEdges
350
181
  3
Gouraud
350
182
  3
GouraudWithEdges
350
183
  3
Hidden
350
187
  3
JitterOff
350
195
  3
Linepattern
350
18D
  3
OverhangOff
350
196
  3
Realistic
350
189
  3
Shaded
350
194
  3
Shaded with edges
350
193
  3
Shades of Gray
350
190
  3
Sketchy
350
191
  3
Thicken
350
18C
  3
Wireframe
350
186
  3
X-Ray
350
192
  0
XRECORD
  5
900
102
{ACAD_REACTORS
330
C
102
}
330
C
100
AcDbXrecord
280
     1
 90
        1
330
93
  0
DICTIONARY
  5
65B
102
{ACAD_REACTORS
330
C
102
}
330
C
100
AcDbDictionary
281
     2
  3
#REVCLOUDAPPROXARCLEN
350
65C
  3
ANNOALLVISIBLE
350
65D
  3
CANNOSCALE
350
65E
  3
CENTEREXE
350
65F
  3
CENTERLTYPEFILE
350
660
  3
CETRANSPARENCY
350
661
  3
CMLEADERSTYLE
350
662
  3
CTABLESTYLE
350
663
  3
CVIEWSECTIONSTYLE
350
664
  3
DGNFRAME
350
665
  3
DIMADEC
350
666
  3
DIMASSOC
350
667
  3
DIMLAYER
350
668
  3
DWFFRAME
350
669
  3
EXPORTPAPERSPACE
350
66A
  3
HIDETEXT
350
66B
  3
HPCOLOR
350
66C
  3
HPINHERIT
350
66D
  3
HPORIGIN
350
66E
  3
HPTRANSPARENCY
350
66F
  3
INDEXCTL
350
670
  3
LAYEREVAL
350
671
  3
LAYERNOTIFY
350
672
  3
LIGHTINGUNITS
350
673
  3
MLEADERSCALE
350
674
  3
MSLTSCALE
350
675
  3
OLEFRAME
350
676
  3
PDFFRAME
350
677
  3
SKTOLERANCE
350
678
  3
SOLIDHIST
350
679
  3
SORTENTS
350
67A
  0
TCH_DBCONFIG
  5
243
102
{ACAD_REACTORS
330
C
102
}
330
C
100
TDbConfig
  0
DICTIONARY
  5
FB
102
{ACAD_REACTORS
330
FA
102
}
330
FA
100
AcDbDictionary
281
     1
  0
DICTIONARY
  5
4BB
102
{ACAD_REACTORS
330
4BA
102
}
330
4BA
100
AcDbDictionary
281
     1
  3
ACAD_ASSOCNETWORK
350
4BC
  0
SORTENTSTABLE
  5
710
102
{ACAD_REACTORS
330
4BA
102
}
330
4BA
100
AcDbSortentsTable
330
1F
  0
ACDBASSOCNETWORK
  5
398
102
{ACAD_REACTORS
330
397
102
}
330
397
100
AcDbAssocAction
 90
        2
 90
        0
330
0
360
0
 90
        0
 90
        0
 90
        0
 90
        0
 90
        0
 90
        0
 90
        0
100
AcDbAssocNetwork
 90
        0
 90
        4
 90
        1
330
4BC
 90
        0
  0
ACDBDETAILVIEWSTYLE
  5
1EC
102
{ACAD_REACTORS
330
1EB
102
}
330
1EB
100
AcDbModelDocViewStyle
 70
     0
  3
Metric50
290
     1
300
Metric50
 90
        0
100
AcDbDetailViewStyle
 70
     0
 71
     0
 90
        3
 71
     1
340
11
 62
   256
 40
5.0
340
0
 62
   256
 40
5.0
300

 40
0.0
280
     1
 71
     2
340
16
 90
       25
 62
   256
 71
     3
340
11
 62
   256
 40
5.0
 90
        0
 40
15.0
 90
        1
300
%<\AcVar ViewDetailId>% (%<\AcVar ViewScale \f "%sn">%)
 71
     4
340
16
 90
       25
 62
   256
340
16
 90
       25
 62
   256
280
     0
  0
LAYOUT
  5
22
102
{ACAD_REACTORS
330
1A
102
}
330
1A
100
AcDbPlotSettings
  1

  2
none_device
  4
none_user_media
  6

 40
6.349999904632567
 41
6.349999904632567
 42
6.350006103515625
 43
6.350006103515625
 44
215.8999938964844
 45
279.3999938964844
 46
0.0
 47
103.0606281331548
 48
0.0
 49
0.0
140
0.0
141
0.0
142
1.0
143
6.378855360305043
 70
 11445
 72
     1
 73
     0
 74
     0
  7

 75
     0
 76
     0
 77
     2
 78
   300
147
0.1567679377436423
148
69.14997379066472
149
-33.54320555294811
100
AcDbLayout
  1
Model
 70
     1
 71
     0
 10
0.0
 20
0.0
 11
420.0
 21
297.0
 12
0.0
 22
0.0
 32
0.0
 14
1.000000000000000E+20
 24
1.000000000000000E+20
 34
1.000000000000000E+20
 15
-1.000000000000000E+20
 25
-1.000000000000000E+20
 35
-1.000000000000000E+20
146
0.0
 13
0.0
 23
0.0
 33
0.0
 16
1.0
 26
0.0
 36
0.0
 17
0.0
 27
1.0
 37
0.0
 76
     0
330
1F
331
1CC
1001
ACAD_PSEXT
1000
Ninguno
1000
Ninguno
1000
No aplicable
1000
Seleccione un nuevo nombre de configuración de trazado para trazar la presentación actual.
1070
     0
  0
LAYOUT
  5
1E0
102
{ACAD_REACTORS
330
1A
102
}
330
1A
100
AcDbPlotSettings
  1

  2
None
  4
ISO_A4_(210.00_x_297.00_MM)
  6

 40
0.0
 41
0.0
 42
0.0
 43
0.0
 44
0.0
 45
0.0
 46
0.0
 47
0.0
 48
0.0
 49
0.0
140
0.0
141
0.0
142
1.0
143
1.0
 70
   688
 72
     1
 73
     1
 74
     5
  7

 75
    16
 76
     0
 77
     2
 78
   300
147
1.0
148
0.0
149
0.0
100
AcDbLayout
  1
Presentación1
 70
     1
 71
     1
 10
-20.0
 20
-7.5
 11
277.0
 21
202.5
 12
0.0
 22
0.0
 32
0.0
 14
25.69999999999999
 24
19.5
 34
0.0
 15
231.3
 25
175.5
 35
0.0
146
0.0
 13
0.0
 23
0.0
 33
0.0
 16
1.0
 26
0.0
 36
0.0
 17
0.0
 27
1.0
 37
0.0
 76
     0
330
1DF
  0
LAYOUT
  5
1E4
102
{ACAD_REACTORS
330
1A
102
}
330
1A
100
AcDbPlotSettings
  1

  2
None
  4
ISO_A4_(210.00_x_297.00_MM)
  6

 40
0.0
 41
0.0
 42
0.0
 43
0.0
 44
0.0
 45
0.0
 46
0.0
 47
0.0
 48
0.0
 49
0.0
140
0.0
141
0.0
142
1.0
143
1.0
 70
   688
 72
     1
 73
     1
 74
     5
  7

 75
    16
 76
     0
 77
     2
 78
   300
147
1.0
148
0.0
149
0.0
100
AcDbLayout
  1
Presentación2
 70
     1
 71
     2
 10
-20.0
 20
-7.5
 11
277.0
 21
202.5
 12
0.0
 22
0.0
 32
0.0
 14
25.69999999999999
 24
19.5
 34
0.0
 15
231.3
 25
175.5
 35
0.0
146
0.0
 13
0.0
 23
0.0
 33
0.0
 16
1.0
 26
0.0
 36
0.0
 17
0.0
 27
1.0
 37
0.0
 76
     0
330
1E3
  0
MATERIAL
  5
16F
102
{ACAD_REACTORS
330
6B
102
}
330
6B
100
AcDbMaterial
  1
ByBlock
 72
     0
 73
     2
 43
0.0008202099737533
 43
0.0
 43
0.0
 43
0.0
 43
0.0
 43
0.0008202099737533
 43
0.0
 43
0.0
 43
0.0
 43
0.0
 43
1.0
 43
0.0
 43
0.0
 43
0.0
 43
0.0
 43
1.0
 77
     0
 78
     2
 47
0.0008202099737533
 47
0.0
 47
0.0
 47
0.0
 47
0.0
 47
0.0008202099737533
 47
0.0
 47
0.0
 47
0.0
 47
0.0
 47
1.0
 47
0.0
 47
0.0
 47
0.0
 47
0.0
 47
1.0
171
     0
172
     2
 49
0.0008202099737533
 49
0.0
 49
0.0
 49
0.0
 49
0.0
 49
0.0008202099737533
 49
0.0
 49
0.0
 49
0.0
 49
0.0
 49
1.0
 49
0.0
 49
0.0
 49
0.0
 49
0.0
 49
1.0
175
     0
176
     2
142
0.0008202099737533
142
0.0
142
0.0
142
0.0
142
0.0
142
0.0008202099737533
142
0.0
142
0.0
142
0.0
142
0.0
142
1.0
142
0.0
142
0.0
142
0.0
142
0.0
142
1.0
179
     0
270
     2
144
0.0008202099737533
144
0.0
144
0.0
144
0.0
144
0.0
144
0.0008202099737533
144
0.0
144
0.0
144
0.0
144
0.0
144
1.0
144
0.0
144
0.0
144
0.0
144
0.0
144
1.0
274
     2
147
0.0008202099737533
147
0.0
147
0.0
147
0.0
147
0.0
147
0.0008202099737533
147
0.0
147
0.0
147
0.0
147
0.0
147
1.0
147
0.0
147
0.0
147
0.0
147
0.0
147
1.0
 94
      127
  0
MATERIAL
  5
167
102
{ACAD_REACTORS
330
6B
102
}
330
6B
100
AcDbMaterial
  1
ByLayer
 72
     0
 73
     2
 43
0.0008202099737533
 43
0.0
 43
0.0
 43
0.0
 43
0.0
 43
0.0008202099737533
 43
0.0
 43
0.0
 43
0.0
 43
0.0
 43
1.0
 43
0.0
 43
0.0
 43
0.0
 43
0.0
 43
1.0
 77
     0
 78
     2
 47
0.0008202099737533
 47
0.0
 47
0.0
 47
0.0
 47
0.0
 47
0.0008202099737533
 47
0.0
 47
0.0
 47
0.0
 47
0.0
 47
1.0
 47
0.0
 47
0.0
 47
0.0
 47
0.0
 47
1.0
171
     0
172
     2
 49
0.0008202099737533
 49
0.0
 49
0.0
 49
0.0
 49
0.0
 49
0.0008202099737533
 49
0.0
 49
0.0
 49
0.0
 49
0.0
 49
1.0
 49
0.0
 49
0.0
 49
0.0
 49
0.0
 49
1.0
175
     0
176
     2
142
0.0008202099737533
142
0.0
142
0.0
142
0.0
142
0.0
142
0.0008202099737533
142
0.0
142
0.0
142
0.0
142
0.0
142
1.0
142
0.0
142
0.0
142
0.0
142
0.0
142
1.0
179
     0
270
     2
144
0.0008202099737533
144
0.0
144
0.0
144
0.0
144
0.0
144
0.0008202099737533
144
0.0
144
0.0
144
0.0
144
0.0
144
1.0
144
0.0
144
0.0
144
0.0
144
0.0
144
1.0
274
     2
147
0.0008202099737533
147
0.0
147
0.0
147
0.0
147
0.0
147
0.0008202099737533
147
0.0
147
0.0
147
0.0
147
0.0
147
1.0
147
0.0
147
0.0
147
0.0
147
0.0
147
1.0
 94
      127
  0
MATERIAL
  5
177
102
{ACAD_REACTORS
330
6B
102
}
330
6B
100
AcDbMaterial
  1
Global
 72
     0
 73
     2
 43
0.0008202099737533
 43
0.0
 43
0.0
 43
0.0
 43
0.0
 43
0.0008202099737533
 43
0.0
 43
0.0
 43
0.0
 43
0.0
 43
1.0
 43
0.0
 43
0.0
 43
0.0
 43
0.0
 43
1.0
 77
     0
 78
     2
 47
0.0008202099737533
 47
0.0
 47
0.0
 47
0.0
 47
0.0
 47
0.0008202099737533
 47
0.0
 47
0.0
 47
0.0
 47
0.0
 47
1.0
 47
0.0
 47
0.0
 47
0.0
 47
0.0
 47
1.0
171
     0
172
     2
 49
0.0008202099737533
 49
0.0
 49
0.0
 49
0.0
 49
0.0
 49
0.0008202099737533
 49
0.0
 49
0.0
 49
0.0
 49
0.0
 49
1.0
 49
0.0
 49
0.0
 49
0.0
 49
0.0
 49
1.0
175
     0
176
     2
142
0.0008202099737533
142
0.0
142
0.0
142
0.0
142
0.0
142
0.0008202099737533
142
0.0
142
0.0
142
0.0
142
0.0
142
1.0
142
0.0
142
0.0
142
0.0
142
0.0
142
1.0
179
     0
270
     2
144
0.0008202099737533
144
0.0
144
0.0
144
0.0
144
0.0
144
0.0008202099737533
144
0.0
144
0.0
144
0.0
144
0.0
144
1.0
144
0.0
144
0.0
144
0.0
144
0.0
144
1.0
274
     2
147
0.0008202099737533
147
0.0
147
0.0
147
0.0
147
0.0
147
0.0008202099737533
147
0.0
147
0.0
147
0.0
147
0.0
147
1.0
147
0.0
147
0.0
147
0.0
147
0.0
147
1.0
 94
      127
  0
MLEADERSTYLE
  5
237
102
{ACAD_REACTORS
330
DE
102
}
330
DE
100
AcDbMLeaderStyle
179
     2
170
     2
171
     1
172
     0
 90
        2
 40
0.0
 41
0.0
173
     1
 91
-1056964608
340
14
 92
       -2
290
     1
 42
2.0
291
     1
 43
8.0
  3
Standard
 44
4.0
300

342
11
174
     1
178
     1
175
     1
176
     0
 93
-1056964608
 45
4.0
292
     0
297
     0
 46
0.18
 94
-1056964608
 47
1.0
 49
1.0
140
1.0
293
     1
141
0.0
294
     1
177
     0
142
1.0
295
     0
296
     1
143
3.75
271
     0
272
     9
273
     9
298
     0
  0
MLEADERSTYLE
  5
E1
102
{ACAD_REACTORS
330
DE
102
}
330
DE
100
AcDbMLeaderStyle
179
     2
170
     2
171
     1
172
     0
 90
        2
 40
0.0
 41
0.0
173
     1
 91
-1056964608
340
14
 92
       -2
290
     1
 42
2.0
291
     1
 43
8.0
  3
Standard
 44
4.0
300

342
11
174
     1
178
     1
175
     1
176
     0
 93
-1056964608
 45
4.0
292
     0
297
     0
 46
0.18
 94
-1056964608
 47
1.0
 49
1.0
140
1.0
293
     1
141
0.0
294
     1
177
     0
142
1.0
295
     0
296
     0
143
3.75
271
     0
272
     9
273
     9
298
     0
  0
MLINESTYLE
  5
18
102
{ACAD_REACTORS
330
17
102
}
330
17
100
AcDbMlineStyle
  2
STANDARD
 70
     0
  3

 62
   256
 51
90.0
 52
90.0
 71
     2
 49
0.5
 62
   256
  6
BYLAYER
 49
-0.5
 62
   256
  6
BYLAYER
  0
ACDBPLACEHOLDER
  5
F
102
{ACAD_REACTORS
330
E
102
}
330
E
  0
SCALE
  5
B8
102
{ACAD_REACTORS
330
B7
102
}
330
B7
100
AcDbScale
 70
     0
300
1:1
140
1.0
141
1.0
290
     1
  0
SCALE
  5
B9
102
{ACAD_REACTORS
330
B7
102
}
330
B7
100
AcDbScale
 70
     0
300
1:2
140
1.0
141
2.0
290
     0
  0
SCALE
  5
BA
102
{ACAD_REACTORS
330
B7
102
}
330
B7
100
AcDbScale
 70
     0
300
1:4
140
1.0
141
4.0
290
     0
  0
SCALE
  5
BB
102
{ACAD_REACTORS
330
B7
102
}
330
B7
100
AcDbScale
 70
     0
300
1:5
140
1.0
141
5.0
290
     0
  0
SCALE
  5
BC
102
{ACAD_REACTORS
330
B7
102
}
330
B7
100
AcDbScale
 70
     0
300
1:8
140
1.0
141
8.0
290
     0
  0
SCALE
  5
BD
102
{ACAD_REACTORS
330
B7
102
}
330
B7
100
AcDbScale
 70
     0
300
1:10
140
1.0
141
10.0
290
     0
  0
SCALE
  5
BE
102
{ACAD_REACTORS
330
B7
102
}
330
B7
100
AcDbScale
 70
     0
300
1:16
140
1.0
141
16.0
290
     0
  0
SCALE
  5
BF
102
{ACAD_REACTORS
330
B7
102
}
330
B7
100
AcDbScale
 70
     0
300
1:20
140
1.0
141
20.0
290
     0
  0
SCALE
  5
C0
102
{ACAD_REACTORS
330
B7
102
}
330
B7
100
AcDbScale
 70
     0
300
1:30
140
1.0
141
30.0
290
     0
  0
SCALE
  5
C1
102
{ACAD_REACTORS
330
B7
102
}
330
B7
100
AcDbScale
 70
     0
300
1:40
140
1.0
141
40.0
290
     0
  0
SCALE
  5
C2
102
{ACAD_REACTORS
330
B7
102
}
330
B7
100
AcDbScale
 70
     0
300
1:50
140
1.0
141
50.0
290
     0
  0
SCALE
  5
C3
102
{ACAD_REACTORS
330
B7
102
}
330
B7
100
AcDbScale
 70
     0
300
1:100
140
1.0
141
100.0
290
     0
  0
SCALE
  5
C4
102
{ACAD_REACTORS
330
B7
102
}
330
B7
100
AcDbScale
 70
     0
300
2:1
140
2.0
141
1.0
290
     0
  0
SCALE
  5
C5
102
{ACAD_REACTORS
330
B7
102
}
330
B7
100
AcDbScale
 70
     0
300
4:1
140
4.0
141
1.0
290
     0
  0
SCALE
  5
C6
102
{ACAD_REACTORS
330
B7
102
}
330
B7
100
AcDbScale
 70
     0
300
8:1
140
8.0
141
1.0
290
     0
  0
SCALE
  5
C7
102
{ACAD_REACTORS
330
B7
102
}
330
B7
100
AcDbScale
 70
     0
300
10:1
140
10.0
141
1.0
290
     0
  0
SCALE
  5
C8
102
{ACAD_REACTORS
330
B7
102
}
330
B7
100
AcDbScale
 70
     0
300
100:1
140
100.0
141
1.0
290
     0
  0
SCALE
  5
C9
102
{ACAD_REACTORS
330
B7
102
}
330
B7
100
AcDbScale
 70
     0
300
1/128" = 1'-0"
140
0.0078125
141
12.0
290
     0
  0
SCALE
  5
CA
102
{ACAD_REACTORS
330
B7
102
}
330
B7
100
AcDbScale
 70
     0
300
1/64" = 1'-0"
140
0.015625
141
12.0
290
     0
  0
SCALE
  5
CB
102
{ACAD_REACTORS
330
B7
102
}
330
B7
100
AcDbScale
 70
     0
300
1/32" = 1'-0"
140
0.03125
141
12.0
290
     0
  0
SCALE
  5
CC
102
{ACAD_REACTORS
330
B7
102
}
330
B7
100
AcDbScale
 70
     0
300
1/16" = 1'-0"
140
0.0625
141
12.0
290
     0
  0
SCALE
  5
CD
102
{ACAD_REACTORS
330
B7
102
}
330
B7
100
AcDbScale
 70
     0
300
3/32" = 1'-0"
140
0.09375
141
12.0
290
     0
  0
SCALE
  5
CE
102
{ACAD_REACTORS
330
B7
102
}
330
B7
100
AcDbScale
 70
     0
300
1/8" = 1'-0"
140
0.125
141
12.0
290
     0
  0
SCALE
  5
CF
102
{ACAD_REACTORS
330
B7
102
}
330
B7
100
AcDbScale
 70
     0
300
3/16" = 1'-0"
140
0.1875
141
12.0
290
     0
  0
SCALE
  5
D0
102
{ACAD_REACTORS
330
B7
102
}
330
B7
100
AcDbScale
 70
     0
300
1/4" = 1'-0"
140
0.25
141
12.0
290
     0
  0
SCALE
  5
D1
102
{ACAD_REACTORS
330
B7
102
}
330
B7
100
AcDbScale
 70
     0
300
3/8" = 1'-0"
140
0.375
141
12.0
290
     0
  0
SCALE
  5
D2
102
{ACAD_REACTORS
330
B7
102
}
330
B7
100
AcDbScale
 70
     0
300
1/2" = 1'-0"
140
0.5
141
12.0
290
     0
  0
SCALE
  5
D3
102
{ACAD_REACTORS
330
B7
102
}
330
B7
100
AcDbScale
 70
     0
300
3/4" = 1'-0"
140
0.75
141
12.0
290
     0
  0
SCALE
  5
D4
102
{ACAD_REACTORS
330
B7
102
}
330
B7
100
AcDbScale
 70
     0
300
1" = 1'-0"
140
1.0
141
12.0
290
     0
  0
SCALE
  5
D5
102
{ACAD_REACTORS
330
B7
102
}
330
B7
100
AcDbScale
 70
     0
300
1-1/2" = 1'-0"
140
1.5
141
12.0
290
     0
  0
SCALE
  5
D6
102
{ACAD_REACTORS
330
B7
102
}
330
B7
100
AcDbScale
 70
     0
300
3" = 1'-0"
140
3.0
141
12.0
290
     0
  0
SCALE
  5
D7
102
{ACAD_REACTORS
330
B7
102
}
330
B7
100
AcDbScale
 70
     0
300
6" = 1'-0"
140
6.0
141
12.0
290
     0
  0
SCALE
  5
D8
102
{ACAD_REACTORS
330
B7
102
}
330
B7
100
AcDbScale
 70
     0
300
1'-0" = 1'-0"
140
12.0
141
12.0
290
     0
  0
ACDBSECTIONVIEWSTYLE
  5
1EA
102
{ACAD_REACTORS
330
1E9
102
}
330
1E9
100
AcDbModelDocViewStyle
 70
     0
  3
Metric50
290
     1
300
Metric50
 90
        0
100
AcDbSectionViewStyle
 70
     0
 71
     0
 90
      102
 71
     1
340
11
 62
   256
 40
5.0
340
0
340
0
 62
   256
 40
5.0
300
I, O, Q, S, X, Z
 40
10.0
 90
        0
 40
2.5
 90
        0
 71
     2
340
16
 90
       25
 62
   256
340
16
 90
       50
 62
   256
 40
5.0
 40
2.5
 40
5.0
 71
     3
340
11
 62
   256
 40
5.0
 90
        0
 40
15.0
 90
        1
300
%<\AcVar ViewSectionStartId>%-%<\AcVar ViewSectionEndId>% (%<\AcVar ViewScale \f "%sn">%)
 71
     4
 62
   256
 62
   257
300
ANSI31
 40
1.0
 90
        0
290
     0
290
     0
 90
        6
 40
0.0
 40
1.570796326794896
 40
0.2617993877991494
 40
1.308996938995747
 40
-0.2617993877991494
 40
1.832595714594044
  0
TABLESTYLE
  5
93
102
{ACAD_XDICTIONARY
360
23A
102
}
102
{ACAD_REACTORS
330
92
102
}
330
92
100
AcDbTableStyle
280
     0
  3
Standard
 70
     0
 71
     0
 40
1.5
 41
1.5
280
     0
281
     0
  7
Standard
140
4.5
170
     2
 62
     0
 63
     7
283
     0
 90
      512
 91
        0
  1

274
    -2
284
     1
 64
     0
275
    -2
285
     1
 65
     0
276
    -2
286
     1
 66
     0
277
    -2
287
     1
 67
     0
278
    -2
288
     1
 68
     0
279
    -2
289
     1
 69
     0
  7
Standard
140
6.0
170
     5
 62
     0
 63
     7
283
     0
 90
      512
 91
        0
  1

274
    -2
284
     1
 64
     0
275
    -2
285
     1
 65
     0
276
    -2
286
     1
 66
     0
277
    -2
287
     1
 67
     0
278
    -2
288
     1
 68
     0
279
    -2
289
     1
 69
     0
  7
Standard
140
4.5
170
     5
 62
     0
 63
     7
283
     0
 90
      512
 91
        0
  1

274
    -2
284
     1
 64
     0
275
    -2
285
     1
 65
     0
276
    -2
286
     1
 66
     0
277
    -2
287
     1
 67
     0
278
    -2
288
     1
 68
     0
279
    -2
289
     1
 69
     0
1001
ACAD
1000
AcRTDxfName
1000
TABLESTYLE
  0
VISUALSTYLE
  5
185
102
{ACAD_REACTORS
330
17F
102
}
330
17F
100
AcDbVisualStyle
  2
2dWireframe
 70
     4
177
     3
291
     0
 70
    58
 90
        0
176
     1
 90
        2
176
     1
 90
        0
176
     1
 90
        0
176
     1
 40
0.6
176
     1
 40
30.0
176
     1
 62
     7
420
 16777215
176
     1
 90
        1
176
     1
 90
        4
176
     1
 62
     7
176
     1
 62
   257
176
     1
 90
        1
176
     1
 90
        1
176
     1
 40
1.0
176
     1
 90
        0
176
     1
 62
   257
176
     1
 40
1.0
176
     1
 90
        1
176
     1
 90
        6
176
     1
 90
        2
176
     1
 62
     7
176
     1
 90
        5
176
     1
 90
        0
176
     1
 90
        0
176
     1
290
     0
176
     1
 90
        1
176
     1
 40
0.0
176
     1
 90
        0
176
     1
290
     1
176
     1
290
     1
176
     1
290
     0
176
     1
290
     0
176
     1
290
     0
176
     1
290
     0
176
     1
290
     0
176
     1
290
     0
176
     1
290
     0
176
     1
 90
       50
176
     1
 40
0.0
176
     1
 40
1.0
176
     1
 90
        0
176
     1
 62
    18
420
        0
176
     1
 90
       50
176
     1
 90
        3
176
     1
 62
     5
420
      255
176
     1
290
     0
176
     1
 90
       50
176
     1
 90
       50
176
     1
 90
       50
176
     1
290
     0
176
     1
 90
       50
176
     1
 62
   256
176
     0
 40
1.0
176
     0
 90
        0
176
     1
  1
strokes_ogs.tif
176
     1
290
     0
176
     1
 40
1.0
176
     1
 40
1.0
176
     1
  0
VISUALSTYLE
  5
184
102
{ACAD_REACTORS
330
17F
102
}
330
17F
100
AcDbVisualStyle
  2
Basic
 70
     7
177
     3
291
     1
 70
    58
 90
        1
176
     1
 90
        0
176
     1
 90
        1
176
     1
 90
        0
176
     1
 40
0.6
176
     1
 40
30.0
176
     1
 62
     7
420
 16777215
176
     1
 90
        0
176
     1
 90
        4
176
     1
 62
     7
176
     1
 62
   257
176
     1
 90
        1
176
     1
 90
        1
176
     1
 40
1.0
176
     1
 90
        8
176
     1
 62
     7
176
     1
 40
1.0
176
     1
 90
        1
176
     1
 90
        6
176
     1
 90
        2
176
     1
 62
     7
176
     1
 90
        5
176
     1
 90
        0
176
     1
 90
        0
176
     1
290
     0
176
     1
 90
        1
176
     1
 40
0.0
176
     1
 90
        0
176
     1
290
     0
176
     1
290
     1
176
     1
290
     1
176
     1
290
     0
176
     1
290
     0
176
     1
290
     0
176
     1
290
     0
176
     1
290
     0
176
     1
290
     0
176
     1
 90
       50
176
     1
 40
0.0
176
     1
 40
1.0
176
     1
 90
        0
176
     1
 62
    18
420
        0
176
     1
 90
       50
176
     1
 90
        3
176
     1
 62
     5
420
      255
176
     1
290
     0
176
     1
 90
       50
176
     1
 90
       50
176
     1
 90
       50
176
     1
290
     0
176
     1
 90
       50
176
     1
 62
   256
176
     0
 40
1.0
176
     0
 90
        0
176
     1
  1
strokes_ogs.tif
176
     1
290
     0
176
     1
 40
1.0
176
     1
 40
1.0
176
     1
  0
VISUALSTYLE
  5
18B
102
{ACAD_REACTORS
330
17F
102
}
330
17F
100
AcDbVisualStyle
  2
Brighten
 70
    12
177
     3
291
     1
 70
    58
 90
        2
176
     1
 90
        2
176
     1
 90
        0
176
     1
 90
        0
176
     1
 40
0.6
176
     1
 40
30.0
176
     1
 62
     7
420
 16777215
176
     1
 90
        1
176
     1
 90
        4
176
     1
 62
     7
176
     1
 62
   257
176
     1
 90
        1
176
     1
 90
        1
176
     1
 40
1.0
176
     1
 90
        8
176
     1
 62
     7
176
     1
 40
1.0
176
     1
 90
        1
176
     1
 90
        6
176
     1
 90
        2
176
     1
 62
     7
176
     1
 90
        5
176
     1
 90
        0
176
     1
 90
        0
176
     1
290
     0
176
     1
 90
        1
176
     1
 40
50.0
176
     1
 90
        0
176
     1
290
     0
176
     1
290
     1
176
     1
290
     1
176
     1
290
     0
176
     1
290
     0
176
     1
290
     0
176
     1
290
     0
176
     1
290
     0
176
     1
290
     0
176
     1
 90
       50
176
     1
 40
0.0
176
     1
 40
1.0
176
     1
 90
        0
176
     1
 62
    18
420
        0
176
     1
 90
       50
176
     1
 90
        3
176
     1
 62
     5
420
      255
176
     1
290
     0
176
     1
 90
       50
176
     1
 90
       50
176
     1
 90
       50
176
     1
290
     0
176
     1
 90
       50
176
     1
 62
   256
176
     0
 40
1.0
176
     0
 90
        0
176
     1
  1
strokes_ogs.tif
176
     1
290
     0
176
     1
 40
1.0
176
     1
 40
1.0
176
     1
  0
VISUALSTYLE
  5
18F
102
{ACAD_REACTORS
330
17F
102
}
330
17F
100
AcDbVisualStyle
  2
ColorChange
 70
    16
177
     3
291
     1
 70
    58
 90
        2
176
     1
 90
        2
176
     1
 90
        3
176
     1
 90
        0
176
     1
 40
0.6
176
     1
 40
30.0
176
     1
 62
     8
420
  8421504
176
     1
 90
        1
176
     1
 90
        4
176
     1
 62
     7
176
     1
 62
   257
176
     1
 90
        1
176
     1
 90
        1
176
     1
 40
1.0
176
     1
 90
        8
176
     1
 62
     8
420
  8421504
176
     1
 40
1.0
176
     1
 90
        1
176
     1
 90
        6
176
     1
 90
        2
176
     1
 62
     7
176
     1
 90
        5
176
     1
 90
        0
176
     1
 90
        0
176
     1
290
     0
176
     1
 90
        1
176
     1
 40
0.0
176
     1
 90
        0
176
     1
290
     0
176
     1
290
     1
176
     1
290
     1
176
     1
290
     0
176
     1
290
     0
176
     1
290
     0
176
     1
290
     0
176
     1
290
     0
176
     1
290
     0
176
     1
 90
       50
176
     1
 40
0.0
176
     1
 40
1.0
176
     1
 90
        0
176
     1
 62
    18
420
        0
176
     1
 90
       50
176
     1
 90
        3
176
     1
 62
     5
420
      255
176
     1
290
     0
176
     1
 90
       50
176
     1
 90
       50
176
     1
 90
       50
176
     1
290
     0
176
     1
 90
       50
176
     1
 62
   256
176
     0
 40
1.0
176
     0
 90
        0
176
     1
  1
strokes_ogs.tif
176
     1
290
     0
176
     1
 40
1.0
176
     1
 40
1.0
176
     1
  0
VISUALSTYLE
  5
188
102
{ACAD_REACTORS
330
17F
102
}
330
17F
100
AcDbVisualStyle
  2
Conceptual
 70
     9
177
     3
291
     0
 70
    58
 90
        3
176
     1
 90
        2
176
     1
 90
        0
176
     1
 90
        0
176
     1
 40
0.6
176
     1
 40
30.0
176
     1
 62
     7
420
 16777215
176
     1
 90
        2
176
     1
 90
        2
176
     1
 62
     7
176
     1
 62
   257
176
     1
 90
        1
176
     1
 90
        1
176
     1
 40
179.0
176
     1
 90
        8
176
     1
 62
     7
176
     1
 40
1.0
176
     1
 90
        1
176
     1
 90
        6
176
     1
 90
        2
176
     1
 62
     7
176
     1
 90
        3
176
     1
 90
        0
176
     1
 90
        0
176
     1
290
     0
176
     1
 90
        1
176
     1
 40
0.0
176
     1
 90
        0
176
     1
290
     0
176
     1
290
     1
176
     1
290
     1
176
     1
290
     0
176
     1
290
     0
176
     1
290
     0
176
     1
290
     0
176
     1
290
     0
176
     1
290
     0
176
     1
 90
       50
176
     1
 40
0.0
176
     1
 40
1.0
176
     1
 90
        0
176
     1
 62
    18
420
        0
176
     1
 90
       50
176
     1
 90
        3
176
     1
 62
     5
420
      255
176
     1
290
     0
176
     1
 90
       50
176
     1
 90
       50
176
     1
 90
       50
176
     1
290
     0
176
     1
 90
       50
176
     1
 62
   256
176
     0
 40
1.0
176
     0
 90
        0
176
     1
  1
strokes_ogs.tif
176
     1
290
     0
176
     1
 40
1.0
176
     1
 40
1.0
176
     1
  0
VISUALSTYLE
  5
18A
102
{ACAD_REACTORS
330
17F
102
}
330
17F
100
AcDbVisualStyle
  2
Dim
 70
    11
177
     3
291
     1
 70
    58
 90
        2
176
     1
 90
        2
176
     1
 90
        0
176
     1
 90
        0
176
     1
 40
0.6
176
     1
 40
30.0
176
     1
 62
     7
420
 16777215
176
     1
 90
        1
176
     1
 90
        4
176
     1
 62
     7
176
     1
 62
   257
176
     1
 90
        1
176
     1
 90
        1
176
     1
 40
1.0
176
     1
 90
        8
176
     1
 62
     7
176
     1
 40
1.0
176
     1
 90
        1
176
     1
 90
        6
176
     1
 90
        2
176
     1
 62
     7
176
     1
 90
        5
176
     1
 90
        0
176
     1
 90
        0
176
     1
290
     0
176
     1
 90
        1
176
     1
 40
-50.0
176
     1
 90
        0
176
     1
290
     0
176
     1
290
     1
176
     1
290
     1
176
     1
290
     0
176
     1
290
     0
176
     1
290
     0
176
     1
290
     0
176
     1
290
     0
176
     1
290
     0
176
     1
 90
       50
176
     1
 40
0.0
176
     1
 40
1.0
176
     1
 90
        0
176
     1
 62
    18
420
        0
176
     1
 90
       50
176
     1
 90
        3
176
     1
 62
     5
420
      255
176
     1
290
     0
176
     1
 90
       50
176
     1
 90
       50
176
     1
 90
       50
176
     1
290
     0
176
     1
 90
       50
176
     1
 62
   256
176
     0
 40
1.0
176
     0
 90
        0
176
     1
  1
strokes_ogs.tif
176
     1
290
     0
176
     1
 40
1.0
176
     1
 40
1.0
176
     1
  0
VISUALSTYLE
  5
197
102
{ACAD_REACTORS
330
17F
102
}
330
17F
100
AcDbVisualStyle
  2
EdgeColorOff
 70
    22
177
     3
291
     1
 70
    58
 90
        2
176
     0
 90
        2
176
     0
 90
        0
176
     0
 90
        0
176
     0
 40
0.6
176
     0
 40
30.0
176
     0
 62
     7
420
 16777215
176
     0
 90
        1
176
     0
 90
        4
176
     0
 62
     7
176
     0
 62
   257
176
     0
 90
        1
176
     0
 90
        1
176
     0
 40
1.0
176
     0
 90
        8
176
     2
 62
     7
176
     0
 40
1.0
176
     0
 90
        1
176
     0
 90
        6
176
     0
 90
        2
176
     0
 62
     7
176
     0
 90
        5
176
     0
 90
        0
176
     0
 90
        0
176
     0
290
     0
176
     0
 90
        1
176
     0
 40
0.0
176
     0
 90
        0
176
     0
290
     0
176
     1
290
     1
176
     1
290
     1
176
     1
290
     0
176
     1
290
     0
176
     1
290
     0
176
     1
290
     0
176
     1
290
     0
176
     1
290
     0
176
     1
 90
       50
176
     1
 40
0.0
176
     1
 40
1.0
176
     1
 90
        0
176
     1
 62
    18
420
        0
176
     1
 90
       50
176
     1
 90
        3
176
     1
 62
     5
420
      255
176
     1
290
     0
176
     1
 90
       50
176
     1
 90
       50
176
     1
 90
       50
176
     1
290
     0
176
     1
 90
       50
176
     1
 62
   256
176
     0
 40
1.0
176
     0
 90
        0
176
     1
  1
strokes_ogs.tif
176
     1
290
     0
176
     1
 40
1.0
176
     1
 40
1.0
176
     1
  0
VISUALSTYLE
  5
18E
102
{ACAD_REACTORS
330
17F
102
}
330
17F
100
AcDbVisualStyle
  2
Facepattern
 70
    15
177
     3
291
     1
 70
    58
 90
        2
176
     1
 90
        2
176
     1
 90
        0
176
     1
 90
        0
176
     1
 40
0.6
176
     1
 40
30.0
176
     1
 62
     7
420
 16777215
176
     1
 90
        1
176
     1
 90
        4
176
     1
 62
     7
176
     1
 62
   257
176
     1
 90
        1
176
     1
 90
        1
176
     1
 40
1.0
176
     1
 90
        8
176
     1
 62
     7
176
     1
 40
1.0
176
     1
 90
        1
176
     1
 90
        6
176
     1
 90
        2
176
     1
 62
     7
176
     1
 90
        5
176
     1
 90
        0
176
     1
 90
        0
176
     1
290
     0
176
     1
 90
        1
176
     1
 40
0.0
176
     1
 90
        0
176
     1
290
     0
176
     1
290
     1
176
     1
290
     1
176
     1
290
     0
176
     1
290
     0
176
     1
290
     0
176
     1
290
     0
176
     1
290
     0
176
     1
290
     0
176
     1
 90
       50
176
     1
 40
0.0
176
     1
 40
1.0
176
     1
 90
        0
176
     1
 62
    18
420
        0
176
     1
 90
       50
176
     1
 90
        3
176
     1
 62
     5
420
      255
176
     1
290
     0
176
     1
 90
       50
176
     1
 90
       50
176
     1
 90
       50
176
     1
290
     0
176
     1
 90
       50
176
     1
 62
   256
176
     0
 40
1.0
176
     0
 90
        0
176
     1
  1
strokes_ogs.tif
176
     1
290
     0
176
     1
 40
1.0
176
     1
 40
1.0
176
     1
  0
VISUALSTYLE
  5
180
102
{ACAD_REACTORS
330
17F
102
}
330
17F
100
AcDbVisualStyle
  2
Flat
 70
     0
177
     3
291
     1
 70
    58
 90
        2
176
     1
 90
        1
176
     1
 90
        1
176
     1
 90
        2
176
     1
 40
0.6
176
     1
 40
30.0
176
     1
 62
     7
420
 16777215
176
     1
 90
        0
176
     1
 90
        0
176
     1
 62
     7
176
     1
 62
   257
176
     1
 90
        1
176
     1
 90
        1
176
     1
 40
1.0
176
     1
 90
        8
176
     1
 62
     7
176
     1
 40
1.0
176
     1
 90
        1
176
     1
 90
        6
176
     1
 90
        2
176
     1
 62
     7
176
     1
 90
        5
176
     1
 90
        0
176
     1
 90
        0
176
     1
290
     0
176
     1
 90
       13
176
     1
 40
0.0
176
     1
 90
        0
176
     1
290
     0
176
     1
290
     1
176
     1
290
     1
176
     1
290
     0
176
     1
290
     0
176
     1
290
     0
176
     1
290
     0
176
     1
290
     0
176
     1
290
     0
176
     1
 90
       50
176
     1
 40
0.0
176
     1
 40
1.0
176
     1
 90
        0
176
     1
 62
    18
420
        0
176
     1
 90
       50
176
     1
 90
        3
176
     1
 62
     5
420
      255
176
     1
290
     0
176
     1
 90
       50
176
     1
 90
       50
176
     1
 90
       50
176
     1
290
     0
176
     1
 90
       50
176
     1
 62
   256
176
     0
 40
1.0
176
     0
 90
        0
176
     1
  1
strokes_ogs.tif
176
     1
290
     0
176
     1
 40
1.0
176
     1
 40
1.0
176
     1
  0
VISUALSTYLE
  5
181
102
{ACAD_REACTORS
330
17F
102
}
330
17F
100
AcDbVisualStyle
  2
FlatWithEdges
 70
     1
177
     3
291
     1
 70
    58
 90
        2
176
     1
 90
        1
176
     1
 90
        1
176
     1
 90
        2
176
     1
 40
0.6
176
     1
 40
30.0
176
     1
 62
     7
420
 16777215
176
     1
 90
        1
176
     1
 90
        0
176
     1
 62
     7
176
     1
 62
   257
176
     1
 90
        1
176
     1
 90
        1
176
     1
 40
1.0
176
     1
 90
        0
176
     1
 62
   257
176
     1
 40
1.0
176
     1
 90
        1
176
     1
 90
        6
176
     1
 90
        2
176
     1
 62
     7
176
     1
 90
        5
176
     1
 90
        0
176
     1
 90
        0
176
     1
290
     0
176
     1
 90
       13
176
     1
 40
0.0
176
     1
 90
        0
176
     1
290
     0
176
     1
290
     1
176
     1
290
     1
176
     1
290
     0
176
     1
290
     0
176
     1
290
     0
176
     1
290
     0
176
     1
290
     0
176
     1
290
     0
176
     1
 90
       50
176
     1
 40
0.0
176
     1
 40
1.0
176
     1
 90
        0
176
     1
 62
    18
420
        0
176
     1
 90
       50
176
     1
 90
        3
176
     1
 62
     5
420
      255
176
     1
290
     0
176
     1
 90
       50
176
     1
 90
       50
176
     1
 90
       50
176
     1
290
     0
176
     1
 90
       50
176
     1
 62
   256
176
     0
 40
1.0
176
     0
 90
        0
176
     1
  1
strokes_ogs.tif
176
     1
290
     0
176
     1
 40
1.0
176
     1
 40
1.0
176
     1
  0
VISUALSTYLE
  5
182
102
{ACAD_REACTORS
330
17F
102
}
330
17F
100
AcDbVisualStyle
  2
Gouraud
 70
     2
177
     3
291
     1
 70
    58
 90
        2
176
     1
 90
        2
176
     1
 90
        1
176
     1
 90
        2
176
     1
 40
0.6
176
     1
 40
30.0
176
     1
 62
     7
420
 16777215
176
     1
 90
        0
176
     1
 90
        0
176
     1
 62
     7
176
     1
 62
   257
176
     1
 90
        1
176
     1
 90
        1
176
     1
 40
1.0
176
     1
 90
        0
176
     1
 62
     7
176
     1
 40
1.0
176
     1
 90
        1
176
     1
 90
        6
176
     1
 90
        2
176
     1
 62
     7
176
     1
 90
        5
176
     1
 90
        0
176
     1
 90
        0
176
     1
290
     0
176
     1
 90
       13
176
     1
 40
0.0
176
     1
 90
        0
176
     1
290
     0
176
     1
290
     1
176
     1
290
     1
176
     1
290
     0
176
     1
290
     0
176
     1
290
     0
176
     1
290
     0
176
     1
290
     0
176
     1
290
     0
176
     1
 90
       50
176
     1
 40
0.0
176
     1
 40
1.0
176
     1
 90
        0
176
     1
 62
    18
420
        0
176
     1
 90
       50
176
     1
 90
        3
176
     1
 62
     5
420
      255
176
     1
290
     0
176
     1
 90
       50
176
     1
 90
       50
176
     1
 90
       50
176
     1
290
     0
176
     1
 90
       50
176
     1
 62
   256
176
     0
 40
1.0
176
     0
 90
        0
176
     1
  1
strokes_ogs.tif
176
     1
290
     0
176
     1
 40
1.0
176
     1
 40
1.0
176
     1
  0
VISUALSTYLE
  5
183
102
{ACAD_REACTORS
330
17F
102
}
330
17F
100
AcDbVisualStyle
  2
GouraudWithEdges
 70
     3
177
     3
291
     1
 70
    58
 90
        2
176
     1
 90
        2
176
     1
 90
        1
176
     1
 90
        2
176
     1
 40
0.6
176
     1
 40
30.0
176
     1
 62
     7
420
 16777215
176
     1
 90
        1
176
     1
 90
        0
176
     1
 62
     7
176
     1
 62
   257
176
     1
 90
        1
176
     1
 90
        1
176
     1
 40
1.0
176
     1
 90
        0
176
     1
 62
   257
176
     1
 40
1.0
176
     1
 90
        1
176
     1
 90
        6
176
     1
 90
        2
176
     1
 62
     7
176
     1
 90
        5
176
     1
 90
        0
176
     1
 90
        0
176
     1
290
     0
176
     1
 90
       13
176
     1
 40
0.0
176
     1
 90
        0
176
     1
290
     0
176
     1
290
     1
176
     1
290
     1
176
     1
290
     0
176
     1
290
     0
176
     1
290
     0
176
     1
290
     0
176
     1
290
     0
176
     1
290
     0
176
     1
 90
       50
176
     1
 40
0.0
176
     1
 40
1.0
176
     1
 90
        0
176
     1
 62
    18
420
        0
176
     1
 90
       50
176
     1
 90
        3
176
     1
 62
     5
420
      255
176
     1
290
     0
176
     1
 90
       50
176
     1
 90
       50
176
     1
 90
       50
176
     1
290
     0
176
     1
 90
       50
176
     1
 62
   256
176
     0
 40
1.0
176
     0
 90
        0
176
     1
  1
strokes_ogs.tif
176
     1
290
     0
176
     1
 40
1.0
176
     1
 40
1.0
176
     1
  0
VISUALSTYLE
  5
187
102
{ACAD_REACTORS
330
17F
102
}
330
17F
100
AcDbVisualStyle
  2
Hidden
 70
     6
177
     3
291
     0
 70
    58
 90
        1
176
     1
 90
        2
176
     1
 90
        2
176
     1
 90
        0
176
     1
 40
0.6
176
     1
 40
30.0
176
     1
 62
     7
420
 16777215
176
     1
 90
        2
176
     1
 90
        2
176
     1
 62
     7
176
     1
 62
   257
176
     1
 90
        2
176
     1
 90
        1
176
     1
 40
40.0
176
     1
 90
        0
176
     1
 62
   257
176
     1
 40
1.0
176
     1
 90
        1
176
     1
 90
        6
176
     1
 90
        2
176
     1
 62
     7
176
     1
 90
        3
176
     1
 90
        0
176
     1
 90
        0
176
     1
290
     0
176
     1
 90
        1
176
     1
 40
0.0
176
     1
 90
        0
176
     1
290
     0
176
     1
290
     1
176
     1
290
     1
176
     1
290
     0
176
     1
290
     0
176
     1
290
     0
176
     1
290
     0
176
     1
290
     0
176
     1
290
     0
176
     1
 90
       50
176
     1
 40
0.0
176
     1
 40
1.0
176
     1
 90
        0
176
     1
 62
    18
420
        0
176
     1
 90
       50
176
     1
 90
        3
176
     1
 62
     5
420
      255
176
     1
290
     0
176
     1
 90
       50
176
     1
 90
       50
176
     1
 90
       50
176
     1
290
     0
176
     1
 90
       50
176
     1
 62
   256
176
     0
 40
1.0
176
     0
 90
        0
176
     1
  1
strokes_ogs.tif
176
     1
290
     0
176
     1
 40
1.0
176
     1
 40
1.0
176
     1
  0
VISUALSTYLE
  5
195
102
{ACAD_REACTORS
330
17F
102
}
330
17F
100
AcDbVisualStyle
  2
JitterOff
 70
    20
177
     3
291
     1
 70
    58
 90
        2
176
     0
 90
        2
176
     0
 90
        0
176
     0
 90
        0
176
     0
 40
0.6
176
     0
 40
30.0
176
     0
 62
     7
420
 16777215
176
     0
 90
        1
176
     0
 90
        4
176
     0
 62
     7
176
     0
 62
   257
176
     0
 90
        1
176
     0
 90
        1
176
     0
 40
1.0
176
     0
 90
       10
176
     2
 62
     7
176
     0
 40
1.0
176
     0
 90
        1
176
     0
 90
        6
176
     0
 90
        2
176
     0
 62
     7
176
     0
 90
        5
176
     0
 90
        0
176
     0
 90
        0
176
     0
290
     0
176
     0
 90
        1
176
     0
 40
0.0
176
     0
 90
        0
176
     0
290
     0
176
     1
290
     1
176
     1
290
     1
176
     1
290
     0
176
     1
290
     0
176
     1
290
     0
176
     1
290
     0
176
     1
290
     0
176
     1
290
     0
176
     1
 90
       50
176
     1
 40
0.0
176
     1
 40
1.0
176
     1
 90
        0
176
     1
 62
    18
420
        0
176
     1
 90
       50
176
     1
 90
        3
176
     1
 62
     5
420
      255
176
     1
290
     0
176
     1
 90
       50
176
     1
 90
       50
176
     1
 90
       50
176
     1
290
     0
176
     1
 90
       50
176
     1
 62
   256
176
     0
 40
1.0
176
     0
 90
        0
176
     1
  1
strokes_ogs.tif
176
     1
290
     0
176
     1
 40
1.0
176
     1
 40
1.0
176
     1
  0
VISUALSTYLE
  5
18D
102
{ACAD_REACTORS
330
17F
102
}
330
17F
100
AcDbVisualStyle
  2
Linepattern
 70
    14
177
     3
291
     1
 70
    58
 90
        2
176
     1
 90
        2
176
     1
 90
        0
176
     1
 90
        0
176
     1
 40
0.6
176
     1
 40
30.0
176
     1
 62
     7
420
 16777215
176
     1
 90
        1
176
     1
 90
        4
176
     1
 62
     7
176
     1
 62
   257
176
     1
 90
        7
176
     1
 90
        7
176
     1
 40
1.0
176
     1
 90
        8
176
     1
 62
     7
176
     1
 40
1.0
176
     1
 90
        1
176
     1
 90
        6
176
     1
 90
        2
176
     1
 62
     7
176
     1
 90
        5
176
     1
 90
        0
176
     1
 90
        0
176
     1
290
     0
176
     1
 90
        1
176
     1
 40
0.0
176
     1
 90
        0
176
     1
290
     0
176
     1
290
     1
176
     1
290
     1
176
     1
290
     0
176
     1
290
     0
176
     1
290
     0
176
     1
290
     0
176
     1
290
     0
176
     1
290
     0
176
     1
 90
       50
176
     1
 40
0.0
176
     1
 40
1.0
176
     1
 90
        0
176
     1
 62
    18
420
        0
176
     1
 90
       50
176
     1
 90
        3
176
     1
 62
     5
420
      255
176
     1
290
     0
176
     1
 90
       50
176
     1
 90
       50
176
     1
 90
       50
176
     1
290
     0
176
     1
 90
       50
176
     1
 62
   256
176
     0
 40
1.0
176
     0
 90
        0
176
     1
  1
strokes_ogs.tif
176
     1
290
     0
176
     1
 40
1.0
176
     1
 40
1.0
176
     1
  0
VISUALSTYLE
  5
196
102
{ACAD_REACTORS
330
17F
102
}
330
17F
100
AcDbVisualStyle
  2
OverhangOff
 70
    21
177
     3
291
     1
 70
    58
 90
        2
176
     0
 90
        2
176
     0
 90
        0
176
     0
 90
        0
176
     0
 40
0.6
176
     0
 40
30.0
176
     0
 62
     7
420
 16777215
176
     0
 90
        1
176
     0
 90
        4
176
     0
 62
     7
176
     0
 62
   257
176
     0
 90
        1
176
     0
 90
        1
176
     0
 40
1.0
176
     0
 90
        9
176
     2
 62
     7
176
     0
 40
1.0
176
     0
 90
        1
176
     0
 90
        6
176
     0
 90
        2
176
     0
 62
     7
176
     0
 90
        5
176
     0
 90
        0
176
     0
 90
        0
176
     0
290
     0
176
     0
 90
        1
176
     0
 40
0.0
176
     0
 90
        0
176
     0
290
     0
176
     1
290
     1
176
     1
290
     1
176
     1
290
     0
176
     1
290
     0
176
     1
290
     0
176
     1
290
     0
176
     1
290
     0
176
     1
290
     0
176
     1
 90
       50
176
     1
 40
0.0
176
     1
 40
1.0
176
     1
 90
        0
176
     1
 62
    18
420
        0
176
     1
 90
       50
176
     1
 90
        3
176
     1
 62
     5
420
      255
176
     1
290
     0
176
     1
 90
       50
176
     1
 90
       50
176
     1
 90
       50
176
     1
290
     0
176
     1
 90
       50
176
     1
 62
   256
176
     0
 40
1.0
176
     0
 90
        0
176
     1
  1
strokes_ogs.tif
176
     1
290
     0
176
     1
 40
1.0
176
     1
 40
1.0
176
     1
  0
VISUALSTYLE
  5
189
102
{ACAD_REACTORS
330
17F
102
}
330
17F
100
AcDbVisualStyle
  2
Realistic
 70
     8
177
     3
291
     0
 70
    58
 90
        2
176
     1
 90
        3
176
     1
 90
        0
176
     1
 90
        2
176
     1
 40
0.6
176
     1
 40
30.0
176
     1
 62
     7
420
 16777215
176
     1
 90
        0
176
     1
 90
        0
176
     1
 62
     7
176
     1
 62
   257
176
     1
 90
        1
176
     1
 90
        1
176
     1
 40
1.0
176
     1
 90
        8
176
     1
 62
   257
176
     1
 40
1.0
176
     1
 90
        1
176
     1
 90
        6
176
     1
 90
        2
176
     1
 62
     7
176
     1
 90
        3
176
     1
 90
        0
176
     1
 90
        0
176
     1
290
     0
176
     1
 90
       13
176
     1
 40
0.0
176
     1
 90
        0
176
     1
290
     0
176
     1
290
     1
176
     1
290
     1
176
     1
290
     0
176
     1
290
     0
176
     1
290
     0
176
     1
290
     0
176
     1
290
     0
176
     1
290
     0
176
     1
 90
       50
176
     1
 40
0.0
176
     1
 40
1.0
176
     1
 90
        0
176
     1
 62
    18
420
        0
176
     1
 90
       50
176
     1
 90
        3
176
     1
 62
     5
420
      255
176
     1
290
     0
176
     1
 90
       50
176
     1
 90
       50
176
     1
 90
       50
176
     1
290
     0
176
     1
 90
       50
176
     1
 62
   256
176
     0
 40
1.0
176
     0
 90
        0
176
     1
  1
strokes_ogs.tif
176
     1
290
     0
176
     1
 40
1.0
176
     1
 40
1.0
176
     1
  0
VISUALSTYLE
  5
194
102
{ACAD_REACTORS
330
17F
102
}
330
17F
100
AcDbVisualStyle
  2
Shaded
 70
    27
177
     3
291
     0
 70
    58
 90
        2
176
     1
 90
        2
176
     1
 90
        1
176
     1
 90
        2
176
     1
 40
0.6
176
     1
 40
30.0
176
     1
 62
     7
420
 16777215
176
     1
 90
        0
176
     1
 90
        4
176
     1
 62
     7
176
     1
 62
   257
176
     1
 90
        1
176
     1
 90
        1
176
     1
 40
1.0
176
     1
 90
        8
176
     1
 62
   257
176
     1
 40
1.0
176
     1
 90
        1
176
     1
 90
        6
176
     1
 90
        2
176
     1
 62
     8
420
  7895160
176
     1
 90
        3
176
     1
 90
        0
176
     1
 90
        0
176
     1
290
     0
176
     1
 90
        5
176
     1
 40
0.0
176
     1
 90
        0
176
     1
290
     0
176
     1
290
     1
176
     1
290
     1
176
     1
290
     0
176
     1
290
     0
176
     1
290
     0
176
     1
290
     0
176
     1
290
     0
176
     1
290
     0
176
     1
 90
       50
176
     1
 40
0.0
176
     1
 40
1.0
176
     1
 90
        0
176
     1
 62
    18
420
        0
176
     1
 90
       50
176
     1
 90
        3
176
     1
 62
     5
420
      255
176
     1
290
     0
176
     1
 90
       50
176
     1
 90
       50
176
     1
 90
       50
176
     1
290
     0
176
     1
 90
       50
176
     1
 62
   256
176
     0
 40
1.0
176
     0
 90
        0
176
     1
  1
strokes_ogs.tif
176
     1
290
     0
176
     1
 40
1.0
176
     1
 40
1.0
176
     1
  0
VISUALSTYLE
  5
193
102
{ACAD_REACTORS
330
17F
102
}
330
17F
100
AcDbVisualStyle
  2
Shaded with edges
 70
    26
177
     3
291
     0
 70
    58
 90
        2
176
     1
 90
        2
176
     1
 90
        1
176
     1
 90
        2
176
     1
 40
0.6
176
     1
 40
30.0
176
     1
 62
     7
420
 16777215
176
     1
 90
        1
176
     1
 90
       10
176
     1
 62
     7
176
     1
 62
   257
176
     1
 90
        2
176
     1
 90
        1
176
     1
 40
1.0
176
     1
 90
        8
176
     1
 62
   257
176
     1
 40
1.0
176
     1
 90
        1
176
     1
 90
        6
176
     1
 90
        2
176
     1
 62
     7
176
     1
 90
        3
176
     1
 90
        0
176
     1
 90
        0
176
     1
290
     0
176
     1
 90
        5
176
     1
 40
0.0
176
     1
 90
        0
176
     1
290
     0
176
     1
290
     1
176
     1
290
     1
176
     1
290
     0
176
     1
290
     0
176
     1
290
     0
176
     1
290
     0
176
     1
290
     0
176
     1
290
     0
176
     1
 90
       50
176
     1
 40
0.0
176
     1
 40
1.0
176
     1
 90
        0
176
     1
 62
    18
420
        0
176
     1
 90
       50
176
     1
 90
        3
176
     1
 62
     5
420
      255
176
     1
290
     0
176
     1
 90
       50
176
     1
 90
       50
176
     1
 90
       50
176
     1
290
     0
176
     1
 90
       50
176
     1
 62
   256
176
     0
 40
1.0
176
     0
 90
        0
176
     1
  1
strokes_ogs.tif
176
     1
290
     0
176
     1
 40
1.0
176
     1
 40
1.0
176
     1
  0
VISUALSTYLE
  5
190
102
{ACAD_REACTORS
330
17F
102
}
330
17F
100
AcDbVisualStyle
  2
Shades of Gray
 70
    23
177
     3
291
     0
 70
    58
 90
        2
176
     1
 90
        2
176
     1
 90
        3
176
     1
 90
        0
176
     1
 40
0.6
176
     1
 40
30.0
176
     1
 62
     7
420
 16777215
176
     1
 90
        2
176
     1
 90
        2
176
     1
 62
     7
176
     1
 62
     7
176
     1
 90
        1
176
     1
 90
        1
176
     1
 40
40.0
176
     1
 90
        8
176
     1
 62
     7
176
     1
 40
1.0
176
     1
 90
        1
176
     1
 90
        6
176
     1
 90
        2
176
     1
 62
     7
176
     1
 90
        3
176
     1
 90
        0
176
     1
 90
        0
176
     1
290
     0
176
     1
 90
        1
176
     1
 40
0.0
176
     1
 90
        0
176
     1
290
     0
176
     1
290
     1
176
     1
290
     1
176
     1
290
     0
176
     1
290
     0
176
     1
290
     0
176
     1
290
     0
176
     1
290
     0
176
     1
290
     0
176
     1
 90
       50
176
     1
 40
0.0
176
     1
 40
1.0
176
     1
 90
        0
176
     1
 62
    18
420
        0
176
     1
 90
       50
176
     1
 90
        3
176
     1
 62
     5
420
      255
176
     1
290
     0
176
     1
 90
       50
176
     1
 90
       50
176
     1
 90
       50
176
     1
290
     0
176
     1
 90
       50
176
     1
 62
   256
176
     0
 40
1.0
176
     0
 90
        0
176
     1
  1
strokes_ogs.tif
176
     1
290
     0
176
     1
 40
1.0
176
     1
 40
1.0
176
     1
  0
VISUALSTYLE
  5
191
102
{ACAD_REACTORS
330
17F
102
}
330
17F
100
AcDbVisualStyle
  2
Sketchy
 70
    24
177
     3
291
     0
 70
    58
 90
        1
176
     1
 90
        2
176
     1
 90
        2
176
     1
 90
        0
176
     1
 40
0.6
176
     1
 40
30.0
176
     1
 62
     7
420
 16777215
176
     1
 90
        2
176
     1
 90
        2
176
     1
 62
     7
176
     1
 62
     7
176
     1
 90
        1
176
     1
 90
        1
176
     1
 40
40.0
176
     1
 90
       11
176
     1
 62
     7
176
     1
 40
1.0
176
     1
 90
        1
176
     1
 90
        6
176
     1
 90
        2
176
     1
 62
     7
176
     1
 90
        6
176
     1
 90
        0
176
     1
 90
        0
176
     1
290
     0
176
     1
 90
        1
176
     1
 40
0.0
176
     1
 90
        0
176
     1
290
     0
176
     1
290
     1
176
     1
290
     1
176
     1
290
     0
176
     1
290
     0
176
     1
290
     0
176
     1
290
     0
176
     1
290
     0
176
     1
290
     0
176
     1
 90
       50
176
     1
 40
0.0
176
     1
 40
1.0
176
     1
 90
        0
176
     1
 62
    18
420
        0
176
     1
 90
       50
176
     1
 90
        3
176
     1
 62
     5
420
      255
176
     1
290
     0
176
     1
 90
       50
176
     1
 90
       50
176
     1
 90
       50
176
     1
290
     0
176
     1
 90
       50
176
     1
 62
   256
176
     0
 40
1.0
176
     0
 90
        0
176
     1
  1
strokes_ogs.tif
176
     1
290
     0
176
     1
 40
1.0
176
     1
 40
1.0
176
     1
  0
VISUALSTYLE
  5
18C
102
{ACAD_REACTORS
330
17F
102
}
330
17F
100
AcDbVisualStyle
  2
Thicken
 70
    13
177
     3
291
     1
 70
    58
 90
        2
176
     1
 90
        2
176
     1
 90
        0
176
     1
 90
        0
176
     1
 40
0.6
176
     1
 40
30.0
176
     1
 62
     7
420
 16777215
176
     1
 90
        1
176
     1
 90
        4
176
     1
 62
     7
176
     1
 62
   257
176
     1
 90
        1
176
     1
 90
        1
176
     1
 40
1.0
176
     1
 90
       12
176
     1
 62
     7
176
     1
 40
1.0
176
     1
 90
        1
176
     1
 90
        6
176
     1
 90
        2
176
     1
 62
     7
176
     1
 90
        5
176
     1
 90
        0
176
     1
 90
        0
176
     1
290
     0
176
     1
 90
        1
176
     1
 40
0.0
176
     1
 90
        0
176
     1
290
     0
176
     1
290
     1
176
     1
290
     1
176
     1
290
     0
176
     1
290
     0
176
     1
290
     0
176
     1
290
     0
176
     1
290
     0
176
     1
290
     0
176
     1
 90
       50
176
     1
 40
0.0
176
     1
 40
1.0
176
     1
 90
        0
176
     1
 62
    18
420
        0
176
     1
 90
       50
176
     1
 90
        3
176
     1
 62
     5
420
      255
176
     1
290
     0
176
     1
 90
       50
176
     1
 90
       50
176
     1
 90
       50
176
     1
290
     0
176
     1
 90
       50
176
     1
 62
   256
176
     0
 40
1.0
176
     0
 90
        0
176
     1
  1
strokes_ogs.tif
176
     1
290
     0
176
     1
 40
1.0
176
     1
 40
1.0
176
     1
  0
VISUALSTYLE
  5
186
102
{ACAD_REACTORS
330
17F
102
}
330
17F
100
AcDbVisualStyle
  2
Wireframe
 70
     5
177
     3
291
     0
 70
    58
 90
        0
176
     1
 90
        2
176
     1
 90
        0
176
     1
 90
        0
176
     1
 40
0.6
176
     1
 40
30.0
176
     1
 62
     7
420
 16777215
176
     1
 90
        1
176
     1
 90
        4
176
     1
 62
     7
176
     1
 62
   257
176
     1
 90
        1
176
     1
 90
        1
176
     1
 40
1.0
176
     1
 90
        0
176
     1
 62
   257
176
     1
 40
1.0
176
     1
 90
        1
176
     1
 90
        6
176
     1
 90
        2
176
     1
 62
     7
176
     1
 90
        3
176
     1
 90
        0
176
     1
 90
        0
176
     1
290
     0
176
     1
 90
        1
176
     1
 40
0.0
176
     1
 90
        0
176
     1
290
     0
176
     1
290
     1
176
     1
290
     1
176
     1
290
     0
176
     1
290
     0
176
     1
290
     0
176
     1
290
     0
176
     1
290
     0
176
     1
290
     0
176
     1
 90
       50
176
     1
 40
0.0
176
     1
 40
1.0
176
     1
 90
        0
176
     1
 62
    18
420
        0
176
     1
 90
       50
176
     1
 90
        3
176
     1
 62
     5
420
      255
176
     1
290
     0
176
     1
 90
       50
176
     1
 90
       50
176
     1
 90
       50
176
     1
290
     0
176
     1
 90
       50
176
     1
 62
   256
176
     0
 40
1.0
176
     0
 90
        0
176
     1
  1
strokes_ogs.tif
176
     1
290
     0
176
     1
 40
1.0
176
     1
 40
1.0
176
     1
  0
VISUALSTYLE
  5
192
102
{ACAD_REACTORS
330
17F
102
}
330
17F
100
AcDbVisualStyle
  2
X-Ray
 70
    25
177
     3
291
     0
 70
    58
 90
        2
176
     1
 90
        2
176
     1
 90
        1
176
     1
 90
        1
176
     1
 40
0.5
176
     1
 40
30.0
176
     1
 62
     7
420
 16777215
176
     1
 90
        1
176
     1
 90
        0
176
     1
 62
     7
176
     1
 62
   257
176
     1
 90
        1
176
     1
 90
        1
176
     1
 40
1.0
176
     1
 90
        8
176
     1
 62
     7
176
     1
 40
1.0
176
     1
 90
        1
176
     1
 90
        6
176
     1
 90
        2
176
     1
 62
     7
176
     1
 90
        3
176
     1
 90
        0
176
     1
 90
        0
176
     1
290
     0
176
     1
 90
       13
176
     1
 40
0.0
176
     1
 90
        0
176
     1
290
     0
176
     1
290
     1
176
     1
290
     1
176
     1
290
     0
176
     1
290
     0
176
     1
290
     0
176
     1
290
     0
176
     1
290
     0
176
     1
290
     0
176
     1
 90
       50
176
     1
 40
0.0
176
     1
 40
1.0
176
     1
 90
        0
176
     1
 62
    18
420
        0
176
     1
 90
       50
176
     1
 90
        3
176
     1
 62
     5
420
      255
176
     1
290
     0
176
     1
 90
       50
176
     1
 90
       50
176
     1
 90
       50
176
     1
290
     0
176
     1
 90
       50
176
     1
 62
   256
176
     0
 40
1.0
176
     0
 90
        0
176
     1
  1
strokes_ogs.tif
176
     1
290
     0
176
     1
 40
1.0
176
     1
 40
1.0
176
     1
  0
DICTIONARYVAR
  5
65C
102
{ACAD_REACTORS
330
65B
102
}
330
65B
100
DictionaryVariables
280
     0
  1
0.300000
  0
DICTIONARYVAR
  5
65D
102
{ACAD_REACTORS
330
65B
102
}
330
65B
100
DictionaryVariables
280
     0
  1
1
  0
DICTIONARYVAR
  5
65E
102
{ACAD_REACTORS
330
65B
102
}
330
65B
100
DictionaryVariables
280
     0
  1
1:1
  0
DICTIONARYVAR
  5
65F
102
{ACAD_REACTORS
330
65B
102
}
330
65B
100
DictionaryVariables
280
     0
  1
0.120000
  0
DICTIONARYVAR
  5
660
102
{ACAD_REACTORS
330
65B
102
}
330
65B
100
DictionaryVariables
280
     0
  1
zwcad.lin
  0
DICTIONARYVAR
  5
661
102
{ACAD_REACTORS
330
65B
102
}
330
65B
100
DictionaryVariables
280
     0
  1
0
  0
DICTIONARYVAR
  5
662
102
{ACAD_REACTORS
330
65B
102
}
330
65B
100
DictionaryVariables
280
     0
  1
STANDARD
  0
DICTIONARYVAR
  5
663
102
{ACAD_REACTORS
330
65B
102
}
330
65B
100
DictionaryVariables
280
     0
  1
STANDARD
  0
DICTIONARYVAR
  5
664
102
{ACAD_REACTORS
330
65B
102
}
330
65B
100
DictionaryVariables
280
     0
  1
Metric50
  0
DICTIONARYVAR
  5
665
102
{ACAD_REACTORS
330
65B
102
}
330
65B
100
DictionaryVariables
280
     0
  1
1
  0
DICTIONARYVAR
  5
666
102
{ACAD_REACTORS
330
65B
102
}
330
65B
100
DictionaryVariables
280
     0
  1
0
  0
DICTIONARYVAR
  5
667
102
{ACAD_REACTORS
330
65B
102
}
330
65B
100
DictionaryVariables
280
     0
  1
2
  0
DICTIONARYVAR
  5
668
102
{ACAD_REACTORS
330
65B
102
}
330
65B
100
DictionaryVariables
280
     0
  1
969_Cotas
  0
DICTIONARYVAR
  5
669
102
{ACAD_REACTORS
330
65B
102
}
330
65B
100
DictionaryVariables
280
     0
  1
1
  0
DICTIONARYVAR
  5
66A
102
{ACAD_REACTORS
330
65B
102
}
330
65B
100
DictionaryVariables
280
     0
  1
1
  0
DICTIONARYVAR
  5
66B
102
{ACAD_REACTORS
330
65B
102
}
330
65B
100
DictionaryVariables
280
     0
  1
1
  0
DICTIONARYVAR
  5
66C
102
{ACAD_REACTORS
330
65B
102
}
330
65B
100
DictionaryVariables
280
     0
  1
RGB:135,135,135
  0
DICTIONARYVAR
  5
66D
102
{ACAD_REACTORS
330
65B
102
}
330
65B
100
DictionaryVariables
280
     0
  1
0
  0
DICTIONARYVAR
  5
66E
102
{ACAD_REACTORS
330
65B
102
}
330
65B
100
DictionaryVariables
280
     0
  1
0.000000;0.000000
  0
DICTIONARYVAR
  5
66F
102
{ACAD_REACTORS
330
65B
102
}
330
65B
100
DictionaryVariables
280
     0
  1
.
  0
DICTIONARYVAR
  5
670
102
{ACAD_REACTORS
330
65B
102
}
330
65B
100
DictionaryVariables
280
     0
  1
0
  0
DICTIONARYVAR
  5
671
102
{ACAD_REACTORS
330
65B
102
}
330
65B
100
DictionaryVariables
280
     0
  1
0
  0
DICTIONARYVAR
  5
672
102
{ACAD_REACTORS
330
65B
102
}
330
65B
100
DictionaryVariables
280
     0
  1
0
  0
DICTIONARYVAR
  5
673
102
{ACAD_REACTORS
330
65B
102
}
330
65B
100
DictionaryVariables
280
     0
  1
2
  0
DICTIONARYVAR
  5
674
102
{ACAD_REACTORS
330
65B
102
}
330
65B
100
DictionaryVariables
280
     0
  1
1.000000
  0
DICTIONARYVAR
  5
675
102
{ACAD_REACTORS
330
65B
102
}
330
65B
100
DictionaryVariables
280
     0
  1
1
  0
DICTIONARYVAR
  5
676
102
{ACAD_REACTORS
330
65B
102
}
330
65B
100
DictionaryVariables
280
     0
  1
2
  0
DICTIONARYVAR
  5
677
102
{ACAD_REACTORS
330
65B
102
}
330
65B
100
DictionaryVariables
280
     0
  1
1
  0
DICTIONARYVAR
  5
678
102
{ACAD_REACTORS
330
65B
102
}
330
65B
100
DictionaryVariables
280
     0
  1
0.050000
  0
DICTIONARYVAR
  5
679
102
{ACAD_REACTORS
330
65B
102
}
330
65B
100
DictionaryVariables
280
     0
  1
0
  0
DICTIONARYVAR
  5
67A
102
{ACAD_REACTORS
330
65B
102
}
330
65B
100
DictionaryVariables
280
     0
  1
127
  0
ACDBASSOCNETWORK
  5
4BC
102
{ACAD_REACTORS
330
4BB
102
}
330
4BB
100
AcDbAssocAction
 90
        2
 90
        0
330
398
360
0
 90
        4
 90
        0
 90
        0
 90
        0
 90
        0
 90
        0
 90
        0
100
AcDbAssocNetwork
 90
        0
 90
       11
 90
        4
360
80F
360
817
360
81F
360
8E6
 90
        0
  0
DICTIONARY
  5
23A
330
93
100
AcDbDictionary
280
     1
281
     1
  3
ACAD_ROUNDTRIP_2008_TABLESTYLE_CELLSTYLEMAP
360
92C
  0
ACDBASSOCACTION
  5
80F
330
4BC
100
AcDbAssocAction
 90
        2
 90
        0
330
4BC
360
810
 90
        7
 90
        3
 90
        3
360
811
360
812
360
813
 90
        0
 90
        3
360
814
360
815
360
816
 90
        0
 90
        9
 90
        0
  1
AlignItems
 90
        0
 90
        1
 90
        0
330
0
330
0
 90
        0
  1
AxesAngle
 90
        2
 90
        1
 40
1.570796326794896
330
0
330
0
 90
        0
  1
ItemSpacing
 90
        1
 90
        1
 40
1.0
330
0
330
0
 90
        0
  1
Items
 90
        0
 90
        1
 90
       12
330
0
330
0
 90
        0
  1
LevelSpacing
 90
        1
 90
        1
 40
0.047954536457155
330
0
330
0
 90
        0
  1
Levels
 90
        0
 90
        1
 90
        1
330
0
330
0
 90
        0
  1
RowElevation
 90
        1
 90
        1
 40
0.0
330
0
330
0
 90
        0
  1
RowSpacing
 90
        1
 90
        1
 40
0.047954536457155
330
0
330
0
 90
        0
  1
Rows
 90
        0
 90
        1
 90
        1
330
0
330
0
  0
ACDBASSOCACTION
  5
817
330
4BC
100
AcDbAssocAction
 90
        2
 90
        0
330
4BC
360
818
 90
        8
 90
        3
 90
        3
360
819
360
81A
360
81B
 90
        0
 90
        3
360
81C
360
81D
360
81E
 90
        0
 90
        9
 90
        0
  1
AlignItems
 90
        0
 90
        1
 90
        0
330
0
330
0
 90
        0
  1
AxesAngle
 90
        2
 90
        1
 40
1.570796326794896
330
0
330
0
 90
        0
  1
ItemSpacing
 90
        1
 90
        1
 40
1.0
330
0
330
0
 90
        0
  1
Items
 90
        0
 90
        1
 90
       12
330
0
330
0
 90
        0
  1
LevelSpacing
 90
        1
 90
        1
 40
0.047954536457155
330
0
330
0
 90
        0
  1
Levels
 90
        0
 90
        1
 90
        1
330
0
330
0
 90
        0
  1
RowElevation
 90
        1
 90
        1
 40
0.0
330
0
330
0
 90
        0
  1
RowSpacing
 90
        1
 90
        1
 40
0.047954536457155
330
0
330
0
 90
        0
  1
Rows
 90
        0
 90
        1
 90
        1
330
0
330
0
  0
ACDBASSOCACTION
  5
81F
330
4BC
100
AcDbAssocAction
 90
        2
 90
        0
330
4BC
360
820
 90
        9
 90
        3
 90
        3
360
821
360
822
360
823
 90
        0
 90
        3
360
824
360
825
360
826
 90
        0
 90
        9
 90
        0
  1
AlignItems
 90
        0
 90
        1
 90
        0
330
0
330
0
 90
        0
  1
AxesAngle
 90
        2
 90
        1
 40
1.570796326794896
330
0
330
0
 90
        0
  1
ItemSpacing
 90
        1
 90
        1
 40
1.1
330
0
330
0
 90
        0
  1
Items
 90
        0
 90
        1
 90
        6
330
0
330
0
 90
        0
  1
LevelSpacing
 90
        1
 90
        1
 40
0.047954536457155
330
0
330
0
 90
        0
  1
Levels
 90
        0
 90
        1
 90
        1
330
0
330
0
 90
        0
  1
RowElevation
 90
        1
 90
        1
 40
0.0
330
0
330
0
 90
        0
  1
RowSpacing
 90
        1
 90
        1
 40
0.047954536457155
330
0
330
0
 90
        0
  1
Rows
 90
        0
 90
        1
 90
        1
330
0
330
0
  0
ACDBASSOCACTION
  5
8E6
330
4BC
100
AcDbAssocAction
 90
        2
 90
        0
330
4BC
360
8E7
 90
       11
 90
        3
 90
        3
360
8E8
360
8E9
360
8EA
 90
        0
 90
        3
360
8EB
360
8EC
360
8ED
 90
        0
 90
        9
 90
        0
  1
AlignItems
 90
        0
 90
        1
 90
        0
330
0
330
0
 90
        0
  1
AxesAngle
 90
        2
 90
        1
 40
1.570796326794896
330
0
330
0
 90
        0
  1
ItemSpacing
 90
        1
 90
        1
 40
1.1
330
0
330
0
 90
        0
  1
Items
 90
        0
 90
        1
 90
        6
330
0
330
0
 90
        0
  1
LevelSpacing
 90
        1
 90
        1
 40
0.047954536457155
330
0
330
0
 90
        0
  1
Levels
 90
        0
 90
        1
 90
        1
330
0
330
0
 90
        0
  1
RowElevation
 90
        1
 90
        1
 40
0.0
330
0
330
0
 90
        0
  1
RowSpacing
 90
        1
 90
        1
 40
0.047954536457155
330
0
330
0
 90
        0
  1
Rows
 90
        0
 90
        1
 90
        1
330
0
330
0
  0
CELLSTYLEMAP
  5
92C
102
{ACAD_REACTORS
330
23A
102
}
330
23A
100
AcDbCellStyleMap
 90
        3
300
CELLSTYLE
  1
TABLEFORMAT_BEGIN
 90
        5
170
     1
 91
        0
 92
    32768
 62
   257
 93
        1
300
CONTENTFORMAT
  1
CONTENTFORMAT_BEGIN
 90
        0
 91
        0
 92
      512
 93
        0
300

 40
0.0
140
1.0
 94
        5
 62
     0
340
11
144
6.0
309
CONTENTFORMAT_END
171
     1
301
MARGIN
  1
CELLMARGIN_BEGIN
 40
1.5
 40
1.5
 40
0.06
 40
0.06
 40
0.18
 40
0.18
309
CELLMARGIN_END
 94
        6
 95
        1
302
GRIDFORMAT
  1
GRIDFORMAT_BEGIN
 90
        0
 91
        1
 62
     0
 92
       -2
340
0
 93
        0
 40
0.045
309
GRIDFORMAT_END
 95
        2
302
GRIDFORMAT
  1
GRIDFORMAT_BEGIN
 90
        0
 91
        1
 62
     0
 92
       -2
340
0
 93
        0
 40
0.045
309
GRIDFORMAT_END
 95
        4
302
GRIDFORMAT
  1
GRIDFORMAT_BEGIN
 90
        0
 91
        1
 62
     0
 92
       -2
340
0
 93
        0
 40
0.045
309
GRIDFORMAT_END
 95
        8
302
GRIDFORMAT
  1
GRIDFORMAT_BEGIN
 90
        0
 91
        1
 62
     0
 92
       -2
340
0
 93
        0
 40
0.045
309
GRIDFORMAT_END
 95
       16
302
GRIDFORMAT
  1
GRIDFORMAT_BEGIN
 90
        0
 91
        1
 62
     0
 92
       -2
340
0
 93
        0
 40
0.045
309
GRIDFORMAT_END
 95
       32
302
GRIDFORMAT
  1
GRIDFORMAT_BEGIN
 90
        0
 91
        1
 62
     0
 92
       -2
340
0
 93
        0
 40
0.045
309
GRIDFORMAT_END
309
TABLEFORMAT_END
  1
CELLSTYLE_BEGIN
 90
        1
 91
        1
300
_TITLE
309
CELLSTYLE_END
300
CELLSTYLE
  1
TABLEFORMAT_BEGIN
 90
        5
170
     1
 91
        0
 92
        0
 62
   257
 93
        1
300
CONTENTFORMAT
  1
CONTENTFORMAT_BEGIN
 90
        0
 91
        0
 92
      512
 93
        0
300

 40
0.0
140
1.0
 94
        5
 62
     0
340
11
144
4.5
309
CONTENTFORMAT_END
171
     1
301
MARGIN
  1
CELLMARGIN_BEGIN
 40
1.5
 40
1.5
 40
0.06
 40
0.06
 40
0.18
 40
0.18
309
CELLMARGIN_END
 94
        6
 95
        1
302
GRIDFORMAT
  1
GRIDFORMAT_BEGIN
 90
        0
 91
        1
 62
     0
 92
       -2
340
0
 93
        0
 40
0.045
309
GRIDFORMAT_END
 95
        2
302
GRIDFORMAT
  1
GRIDFORMAT_BEGIN
 90
        0
 91
        1
 62
     0
 92
       -2
340
0
 93
        0
 40
0.045
309
GRIDFORMAT_END
 95
        4
302
GRIDFORMAT
  1
GRIDFORMAT_BEGIN
 90
        0
 91
        1
 62
     0
 92
       -2
340
0
 93
        0
 40
0.045
309
GRIDFORMAT_END
 95
        8
302
GRIDFORMAT
  1
GRIDFORMAT_BEGIN
 90
        0
 91
        1
 62
     0
 92
       -2
340
0
 93
        0
 40
0.045
309
GRIDFORMAT_END
 95
       16
302
GRIDFORMAT
  1
GRIDFORMAT_BEGIN
 90
        0
 91
        1
 62
     0
 92
       -2
340
0
 93
        0
 40
0.045
309
GRIDFORMAT_END
 95
       32
302
GRIDFORMAT
  1
GRIDFORMAT_BEGIN
 90
        0
 91
        1
 62
     0
 92
       -2
340
0
 93
        0
 40
0.045
309
GRIDFORMAT_END
309
TABLEFORMAT_END
  1
CELLSTYLE_BEGIN
 90
        2
 91
        1
300
_HEADER
309
CELLSTYLE_END
300
CELLSTYLE
  1
TABLEFORMAT_BEGIN
 90
        5
170
     1
 91
        0
 92
        0
 62
   257
 93
        1
300
CONTENTFORMAT
  1
CONTENTFORMAT_BEGIN
 90
        0
 91
        0
 92
      512
 93
        0
300

 40
0.0
140
1.0
 94
        2
 62
     0
340
11
144
4.5
309
CONTENTFORMAT_END
171
     1
301
MARGIN
  1
CELLMARGIN_BEGIN
 40
1.5
 40
1.5
 40
0.06
 40
0.06
 40
0.18
 40
0.18
309
CELLMARGIN_END
 94
        6
 95
        1
302
GRIDFORMAT
  1
GRIDFORMAT_BEGIN
 90
        0
 91
        1
 62
     0
 92
       -2
340
0
 93
        0
 40
0.045
309
GRIDFORMAT_END
 95
        2
302
GRIDFORMAT
  1
GRIDFORMAT_BEGIN
 90
        0
 91
        1
 62
     0
 92
       -2
340
0
 93
        0
 40
0.045
309
GRIDFORMAT_END
 95
        4
302
GRIDFORMAT
  1
GRIDFORMAT_BEGIN
 90
        0
 91
        1
 62
     0
 92
       -2
340
0
 93
        0
 40
0.045
309
GRIDFORMAT_END
 95
        8
302
GRIDFORMAT
  1
GRIDFORMAT_BEGIN
 90
        0
 91
        1
 62
     0
 92
       -2
340
0
 93
        0
 40
0.045
309
GRIDFORMAT_END
 95
       16
302
GRIDFORMAT
  1
GRIDFORMAT_BEGIN
 90
        0
 91
        1
 62
     0
 92
       -2
340
0
 93
        0
 40
0.045
309
GRIDFORMAT_END
 95
       32
302
GRIDFORMAT
  1
GRIDFORMAT_BEGIN
 90
        0
 91
        1
 62
     0
 92
       -2
340
0
 93
        0
 40
0.045
309
GRIDFORMAT_END
309
TABLEFORMAT_END
  1
CELLSTYLE_BEGIN
 90
        3
 91
        2
300
_DATA
309
CELLSTYLE_END
  0
ACDBASSOCARRAYACTIONBODY
  5
810
330
80F
100
AcDbAssocActionBody
 90
        2
100
AcDbAssocArrayActionBody
 90
        1
  1
AcDbAssocArrayRectangularParameters
 90
        0
 90
       12
  1
AcDbAssocArrayItem
100
AcDbAssocArrayItem
 90
        0
 90
        0
 90
        0
 90
        0
 90
        8
 11
0.0
 21
0.0
 31
0.0
330
7EF
100
AcDbAssocArrayItem
 90
        0
 90
        1
 90
        0
 90
        0
 90
        8
 11
1.0
 21
0.0
 31
0.0
330
7F0
100
AcDbAssocArrayItem
 90
        0
 90
        2
 90
        0
 90
        0
 90
        8
 11
2.0
 21
0.0
 31
0.0
330
7F1
100
AcDbAssocArrayItem
 90
        0
 90
        3
 90
        0
 90
        0
 90
        8
 11
3.0
 21
0.0
 31
0.0
330
7F2
100
AcDbAssocArrayItem
 90
        0
 90
        4
 90
        0
 90
        0
 90
        8
 11
4.0
 21
0.0
 31
0.0
330
7F3
100
AcDbAssocArrayItem
 90
        0
 90
        5
 90
        0
 90
        0
 90
        8
 11
5.0
 21
0.0
 31
0.0
330
7F4
100
AcDbAssocArrayItem
 90
        0
 90
        6
 90
        0
 90
        0
 90
        8
 11
6.0
 21
0.0
 31
0.0
330
7F5
100
AcDbAssocArrayItem
 90
        0
 90
        7
 90
        0
 90
        0
 90
        8
 11
7.0
 21
0.0
 31
0.0
330
7F6
100
AcDbAssocArrayItem
 90
        0
 90
        8
 90
        0
 90
        0
 90
        8
 11
8.0
 21
0.0
 31
0.0
330
7F7
100
AcDbAssocArrayItem
 90
        0
 90
        9
 90
        0
 90
        0
 90
        8
 11
9.0
 21
0.0
 31
0.0
330
7F8
100
AcDbAssocArrayItem
 90
        0
 90
       10
 90
        0
 90
        0
 90
        8
 11
10.0
 21
0.0
 31
0.0
330
7F9
100
AcDbAssocArrayItem
 90
        0
 90
       11
 90
        0
 90
        0
 90
        8
 11
11.0
 21
0.0
 31
0.0
330
7FA
 40
0.0000000000000001
 40
-1.0
 40
0.0
 40
5.966806914432737
 40
1.0
 40
0.0000000000000001
 40
0.0
 40
12.11027469243243
 40
0.0
 40
0.0
 40
1.0
 40
0.0
 40
0.0
 40
0.0
 40
0.0
 40
1.0
  0
ACDBASSOCDEPENDENCY
  5
811
330
80F
100
AcDbAssocDependency
 90
        2
 90
        0
290
     0
290
     1
290
     1
290
     1
 90
        0
330
7ED
290
     0
330
0
330
0
360
0
 90
        1
  0
ACDBASSOCDEPENDENCY
  5
812
330
80F
100
AcDbAssocDependency
 90
        2
 90
        0
290
     1
290
     0
290
     1
290
     1
 90
        0
330
7E9
290
     0
330
0
330
0
360
0
 90
        2
  0
ACDBASSOCDEPENDENCY
  5
813
330
80F
100
AcDbAssocDependency
 90
        2
 90
        0
290
     1
290
     1
290
     1
290
     1
 90
-2147483648
330
742
290
     0
330
0
330
0
360
0
 90
        3
  0
ACDBASSOCVERTEXACTIONPARAM
  5
814
330
80F
100
AcDbAssocActionParam
 90
        1
 90
        0
  1
BaseNormal
100
AcDbAssocSingleDependencyActionParam
 90
        0
330
0
100
AcDbAssocVertexActionParam
 90
        0
 10
0.0
 20
0.0
 30
1.0
  0
ACDBASSOCVERTEXACTIONPARAM
  5
815
330
80F
100
AcDbAssocActionParam
 90
        1
 90
        0
  1
Origin
100
AcDbAssocSingleDependencyActionParam
 90
        0
330
0
100
AcDbAssocVertexActionParam
 90
        0
 10
0.0
 20
0.0
 30
0.0
  0
ACDBASSOCVERTEXACTIONPARAM
  5
816
330
80F
100
AcDbAssocActionParam
 90
        1
 90
        0
  1
basePoint
100
AcDbAssocSingleDependencyActionParam
 90
        0
330
0
100
AcDbAssocVertexActionParam
 90
        0
 10
0.0
 20
0.0
 30
0.0
  0
ACDBASSOCARRAYACTIONBODY
  5
818
330
817
100
AcDbAssocActionBody
 90
        2
100
AcDbAssocArrayActionBody
 90
        1
  1
AcDbAssocArrayRectangularParameters
 90
        0
 90
       12
  1
AcDbAssocArrayItem
100
AcDbAssocArrayItem
 90
        0
 90
        0
 90
        0
 90
        0
 90
        8
 11
0.0
 21
0.0
 31
0.0
330
802
100
AcDbAssocArrayItem
 90
        0
 90
        1
 90
        0
 90
        0
 90
        8
 11
1.0
 21
0.0
 31
0.0
330
803
100
AcDbAssocArrayItem
 90
        0
 90
        2
 90
        0
 90
        0
 90
        8
 11
2.0
 21
0.0
 31
0.0
330
804
100
AcDbAssocArrayItem
 90
        0
 90
        3
 90
        0
 90
        0
 90
        8
 11
3.0
 21
0.0
 31
0.0
330
805
100
AcDbAssocArrayItem
 90
        0
 90
        4
 90
        0
 90
        0
 90
        8
 11
4.0
 21
0.0
 31
0.0
330
806
100
AcDbAssocArrayItem
 90
        0
 90
        5
 90
        0
 90
        0
 90
        8
 11
5.0
 21
0.0
 31
0.0
330
807
100
AcDbAssocArrayItem
 90
        0
 90
        6
 90
        0
 90
        0
 90
        8
 11
6.0
 21
0.0
 31
0.0
330
808
100
AcDbAssocArrayItem
 90
        0
 90
        7
 90
        0
 90
        0
 90
        8
 11
7.0
 21
0.0
 31
0.0
330
809
100
AcDbAssocArrayItem
 90
        0
 90
        8
 90
        0
 90
        0
 90
        8
 11
8.0
 21
0.0
 31
0.0
330
80A
100
AcDbAssocArrayItem
 90
        0
 90
        9
 90
        0
 90
        0
 90
        8
 11
9.0
 21
0.0
 31
0.0
330
80B
100
AcDbAssocArrayItem
 90
        0
 90
       10
 90
        0
 90
        0
 90
        8
 11
10.0
 21
0.0
 31
0.0
330
80C
100
AcDbAssocArrayItem
 90
        0
 90
       11
 90
        0
 90
        0
 90
        8
 11
11.0
 21
0.0
 31
0.0
330
80D
 40
0.0000000000000001
 40
-1.0
 40
0.0
 40
7.129322191066449
 40
1.0
 40
0.0000000000000001
 40
0.0
 40
12.1177529854366
 40
0.0
 40
0.0
 40
1.0
 40
0.0
 40
0.0
 40
0.0
 40
0.0
 40
1.0
  0
ACDBASSOCDEPENDENCY
  5
819
330
817
100
AcDbAssocDependency
 90
        2
 90
        0
290
     0
290
     1
290
     1
290
     1
 90
        0
330
800
290
     0
330
0
330
0
360
0
 90
        1
  0
ACDBASSOCDEPENDENCY
  5
81A
330
817
100
AcDbAssocDependency
 90
        2
 90
        0
290
     1
290
     0
290
     1
290
     1
 90
        0
330
7FC
290
     0
330
0
330
0
360
0
 90
        2
  0
ACDBASSOCDEPENDENCY
  5
81B
330
817
100
AcDbAssocDependency
 90
        2
 90
        0
290
     1
290
     1
290
     1
290
     1
 90
-2147483648
330
743
290
     0
330
0
330
0
360
0
 90
        3
  0
ACDBASSOCVERTEXACTIONPARAM
  5
81C
330
817
100
AcDbAssocActionParam
 90
        1
 90
        0
  1
BaseNormal
100
AcDbAssocSingleDependencyActionParam
 90
        0
330
0
100
AcDbAssocVertexActionParam
 90
        0
 10
0.0
 20
0.0
 30
1.0
  0
ACDBASSOCVERTEXACTIONPARAM
  5
81D
330
817
100
AcDbAssocActionParam
 90
        1
 90
        0
  1
Origin
100
AcDbAssocSingleDependencyActionParam
 90
        0
330
0
100
AcDbAssocVertexActionParam
 90
        0
 10
0.0
 20
0.0
 30
0.0
  0
ACDBASSOCVERTEXACTIONPARAM
  5
81E
330
817
100
AcDbAssocActionParam
 90
        1
 90
        0
  1
basePoint
100
AcDbAssocSingleDependencyActionParam
 90
        0
330
0
100
AcDbAssocVertexActionParam
 90
        0
 10
0.0
 20
0.0
 30
0.0
  0
ACDBASSOCARRAYACTIONBODY
  5
820
330
81F
100
AcDbAssocActionBody
 90
        2
100
AcDbAssocArrayActionBody
 90
        1
  1
AcDbAssocArrayRectangularParameters
 90
        0
 90
        6
  1
AcDbAssocArrayItem
100
AcDbAssocArrayItem
 90
        0
 90
        0
 90
        0
 90
        0
 90
        8
 11
0.0
 21
0.0
 31
0.0
330
7E3
100
AcDbAssocArrayItem
 90
        0
 90
        1
 90
        0
 90
        0
 90
        8
 11
1.1
 21
0.0
 31
0.0
330
7E4
100
AcDbAssocArrayItem
 90
        0
 90
        2
 90
        0
 90
        0
 90
        8
 11
2.2
 21
0.0
 31
0.0
330
7E5
100
AcDbAssocArrayItem
 90
        0
 90
        3
 90
        0
 90
        0
 90
        8
 11
3.299999999999998
 21
0.0
 31
0.0
330
7E6
100
AcDbAssocArrayItem
 90
        0
 90
        4
 90
        0
 90
        0
 90
        8
 11
4.4
 21
0.0
 31
0.0
330
7E7
100
AcDbAssocArrayItem
 90
        0
 90
        5
 90
        0
 90
        0
 90
        8
 11
5.5
 21
0.0
 31
0.0
330
8CE
 40
1.0
 40
0.0
 40
0.0
 40
4.424058066122867
 40
0.0
 40
1.0
 40
0.0
 40
9.367454518616918
 40
0.0
 40
0.0
 40
1.0
 40
0.0
 40
0.0
 40
0.0
 40
0.0
 40
1.0
  0
ACDBASSOCDEPENDENCY
  5
821
330
81F
100
AcDbAssocDependency
 90
        2
 90
        0
290
     0
290
     1
290
     1
290
     1
 90
        0
330
7E1
290
     0
330
0
330
0
360
0
 90
        1
  0
ACDBASSOCDEPENDENCY
  5
822
330
81F
100
AcDbAssocDependency
 90
        2
 90
        0
290
     1
290
     0
290
     1
290
     1
 90
        0
330
7D9
290
     0
330
0
330
0
360
0
 90
        2
  0
ACDBASSOCDEPENDENCY
  5
823
330
81F
100
AcDbAssocDependency
 90
        2
 90
        0
290
     1
290
     1
290
     1
290
     1
 90
-2147483648
330
766
290
     0
330
0
330
0
360
0
 90
        3
  0
ACDBASSOCVERTEXACTIONPARAM
  5
824
330
81F
100
AcDbAssocActionParam
 90
        1
 90
        0
  1
BaseNormal
100
AcDbAssocSingleDependencyActionParam
 90
        0
330
0
100
AcDbAssocVertexActionParam
 90
        0
 10
0.0
 20
0.0
 30
1.0
  0
ACDBASSOCVERTEXACTIONPARAM
  5
825
330
81F
100
AcDbAssocActionParam
 90
        1
 90
        0
  1
Origin
100
AcDbAssocSingleDependencyActionParam
 90
        0
330
0
100
AcDbAssocVertexActionParam
 90
        0
 10
0.0
 20
0.0
 30
0.0
  0
ACDBASSOCVERTEXACTIONPARAM
  5
826
330
81F
100
AcDbAssocActionParam
 90
        1
 90
        0
  1
basePoint
100
AcDbAssocSingleDependencyActionParam
 90
        0
330
0
100
AcDbAssocVertexActionParam
 90
        0
 10
0.0
 20
0.0
 30
0.0
  0
ACDBASSOCARRAYACTIONBODY
  5
8E7
330
8E6
100
AcDbAssocActionBody
 90
        2
100
AcDbAssocArrayActionBody
 90
        1
  1
AcDbAssocArrayRectangularParameters
 90
        0
 90
        6
  1
AcDbAssocArrayItem
100
AcDbAssocArrayItem
 90
        0
 90
        0
 90
        0
 90
        0
 90
        8
 11
0.0
 21
0.0
 31
0.0
330
8DF
100
AcDbAssocArrayItem
 90
        0
 90
        1
 90
        0
 90
        0
 90
        8
 11
1.1
 21
0.0
 31
0.0
330
8E0
100
AcDbAssocArrayItem
 90
        0
 90
        2
 90
        0
 90
        0
 90
        8
 11
2.2
 21
0.0
 31
0.0
330
8E1
100
AcDbAssocArrayItem
 90
        0
 90
        3
 90
        0
 90
        0
 90
        8
 11
3.299999999999998
 21
0.0
 31
0.0
330
8E2
100
AcDbAssocArrayItem
 90
        0
 90
        4
 90
        0
 90
        0
 90
        8
 11
4.4
 21
0.0
 31
0.0
330
8E3
100
AcDbAssocArrayItem
 90
        0
 90
        5
 90
        0
 90
        0
 90
        8
 11
5.5
 21
0.0
 31
0.0
330
8E4
 40
1.0
 40
-0.0000000000000001
 40
0.0
 40
4.54099455277926
 40
-0.0000000000000001
 40
-1.0
 40
0.0
 40
11.38726200731399
 40
0.0
 40
0.0
 40
1.0
 40
0.0
 40
0.0
 40
0.0
 40
0.0
 40
1.0
  0
ACDBASSOCDEPENDENCY
  5
8E8
330
8E6
100
AcDbAssocDependency
 90
        2
 90
        0
290
     0
290
     1
290
     1
290
     1
 90
        0
330
8DD
290
     0
330
0
330
0
360
0
 90
        1
  0
ACDBASSOCDEPENDENCY
  5
8E9
330
8E6
100
AcDbAssocDependency
 90
        2
 90
        0
290
     1
290
     0
290
     1
290
     1
 90
        0
330
8D5
290
     0
330
0
330
0
360
0
 90
        2
  0
ACDBASSOCDEPENDENCY
  5
8EA
330
8E6
100
AcDbAssocDependency
 90
        2
 90
        0
290
     1
290
     1
290
     1
290
     1
 90
-2147483648
330
8D2
290
     0
330
0
330
0
360
0
 90
        3
  0
ACDBASSOCVERTEXACTIONPARAM
  5
8EB
330
8E6
100
AcDbAssocActionParam
 90
        1
 90
        0
  1
BaseNormal
100
AcDbAssocSingleDependencyActionParam
 90
        0
330
0
100
AcDbAssocVertexActionParam
 90
        0
 10
0.0
 20
0.0
 30
1.0
  0
ACDBASSOCVERTEXACTIONPARAM
  5
8EC
330
8E6
100
AcDbAssocActionParam
 90
        1
 90
        0
  1
Origin
100
AcDbAssocSingleDependencyActionParam
 90
        0
330
0
100
AcDbAssocVertexActionParam
 90
        0
 10
0.0
 20
0.0
 30
0.0
  0
ACDBASSOCVERTEXACTIONPARAM
  5
8ED
330
8E6
100
AcDbAssocActionParam
 90
        1
 90
        0
  1
basePoint
100
AcDbAssocSingleDependencyActionParam
 90
        0
330
0
100
AcDbAssocVertexActionParam
 90
        0
 10
0.0
 20
0.0
 30
0.0
  0
ENDSEC
  0
SECTION
  2
ACDSDATA
 70
     2
 71
     2
  0
ACDSSCHEMA
 90
        0
  1
AcDb_Thumbnail_Schema
  2
AcDbDs::ID
280
    10
 91
        0
  2
Thumbnail_Data
280
    15
 91
        0
101
ACDSRECORD
 95
        0
 90
        2
  2
AcDbDs::TreatedAsObjectData
280
     1
291
     1
101
ACDSRECORD
 95
        0
 90
        3
  2
AcDbDs::Legacy
280
     1
291
     1
101
ACDSRECORD
  1
AcDbDs::ID
 90
        4
  2
AcDs:Indexable
280
     1
291
     1
101
ACDSRECORD
  1
AcDbDs::ID
 90
        5
  2
AcDbDs::HandleAttribute
280
     7
282
     1
  0
ACDSSCHEMA
 90
        1
  1
AcDb3DSolid_ASM_Data
  2
AcDbDs::ID
280
    10
 91
        0
  2
ASM_Data
280
    15
 91
        0
101
ACDSRECORD
 95
        1
 90
        2
  2
AcDbDs::TreatedAsObjectData
280
     1
291
     1
101
ACDSRECORD
 95
        1
 90
        3
  2
AcDbDs::Legacy
280
     1
291
     1
101
ACDSRECORD
  1
AcDbDs::ID
 90
        4
  2
AcDs:Indexable
280
     1
291
     1
101
ACDSRECORD
  1
AcDbDs::ID
 90
        5
  2
AcDbDs::HandleAttribute
280
     7
282
     1
  0
ACDSSCHEMA
 90
        2
  1
AcDbDs::TreatedAsObjectDataSchema
  2
AcDbDs::TreatedAsObjectData
280
     1
 91
        0
  0
ACDSSCHEMA
 90
        3
  1
AcDbDs::LegacySchema
  2
AcDbDs::Legacy
280
     1
 91
        0
  0
ACDSSCHEMA
 90
        4
  1
AcDbDs::IndexedPropertySchema
  2
AcDs:Indexable
280
     1
 91
        0
  0
ACDSSCHEMA
 90
        5
  1
AcDbDs::HandleAttributeSchema
  2
AcDbDs::HandleAttribute
280
     7
 91
        8
  0
ENDSEC
  0
EOF
