  0
SECTION
  2
HEADER
  9
$ACADVER
  1
AC1032
  9
$ACADMAINTVER
 90
        4
  9
$DWGCODEPAGE
  3
ANSI_1252
  9
$LASTSAVEDBY
  1
javie
  9
$REQUIREDVERSIONS
160
                 0
  9
$INSBASE
 10
0.0
 20
0.0
 30
0.0
  9
$EXTMIN
 10
0.9892477723045161
 20
0.3184879018701849
 30
0.0
  9
$EXTMAX
 10
74.12349193545378
 20
24.93922139299785
 30
0.0000000315809277
  9
$LIMMIN
 10
0.0
 20
0.0
  9
$LIMMAX
 10
420.0
 20
297.0
  9
$ORTHOMODE
 70
     0
  9
$REGENMODE
 70
     1
  9
$FILLMODE
 70
     1
  9
$QTEXTMODE
 70
     0
  9
$MIRRTEXT
 70
     1
  9
$LTSCALE
 40
1.0
  9
$ATTMODE
 70
     1
  9
$TEXTSIZE
 40
2.5
  9
$TRACEWID
 40
1.0
  9
$TEXTSTYLE
  7
Standard
  9
$CLAYER
  8
0
  9
$CELTYPE
  6
ByLayer
  9
$CECOLOR
 62
   256
  9
$CELTSCALE
 40
1.0
  9
$DISPSILH
 70
     0
  9
$DIMSCALE
 40
1.0
  9
$DIMASZ
 40
2.5
  9
$DIMEXO
 40
0.625
  9
$DIMDLI
 40
3.75
  9
$DIMRND
 40
0.0
  9
$DIMDLE
 40
0.0
  9
$DIMEXE
 40
1.25
  9
$DIMTP
 40
0.0
  9
$DIMTM
 40
0.0
  9
$DIMTXT
 40
2.5
  9
$DIMCEN
 40
2.5
  9
$DIMTSZ
 40
0.0
  9
$DIMTOL
 70
     0
  9
$DIMLIM
 70
     0
  9
$DIMTIH
 70
     0
  9
$DIMTOH
 70
     0
  9
$DIMSE1
 70
     0
  9
$DIMSE2
 70
     0
  9
$DIMTAD
 70
     1
  9
$DIMZIN
 70
     8
  9
$DIMBLK
  1

  9
$DIMASO
 70
     1
  9
$DIMSHO
 70
     1
  9
$DIMPOST
  1

  9
$DIMAPOST
  1

  9
$DIMALT
 70
     0
  9
$DIMALTD
 70
     3
  9
$DIMALTF
 40
0.03937007874016
  9
$DIMLFAC
 40
1.0
  9
$DIMTOFL
 70
     1
  9
$DIMTVP
 40
0.0
  9
$DIMTIX
 70
     0
  9
$DIMSOXD
 70
     0
  9
$DIMSAH
 70
     0
  9
$DIMBLK1
  1

  9
$DIMBLK2
  1

  9
$DIMSTYLE
  2
ISO-25
  9
$DIMCLRD
 70
     0
  9
$DIMCLRE
 70
     0
  9
$DIMCLRT
 70
     0
  9
$DIMTFAC
 40
1.0
  9
$DIMGAP
 40
0.625
  9
$DIMJUST
 70
     0
  9
$DIMSD1
 70
     0
  9
$DIMSD2
 70
     0
  9
$DIMTOLJ
 70
     0
  9
$DIMTZIN
 70
     8
  9
$DIMALTZ
 70
     0
  9
$DIMALTTZ
 70
     0
  9
$DIMUPT
 70
     0
  9
$DIMDEC
 70
     2
  9
$DIMTDEC
 70
     2
  9
$DIMALTU
 70
     2
  9
$DIMALTTD
 70
     3
  9
$DIMTXSTY
  7
Standard
  9
$DIMAUNIT
 70
     0
  9
$DIMADEC
 70
     0
  9
$DIMALTRND
 40
0.0
  9
$DIMAZIN
 70
     0
  9
$DIMDSEP
 70
    44
  9
$DIMATFIT
 70
     3
  9
$DIMFRAC
 70
     0
  9
$DIMLDRBLK
  1

  9
$DIMLUNIT
 70
     2
  9
$DIMLWD
 70
    -2
  9
$DIMLWE
 70
    -2
  9
$DIMTMOVE
 70
     0
  9
$DIMFXL
 40
1.0
  9
$DIMFXLON
 70
     0
  9
$DIMJOGANG
 40
0.7853981633974483
  9
$DIMTFILL
 70
     0
  9
$DIMTFILLCLR
 70
     0
  9
$DIMARCSYM
 70
     0
  9
$DIMLTYPE
  6

  9
$DIMLTEX1
  6

  9
$DIMLTEX2
  6

  9
$DIMTXTDIRECTION
 70
     0
  9
$LUNITS
 70
     2
  9
$LUPREC
 70
     4
  9
$SKETCHINC
 40
1.0
  9
$FILLETRAD
 40
0.0
  9
$AUNITS
 70
     0
  9
$AUPREC
 70
     0
  9
$MENU
  1
.
  9
$ELEVATION
 40
0.0
  9
$PELEVATION
 40
0.0
  9
$THICKNESS
 40
0.0
  9
$LIMCHECK
 70
     0
  9
$CHAMFERA
 40
0.0
  9
$CHAMFERB
 40
0.0
  9
$CHAMFERC
 40
0.0
  9
$CHAMFERD
 40
0.0
  9
$SKPOLY
 70
     0
  9
$TDCREATE
 40
2461306.442412662
  9
$TDUCREATE
 40
2461306.359079329
  9
$TDUPDATE
 40
2461306.467518345
  9
$TDUUPDATE
 40
2461306.384185011
  9
$TDINDWG
 40
0.025106424
  9
$TDUSRTIMER
 40
0.025106088
  9
$USRTIMER
 70
     1
  9
$ANGBASE
 50
0.0
  9
$ANGDIR
 70
     0
  9
$PDMODE
 70
     0
  9
$PDSIZE
 40
0.0
  9
$PLINEWID
 40
0.0
  9
$SPLFRAME
 70
     0
  9
$SPLINETYPE
 70
     6
  9
$SPLINESEGS
 70
     8
  9
$HANDSEED
  5
2CED
  9
$SURFTAB1
 70
     6
  9
$SURFTAB2
 70
     6
  9
$SURFTYPE
 70
     6
  9
$SURFU
 70
     6
  9
$SURFV
 70
     6
  9
$UCSBASE
  2

  9
$UCSNAME
  2

  9
$UCSORG
 10
0.0
 20
0.0
 30
0.0
  9
$UCSXDIR
 10
1.0
 20
0.0
 30
0.0
  9
$UCSYDIR
 10
0.0
 20
1.0
 30
0.0
  9
$UCSORTHOREF
  2

  9
$UCSORTHOVIEW
 70
     0
  9
$UCSORGTOP
 10
0.0
 20
0.0
 30
0.0
  9
$UCSORGBOTTOM
 10
0.0
 20
0.0
 30
0.0
  9
$UCSORGLEFT
 10
0.0
 20
0.0
 30
0.0
  9
$UCSORGRIGHT
 10
0.0
 20
0.0
 30
0.0
  9
$UCSORGFRONT
 10
0.0
 20
0.0
 30
0.0
  9
$UCSORGBACK
 10
0.0
 20
0.0
 30
0.0
  9
$PUCSBASE
  2

  9
$PUCSNAME
  2

  9
$PUCSORG
 10
0.0
 20
0.0
 30
0.0
  9
$PUCSXDIR
 10
1.0
 20
0.0
 30
0.0
  9
$PUCSYDIR
 10
0.0
 20
1.0
 30
0.0
  9
$PUCSORTHOREF
  2

  9
$PUCSORTHOVIEW
 70
     0
  9
$PUCSORGTOP
 10
0.0
 20
0.0
 30
0.0
  9
$PUCSORGBOTTOM
 10
0.0
 20
0.0
 30
0.0
  9
$PUCSORGLEFT
 10
0.0
 20
0.0
 30
0.0
  9
$PUCSORGRIGHT
 10
0.0
 20
0.0
 30
0.0
  9
$PUCSORGFRONT
 10
0.0
 20
0.0
 30
0.0
  9
$PUCSORGBACK
 10
0.0
 20
0.0
 30
0.0
  9
$USERI1
 70
     0
  9
$USERI2
 70
     0
  9
$USERI3
 70
     0
  9
$USERI4
 70
     0
  9
$USERI5
 70
     0
  9
$USERR1
 40
0.0
  9
$USERR2
 40
0.0
  9
$USERR3
 40
0.0
  9
$USERR4
 40
0.0
  9
$USERR5
 40
0.0
  9
$WORLDVIEW
 70
     1
  9
$SHADEDGE
 70
     3
  9
$SHADEDIF
 70
    70
  9
$TILEMODE
 70
     1
  9
$MAXACTVP
 70
    64
  9
$PINSBASE
 10
0.0
 20
0.0
 30
0.0
  9
$PLIMCHECK
 70
     0
  9
$PEXTMIN
 10
25.69999999999999
 20
19.5
 30
0.0
  9
$PEXTMAX
 10
231.3
 20
175.5
 30
0.0
  9
$PLIMMIN
 10
-20.0
 20
-7.5
  9
$PLIMMAX
 10
277.0
 20
202.5
  9
$UNITMODE
 70
     0
  9
$VISRETAIN
 70
     1
  9
$PLINEGEN
 70
     0
  9
$PSLTSCALE
 70
     1
  9
$TREEDEPTH
 70
  3020
  9
$CMLSTYLE
  2
Standard
  9
$CMLJUST
 70
     0
  9
$CMLSCALE
 40
20.0
  9
$PROXYGRAPHICS
 70
     1
  9
$MEASUREMENT
 70
     1
  9
$CELWEIGHT
370
    -1
  9
$ENDCAPS
280
     0
  9
$JOINSTYLE
280
     0
  9
$LWDISPLAY
290
     0
  9
$INSUNITS
 70
     4
  9
$HYPERLINKBASE
  1

  9
$STYLESHEET
  1

  9
$XEDIT
290
     1
  9
$CEPSNTYPE
380
     0
  9
$PSTYLEMODE
290
     1
  9
$FINGERPRINTGUID
  2
{A4CAB1FC-42A2-4D6F-B95F-085582C7A8C3}
  9
$VERSIONGUID
  2
{36C78A16-883F-4C7E-B359-DA080A775EF3}
  9
$EXTNAMES
290
     1
  9
$PSVPSCALE
 40
0.0
  9
$OLESTARTUP
290
     0
  9
$SORTENTS
280
   127
  9
$INDEXCTL
280
     0
  9
$HIDETEXT
280
     1
  9
$XCLIPFRAME
280
     2
  9
$HALOGAP
280
     0
  9
$OBSCOLOR
 70
   257
  9
$OBSLTYPE
280
     0
  9
$INTERSECTIONDISPLAY
280
     0
  9
$INTERSECTIONCOLOR
 70
   257
  9
$DIMASSOC
280
     2
  9
$PROJECTNAME
  1

  9
$CAMERADISPLAY
290
     0
  9
$LENSLENGTH
 40
50.0
  9
$CAMERAHEIGHT
 40
0.0
  9
$STEPSPERSEC
 40
2.0
  9
$STEPSIZE
 40
6.0
  9
$3DDWFPREC
 40
2.0
  9
$PSOLWIDTH
 40
0.25
  9
$PSOLHEIGHT
 40
4.0
  9
$LOFTANG1
 40
1.570796326794896
  9
$LOFTANG2
 40
1.570796326794896
  9
$LOFTMAG1
 40
0.0
  9
$LOFTMAG2
 40
0.0
  9
$LOFTPARAM
 70
     7
  9
$LOFTNORMALS
280
     1
  9
$LATITUDE
 40
37.795
  9
$LONGITUDE
 40
-122.394
  9
$NORTHDIRECTION
 40
0.0
  9
$TIMEZONE
 70
 -8000
  9
$LIGHTGLYPHDISPLAY
280
     1
  9
$TILEMODELIGHTSYNCH
280
     1
  9
$CMATERIAL
347
167
  9
$SOLIDHIST
280
     0
  9
$SHOWHIST
280
     1
  9
$DWFFRAME
280
     1
  9
$DGNFRAME
280
     1
  9
$REALWORLDSCALE
290
     1
  9
$INTERFERECOLOR
 62
   256
  9
$CSHADOW
280
     0
  9
$SHADOWPLANELOCATION
 40
0.0
  0
ENDSEC
  0
SECTION
  2
CLASSES
  0
CLASS
  1
ACDBDICTIONARYWDFLT
  2
AcDbDictionaryWithDefault
  3
ObjectDBX Classes
 90
        0
 91
        1
280
     0
281
     0
  0
CLASS
  1
ACDBPLACEHOLDER
  2
AcDbPlaceHolder
  3
ObjectDBX Classes
 90
        0
 91
        0
280
     0
281
     0
  0
CLASS
  1
LAYOUT
  2
AcDbLayout
  3
ObjectDBX Classes
 90
        0
 91
        0
280
     0
281
     0
  0
CLASS
  1
DICTIONARYVAR
  2
AcDbDictionaryVar
  3
ObjectDBX Classes
 90
        0
 91
       11
280
     0
281
     0
  0
CLASS
  1
TABLESTYLE
  2
AcDbTableStyle
  3
ObjectDBX Classes
 90
     4095
 91
        1
280
     0
281
     0
  0
CLASS
  1
WIPEOUTVARIABLES
  2
AcDbWipeoutVariables
  3
"WipeOut|Product Desc:     WipeOut Dbx Application|Company:          Autodesk, Inc.|WEB Address:      www.autodesk.com"
 90
        0
 91
        0
280
     0
281
     0
  0
CLASS
  1
SCALE
  2
AcDbScale
  3
ObjectDBX Classes
 90
     1153
 91
       33
280
     0
281
     0
  0
CLASS
  1
MLEADERSTYLE
  2
AcDbMLeaderStyle
  3
ACDB_MLEADERSTYLE_CLASS
 90
     4095
 91
        2
280
     0
281
     0
  0
CLASS
  1
MATERIAL
  2
AcDbMaterial
  3
ObjectDBX Classes
 90
     1153
 91
        3
280
     0
281
     0
  0
CLASS
  1
VISUALSTYLE
  2
AcDbVisualStyle
  3
ObjectDBX Classes
 90
     4095
 91
       24
280
     0
281
     0
  0
CLASS
  1
ACDBSECTIONVIEWSTYLE
  2
AcDbSectionViewStyle
  3
ObjectDBX Classes
 90
     1025
 91
        1
280
     0
281
     0
  0
CLASS
  1
ACDBDETAILVIEWSTYLE
  2
AcDbDetailViewStyle
  3
ObjectDBX Classes
 90
     1025
 91
        1
280
     0
281
     0
  0
CLASS
  1
CELLSTYLEMAP
  2
AcDbCellStyleMap
  3
ObjectDBX Classes
 90
     1152
 91
        4
280
     0
281
     0
  0
CLASS
  1
TCH_DBCONFIG
  2
TDbConfig
  3
TCH_KERNAL|缺乏中望建筑解释器, 请下载中望建筑相关产品|网址: www.zwsoft.cn
 90
        1
 91
        1
280
     0
281
     0
  0
CLASS
  1
ACAD_EVALUATION_GRAPH
  2
AcDbEvalGraph
  3
ObjectDBX Classes
 90
     1153
 91
        2
280
     0
281
     0
  0
CLASS
  1
BLOCKVISIBILITYPARAMETER
  2
AcDbBlockVisibilityParameter
  3
ObjectDBX Classes
 90
     1153
 91
        2
280
     0
281
     0
  0
CLASS
  1
BLOCKVISIBILITYGRIP
  2
AcDbBlockVisibilityGrip
  3
ObjectDBX Classes
 90
     1153
 91
        2
280
     0
281
     0
  0
CLASS
  1
BLOCKGRIPLOCATIONCOMPONENT
  2
AcDbBlockGripExpr
  3
ObjectDBX Classes
 90
     1153
 91
        4
280
     0
281
     0
  0
CLASS
  1
ACDB_DYNAMICBLOCKPURGEPREVENTER_VERSION
  2
AcDbDynamicBlockPurgePreventer
  3
ObjectDBX Classes
 90
     1153
 91
        2
280
     0
281
     0
  0
CLASS
  1
SORTENTSTABLE
  2
AcDbSortentsTable
  3
ObjectDBX Classes
 90
        0
 91
        4
280
     0
281
     0
  0
CLASS
  1
DIMASSOC
  2
AcDbDimAssoc
  3
ZcDbDimAssoc ObjectDBX Classes
 90
        0
 91
        4
280
     0
281
     0
  0
CLASS
  1
ACDB_BLOCKREPRESENTATION_DATA
  2
AcDbBlockRepresentationData
  3
ObjectDBX Classes
 90
     1153
 91
      140
280
     0
281
     0
  0
ENDSEC
  0
SECTION
  2
TABLES
  0
TABLE
  2
VPORT
  5
8
330
0
100
AcDbSymbolTable
 70
     1
  0
VPORT
  5
1CC
330
8
100
AcDbSymbolTableRecord
100
AcDbViewportTableRecord
  2
*Active
 70
     0
 10
0.0
 20
0.0
 11
1.0
 21
1.0
 12
22.10248778840422
 22
9.239164309818356
 13
0.0
 23
0.0
 14
10.0
 24
10.0
 15
10.0
 25
10.0
 16
0.0
 26
0.0
 36
1.0
 17
0.0
 27
0.0
 37
0.0
 40
28.70055520708778
 41
2.654631083202512
 42
50.0
 43
0.0
 44
0.0
 50
0.0
 51
0.0
 71
    16
 72
  1000
 73
     1
 74
     3
 75
     0
 76
     1
 77
     0
 78
     0
281
     0
 65
     1
110
0.0
120
0.0
130
0.0
111
1.0
121
0.0
131
0.0
112
0.0
122
1.0
132
0.0
 79
     0
146
0.0
348
185
 60
     3
 61
     5
292
     1
282
     1
141
0.0
142
0.0
 63
   250
1001
ACAD_NAV_VCDISPLAY
1070
     3
  0
ENDTAB
  0
TABLE
  2
LTYPE
  5
5
330
0
100
AcDbSymbolTable
 70
     3
  0
LTYPE
  5
14
330
5
100
AcDbSymbolTableRecord
100
AcDbLinetypeTableRecord
  2
ByBlock
 70
     0
  3

 72
    65
 73
     0
 40
0.0
  0
LTYPE
  5
15
330
5
100
AcDbSymbolTableRecord
100
AcDbLinetypeTableRecord
  2
ByLayer
 70
     0
  3

 72
    65
 73
     0
 40
0.0
  0
LTYPE
  5
16
330
5
100
AcDbSymbolTableRecord
100
AcDbLinetypeTableRecord
  2
Continuous
 70
     0
  3
Solid line
 72
    65
 73
     0
 40
0.0
  0
LTYPE
  5
161B
330
5
100
AcDbSymbolTableRecord
100
AcDbLinetypeTableRecord
  2
DASHDOT
 70
     0
  3
__ . __ . __ . __ . __ . __ . __ . __ . __ . __
 72
    65
 73
     4
 40
0.4000000000000057
 49
0.2000000000000028
 74
     0
 49
-0.1000000000000014
 74
     0
 49
0.0
 74
     0
 49
-0.1000000000000014
 74
     0
  0
LTYPE
  5
161C
330
5
100
AcDbSymbolTableRecord
100
AcDbLinetypeTableRecord
  2
HIDDEN
 70
     0
  3
__ __ __ __ __ __ __ __ __ __ __ __ __ __ __ __
 72
    65
 73
     2
 40
0.375
 49
0.25
 74
     0
 49
-0.125
 74
     0
  0
ENDTAB
  0
TABLE
  2
LAYER
  5
2
102
{ACAD_XDICTIONARY
360
FA
102
}
330
0
100
AcDbSymbolTable
 70
    19
  0
LAYER
  5
10
330
2
100
AcDbSymbolTableRecord
100
AcDbLayerTableRecord
  2
0
 70
     0
 62
     7
  6
Continuous
370
    -3
390
F
347
177
348
0
  0
LAYER
  5
161D
330
2
100
AcDbSymbolTableRecord
100
AcDbLayerTableRecord
  2
DET-TEXTO
 70
     0
 62
     2
  6
Continuous
370
    -3
390
F
347
177
348
0
1001
AcAecLayerStandard
1000

1000

1001
AcCmTransparency
1071
 33554687
  0
LAYER
  5
161E
330
2
100
AcDbSymbolTableRecord
100
AcDbLayerTableRecord
  2
Defpoints
 70
     0
 62
     7
  6
Continuous
290
     0
370
     0
390
F
347
177
348
0
  0
LAYER
  5
161F
330
2
100
AcDbSymbolTableRecord
100
AcDbLayerTableRecord
  2
DET-TRAMAS
 70
     0
 62
     8
  6
Continuous
370
    -3
390
F
347
177
348
0
1001
AcAecLayerStandard
1000

1000

1001
AcCmTransparency
1071
 33554687
  0
LAYER
  5
1620
330
2
100
AcDbSymbolTableRecord
100
AcDbLayerTableRecord
  2
DET-BORDE ESTRUCTURA
 70
     0
 62
     2
  6
Continuous
370
    -3
390
F
347
177
348
0
1001
AcAecLayerStandard
1000

1000

1001
AcCmTransparency
1071
 33554687
  0
LAYER
  5
1621
330
2
100
AcDbSymbolTableRecord
100
AcDbLayerTableRecord
  2
DET-TEXTO TÍTULO
 70
     0
 62
     1
  6
Continuous
370
    -3
390
F
347
177
348
0
1001
AcAecLayerStandard
1000

1000

1001
AcCmTransparency
1071
        0
  0
LAYER
  5
1622
330
2
100
AcDbSymbolTableRecord
100
AcDbLayerTableRecord
  2
DET-TEXTO LÍNEA
 70
     0
 62
     8
  6
Continuous
370
    -3
390
F
347
177
348
0
1001
AcAecLayerStandard
1000

1000

1001
AcCmTransparency
1071
        0
  0
LAYER
  5
1623
330
2
100
AcDbSymbolTableRecord
100
AcDbLayerTableRecord
  2
DET-ARMADURAS
 70
     0
 62
     6
  6
Continuous
370
    -3
390
F
347
177
348
0
1001
AcAecLayerStandard
1000

1000

1001
AcCmTransparency
1071
        0
  0
LAYER
  5
1624
330
2
100
AcDbSymbolTableRecord
100
AcDbLayerTableRecord
  2
DET-COTAS
 70
     0
 62
     8
  6
Continuous
370
    -3
390
F
347
177
348
0
1001
AcAecLayerStandard
1000

1000

1001
AcCmTransparency
1071
        0
  0
LAYER
  5
1625
330
2
100
AcDbSymbolTableRecord
100
AcDbLayerTableRecord
  2
EST-BORDE ESTRUCTURAS
 70
     0
 62
     5
  6
Continuous
370
     9
390
F
347
177
348
0
  0
LAYER
  5
1627
330
2
100
AcDbSymbolTableRecord
100
AcDbLayerTableRecord
  2
CP-ARMADO
 70
     0
 62
     6
  6
Continuous
370
     9
390
F
347
177
348
0
  0
LAYER
  5
1629
102
{ACAD_XDICTIONARY
360
162A
102
}
330
2
100
AcDbSymbolTableRecord
100
AcDbLayerTableRecord
  2
CV-ARMADO
 70
     0
 62
     6
  6
Continuous
370
    -3
390
F
347
177
348
0
1001
AcAecLayerStandard
1000

1000

1001
AcCmTransparency
1071
        0
  0
LAYER
  5
162B
102
{ACAD_XDICTIONARY
360
162C
102
}
330
2
100
AcDbSymbolTableRecord
100
AcDbLayerTableRecord
  2
CV-GEOMETRÍA
 70
     0
 62
     2
  6
Continuous
370
    -3
390
F
347
177
348
0
1001
AcAecLayerStandard
1000

1000

1001
AcCmTransparency
1071
        0
  0
LAYER
  5
162D
102
{ACAD_XDICTIONARY
360
162E
102
}
330
2
100
AcDbSymbolTableRecord
100
AcDbLayerTableRecord
  2
CV-TEXTO
 70
     0
 62
     2
  6
Continuous
370
    -3
390
F
347
177
348
0
1001
AcAecLayerStandard
1000

1000

1001
AcCmTransparency
1071
        0
  0
LAYER
  5
162F
102
{ACAD_XDICTIONARY
360
1630
102
}
330
2
100
AcDbSymbolTableRecord
100
AcDbLayerTableRecord
  2
CV-LÍNEAS
 70
     0
 62
     8
  6
Continuous
370
    -3
390
F
347
177
348
0
1001
AcAecLayerStandard
1000

1000

1001
AcCmTransparency
1071
        0
  0
LAYER
  5
1631
102
{ACAD_XDICTIONARY
360
1632
102
}
330
2
100
AcDbSymbolTableRecord
100
AcDbLayerTableRecord
  2
CV-COTAS
 70
     0
 62
     8
  6
Continuous
370
    -3
390
F
347
177
348
0
1001
AcAecLayerStandard
1000

1000

1001
AcCmTransparency
1071
        0
  0
LAYER
  5
1633
102
{ACAD_XDICTIONARY
360
1634
102
}
330
2
100
AcDbSymbolTableRecord
100
AcDbLayerTableRecord
  2
CV-NUMERACIÓN
 70
     0
 62
     1
  6
Continuous
370
    -3
390
F
347
177
348
0
1001
AcAecLayerStandard
1000

1000

1001
AcCmTransparency
1071
 33554687
  0
ENDTAB
  0
TABLE
  2
STYLE
  5
3
330
0
100
AcDbSymbolTable
 70
     7
  0
STYLE
  5
11
330
3
100
AcDbSymbolTableRecord
100
AcDbTextStyleTableRecord
  2
Standard
 70
     0
 40
0.0
 41
1.0
 50
0.0
 71
     0
 42
2.5
  3
arial.ttf
  4

1001
ACAD
1000
Arial
1071
       34
  0
STYLE
  5
1635
330
3
100
AcDbSymbolTableRecord
100
AcDbTextStyleTableRecord
  2
Formato
 70
     0
 40
0.0
 41
1.0
 50
0.0
 71
     0
 42
0.1
  3
GOTHIC.TTF
  4

1001
ACAD
1000
Century Gothic
1071
       34
  0
STYLE
  5
1636
330
3
100
AcDbSymbolTableRecord
100
AcDbTextStyleTableRecord
  2
Estructura
 70
     0
 40
0.2
 41
1.0
 50
0.0
 71
     0
 42
0.18
  3
GOTHIC.TTF
  4

1001
ACAD
1000
Century Gothic
1071
       34
  0
STYLE
  5
1637
330
3
100
AcDbSymbolTableRecord
100
AcDbTextStyleTableRecord
  2
CENTURY
 70
     0
 40
0.0
 41
1.0
 50
0.0
 71
     0
 42
0.5
  3
GOTHIC.TTF
  4

1001
ACAD
1000
Century Gothic
1071
       34
  0
ENDTAB
  0
TABLE
  2
VIEW
  5
6
330
0
100
AcDbSymbolTable
 70
     0
  0
ENDTAB
  0
TABLE
  2
UCS
  5
7
330
0
100
AcDbSymbolTable
 70
     0
  0
ENDTAB
  0
TABLE
  2
APPID
  5
9
330
0
100
AcDbSymbolTable
 70
    17
  0
APPID
  5
12
330
9
100
AcDbSymbolTableRecord
100
AcDbRegAppTableRecord
  2
ACAD
 70
     0
  0
APPID
  5
F4
330
9
100
AcDbSymbolTableRecord
100
AcDbRegAppTableRecord
  2
ACAD_PSEXT
 70
     0
  0
APPID
  5
1A9
330
9
100
AcDbSymbolTableRecord
100
AcDbRegAppTableRecord
  2
ACAD_NAV_VCDISPLAY
 70
     0
  0
APPID
  5
230
330
9
100
AcDbSymbolTableRecord
100
AcDbRegAppTableRecord
  2
AcadAnnoPO
 70
     0
  0
APPID
  5
231
330
9
100
AcDbSymbolTableRecord
100
AcDbRegAppTableRecord
  2
AcadAnnotative
 70
     0
  0
APPID
  5
233
330
9
100
AcDbSymbolTableRecord
100
AcDbRegAppTableRecord
  2
ACAD_DSTYLE_DIMJAG
 70
     0
  0
APPID
  5
234
330
9
100
AcDbSymbolTableRecord
100
AcDbRegAppTableRecord
  2
ACAD_DSTYLE_DIMBREAK
 70
     0
  0
APPID
  5
235
330
9
100
AcDbSymbolTableRecord
100
AcDbRegAppTableRecord
  2
ACAD_DSTYLE_DIMTALN
 70
     0
  0
APPID
  5
163E
330
9
100
AcDbSymbolTableRecord
100
AcDbRegAppTableRecord
  2
AcAecLayerStandard
 70
     0
  0
APPID
  5
163F
330
9
100
AcDbSymbolTableRecord
100
AcDbRegAppTableRecord
  2
AcCmTransparency
 70
     0
  0
APPID
  5
1640
330
9
100
AcDbSymbolTableRecord
100
AcDbRegAppTableRecord
  2
GradientColor1ACI
 70
     0
  0
APPID
  5
1641
330
9
100
AcDbSymbolTableRecord
100
AcDbRegAppTableRecord
  2
GradientColor2ACI
 70
     0
  0
APPID
  5
1642
330
9
100
AcDbSymbolTableRecord
100
AcDbRegAppTableRecord
  2
AcDbDynamicBlockGUID
 70
     0
  0
APPID
  5
1643
330
9
100
AcDbSymbolTableRecord
100
AcDbRegAppTableRecord
  2
AcDbBlockRepETag
 70
     0
  0
APPID
  5
1644
330
9
100
AcDbSymbolTableRecord
100
AcDbRegAppTableRecord
  2
AcDbDynamicBlockTrueName
 70
     0
  0
APPID
  5
1645
330
9
100
AcDbSymbolTableRecord
100
AcDbRegAppTableRecord
  2
AcDbBlockRepBTag
 70
     0
  0
APPID
  5
2CAB
330
9
100
AcDbSymbolTableRecord
100
AcDbRegAppTableRecord
  2
ZWCAD_MTEXT_RTL_PARAGRAPHS
 70
     0
  0
ENDTAB
  0
TABLE
  2
DIMSTYLE
  5
A
330
0
100
AcDbSymbolTable
 70
     7
100
AcDbDimStyleTable
 71
     1
340
9C
  0
DIMSTYLE
105
27
330
A
100
AcDbSymbolTableRecord
100
AcDbDimStyleTableRecord
  2
Standard
 70
     0
340
11
  0
DIMSTYLE
105
9C
330
A
100
AcDbSymbolTableRecord
100
AcDbDimStyleTableRecord
  2
ISO-25
 70
     0
 41
2.5
 42
0.625
 43
3.75
 44
1.25
 73
     0
 74
     0
 77
     1
 78
     8
140
2.5
141
2.5
143
0.03937007874016
147
0.625
171
     3
172
     1
271
     2
272
     2
274
     3
278
    44
283
     0
284
     8
340
11
  0
DIMSTYLE
105
163A
102
{ACAD_REACTORS
330
2483
330
248D
330
248E
330
248F
330
2490
330
2491
330
2492
330
2497
330
2498
330
2499
330
249A
330
249B
330
249C
330
249D
330
249E
330
249F
330
24A0
330
24A1
330
24A2
330
24A3
330
24A8
330
24A9
330
24AA
330
24AB
330
24AC
330
24E8
330
24E9
330
24EA
330
24EB
330
24EC
330
24ED
330
24EE
330
24EF
330
24F0
330
24F1
330
24F2
330
24F3
330
24F4
330
24F5
330
2508
330
251B
330
251C
330
251D
330
2522
330
252A
330
252C
330
252D
102
}
330
A
100
AcDbSymbolTableRecord
100
AcDbDimStyleTableRecord
  2
cotas formato 1.100
 70
     0
 41
0.14
 42
0.16
 43
0.3
 44
0.2
 45
5.0
 49
1.5
 50
90.0
 73
     0
 74
     0
 77
     1
 78
     1
140
0.2
141
-0.05
143
0.03937007874016
144
100.0
147
0.05
171
     3
172
     1
174
     1
176
     4
177
     8
271
     0
178
     2
271
     0
272
     0
274
     3
278
    44
283
     0
284
     8
289
     2
340
1635
341
244
342
244
1001
ACAD_DSTYLE_DIMBREAK
1070
   391
1040
2.0
1001
ACAD_DSTYLE_DIMJAG
1070
   388
1040
1.5
1001
ACAD_DSTYLE_DIMTALN
1070
   392
1070
     0
  0
DIMSTYLE
105
163B
102
{ACAD_REACTORS
330
11E6
330
1209
330
120A
330
122D
330
122E
330
1259
330
125A
330
127D
330
127E
330
12A1
330
12A2
330
12C5
330
12C6
330
12E9
330
12EA
330
1305
330
1306
330
1324
330
1325
330
1334
330
1335
330
1352
330
1353
330
1380
330
1381
330
13A9
330
13AA
330
13D2
330
13D3
330
13FB
330
13FC
330
166F
330
1670
330
167D
330
167F
330
16A3
330
16A5
330
16C8
330
16CA
330
16ED
330
16EF
330
1712
330
1714
330
1737
330
1739
330
175C
330
175E
330
1770
330
1772
330
1784
330
1786
330
17AE
330
17AF
330
17CD
330
17CE
330
17EC
330
17ED
330
1810
330
1811
330
1834
330
1835
330
1858
330
1859
330
187C
330
187D
330
18A0
330
18A1
330
18C4
330
18C5
330
18E8
330
18E9
330
1916
330
1917
330
193A
330
193B
330
195E
330
195F
330
1982
330
1983
330
19A6
330
19A7
330
19CA
330
19CB
330
19EE
330
19EF
330
1A12
330
1A13
330
1A36
330
1A37
330
1A5A
330
1A5B
330
1A86
330
1A87
330
1AAA
330
1AAB
330
1ACE
330
1ACF
330
1AF2
330
1AF3
330
1B16
330
1B17
330
1B32
330
1B33
330
1B51
330
1B52
330
1B61
330
1B62
330
1B7F
330
1B80
330
1BAD
330
1BAE
330
1BD6
330
1BD7
330
1BFF
330
1C00
330
1C28
330
1C29
102
}
330
A
100
AcDbSymbolTableRecord
100
AcDbDimStyleTableRecord
  2
cotas escala 1.20
 70
     0
 41
0.14
 42
0.07
 43
0.3
 44
0.07
 45
1.0
 49
1.5
 50
90.0
 73
     0
 74
     0
 77
     1
 78
     1
140
0.2
141
-0.05
143
0.03937007874016
144
20.0
147
0.05
171
     3
172
     1
174
     1
176
     4
177
     8
271
     0
178
     2
271
     0
272
     0
274
     3
278
    44
283
     0
284
     8
289
     2
340
1635
341
244
342
244
1001
ACAD_DSTYLE_DIMBREAK
1070
   391
1040
2.0
1001
ACAD_DSTYLE_DIMJAG
1070
   388
1040
1.5
1001
ACAD_DSTYLE_DIMTALN
1070
   392
1070
     0
  0
ENDTAB
  0
TABLE
  2
BLOCK_RECORD
  5
1
330
0
100
AcDbSymbolTable
 70
   327
  0
BLOCK_RECORD
  5
1F
102
{ACAD_XDICTIONARY
360
1651
102
}
330
1
100
AcDbSymbolTableRecord
100
AcDbBlockTableRecord
  2
*Model_Space
340
22
 70
     0
280
     1
281
     0
  0
BLOCK_RECORD
  5
1E3
330
1
100
AcDbSymbolTableRecord
100
AcDbBlockTableRecord
  2
*Paper_Space
340
1E4
 70
     0
280
     1
281
     0
  0
BLOCK_RECORD
  5
1DF
330
1
100
AcDbSymbolTableRecord
100
AcDbBlockTableRecord
  2
*Paper_Space0
340
1E0
 70
     0
280
     1
281
     0
  0
BLOCK_RECORD
  5
244
330
1
100
AcDbSymbolTableRecord
100
AcDbBlockTableRecord
  2
_Oblique
340
0
310
28000000200000002000000001002000000000000010000001000000010000000000000000000000323232FF323232FF323232FF323232FF323232FF323232FF323232FF323232FF323232FF323232FF323232FF323232FF323232FF323232FF323232FF323232FF323232FF323232FF323232FF323232FF323232FF323232
310
FF323232FF323232FF323232FF323232FF323232FF323232FF323232FF323232FF323232FF323232FF323232FFFFFFFFFF323232FF323232FF323232FF323232FF323232FF323232FF323232FF323232FF323232FF323232FF323232FF323232FF323232FF323232FF323232FF323232FF323232FF323232FF323232FF3232
310
32FF323232FF323232FF323232FF323232FF323232FF323232FF323232FF323232FF323232FF323232FF323232FF323232FFFFFFFFFF323232FF323232FF323232FF323232FF323232FF323232FF323232FF323232FF323232FF323232FF323232FF323232FF323232FF323232FF323232FF323232FF323232FF323232FF32
310
3232FF323232FF323232FF323232FF323232FF323232FF323232FF323232FF323232FF323232FF323232FF323232FF323232FF323232FFFFFFFFFF323232FF323232FF323232FF323232FF323232FF323232FF323232FF323232FF323232FF323232FF323232FF323232FF323232FF323232FF323232FF323232FF323232FF
310
323232FF323232FF323232FF323232FF323232FF323232FF323232FF323232FF323232FF323232FF323232FF323232FF323232FF323232FF323232FFFFFFFFFF323232FF323232FF323232FF323232FF323232FF323232FF323232FF323232FF323232FF323232FF323232FF323232FF323232FF323232FF323232FF323232
310
FF323232FF323232FF323232FF323232FF323232FF323232FF323232FF323232FF323232FF323232FF323232FF323232FF323232FF323232FF323232FF323232FFFFFFFFFF323232FF323232FF323232FF323232FF323232FF323232FF323232FF323232FF323232FF323232FF323232FF323232FF323232FF323232FF3232
310
32FF323232FF323232FF323232FF323232FF323232FF323232FF323232FF323232FF323232FF323232FF323232FF323232FF323232FF323232FF323232FF323232FF323232FFFFFFFFFF323232FF323232FF323232FF323232FF323232FF323232FF323232FF323232FF323232FF323232FF323232FF323232FF323232FF32
310
3232FF323232FF323232FF323232FF323232FF323232FF323232FF323232FF323232FF323232FF323232FF323232FF323232FF323232FF323232FF323232FF323232FF323232FF323232FFFFFFFFFF323232FF323232FF323232FF323232FF323232FF323232FF323232FF323232FF323232FF323232FF323232FF323232FF
310
323232FF323232FF323232FF323232FF323232FF323232FF323232FF323232FF323232FF323232FF323232FF323232FF323232FF323232FF323232FF323232FF323232FF323232FF323232FF323232FFFFFFFFFF323232FF323232FF323232FF323232FF323232FF323232FF323232FF323232FF323232FF323232FF323232
310
FF323232FF323232FF323232FF323232FF323232FF323232FF323232FF323232FF323232FF323232FF323232FF323232FF323232FF323232FF323232FF323232FF323232FF323232FF323232FF323232FF323232FFFFFFFFFF323232FF323232FF323232FF323232FF323232FF323232FF323232FF323232FF323232FF3232
310
32FF323232FF323232FF323232FF323232FF323232FF323232FF323232FF323232FF323232FF323232FF323232FF323232FF323232FF323232FF323232FF323232FF323232FF323232FF323232FF323232FF323232FF323232FFFFFFFFFF323232FF323232FF323232FF323232FF323232FF323232FF323232FF323232FF32
310
3232FF323232FF323232FF323232FF323232FF323232FF323232FF323232FF323232FF323232FF323232FF323232FF323232FF323232FF323232FF323232FF323232FF323232FF323232FF323232FF323232FF323232FF323232FF323232FFFFFFFFFF323232FF323232FF323232FF323232FF323232FF323232FF323232FF
310
323232FF323232FF323232FF323232FF323232FF323232FF323232FF323232FF323232FF323232FF323232FF323232FF323232FF323232FF323232FF323232FF323232FF323232FF323232FF323232FF323232FF323232FF323232FF323232FF323232FFFFFFFFFF323232FF323232FF323232FF323232FF323232FF323232
310
FF323232FF323232FF323232FF323232FF323232FF323232FF323232FF323232FF323232FF323232FF323232FF323232FF323232FF323232FF323232FF323232FF323232FF323232FF323232FF323232FF323232FF323232FF323232FF323232FF323232FF323232FFFFFFFFFF323232FF323232FF323232FF323232FF3232
310
32FF323232FF323232FF323232FF323232FF323232FF323232FF323232FF323232FF323232FF323232FF323232FF323232FF323232FF323232FF323232FF323232FF323232FF323232FF323232FF323232FF323232FF323232FF323232FF323232FF323232FF323232FF323232FFFFFFFFFF323232FF323232FF323232FF32
310
3232FF323232FF323232FF323232FF323232FF323232FF323232FF323232FF323232FF323232FF323232FF323232FF323232FF323232FF323232FF323232FF323232FF323232FF323232FF323232FF323232FF323232FF323232FF323232FF323232FF323232FF323232FF323232FF323232FFFFFFFFFF323232FF323232FF
310
323232FF323232FF323232FF323232FF323232FF323232FF323232FF323232FF323232FF323232FF323232FF323232FF323232FF323232FF323232FF323232FF323232FF323232FF323232FF323232FF323232FF323232FF323232FF323232FF323232FF323232FF323232FF323232FF323232FF323232FFFFFFFFFF323232
310
FF323232FF323232FF323232FF323232FF323232FF323232FF323232FF323232FF323232FF323232FF323232FF323232FF323232FF323232FF323232FF323232FF323232FF323232FF323232FF323232FF323232FF323232FF323232FF323232FF323232FF323232FF323232FF323232FF323232FF323232FF323232FFFFFF
310
FFFF323232FF323232FF323232FF323232FF323232FF323232FF323232FF323232FF323232FF323232FF323232FF323232FF323232FF323232FF323232FF323232FF323232FF323232FF323232FF323232FF323232FF323232FF323232FF323232FF323232FF323232FF323232FF323232FF323232FF323232FF323232FF32
310
3232FFFFFFFFFF323232FF323232FF323232FF323232FF323232FF323232FF323232FF323232FF323232FF323232FF323232FF323232FF323232FF323232FF323232FF323232FF323232FF323232FF323232FF323232FF323232FF323232FF323232FF323232FF323232FF323232FF323232FF323232FF323232FF323232FF
310
323232FF323232FFFFFFFFFF323232FF323232FF323232FF323232FF323232FF323232FF323232FF323232FF323232FF323232FF323232FF323232FF323232FF323232FF323232FF323232FF323232FF323232FF323232FF323232FF323232FF323232FF323232FF323232FF323232FF323232FF323232FF323232FF323232
310
FF323232FF323232FF323232FFFFFFFFFF323232FF323232FF323232FF323232FF323232FF323232FF323232FF323232FF323232FF323232FF323232FF323232FF323232FF323232FF323232FF323232FF323232FF323232FF323232FF323232FF323232FF323232FF323232FF323232FF323232FF323232FF323232FF3232
310
32FF323232FF323232FF323232FF323232FFFFFFFFFF323232FF323232FF323232FF323232FF323232FF323232FF323232FF323232FF323232FF323232FF323232FF323232FF323232FF323232FF323232FF323232FF323232FF323232FF323232FF323232FF323232FF323232FF323232FF323232FF323232FF323232FF32
310
3232FF323232FF323232FF323232FF323232FF323232FFFFFFFFFF323232FF323232FF323232FF323232FF323232FF323232FF323232FF323232FF323232FF323232FF323232FF323232FF323232FF323232FF323232FF323232FF323232FF323232FF323232FF323232FF323232FF323232FF323232FF323232FF323232FF
310
323232FF323232FF323232FF323232FF323232FF323232FF323232FFFFFFFFFF323232FF323232FF323232FF323232FF323232FF323232FF323232FF323232FF323232FF323232FF323232FF323232FF323232FF323232FF323232FF323232FF323232FF323232FF323232FF323232FF323232FF323232FF323232FF323232
310
FF323232FF323232FF323232FF323232FF323232FF323232FF323232FF323232FFFFFFFFFF323232FF323232FF323232FF323232FF323232FF323232FF323232FF323232FF323232FF323232FF323232FF323232FF323232FF323232FF323232FF323232FF323232FF323232FF323232FF323232FF323232FF323232FF3232
310
32FF323232FF323232FF323232FF323232FF323232FF323232FF323232FF323232FF323232FFFFFFFFFF323232FF323232FF323232FF323232FF323232FF323232FF323232FF323232FF323232FF323232FF323232FF323232FF323232FF323232FF323232FF323232FF323232FF323232FF323232FF323232FF323232FF32
310
3232FF323232FF323232FF323232FF323232FF323232FF323232FF323232FF323232FF323232FF323232FFFFFFFFFF323232FF323232FF323232FF323232FF323232FF323232FF323232FF323232FF323232FF323232FF323232FF323232FF323232FF323232FF323232FF323232FF323232FF323232FF323232FF323232FF
310
323232FF323232FF323232FF323232FF323232FF323232FF323232FF323232FF323232FF323232FF323232FF323232FFFFFFFFFF323232FF323232FF323232FF323232FF323232FF323232FF323232FF323232FF323232FF323232FF323232FF323232FF323232FF323232FF323232FF323232FF323232FF323232FF323232
310
FF323232FF323232FF323232FF323232FF323232FF323232FF323232FF323232FF323232FF323232FF323232FF323232FF323232FFFFFFFFFF323232FF323232FF323232FF323232FF323232FF323232FF323232FF323232FF323232FF323232FF323232FF323232FF323232FF323232FF323232FF323232FF323232FF3232
310
32FF323232FF323232FF323232FF323232FF323232FF323232FF323232FF323232FF323232FF323232FF323232FF323232FF323232FF323232FFFFFFFFFF323232FF323232FF323232FF323232FF323232FF323232FF323232FF323232FF323232FF323232FF323232FF323232FF323232FF323232FF323232FF323232FF32
310
3232FF323232FF323232FF323232FF323232FF323232FF323232FF323232FF323232FF323232FF323232FF323232FF323232FF323232FF323232FF323232FFFFFFFFFF323232FF323232FF323232FF323232FF323232FF323232FF323232FF323232FF323232FF323232FF323232FF323232FF323232FF323232FF323232FF
310
323232FF323232FF323232FF323232FF323232FF323232FF323232FF323232FF323232FF323232FF323232FF323232FF323232FF323232FF323232FF323232FF323232FF323232FF
102
{BLKREFS
331
7DD
331
7DE
331
7E9
331
7EA
331
7F5
331
7F6
331
801
331
802
331
817
331
818
331
823
331
824
331
82F
331
830
331
83B
331
83C
331
847
331
848
331
853
331
854
331
85F
331
860
331
86B
331
86C
331
877
331
878
331
883
331
884
331
88F
331
890
331
89B
331
89C
331
8A7
331
8A8
331
8B3
331
8B4
331
8BF
331
8C0
331
8CB
331
8CC
331
8D7
331
8D8
331
8E3
331
8E4
331
8EF
331
8F0
331
8FB
331
8FC
331
907
331
908
331
913
331
914
331
91F
331
920
331
92B
331
92C
331
937
331
938
331
943
331
944
331
94F
331
950
331
95B
331
95C
331
967
331
968
331
973
331
974
331
97F
331
980
331
98B
331
98C
331
997
331
998
331
9A3
331
9A4
331
9AF
331
9B0
331
9BB
331
9BC
331
9C7
331
9C8
331
9D3
331
9D4
331
9DF
331
9E0
331
9EB
331
9EC
331
9F7
331
9F8
331
A03
331
A04
331
A0F
331
A10
331
A1B
331
A1C
331
A27
331
A28
331
A33
331
A34
331
A3F
331
A40
331
A4B
331
A4C
331
A57
331
A58
331
A63
331
A64
331
A6F
331
A70
331
A7B
331
A7C
331
A87
331
A88
331
A93
331
A94
331
A9F
331
AA0
331
AAB
331
AAC
331
AB7
331
AB8
331
AC3
331
AC4
331
ACF
331
AD0
331
ADB
331
ADC
331
AE7
331
AE8
331
AF3
331
AF4
331
AFF
331
B00
331
B0B
331
B0C
331
B17
331
B18
331
B23
331
B24
331
B2F
331
B30
331
B3B
331
B3C
331
B47
331
B48
331
B53
331
B54
331
B5F
331
B60
331
B6B
331
B6C
331
B77
331
B78
331
B83
331
B84
331
B8F
331
B90
331
B9B
331
B9C
331
BA7
331
BA8
331
BB3
331
BB4
331
BBF
331
BC0
331
BCB
331
BCC
331
BD7
331
BD8
331
BE3
331
BE4
331
BEF
331
BF0
331
BFB
331
BFC
331
C07
331
C08
331
C13
331
C14
331
C1F
331
C20
331
C2B
331
C2C
331
C37
331
C38
331
C43
331
C44
331
C4F
331
C50
331
C5B
331
C5C
331
C67
331
C68
331
C73
331
C74
331
C7F
331
C80
331
C8C
331
C8D
331
C99
331
C9A
331
CA6
331
CA7
331
CB3
331
CB4
331
CC0
331
CC1
331
CCD
331
CCE
331
CD9
331
CDA
331
CE5
331
CE6
331
CF1
331
CF2
331
CFD
331
CFE
331
D09
331
D0A
331
D15
331
D16
331
D21
331
D22
331
D2D
331
D2E
331
D39
331
D3A
331
D45
331
D46
331
D51
331
D52
331
D5D
331
D5E
331
D69
331
D6A
331
D75
331
D76
331
D81
331
D82
331
D8D
331
D8E
331
D99
331
D9A
331
DA5
331
DA6
331
DB1
331
DB2
331
DBD
331
DBE
331
DC9
331
DCA
331
DD5
331
DD6
331
DE1
331
DE2
331
DED
331
DEE
331
DF9
331
DFA
331
E05
331
E06
331
E11
331
E12
331
E1D
331
E1E
331
2005
331
2006
331
2011
331
2012
331
201D
331
201E
331
2029
331
202A
331
2035
331
2036
331
2041
331
2042
331
204A
331
204B
331
2053
331
2054
331
205C
331
205D
331
2065
331
2066
331
206E
331
206F
331
2077
331
2078
331
2080
331
2081
331
2089
331
208A
331
2092
331
2093
331
209B
331
209C
331
20A4
331
20A5
331
20AD
331
20AE
331
20B6
331
20B7
331
20BF
331
20C0
331
20C8
331
20C9
331
20D1
331
20D2
331
20DA
331
20DB
331
20E3
331
20E4
331
20EC
331
20ED
331
20F5
331
20F6
331
20FE
331
20FF
331
2107
331
2108
331
2110
331
2111
331
2119
331
211A
331
2122
331
2123
331
212B
331
212C
331
2134
331
2135
331
213D
331
213E
331
2146
331
2147
331
214F
331
2150
331
2158
331
2159
331
2161
331
2162
331
216A
331
216B
331
2173
331
2174
331
217C
331
217D
331
2185
331
2186
331
218E
331
218F
331
2197
331
2198
331
21A0
331
21A1
331
21A9
331
21AA
331
21B2
331
21B3
331
21BB
331
21BC
331
21C4
331
21C5
331
21CD
331
21CE
331
21D6
331
21D7
331
21DF
331
21E0
331
21E8
331
21E9
331
21F1
331
21F2
331
21FA
331
21FB
331
2203
331
2204
331
220C
331
220D
331
2215
331
2216
331
221E
331
221F
331
2227
331
2228
331
2230
331
2231
331
2239
331
223A
331
2242
331
2243
331
224B
331
224C
331
2254
331
2255
331
225D
331
225E
331
2266
331
2267
331
226F
331
2270
331
2278
331
2279
331
2281
331
2282
331
228A
331
228B
331
2293
331
2294
331
229C
331
229D
331
22A5
331
22A6
331
22AE
331
22AF
331
22B7
331
22B8
331
22C0
331
22C1
331
22C9
331
22CA
331
22D2
331
22D3
331
22DB
331
22DC
331
22E4
331
22E5
331
22ED
331
22EE
331
22F6
331
22F7
331
22FF
331
2300
331
2308
331
2309
331
2311
331
2312
331
231A
331
231B
331
2323
331
2324
331
232C
331
232D
331
2335
331
2336
331
233E
331
233F
331
2347
331
2348
331
28B4
331
28B5
331
28C0
331
28C1
331
28CC
331
28CD
331
28D8
331
28D9
331
28E4
331
28E5
331
28F0
331
28F1
331
28FC
331
28FD
331
2908
331
2909
331
2914
331
2915
331
2920
331
2921
331
292C
331
292D
331
2938
331
2939
331
2944
331
2945
331
2950
331
2951
331
295D
331
295E
331
296A
331
296B
331
2977
331
2978
331
2984
331
2985
331
2991
331
2992
331
299E
331
299F
331
29AA
331
29AB
331
29B6
331
29B7
331
29C2
331
29C3
331
29CE
331
29CF
331
29DA
331
29DB
331
29E6
331
29E7
331
29F2
331
29F3
331
29FE
331
29FF
331
2A0A
331
2A0B
331
2A16
331
2A17
331
2A22
331
2A23
331
2A2E
331
2A2F
331
2A3A
331
2A3B
331
2A46
331
2A47
331
2A52
331
2A53
331
2A5E
331
2A5F
331
2A6A
331
2A6B
331
2A76
331
2A77
331
2A82
331
2A83
331
2A8E
331
2A8F
331
2A9A
331
2A9B
331
2AA6
331
2AA7
331
2AB2
331
2AB3
331
2ABE
331
2ABF
331
2ACA
331
2ACB
331
2AD6
331
2AD7
331
2AE2
331
2AE3
331
2AEB
331
2AEC
331
2AF4
331
2AF5
331
2AFD
331
2AFE
331
2B06
331
2B07
331
2B0F
331
2B10
331
2B18
331
2B19
331
2B21
331
2B22
331
2B2A
331
2B2B
331
2B33
331
2B34
331
2B3C
331
2B3D
331
2B45
331
2B46
331
2B4E
331
2B4F
331
2B57
331
2B58
331
2B60
331
2B61
331
2B6A
331
2B6B
331
2B74
331
2B75
331
2B7E
331
2B7F
331
2B88
331
2B89
331
2B92
331
2B93
331
2B9C
331
2B9D
331
2BA5
331
2BA6
331
2BAE
331
2BAF
331
2BB7
331
2BB8
331
2BC0
331
2BC1
331
2BC9
331
2BCA
331
2BD2
331
2BD3
331
2BDB
331
2BDC
331
2BE4
331
2BE5
331
2BED
331
2BEE
331
2BF6
331
2BF7
331
2BFF
331
2C00
331
2C08
331
2C09
331
2C11
331
2C12
331
2C1A
331
2C1B
331
2C23
331
2C24
331
2C2C
331
2C2D
331
2C35
331
2C36
331
2C3E
331
2C3F
331
2C47
331
2C48
331
2C50
331
2C51
331
2C59
331
2C5A
331
2C62
331
2C63
331
2C6B
331
2C6C
331
2C74
331
2C75
331
2C7D
331
2C7E
331
2C86
331
2C87
331
2C8F
331
2C90
331
2C9C
331
2C9D
331
2CA5
331
2CA6
331
2CAF
331
2CB0
331
2CB8
331
2CB9
331
2CC1
331
2CC2
331
2CCA
331
2CCB
331
2CD3
331
2CD4
331
2CDC
331
2CDD
331
2CE5
331
2CE6
331
1C45
331
1C46
331
1C51
331
1C52
331
1C5D
331
1C5E
331
1C69
331
1C6A
331
1C75
331
1C76
331
1C81
331
1C82
331
1C8D
331
1C8E
331
1C99
331
1C9A
331
1CA5
331
1CA6
331
1CB1
331
1CB2
331
1CBD
331
1CBE
331
1CC9
331
1CCA
331
1CD5
331
1CD6
331
1CE1
331
1CE2
331
1CED
331
1CEE
331
1CF9
331
1CFA
331
1D05
331
1D06
331
1D11
331
1D12
331
1D1D
331
1D1E
331
1D29
331
1D2A
331
1D35
331
1D36
331
1D41
331
1D42
331
1D4D
331
1D4E
331
1D59
331
1D5A
331
1D65
331
1D66
331
1D71
331
1D72
331
1D7D
331
1D7E
331
1D89
331
1D8A
331
1D95
331
1D96
331
1DA1
331
1DA2
331
1DAD
331
1DAE
331
1DB9
331
1DBA
331
1DC5
331
1DC6
331
1DD1
331
1DD2
331
1DDD
331
1DDE
331
1DE9
331
1DEA
331
1DF5
331
1DF6
331
1E01
331
1E02
331
1E0D
331
1E0E
331
1E19
331
1E1A
331
1E25
331
1E26
331
1E31
331
1E32
331
1E3D
331
1E3E
331
1E49
331
1E4A
331
1E55
331
1E56
331
1E61
331
1E62
331
1E6D
331
1E6E
331
1E79
331
1E7A
331
1E85
331
1E86
331
1E91
331
1E92
331
1E9D
331
1E9E
331
1EA9
331
1EAA
331
1EB5
331
1EB6
331
1EC1
331
1EC2
331
1ECD
331
1ECE
331
1ED9
331
1EDA
331
1EE5
331
1EE6
331
1EF1
331
1EF2
331
1EFD
331
1EFE
331
1F09
331
1F0A
331
1F15
331
1F16
331
1F21
331
1F22
331
1F2D
331
1F2E
331
1F39
331
1F3A
331
1F45
331
1F46
331
1F51
331
1F52
331
1F5D
331
1F5E
331
1F69
331
1F6A
331
1F75
331
1F76
331
1F81
331
1F82
331
1F8D
331
1F8E
331
1F99
331
1F9A
331
1FA5
331
1FA6
331
1FB1
331
1FB2
331
1FBD
331
1FBE
331
1FC9
331
1FCA
331
1FD5
331
1FD6
331
1FE1
331
1FE2
331
1FED
331
1FEE
331
1FF9
331
1FFA
102
}
 70
     0
280
     1
281
     0
  0
BLOCK_RECORD
  5
248
102
{ACAD_XDICTIONARY
360
249
102
}
330
1
100
AcDbSymbolTableRecord
100
AcDbBlockTableRecord
  2
3 DIÁMETRO ARMADURA
340
0
310
280000002000000020000000010020000000000000100000010000000100000000000000000000003D3D3DFF3D3D3DFF3D3D3DFF3D3D3DFF3D3D3DFF3D3D3DFF3D3D3DFF3D3D3DFF3D3D3DFF3D3D3DFF3D3D3DFF3D3D3DFF3D3D3DFF3D3D3DFF3D3D3DFF3D3D3DFF3D3D3DFF3D3D3DFF3D3D3DFF3D3D3DFF3D3D3DFF3D3D3D
310
FF3D3D3DFF3D3D3DFF3D3D3DFF3D3D3DFF3D3D3DFF3D3D3DFF3D3D3DFF3D3D3DFF3D3D3DFF3D3D3DFF3D3D3DFF3D3D3DFF3D3D3DFF3D3D3DFF3D3D3DFF3D3D3DFF3D3D3DFF3D3D3DFF3D3D3DFF3D3D3DFF3D3D3DFF3D3D3DFF3D3D3DFF3D3D3DFF3D3D3DFF3D3D3DFF3D3D3DFF3D3D3DFF3D3D3DFF3D3D3DFF3D3D3DFF3D3D
310
3DFF3D3D3DFF3D3D3DFF3D3D3DFF3D3D3DFF3D3D3DFF3D3D3DFF3D3D3DFF3D3D3DFF3D3D3DFF3D3D3DFF3D3D3DFF3D3D3DFF3D3D3DFF3D3D3DFF3D3D3DFF3D3D3DFF3D3D3DFF3D3D3DFF3D3D3DFF3D3D3DFF3D3D3DFF3D3D3DFF3D3D3DFF3D3D3DFF3D3D3DFF3D3D3DFF3D3D3DFF3D3D3DFF3D3D3DFF3D3D3DFF3D3D3DFF3D
310
3D3DFF3D3D3DFF3D3D3DFF3D3D3DFF3D3D3DFF3D3D3DFF3D3D3DFF3D3D3DFF3D3D3DFF3D3D3DFF3D3D3DFF3D3D3DFF3D3D3DFF3D3D3DFF3D3D3DFF3D3D3DFF3D3D3DFF3D3D3DFF3D3D3DFF3D3D3DFF3D3D3DFF3D3D3DFF3D3D3DFF3D3D3DFF3D3D3DFF3D3D3DFF3D3D3DFF3D3D3DFF3D3D3DFF3D3D3DFF3D3D3DFF3D3D3DFF
310
3D3D3DFF3D3D3DFF3D3D3DFF3D3D3DFF3D3D3DFF3D3D3DFF3D3D3DFF3D3D3DFF3D3D3DFF3D3D3DFF3D3D3DFF3D3D3DFF3D3D3DFF3D3D3DFF3D3D3DFF3D3D3DFF3D3D3DFF3D3D3DFF3D3D3DFF3D3D3DFF3D3D3DFF3D3D3DFF3D3D3DFF3D3D3DFF3D3D3DFF3D3D3DFF3D3D3DFF3D3D3DFF3D3D3DFF3D3D3DFF3D3D3DFF3D3D3D
310
FF3D3D3DFF3D3D3DFF3D3D3DFF3D3D3DFF3D3D3DFF3D3D3DFF3D3D3DFF3D3D3DFF3D3D3DFF3D3D3DFF3D3D3DFF3D3D3DFF3D3D3DFF3D3D3DFF3D3D3DFF3D3D3DFF3D3D3DFF3D3D3DFF3D3D3DFF3D3D3DFF3D3D3DFF3D3D3DFF3D3D3DFF3D3D3DFF3D3D3DFF3D3D3DFF3D3D3DFF3D3D3DFF3D3D3DFF3D3D3DFF3D3D3DFF3D3D
310
3DFF3D3D3DFF3D3D3DFF3D3D3DFF3D3D3DFF3D3D3DFF3D3D3DFF3D3D3DFF3D3D3DFF3D3D3DFF3D3D3DFF3D3D3DFF3D3D3DFF3D3D3DFF3D3D3DFF3D3D3DFF3D3D3DFF3D3D3DFF3D3D3DFF3D3D3DFF3D3D3DFF3D3D3DFF3D3D3DFF3D3D3DFF3D3D3DFF3D3D3DFF3D3D3DFF3D3D3DFF3D3D3DFF3D3D3DFF3D3D3DFF3D3D3DFF3D
310
3D3DFF3D3D3DFF3D3D3DFF3D3D3DFF3D3D3DFF3D3D3DFF3D3D3DFF3D3D3DFF3D3D3DFF3D3D3DFF3D3D3DFF3D3D3DFF3D3D3DFF3D3D3DFF3D3D3DFF3D3D3DFF3D3D3DFF3D3D3DFF3D3D3DFF3D3D3DFF3D3D3DFF3D3D3DFF3D3D3DFF3D3D3DFF3D3D3DFF3D3D3DFF3D3D3DFF3D3D3DFF3D3D3DFF3D3D3DFF3D3D3DFF3D3D3DFF
310
3D3D3DFF3D3D3DFF3D3D3DFF3D3D3DFF3D3D3DFF3D3D3DFF3D3D3DFF3D3D3DFF3D3D3DFF3D3D3DFF3D3D3DFF3D3D3DFF3D3D3DFF3D3D3DFF3D3D3DFF3D3D3DFF3D3D3DFF3D3D3DFF3D3D3DFF3D3D3DFF3D3D3DFF3D3D3DFF3D3D3DFF3D3D3DFF3D3D3DFF3D3D3DFF3D3D3DFF3D3D3DFF3D3D3DFF3D3D3DFF3D3D3DFF3D3D3D
310
FF3D3D3DFF3D3D3DFF3D3D3DFF3D3D3DFF3D3D3DFF3D3D3DFF3D3D3DFF3D3D3DFF3D3D3DFF3D3D3DFF3D3D3DFF3D3D3DFF3D3D3DFF3D3D3DFF3D3D3DFF3D3D3DFF3D3D3DFF3D3D3DFF3D3D3DFF3D3D3DFF3D3D3DFF3D3D3DFF3D3D3DFF3D3D3DFF3D3D3DFF3D3D3DFF3D3D3DFF3D3D3DFF3D3D3DFF3D3D3DFF3D3D3DFF3D3D
310
3DFF3D3D3DFF3D3D3DFF3D3D3DFF3D3D3DFF3D3D3DFF3D3D3DFF3D3D3DFF3D3D3DFF3D3D3DFF3D3D3DFF3D3D3DFF3D3D3DFF3D3D3DFF3D3D3DFF3D3D3DFF3D3D3DFF3D3D3DFF3D3D3DFF3D3D3DFF3D3D3DFF3D3D3DFF3D3D3DFF3D3D3DFF3D3D3DFF3D3D3DFF3D3D3DFF3D3D3DFF3D3D3DFF3D3D3DFF3D3D3DFF3D3D3DFF3D
310
3D3DFF3D3D3DFF3D3D3DFF3D3D3DFF3D3D3DFF3D3D3DFF3D3D3DFF3D3D3DFF3D3D3DFF3D3D3DFF3D3D3DFF3D3D3DFF3D3D3DFF3D3D3DFF3D3D3DFF3D3D3DFF3D3D3DFF3D3D3DFF3D3D3DFF3D3D3DFF3D3D3DFF3D3D3DFF3D3D3DFF3D3D3DFF3D3D3DFF3D3D3DFF3D3D3DFF3D3D3DFF3D3D3DFF3D3D3DFF3D3D3DFF3D3D3DFF
310
3D3D3DFF3D3D3DFF3D3D3DFF3D3D3DFF3D3D3DFF3D3D3DFF3D3D3DFF3D3D3DFF3D3D3DFF3D3D3DFF3D3D3DFF3D3D3DFF3D3D3DFF3D3D3DFF3D3D3DFF3D3D3DFF3D3D3DFF3D3D3DFF3D3D3DFF3D3D3DFF3D3D3DFF3D3D3DFF3D3D3DFF3D3D3DFF3D3D3DFF3D3D3DFF3D3D3DFF3D3D3DFF3D3D3DFF3D3D3DFF3D3D3DFF3D3D3D
310
FF3D3D3DFF3D3D3DFF3D3D3DFF3D3D3DFF3D3D3DFF3D3D3DFF3D3D3DFF3D3D3DFF3D3D3DFF3D3D3DFF3D3D3DFF3D3D3DFF3D3D3DFF3D3D3DFF3D3D3DFF3D3D3DFF3D3D3DFF3D3D3DFF3D3D3DFF3D3D3DFF3D3D3DFF3D3D3DFF3D3D3DFF3D3D3DFF3D3D3DFF3D3D3DFF3D3D3DFF3D3D3DFF3D3D3DFF3D3D3DFF3D3D3DFF3D3D
310
3DFF3D3D3DFF3D3D3DFF3D3D3DFF3D3D3DFF3D3D3DFF3D3D3DFF3D3D3DFF3D3D3DFF3D3D3DFF3D3D3DFF3D3D3DFF3D3D3DFF3D3D3DFF3D3D3DFF3D3D3DFF3D3D3DFF3D3D3DFF3D3D3DFF3D3D3DFF3D3D3DFF3D3D3DFF3D3D3DFF3D3D3DFF3D3D3DFF3D3D3DFF3D3D3DFF3D3D3DFF3D3D3DFF3D3D3DFF3D3D3DFF3D3D3DFF3D
310
3D3DFF3D3D3DFF3D3D3DFF3D3D3DFF3D3D3DFF3D3D3DFF3D3D3DFF3D3D3DFF3D3D3DFF3D3D3DFF3D3D3DFF3D3D3DFF3D3D3DFF3D3D3DFF3D3D3DFF00FFFFFF00FFFFFF00FFFFFF00FFFFFF00FFFFFF3D3D3DFF3D3D3DFF3D3D3DFF3D3D3DFF3D3D3DFF3D3D3DFF3D3D3DFF3D3D3DFF3D3D3DFF3D3D3DFF3D3D3DFF3D3D3DFF
310
3D3D3DFF3D3D3DFF3D3D3DFF3D3D3DFF3D3D3DFF3D3D3DFF3D3D3DFF3D3D3DFF3D3D3DFF3D3D3DFF3D3D3DFF3D3D3DFF3D3D3DFF3D3D3DFF3D3D3DFF00FFFFFF00FFFFFF00FFFFFF00FFFFFF00FFFFFF3D3D3DFF3D3D3DFF3D3D3DFF3D3D3DFF3D3D3DFF3D3D3DFF3D3D3DFF3D3D3DFF3D3D3DFF3D3D3DFF3D3D3DFF3D3D3D
310
FF3D3D3DFF3D3D3DFF3D3D3DFF3D3D3DFF3D3D3DFF3D3D3DFF3D3D3DFF3D3D3DFF3D3D3DFF3D3D3DFF3D3D3DFF3D3D3DFF3D3D3DFF3D3D3DFF3D3D3DFF3D3D3DFF3D3D3DFF3D3D3DFF3D3D3DFF3D3D3DFF3D3D3DFF3D3D3DFF3D3D3DFF3D3D3DFF3D3D3DFF3D3D3DFF3D3D3DFF3D3D3DFF3D3D3DFF3D3D3DFF3D3D3DFF3D3D
310
3DFF3D3D3DFF3D3D3DFF3D3D3DFF3D3D3DFF3D3D3DFF3D3D3DFF3D3D3DFF3D3D3DFF3D3D3DFF3D3D3DFF3D3D3DFF3D3D3DFF3D3D3DFF3D3D3DFF3D3D3DFF3D3D3DFF3D3D3DFF3D3D3DFF3D3D3DFF3D3D3DFF3D3D3DFF3D3D3DFF3D3D3DFF3D3D3DFF3D3D3DFF3D3D3DFF3D3D3DFF3D3D3DFF3D3D3DFF3D3D3DFF3D3D3DFF3D
310
3D3DFF3D3D3DFF3D3D3DFF3D3D3DFF3D3D3DFF3D3D3DFF3D3D3DFF3D3D3DFF3D3D3DFF3D3D3DFF3D3D3DFF3D3D3DFF3D3D3DFF3D3D3DFF3D3D3DFF3D3D3DFF3D3D3DFF3D3D3DFF3D3D3DFF3D3D3DFF3D3D3DFF3D3D3DFF3D3D3DFF3D3D3DFF3D3D3DFF3D3D3DFF3D3D3DFF3D3D3DFF3D3D3DFF3D3D3DFF3D3D3DFF3D3D3DFF
310
3D3D3DFF3D3D3DFF3D3D3DFF3D3D3DFF3D3D3DFF3D3D3DFF3D3D3DFF3D3D3DFF3D3D3DFF3D3D3DFF3D3D3DFF3D3D3DFF3D3D3DFF3D3D3DFF3D3D3DFF3D3D3DFF3D3D3DFF3D3D3DFF3D3D3DFF3D3D3DFF3D3D3DFF3D3D3DFF3D3D3DFF3D3D3DFF3D3D3DFF3D3D3DFF3D3D3DFF3D3D3DFF3D3D3DFF3D3D3DFF3D3D3DFF3D3D3D
310
FF3D3D3DFF3D3D3DFF3D3D3DFF3D3D3DFF3D3D3DFF3D3D3DFF3D3D3DFF3D3D3DFF3D3D3DFF3D3D3DFF3D3D3DFF3D3D3DFF3D3D3DFF3D3D3DFF3D3D3DFF3D3D3DFF3D3D3DFF3D3D3DFF3D3D3DFF3D3D3DFF3D3D3DFF3D3D3DFF3D3D3DFF3D3D3DFF3D3D3DFF3D3D3DFF3D3D3DFF3D3D3DFF3D3D3DFF3D3D3DFF3D3D3DFF3D3D
310
3DFF3D3D3DFF3D3D3DFF3D3D3DFF3D3D3DFF3D3D3DFF3D3D3DFF3D3D3DFF3D3D3DFF3D3D3DFF3D3D3DFF3D3D3DFF3D3D3DFF3D3D3DFF3D3D3DFF3D3D3DFF3D3D3DFF3D3D3DFF3D3D3DFF3D3D3DFF3D3D3DFF3D3D3DFF3D3D3DFF3D3D3DFF3D3D3DFF3D3D3DFF3D3D3DFF3D3D3DFF3D3D3DFF3D3D3DFF3D3D3DFF3D3D3DFF3D
310
3D3DFF3D3D3DFF3D3D3DFF3D3D3DFF3D3D3DFF3D3D3DFF3D3D3DFF3D3D3DFF3D3D3DFF3D3D3DFF3D3D3DFF3D3D3DFF3D3D3DFF3D3D3DFF3D3D3DFF3D3D3DFF3D3D3DFF3D3D3DFF3D3D3DFF3D3D3DFF3D3D3DFF3D3D3DFF3D3D3DFF3D3D3DFF3D3D3DFF3D3D3DFF3D3D3DFF3D3D3DFF3D3D3DFF3D3D3DFF3D3D3DFF3D3D3DFF
310
3D3D3DFF3D3D3DFF3D3D3DFF3D3D3DFF3D3D3DFF3D3D3DFF3D3D3DFF3D3D3DFF3D3D3DFF3D3D3DFF3D3D3DFF3D3D3DFF3D3D3DFF3D3D3DFF3D3D3DFF3D3D3DFF3D3D3DFF3D3D3DFF3D3D3DFF3D3D3DFF3D3D3DFF3D3D3DFF3D3D3DFF3D3D3DFF3D3D3DFF3D3D3DFF3D3D3DFF3D3D3DFF3D3D3DFF3D3D3DFF3D3D3DFF3D3D3D
310
FF3D3D3DFF3D3D3DFF3D3D3DFF3D3D3DFF3D3D3DFF3D3D3DFF3D3D3DFF3D3D3DFF3D3D3DFF3D3D3DFF3D3D3DFF3D3D3DFF3D3D3DFF3D3D3DFF3D3D3DFF3D3D3DFF3D3D3DFF3D3D3DFF3D3D3DFF3D3D3DFF3D3D3DFF3D3D3DFF3D3D3DFF3D3D3DFF3D3D3DFF3D3D3DFF3D3D3DFF3D3D3DFF3D3D3DFF3D3D3DFF3D3D3DFF3D3D
310
3DFF3D3D3DFF3D3D3DFF3D3D3DFF3D3D3DFF3D3D3DFF3D3D3DFF3D3D3DFF3D3D3DFF3D3D3DFF3D3D3DFF3D3D3DFF3D3D3DFF3D3D3DFF3D3D3DFF3D3D3DFF3D3D3DFF3D3D3DFF3D3D3DFF3D3D3DFF3D3D3DFF3D3D3DFF3D3D3DFF3D3D3DFF3D3D3DFF3D3D3DFF3D3D3DFF3D3D3DFF3D3D3DFF3D3D3DFF3D3D3DFF3D3D3DFF3D
310
3D3DFF3D3D3DFF3D3D3DFF3D3D3DFF3D3D3DFF3D3D3DFF3D3D3DFF3D3D3DFF3D3D3DFF3D3D3DFF3D3D3DFF3D3D3DFF3D3D3DFF3D3D3DFF3D3D3DFF3D3D3DFF3D3D3DFF3D3D3DFF3D3D3DFF3D3D3DFF3D3D3DFF3D3D3DFF3D3D3DFF3D3D3DFF3D3D3DFF3D3D3DFF3D3D3DFF3D3D3DFF3D3D3DFF3D3D3DFF3D3D3DFF3D3D3DFF
310
3D3D3DFF3D3D3DFF3D3D3DFF3D3D3DFF3D3D3DFF3D3D3DFF3D3D3DFF3D3D3DFF3D3D3DFF3D3D3DFF3D3D3DFF3D3D3DFF3D3D3DFF3D3D3DFF3D3D3DFF3D3D3DFF3D3D3DFF3D3D3DFF3D3D3DFF3D3D3DFF3D3D3DFF3D3D3DFF3D3D3DFF3D3D3DFF3D3D3DFF3D3D3DFF3D3D3DFF3D3D3DFF3D3D3DFF3D3D3DFF3D3D3DFF3D3D3D
310
FF3D3D3DFF3D3D3DFF3D3D3DFF3D3D3DFF3D3D3DFF3D3D3DFF3D3D3DFF3D3D3DFF3D3D3DFF3D3D3DFF3D3D3DFF3D3D3DFF3D3D3DFF3D3D3DFF3D3D3DFF3D3D3DFF3D3D3DFF3D3D3DFF3D3D3DFF3D3D3DFF3D3D3DFF3D3D3DFF3D3D3DFF3D3D3DFF3D3D3DFF3D3D3DFF3D3D3DFF3D3D3DFF3D3D3DFF3D3D3DFF3D3D3DFF3D3D
310
3DFF3D3D3DFF3D3D3DFF3D3D3DFF3D3D3DFF3D3D3DFF3D3D3DFF3D3D3DFF3D3D3DFF3D3D3DFF3D3D3DFF3D3D3DFF3D3D3DFF3D3D3DFF3D3D3DFF3D3D3DFF3D3D3DFF3D3D3DFF3D3D3DFF3D3D3DFF3D3D3DFF3D3D3DFF3D3D3DFF3D3D3DFF3D3D3DFF3D3D3DFF3D3D3DFF3D3D3DFF3D3D3DFF3D3D3DFF3D3D3DFF3D3D3DFF3D
310
3D3DFF3D3D3DFF3D3D3DFF3D3D3DFF3D3D3DFF3D3D3DFF3D3D3DFF3D3D3DFF3D3D3DFF3D3D3DFF3D3D3DFF3D3D3DFF3D3D3DFF3D3D3DFF3D3D3DFF3D3D3DFF3D3D3DFF3D3D3DFF3D3D3DFF3D3D3DFF3D3D3DFF3D3D3DFF3D3D3DFF3D3D3DFF3D3D3DFF3D3D3DFF3D3D3DFF3D3D3DFF3D3D3DFF3D3D3DFF3D3D3DFF3D3D3DFF
310
3D3D3DFF3D3D3DFF3D3D3DFF3D3D3DFF3D3D3DFF3D3D3DFF3D3D3DFF3D3D3DFF3D3D3DFF3D3D3DFF3D3D3DFF3D3D3DFF3D3D3DFF3D3D3DFF3D3D3DFF3D3D3DFF3D3D3DFF3D3D3DFF
 70
     4
280
     1
281
     0
1001
AcDbDynamicBlockTrueName
1000
3 DIÁMETRO ARMADURA
1001
AcDbDynamicBlockGUID
1000
{6327E29D-EAB1-49BD-909F-A510C304D50D}
1001
AcDbBlockRepETag
1070
     1
1071
        6
  0
BLOCK_RECORD
  5
258
102
{ACAD_XDICTIONARY
360
259
102
}
330
1
100
AcDbSymbolTableRecord
100
AcDbBlockTableRecord
  2
*U3
340
0
102
{BLKREFS
331
E82
331
E89
331
EA7
331
EAE
331
ED3
331
F65
331
F87
331
F8E
331
FA6
331
FCA
331
FD1
331
FEE
331
FF5
331
1019
331
103D
331
1143
331
16AF
331
16B6
331
16D4
331
16DB
331
1700
331
1792
331
17B4
331
17BB
331
17D3
331
17F7
331
17FE
331
181B
331
1822
331
1846
331
186A
331
1970
102
}
 70
     0
280
     1
281
     0
1001
AcDbBlockRepBTag
1070
     1
1005
248
  0
BLOCK_RECORD
  5
262
102
{ACAD_XDICTIONARY
360
263
102
}
330
1
100
AcDbSymbolTableRecord
100
AcDbBlockTableRecord
  2
2 DIÁMETRO ARMADURA
340
0
310
280000002000000020000000010020000000000000100000010000000100000000000000000000003D3D3DFF3D3D3DFF3D3D3DFF3D3D3DFF3D3D3DFF3D3D3DFF3D3D3DFF3D3D3DFF3D3D3DFF3D3D3DFF3D3D3DFF3D3D3DFF3D3D3DFF3D3D3DFF3D3D3DFF3D3D3DFF3D3D3DFF3D3D3DFF3D3D3DFF3D3D3DFF3D3D3DFF3D3D3D
310
FF3D3D3DFF3D3D3DFF3D3D3DFF3D3D3DFF3D3D3DFF3D3D3DFF3D3D3DFF3D3D3DFF3D3D3DFF3D3D3DFF3D3D3DFF3D3D3DFF3D3D3DFF3D3D3DFF3D3D3DFF3D3D3DFF3D3D3DFF3D3D3DFF3D3D3DFF3D3D3DFF3D3D3DFF3D3D3DFF3D3D3DFF3D3D3DFF3D3D3DFF3D3D3DFF3D3D3DFF3D3D3DFF3D3D3DFF3D3D3DFF3D3D3DFF3D3D
310
3DFF3D3D3DFF3D3D3DFF3D3D3DFF3D3D3DFF3D3D3DFF3D3D3DFF3D3D3DFF3D3D3DFF3D3D3DFF3D3D3DFF3D3D3DFF3D3D3DFF3D3D3DFF3D3D3DFF3D3D3DFF3D3D3DFF3D3D3DFF3D3D3DFF3D3D3DFF3D3D3DFF3D3D3DFF3D3D3DFF3D3D3DFF3D3D3DFF3D3D3DFF3D3D3DFF3D3D3DFF3D3D3DFF3D3D3DFF3D3D3DFF3D3D3DFF3D
310
3D3DFF3D3D3DFF3D3D3DFF3D3D3DFF3D3D3DFF3D3D3DFF3D3D3DFF3D3D3DFF3D3D3DFF3D3D3DFF3D3D3DFF3D3D3DFF3D3D3DFF3D3D3DFF3D3D3DFF3D3D3DFF3D3D3DFF3D3D3DFF3D3D3DFF3D3D3DFF3D3D3DFF3D3D3DFF3D3D3DFF3D3D3DFF3D3D3DFF3D3D3DFF3D3D3DFF3D3D3DFF3D3D3DFF3D3D3DFF3D3D3DFF3D3D3DFF
310
3D3D3DFF3D3D3DFF3D3D3DFF3D3D3DFF3D3D3DFF3D3D3DFF3D3D3DFF3D3D3DFF3D3D3DFF3D3D3DFF3D3D3DFF3D3D3DFF3D3D3DFF3D3D3DFF3D3D3DFF3D3D3DFF3D3D3DFF3D3D3DFF3D3D3DFF3D3D3DFF3D3D3DFF3D3D3DFF3D3D3DFF3D3D3DFF3D3D3DFF3D3D3DFF3D3D3DFF3D3D3DFF3D3D3DFF3D3D3DFF3D3D3DFF3D3D3D
310
FF3D3D3DFF3D3D3DFF3D3D3DFF3D3D3DFF3D3D3DFF3D3D3DFF3D3D3DFF3D3D3DFF3D3D3DFF3D3D3DFF3D3D3DFF3D3D3DFF3D3D3DFF3D3D3DFF3D3D3DFF3D3D3DFF3D3D3DFF3D3D3DFF3D3D3DFF3D3D3DFF3D3D3DFF3D3D3DFF3D3D3DFF3D3D3DFF3D3D3DFF3D3D3DFF3D3D3DFF3D3D3DFF3D3D3DFF3D3D3DFF3D3D3DFF3D3D
310
3DFF3D3D3DFF3D3D3DFF3D3D3DFF3D3D3DFF3D3D3DFF3D3D3DFF3D3D3DFF3D3D3DFF3D3D3DFF3D3D3DFF3D3D3DFF3D3D3DFF3D3D3DFF3D3D3DFF3D3D3DFF3D3D3DFF3D3D3DFF3D3D3DFF3D3D3DFF3D3D3DFF3D3D3DFF3D3D3DFF3D3D3DFF3D3D3DFF3D3D3DFF3D3D3DFF3D3D3DFF3D3D3DFF3D3D3DFF3D3D3DFF3D3D3DFF3D
310
3D3DFF3D3D3DFF3D3D3DFF3D3D3DFF3D3D3DFF3D3D3DFF3D3D3DFF3D3D3DFF3D3D3DFF3D3D3DFF3D3D3DFF3D3D3DFF3D3D3DFF3D3D3DFF3D3D3DFF3D3D3DFF3D3D3DFF3D3D3DFF3D3D3DFF3D3D3DFF3D3D3DFF3D3D3DFF3D3D3DFF3D3D3DFF3D3D3DFF3D3D3DFF3D3D3DFF3D3D3DFF3D3D3DFF3D3D3DFF3D3D3DFF3D3D3DFF
310
3D3D3DFF3D3D3DFF3D3D3DFF3D3D3DFF3D3D3DFF3D3D3DFF3D3D3DFF3D3D3DFF3D3D3DFF3D3D3DFF3D3D3DFF3D3D3DFF3D3D3DFF3D3D3DFF3D3D3DFF3D3D3DFF3D3D3DFF3D3D3DFF3D3D3DFF3D3D3DFF3D3D3DFF3D3D3DFF3D3D3DFF3D3D3DFF3D3D3DFF3D3D3DFF3D3D3DFF3D3D3DFF3D3D3DFF3D3D3DFF3D3D3DFF3D3D3D
310
FF3D3D3DFF3D3D3DFF3D3D3DFF3D3D3DFF3D3D3DFF3D3D3DFF3D3D3DFF3D3D3DFF3D3D3DFF3D3D3DFF3D3D3DFF3D3D3DFF3D3D3DFF3D3D3DFF3D3D3DFF3D3D3DFF3D3D3DFF3D3D3DFF3D3D3DFF3D3D3DFF3D3D3DFF3D3D3DFF3D3D3DFF3D3D3DFF3D3D3DFF3D3D3DFF3D3D3DFF3D3D3DFF3D3D3DFF3D3D3DFF3D3D3DFF3D3D
310
3DFF3D3D3DFF3D3D3DFF3D3D3DFF3D3D3DFF3D3D3DFF3D3D3DFF3D3D3DFF3D3D3DFF3D3D3DFF3D3D3DFF3D3D3DFF3D3D3DFF3D3D3DFF3D3D3DFF3D3D3DFF3D3D3DFF3D3D3DFF3D3D3DFF3D3D3DFF3D3D3DFF3D3D3DFF3D3D3DFF3D3D3DFF3D3D3DFF3D3D3DFF3D3D3DFF3D3D3DFF3D3D3DFF3D3D3DFF3D3D3DFF3D3D3DFF3D
310
3D3DFF3D3D3DFF3D3D3DFF3D3D3DFF3D3D3DFF3D3D3DFF3D3D3DFF3D3D3DFF3D3D3DFF3D3D3DFF3D3D3DFF3D3D3DFF3D3D3DFF3D3D3DFF3D3D3DFF3D3D3DFF3D3D3DFF3D3D3DFF3D3D3DFF3D3D3DFF3D3D3DFF3D3D3DFF3D3D3DFF3D3D3DFF3D3D3DFF3D3D3DFF3D3D3DFF3D3D3DFF3D3D3DFF3D3D3DFF3D3D3DFF3D3D3DFF
310
3D3D3DFF3D3D3DFF3D3D3DFF3D3D3DFF3D3D3DFF3D3D3DFF3D3D3DFF3D3D3DFF3D3D3DFF3D3D3DFF3D3D3DFF3D3D3DFF3D3D3DFF3D3D3DFF3D3D3DFF3D3D3DFF3D3D3DFF3D3D3DFF3D3D3DFF3D3D3DFF3D3D3DFF3D3D3DFF3D3D3DFF3D3D3DFF3D3D3DFF3D3D3DFF3D3D3DFF3D3D3DFF3D3D3DFF3D3D3DFF3D3D3DFF3D3D3D
310
FF3D3D3DFF3D3D3DFF3D3D3DFF3D3D3DFF3D3D3DFF3D3D3DFF3D3D3DFF3D3D3DFF3D3D3DFF3D3D3DFF3D3D3DFF3D3D3DFF3D3D3DFF3D3D3DFF3D3D3DFF3D3D3DFF3D3D3DFF3D3D3DFF3D3D3DFF3D3D3DFF3D3D3DFF3D3D3DFF3D3D3DFF3D3D3DFF3D3D3DFF3D3D3DFF3D3D3DFF3D3D3DFF3D3D3DFF3D3D3DFF3D3D3DFF3D3D
310
3DFF3D3D3DFF3D3D3DFF3D3D3DFF3D3D3DFF3D3D3DFF3D3D3DFF3D3D3DFF3D3D3DFF3D3D3DFF3D3D3DFF3D3D3DFF3D3D3DFF3D3D3DFF3D3D3DFF3D3D3DFF3D3D3DFF3D3D3DFF3D3D3DFF3D3D3DFF3D3D3DFF3D3D3DFF3D3D3DFF3D3D3DFF3D3D3DFF3D3D3DFF3D3D3DFF3D3D3DFF3D3D3DFF3D3D3DFF3D3D3DFF3D3D3DFF3D
310
3D3DFF3D3D3DFF3D3D3DFF3D3D3DFF3D3D3DFF3D3D3DFF3D3D3DFF3D3D3DFF3D3D3DFF3D3D3DFF3D3D3DFF3D3D3DFF3D3D3DFF3D3D3DFF3D3D3DFF00FFFFFF00FFFFFF00FFFFFF00FFFFFF00FFFFFF3D3D3DFF3D3D3DFF3D3D3DFF3D3D3DFF3D3D3DFF3D3D3DFF3D3D3DFF3D3D3DFF3D3D3DFF3D3D3DFF3D3D3DFF3D3D3DFF
310
3D3D3DFF3D3D3DFF3D3D3DFF3D3D3DFF3D3D3DFF3D3D3DFF3D3D3DFF3D3D3DFF3D3D3DFF3D3D3DFF3D3D3DFF3D3D3DFF3D3D3DFF3D3D3DFF3D3D3DFF00FFFFFF00FFFFFF00FFFFFF00FFFFFF00FFFFFF3D3D3DFF3D3D3DFF3D3D3DFF3D3D3DFF3D3D3DFF3D3D3DFF3D3D3DFF3D3D3DFF3D3D3DFF3D3D3DFF3D3D3DFF3D3D3D
310
FF3D3D3DFF3D3D3DFF3D3D3DFF3D3D3DFF3D3D3DFF3D3D3DFF3D3D3DFF3D3D3DFF3D3D3DFF3D3D3DFF3D3D3DFF3D3D3DFF3D3D3DFF3D3D3DFF3D3D3DFF3D3D3DFF3D3D3DFF3D3D3DFF3D3D3DFF3D3D3DFF3D3D3DFF3D3D3DFF3D3D3DFF3D3D3DFF3D3D3DFF3D3D3DFF3D3D3DFF3D3D3DFF3D3D3DFF3D3D3DFF3D3D3DFF3D3D
310
3DFF3D3D3DFF3D3D3DFF3D3D3DFF3D3D3DFF3D3D3DFF3D3D3DFF3D3D3DFF3D3D3DFF3D3D3DFF3D3D3DFF3D3D3DFF3D3D3DFF3D3D3DFF3D3D3DFF3D3D3DFF3D3D3DFF3D3D3DFF3D3D3DFF3D3D3DFF3D3D3DFF3D3D3DFF3D3D3DFF3D3D3DFF3D3D3DFF3D3D3DFF3D3D3DFF3D3D3DFF3D3D3DFF3D3D3DFF3D3D3DFF3D3D3DFF3D
310
3D3DFF3D3D3DFF3D3D3DFF3D3D3DFF3D3D3DFF3D3D3DFF3D3D3DFF3D3D3DFF3D3D3DFF3D3D3DFF3D3D3DFF3D3D3DFF3D3D3DFF3D3D3DFF3D3D3DFF3D3D3DFF3D3D3DFF3D3D3DFF3D3D3DFF3D3D3DFF3D3D3DFF3D3D3DFF3D3D3DFF3D3D3DFF3D3D3DFF3D3D3DFF3D3D3DFF3D3D3DFF3D3D3DFF3D3D3DFF3D3D3DFF3D3D3DFF
310
3D3D3DFF3D3D3DFF3D3D3DFF3D3D3DFF3D3D3DFF3D3D3DFF3D3D3DFF3D3D3DFF3D3D3DFF3D3D3DFF3D3D3DFF3D3D3DFF3D3D3DFF3D3D3DFF3D3D3DFF3D3D3DFF3D3D3DFF3D3D3DFF3D3D3DFF3D3D3DFF3D3D3DFF3D3D3DFF3D3D3DFF3D3D3DFF3D3D3DFF3D3D3DFF3D3D3DFF3D3D3DFF3D3D3DFF3D3D3DFF3D3D3DFF3D3D3D
310
FF3D3D3DFF3D3D3DFF3D3D3DFF3D3D3DFF3D3D3DFF3D3D3DFF3D3D3DFF3D3D3DFF3D3D3DFF3D3D3DFF3D3D3DFF3D3D3DFF3D3D3DFF3D3D3DFF3D3D3DFF3D3D3DFF3D3D3DFF3D3D3DFF3D3D3DFF3D3D3DFF3D3D3DFF3D3D3DFF3D3D3DFF3D3D3DFF3D3D3DFF3D3D3DFF3D3D3DFF3D3D3DFF3D3D3DFF3D3D3DFF3D3D3DFF3D3D
310
3DFF3D3D3DFF3D3D3DFF3D3D3DFF3D3D3DFF3D3D3DFF3D3D3DFF3D3D3DFF3D3D3DFF3D3D3DFF3D3D3DFF3D3D3DFF3D3D3DFF3D3D3DFF3D3D3DFF3D3D3DFF3D3D3DFF3D3D3DFF3D3D3DFF3D3D3DFF3D3D3DFF3D3D3DFF3D3D3DFF3D3D3DFF3D3D3DFF3D3D3DFF3D3D3DFF3D3D3DFF3D3D3DFF3D3D3DFF3D3D3DFF3D3D3DFF3D
310
3D3DFF3D3D3DFF3D3D3DFF3D3D3DFF3D3D3DFF3D3D3DFF3D3D3DFF3D3D3DFF3D3D3DFF3D3D3DFF3D3D3DFF3D3D3DFF3D3D3DFF3D3D3DFF3D3D3DFF3D3D3DFF3D3D3DFF3D3D3DFF3D3D3DFF3D3D3DFF3D3D3DFF3D3D3DFF3D3D3DFF3D3D3DFF3D3D3DFF3D3D3DFF3D3D3DFF3D3D3DFF3D3D3DFF3D3D3DFF3D3D3DFF3D3D3DFF
310
3D3D3DFF3D3D3DFF3D3D3DFF3D3D3DFF3D3D3DFF3D3D3DFF3D3D3DFF3D3D3DFF3D3D3DFF3D3D3DFF3D3D3DFF3D3D3DFF3D3D3DFF3D3D3DFF3D3D3DFF3D3D3DFF3D3D3DFF3D3D3DFF3D3D3DFF3D3D3DFF3D3D3DFF3D3D3DFF3D3D3DFF3D3D3DFF3D3D3DFF3D3D3DFF3D3D3DFF3D3D3DFF3D3D3DFF3D3D3DFF3D3D3DFF3D3D3D
310
FF3D3D3DFF3D3D3DFF3D3D3DFF3D3D3DFF3D3D3DFF3D3D3DFF3D3D3DFF3D3D3DFF3D3D3DFF3D3D3DFF3D3D3DFF3D3D3DFF3D3D3DFF3D3D3DFF3D3D3DFF3D3D3DFF3D3D3DFF3D3D3DFF3D3D3DFF3D3D3DFF3D3D3DFF3D3D3DFF3D3D3DFF3D3D3DFF3D3D3DFF3D3D3DFF3D3D3DFF3D3D3DFF3D3D3DFF3D3D3DFF3D3D3DFF3D3D
310
3DFF3D3D3DFF3D3D3DFF3D3D3DFF3D3D3DFF3D3D3DFF3D3D3DFF3D3D3DFF3D3D3DFF3D3D3DFF3D3D3DFF3D3D3DFF3D3D3DFF3D3D3DFF3D3D3DFF3D3D3DFF3D3D3DFF3D3D3DFF3D3D3DFF3D3D3DFF3D3D3DFF3D3D3DFF3D3D3DFF3D3D3DFF3D3D3DFF3D3D3DFF3D3D3DFF3D3D3DFF3D3D3DFF3D3D3DFF3D3D3DFF3D3D3DFF3D
310
3D3DFF3D3D3DFF3D3D3DFF3D3D3DFF3D3D3DFF3D3D3DFF3D3D3DFF3D3D3DFF3D3D3DFF3D3D3DFF3D3D3DFF3D3D3DFF3D3D3DFF3D3D3DFF3D3D3DFF3D3D3DFF3D3D3DFF3D3D3DFF3D3D3DFF3D3D3DFF3D3D3DFF3D3D3DFF3D3D3DFF3D3D3DFF3D3D3DFF3D3D3DFF3D3D3DFF3D3D3DFF3D3D3DFF3D3D3DFF3D3D3DFF3D3D3DFF
310
3D3D3DFF3D3D3DFF3D3D3DFF3D3D3DFF3D3D3DFF3D3D3DFF3D3D3DFF3D3D3DFF3D3D3DFF3D3D3DFF3D3D3DFF3D3D3DFF3D3D3DFF3D3D3DFF3D3D3DFF3D3D3DFF3D3D3DFF3D3D3DFF3D3D3DFF3D3D3DFF3D3D3DFF3D3D3DFF3D3D3DFF3D3D3DFF3D3D3DFF3D3D3DFF3D3D3DFF3D3D3DFF3D3D3DFF3D3D3DFF3D3D3DFF3D3D3D
310
FF3D3D3DFF3D3D3DFF3D3D3DFF3D3D3DFF3D3D3DFF3D3D3DFF3D3D3DFF3D3D3DFF3D3D3DFF3D3D3DFF3D3D3DFF3D3D3DFF3D3D3DFF3D3D3DFF3D3D3DFF3D3D3DFF3D3D3DFF3D3D3DFF3D3D3DFF3D3D3DFF3D3D3DFF3D3D3DFF3D3D3DFF3D3D3DFF3D3D3DFF3D3D3DFF3D3D3DFF3D3D3DFF3D3D3DFF3D3D3DFF3D3D3DFF3D3D
310
3DFF3D3D3DFF3D3D3DFF3D3D3DFF3D3D3DFF3D3D3DFF3D3D3DFF3D3D3DFF3D3D3DFF3D3D3DFF3D3D3DFF3D3D3DFF3D3D3DFF3D3D3DFF3D3D3DFF3D3D3DFF3D3D3DFF3D3D3DFF3D3D3DFF3D3D3DFF3D3D3DFF3D3D3DFF3D3D3DFF3D3D3DFF3D3D3DFF3D3D3DFF3D3D3DFF3D3D3DFF3D3D3DFF3D3D3DFF3D3D3DFF3D3D3DFF3D
310
3D3DFF3D3D3DFF3D3D3DFF3D3D3DFF3D3D3DFF3D3D3DFF3D3D3DFF3D3D3DFF3D3D3DFF3D3D3DFF3D3D3DFF3D3D3DFF3D3D3DFF3D3D3DFF3D3D3DFF3D3D3DFF3D3D3DFF3D3D3DFF3D3D3DFF3D3D3DFF3D3D3DFF3D3D3DFF3D3D3DFF3D3D3DFF3D3D3DFF3D3D3DFF3D3D3DFF3D3D3DFF3D3D3DFF3D3D3DFF3D3D3DFF3D3D3DFF
310
3D3D3DFF3D3D3DFF3D3D3DFF3D3D3DFF3D3D3DFF3D3D3DFF3D3D3DFF3D3D3DFF3D3D3DFF3D3D3DFF3D3D3DFF3D3D3DFF3D3D3DFF3D3D3DFF3D3D3DFF3D3D3DFF3D3D3DFF3D3D3DFF
 70
     4
280
     1
281
     0
1001
AcDbBlockRepETag
1070
     1
1071
        6
1001
AcDbDynamicBlockTrueName
1000
2 DIÁMETRO ARMADURA
1001
AcDbDynamicBlockGUID
1000
{F57A484E-062C-41E1-A852-D3E61EB0E927}
  0
BLOCK_RECORD
  5
808
102
{ACAD_XDICTIONARY
360
809
102
}
330
1
100
AcDbSymbolTableRecord
100
AcDbBlockTableRecord
  2
*U10
340
0
102
{BLKREFS
331
E34
331
E3B
331
1661
331
1668
102
}
 70
     0
280
     1
281
     0
1001
AcDbBlockRepBTag
1070
     1
1005
262
  0
BLOCK_RECORD
  5
143B
102
{ACAD_XDICTIONARY
360
143C
102
}
330
1
100
AcDbSymbolTableRecord
100
AcDbBlockTableRecord
  2
*U145
340
0
102
{BLKREFS
331
E5D
331
E64
331
F5E
331
168A
331
1691
331
178B
102
}
 70
     0
280
     1
281
     0
1001
AcDbBlockRepBTag
1070
     1
1005
248
  0
BLOCK_RECORD
  5
14EF
102
{ACAD_XDICTIONARY
360
14F0
102
}
330
1
100
AcDbSymbolTableRecord
100
AcDbBlockTableRecord
  2
*U163
340
0
102
{BLKREFS
331
ECC
331
EF1
331
EF8
331
F16
331
F1D
331
FAD
331
1012
331
1036
331
105A
331
1061
331
107E
331
1085
331
10A2
331
10A9
331
10CD
331
10FB
331
111F
331
113C
331
1160
331
1167
331
1184
331
118B
331
11A8
331
11AF
331
11CC
331
11D3
331
11F7
331
121B
331
123F
331
126B
331
128F
331
12AC
331
12B3
331
12D0
331
12D7
331
138B
331
1392
331
13B4
331
13BB
331
13E4
331
16F9
331
171E
331
1725
331
1743
331
174A
331
17DA
331
183F
331
1863
331
1887
331
188E
331
18AB
331
18B2
331
18CF
331
18D6
331
18FA
331
1928
331
194C
331
1969
331
198D
331
1994
331
19B1
331
19B8
331
19D5
331
19DC
331
19F9
331
1A00
331
1A24
331
1A48
331
1A6C
331
1A98
331
1ABC
331
1AD9
331
1AE0
331
1AFD
331
1B04
331
1BB8
331
1BBF
331
1BE1
331
1BE8
331
1C11
102
}
 70
     0
280
     1
281
     0
1001
AcDbBlockRepBTag
1070
     1
1005
248
  0
BLOCK_RECORD
  5
158F
102
{ACAD_XDICTIONARY
360
1590
102
}
330
1
100
AcDbSymbolTableRecord
100
AcDbBlockTableRecord
  2
*U179
340
0
102
{BLKREFS
331
10C6
331
10F4
331
1118
331
11F0
331
1214
331
1238
331
1264
331
1288
331
13DD
331
18F3
331
1921
331
1945
331
1A1D
331
1A41
331
1A65
331
1A91
331
1AB5
331
1C0A
102
}
 70
     0
280
     1
281
     0
1001
AcDbBlockRepBTag
1070
     1
1005
248
  0
BLOCK_RECORD
  5
1C3F
330
1
100
AcDbSymbolTableRecord
100
AcDbBlockTableRecord
  2
*D194
340
0
 70
     0
280
     1
281
     0
  0
BLOCK_RECORD
  5
1C4B
330
1
100
AcDbSymbolTableRecord
100
AcDbBlockTableRecord
  2
*D195
340
0
 70
     0
280
     1
281
     0
  0
BLOCK_RECORD
  5
1C57
330
1
100
AcDbSymbolTableRecord
100
AcDbBlockTableRecord
  2
*D196
340
0
 70
     0
280
     1
281
     0
  0
BLOCK_RECORD
  5
1C63
330
1
100
AcDbSymbolTableRecord
100
AcDbBlockTableRecord
  2
*D197
340
0
 70
     0
280
     1
281
     0
  0
BLOCK_RECORD
  5
1C6F
330
1
100
AcDbSymbolTableRecord
100
AcDbBlockTableRecord
  2
*D198
340
0
 70
     0
280
     1
281
     0
  0
BLOCK_RECORD
  5
1C7B
330
1
100
AcDbSymbolTableRecord
100
AcDbBlockTableRecord
  2
*D199
340
0
 70
     0
280
     1
281
     0
  0
BLOCK_RECORD
  5
1C87
330
1
100
AcDbSymbolTableRecord
100
AcDbBlockTableRecord
  2
*D200
340
0
 70
     0
280
     1
281
     0
  0
BLOCK_RECORD
  5
1C93
330
1
100
AcDbSymbolTableRecord
100
AcDbBlockTableRecord
  2
*D201
340
0
 70
     0
280
     1
281
     0
  0
BLOCK_RECORD
  5
1C9F
330
1
100
AcDbSymbolTableRecord
100
AcDbBlockTableRecord
  2
*D202
340
0
 70
     0
280
     1
281
     0
  0
BLOCK_RECORD
  5
1CAB
330
1
100
AcDbSymbolTableRecord
100
AcDbBlockTableRecord
  2
*D203
340
0
 70
     0
280
     1
281
     0
  0
BLOCK_RECORD
  5
1CB7
330
1
100
AcDbSymbolTableRecord
100
AcDbBlockTableRecord
  2
*D204
340
0
 70
     0
280
     1
281
     0
  0
BLOCK_RECORD
  5
1CC3
330
1
100
AcDbSymbolTableRecord
100
AcDbBlockTableRecord
  2
*D205
340
0
 70
     0
280
     1
281
     0
  0
BLOCK_RECORD
  5
1CCF
330
1
100
AcDbSymbolTableRecord
100
AcDbBlockTableRecord
  2
*D206
340
0
 70
     0
280
     1
281
     0
  0
BLOCK_RECORD
  5
1CDB
330
1
100
AcDbSymbolTableRecord
100
AcDbBlockTableRecord
  2
*D207
340
0
 70
     0
280
     1
281
     0
  0
BLOCK_RECORD
  5
1CE7
330
1
100
AcDbSymbolTableRecord
100
AcDbBlockTableRecord
  2
*D208
340
0
 70
     0
280
     1
281
     0
  0
BLOCK_RECORD
  5
1CF3
330
1
100
AcDbSymbolTableRecord
100
AcDbBlockTableRecord
  2
*D209
340
0
 70
     0
280
     1
281
     0
  0
BLOCK_RECORD
  5
1CFF
330
1
100
AcDbSymbolTableRecord
100
AcDbBlockTableRecord
  2
*D210
340
0
 70
     0
280
     1
281
     0
  0
BLOCK_RECORD
  5
1D0B
330
1
100
AcDbSymbolTableRecord
100
AcDbBlockTableRecord
  2
*D211
340
0
 70
     0
280
     1
281
     0
  0
BLOCK_RECORD
  5
1D17
330
1
100
AcDbSymbolTableRecord
100
AcDbBlockTableRecord
  2
*D212
340
0
 70
     0
280
     1
281
     0
  0
BLOCK_RECORD
  5
1D23
330
1
100
AcDbSymbolTableRecord
100
AcDbBlockTableRecord
  2
*D213
340
0
 70
     0
280
     1
281
     0
  0
BLOCK_RECORD
  5
1D2F
330
1
100
AcDbSymbolTableRecord
100
AcDbBlockTableRecord
  2
*D214
340
0
 70
     0
280
     1
281
     0
  0
BLOCK_RECORD
  5
1D3B
330
1
100
AcDbSymbolTableRecord
100
AcDbBlockTableRecord
  2
*D215
340
0
 70
     0
280
     1
281
     0
  0
BLOCK_RECORD
  5
1D47
330
1
100
AcDbSymbolTableRecord
100
AcDbBlockTableRecord
  2
*D216
340
0
 70
     0
280
     1
281
     0
  0
BLOCK_RECORD
  5
1D53
330
1
100
AcDbSymbolTableRecord
100
AcDbBlockTableRecord
  2
*D217
340
0
 70
     0
280
     1
281
     0
  0
BLOCK_RECORD
  5
1D5F
330
1
100
AcDbSymbolTableRecord
100
AcDbBlockTableRecord
  2
*D218
340
0
 70
     0
280
     1
281
     0
  0
BLOCK_RECORD
  5
1D6B
330
1
100
AcDbSymbolTableRecord
100
AcDbBlockTableRecord
  2
*D219
340
0
 70
     0
280
     1
281
     0
  0
BLOCK_RECORD
  5
1D77
330
1
100
AcDbSymbolTableRecord
100
AcDbBlockTableRecord
  2
*D220
340
0
 70
     0
280
     1
281
     0
  0
BLOCK_RECORD
  5
1D83
330
1
100
AcDbSymbolTableRecord
100
AcDbBlockTableRecord
  2
*D221
340
0
 70
     0
280
     1
281
     0
  0
BLOCK_RECORD
  5
1D8F
330
1
100
AcDbSymbolTableRecord
100
AcDbBlockTableRecord
  2
*D222
340
0
 70
     0
280
     1
281
     0
  0
BLOCK_RECORD
  5
1D9B
330
1
100
AcDbSymbolTableRecord
100
AcDbBlockTableRecord
  2
*D223
340
0
 70
     0
280
     1
281
     0
  0
BLOCK_RECORD
  5
1DA7
330
1
100
AcDbSymbolTableRecord
100
AcDbBlockTableRecord
  2
*D224
340
0
 70
     0
280
     1
281
     0
  0
BLOCK_RECORD
  5
1DB3
330
1
100
AcDbSymbolTableRecord
100
AcDbBlockTableRecord
  2
*D225
340
0
 70
     0
280
     1
281
     0
  0
BLOCK_RECORD
  5
1DBF
330
1
100
AcDbSymbolTableRecord
100
AcDbBlockTableRecord
  2
*D226
340
0
 70
     0
280
     1
281
     0
  0
BLOCK_RECORD
  5
1DCB
330
1
100
AcDbSymbolTableRecord
100
AcDbBlockTableRecord
  2
*D227
340
0
 70
     0
280
     1
281
     0
  0
BLOCK_RECORD
  5
1DD7
330
1
100
AcDbSymbolTableRecord
100
AcDbBlockTableRecord
  2
*D228
340
0
 70
     0
280
     1
281
     0
  0
BLOCK_RECORD
  5
1DE3
330
1
100
AcDbSymbolTableRecord
100
AcDbBlockTableRecord
  2
*D229
340
0
 70
     0
280
     1
281
     0
  0
BLOCK_RECORD
  5
1DEF
330
1
100
AcDbSymbolTableRecord
100
AcDbBlockTableRecord
  2
*D230
340
0
 70
     0
280
     1
281
     0
  0
BLOCK_RECORD
  5
1DFB
330
1
100
AcDbSymbolTableRecord
100
AcDbBlockTableRecord
  2
*D231
340
0
 70
     0
280
     1
281
     0
  0
BLOCK_RECORD
  5
1E07
330
1
100
AcDbSymbolTableRecord
100
AcDbBlockTableRecord
  2
*D232
340
0
 70
     0
280
     1
281
     0
  0
BLOCK_RECORD
  5
1E13
330
1
100
AcDbSymbolTableRecord
100
AcDbBlockTableRecord
  2
*D233
340
0
 70
     0
280
     1
281
     0
  0
BLOCK_RECORD
  5
1E1F
330
1
100
AcDbSymbolTableRecord
100
AcDbBlockTableRecord
  2
*D234
340
0
 70
     0
280
     1
281
     0
  0
BLOCK_RECORD
  5
1E2B
330
1
100
AcDbSymbolTableRecord
100
AcDbBlockTableRecord
  2
*D235
340
0
 70
     0
280
     1
281
     0
  0
BLOCK_RECORD
  5
1E37
330
1
100
AcDbSymbolTableRecord
100
AcDbBlockTableRecord
  2
*D236
340
0
 70
     0
280
     1
281
     0
  0
BLOCK_RECORD
  5
1E43
330
1
100
AcDbSymbolTableRecord
100
AcDbBlockTableRecord
  2
*D237
340
0
 70
     0
280
     1
281
     0
  0
BLOCK_RECORD
  5
1E4F
330
1
100
AcDbSymbolTableRecord
100
AcDbBlockTableRecord
  2
*D238
340
0
 70
     0
280
     1
281
     0
  0
BLOCK_RECORD
  5
1E5B
330
1
100
AcDbSymbolTableRecord
100
AcDbBlockTableRecord
  2
*D239
340
0
 70
     0
280
     1
281
     0
  0
BLOCK_RECORD
  5
1E67
330
1
100
AcDbSymbolTableRecord
100
AcDbBlockTableRecord
  2
*D240
340
0
 70
     0
280
     1
281
     0
  0
BLOCK_RECORD
  5
1E73
330
1
100
AcDbSymbolTableRecord
100
AcDbBlockTableRecord
  2
*D241
340
0
 70
     0
280
     1
281
     0
  0
BLOCK_RECORD
  5
1E7F
330
1
100
AcDbSymbolTableRecord
100
AcDbBlockTableRecord
  2
*D242
340
0
 70
     0
280
     1
281
     0
  0
BLOCK_RECORD
  5
1E8B
330
1
100
AcDbSymbolTableRecord
100
AcDbBlockTableRecord
  2
*D243
340
0
 70
     0
280
     1
281
     0
  0
BLOCK_RECORD
  5
1E97
330
1
100
AcDbSymbolTableRecord
100
AcDbBlockTableRecord
  2
*D244
340
0
 70
     0
280
     1
281
     0
  0
BLOCK_RECORD
  5
1EA3
330
1
100
AcDbSymbolTableRecord
100
AcDbBlockTableRecord
  2
*D245
340
0
 70
     0
280
     1
281
     0
  0
BLOCK_RECORD
  5
1EAF
330
1
100
AcDbSymbolTableRecord
100
AcDbBlockTableRecord
  2
*D246
340
0
 70
     0
280
     1
281
     0
  0
BLOCK_RECORD
  5
1EBB
330
1
100
AcDbSymbolTableRecord
100
AcDbBlockTableRecord
  2
*D247
340
0
 70
     0
280
     1
281
     0
  0
BLOCK_RECORD
  5
1EC7
330
1
100
AcDbSymbolTableRecord
100
AcDbBlockTableRecord
  2
*D248
340
0
 70
     0
280
     1
281
     0
  0
BLOCK_RECORD
  5
1ED3
330
1
100
AcDbSymbolTableRecord
100
AcDbBlockTableRecord
  2
*D249
340
0
 70
     0
280
     1
281
     0
  0
BLOCK_RECORD
  5
1EDF
330
1
100
AcDbSymbolTableRecord
100
AcDbBlockTableRecord
  2
*D250
340
0
 70
     0
280
     1
281
     0
  0
BLOCK_RECORD
  5
1EEB
330
1
100
AcDbSymbolTableRecord
100
AcDbBlockTableRecord
  2
*D251
340
0
 70
     0
280
     1
281
     0
  0
BLOCK_RECORD
  5
1EF7
330
1
100
AcDbSymbolTableRecord
100
AcDbBlockTableRecord
  2
*D252
340
0
 70
     0
280
     1
281
     0
  0
BLOCK_RECORD
  5
1F03
330
1
100
AcDbSymbolTableRecord
100
AcDbBlockTableRecord
  2
*D253
340
0
 70
     0
280
     1
281
     0
  0
BLOCK_RECORD
  5
1F0F
330
1
100
AcDbSymbolTableRecord
100
AcDbBlockTableRecord
  2
*D254
340
0
 70
     0
280
     1
281
     0
  0
BLOCK_RECORD
  5
1F1B
330
1
100
AcDbSymbolTableRecord
100
AcDbBlockTableRecord
  2
*D255
340
0
 70
     0
280
     1
281
     0
  0
BLOCK_RECORD
  5
1F27
330
1
100
AcDbSymbolTableRecord
100
AcDbBlockTableRecord
  2
*D256
340
0
 70
     0
280
     1
281
     0
  0
BLOCK_RECORD
  5
1F33
330
1
100
AcDbSymbolTableRecord
100
AcDbBlockTableRecord
  2
*D257
340
0
 70
     0
280
     1
281
     0
  0
BLOCK_RECORD
  5
1F3F
330
1
100
AcDbSymbolTableRecord
100
AcDbBlockTableRecord
  2
*D258
340
0
 70
     0
280
     1
281
     0
  0
BLOCK_RECORD
  5
1F4B
330
1
100
AcDbSymbolTableRecord
100
AcDbBlockTableRecord
  2
*D259
340
0
 70
     0
280
     1
281
     0
  0
BLOCK_RECORD
  5
1F57
330
1
100
AcDbSymbolTableRecord
100
AcDbBlockTableRecord
  2
*D260
340
0
 70
     0
280
     1
281
     0
  0
BLOCK_RECORD
  5
1F63
330
1
100
AcDbSymbolTableRecord
100
AcDbBlockTableRecord
  2
*D261
340
0
 70
     0
280
     1
281
     0
  0
BLOCK_RECORD
  5
1F6F
330
1
100
AcDbSymbolTableRecord
100
AcDbBlockTableRecord
  2
*D262
340
0
 70
     0
280
     1
281
     0
  0
BLOCK_RECORD
  5
1F7B
330
1
100
AcDbSymbolTableRecord
100
AcDbBlockTableRecord
  2
*D263
340
0
 70
     0
280
     1
281
     0
  0
BLOCK_RECORD
  5
1F87
330
1
100
AcDbSymbolTableRecord
100
AcDbBlockTableRecord
  2
*D264
340
0
 70
     0
280
     1
281
     0
  0
BLOCK_RECORD
  5
1F93
330
1
100
AcDbSymbolTableRecord
100
AcDbBlockTableRecord
  2
*D265
340
0
 70
     0
280
     1
281
     0
  0
BLOCK_RECORD
  5
1F9F
330
1
100
AcDbSymbolTableRecord
100
AcDbBlockTableRecord
  2
*D266
340
0
 70
     0
280
     1
281
     0
  0
BLOCK_RECORD
  5
1FAB
330
1
100
AcDbSymbolTableRecord
100
AcDbBlockTableRecord
  2
*D267
340
0
 70
     0
280
     1
281
     0
  0
BLOCK_RECORD
  5
1FB7
330
1
100
AcDbSymbolTableRecord
100
AcDbBlockTableRecord
  2
*D268
340
0
 70
     0
280
     1
281
     0
  0
BLOCK_RECORD
  5
1FC3
330
1
100
AcDbSymbolTableRecord
100
AcDbBlockTableRecord
  2
*D269
340
0
 70
     0
280
     1
281
     0
  0
BLOCK_RECORD
  5
1FCF
330
1
100
AcDbSymbolTableRecord
100
AcDbBlockTableRecord
  2
*D270
340
0
 70
     0
280
     1
281
     0
  0
BLOCK_RECORD
  5
1FDB
330
1
100
AcDbSymbolTableRecord
100
AcDbBlockTableRecord
  2
*D271
340
0
 70
     0
280
     1
281
     0
  0
BLOCK_RECORD
  5
1FE7
330
1
100
AcDbSymbolTableRecord
100
AcDbBlockTableRecord
  2
*D272
340
0
 70
     0
280
     1
281
     0
  0
BLOCK_RECORD
  5
1FF3
330
1
100
AcDbSymbolTableRecord
100
AcDbBlockTableRecord
  2
*D273
340
0
 70
     0
280
     1
281
     0
  0
BLOCK_RECORD
  5
1FFF
330
1
100
AcDbSymbolTableRecord
100
AcDbBlockTableRecord
  2
*D274
340
0
 70
     0
280
     1
281
     0
  0
BLOCK_RECORD
  5
200B
330
1
100
AcDbSymbolTableRecord
100
AcDbBlockTableRecord
  2
*D275
340
0
 70
     0
280
     1
281
     0
  0
BLOCK_RECORD
  5
2017
330
1
100
AcDbSymbolTableRecord
100
AcDbBlockTableRecord
  2
*D276
340
0
 70
     0
280
     1
281
     0
  0
BLOCK_RECORD
  5
2023
330
1
100
AcDbSymbolTableRecord
100
AcDbBlockTableRecord
  2
*D277
340
0
 70
     0
280
     1
281
     0
  0
BLOCK_RECORD
  5
202F
330
1
100
AcDbSymbolTableRecord
100
AcDbBlockTableRecord
  2
*D278
340
0
 70
     0
280
     1
281
     0
  0
BLOCK_RECORD
  5
203B
330
1
100
AcDbSymbolTableRecord
100
AcDbBlockTableRecord
  2
*D279
340
0
 70
     0
280
     1
281
     0
  0
BLOCK_RECORD
  5
28AE
330
1
100
AcDbSymbolTableRecord
100
AcDbBlockTableRecord
  2
*D280
340
0
 70
     0
280
     1
281
     0
  0
BLOCK_RECORD
  5
28BA
330
1
100
AcDbSymbolTableRecord
100
AcDbBlockTableRecord
  2
*D281
340
0
 70
     0
280
     1
281
     0
  0
BLOCK_RECORD
  5
28C6
330
1
100
AcDbSymbolTableRecord
100
AcDbBlockTableRecord
  2
*D282
340
0
 70
     0
280
     1
281
     0
  0
BLOCK_RECORD
  5
28D2
330
1
100
AcDbSymbolTableRecord
100
AcDbBlockTableRecord
  2
*D283
340
0
 70
     0
280
     1
281
     0
  0
BLOCK_RECORD
  5
28DE
330
1
100
AcDbSymbolTableRecord
100
AcDbBlockTableRecord
  2
*D284
340
0
 70
     0
280
     1
281
     0
  0
BLOCK_RECORD
  5
28EA
330
1
100
AcDbSymbolTableRecord
100
AcDbBlockTableRecord
  2
*D285
340
0
 70
     0
280
     1
281
     0
  0
BLOCK_RECORD
  5
28F6
330
1
100
AcDbSymbolTableRecord
100
AcDbBlockTableRecord
  2
*D286
340
0
 70
     0
280
     1
281
     0
  0
BLOCK_RECORD
  5
2902
330
1
100
AcDbSymbolTableRecord
100
AcDbBlockTableRecord
  2
*D287
340
0
 70
     0
280
     1
281
     0
  0
BLOCK_RECORD
  5
290E
330
1
100
AcDbSymbolTableRecord
100
AcDbBlockTableRecord
  2
*D288
340
0
 70
     0
280
     1
281
     0
  0
BLOCK_RECORD
  5
291A
330
1
100
AcDbSymbolTableRecord
100
AcDbBlockTableRecord
  2
*D289
340
0
 70
     0
280
     1
281
     0
  0
BLOCK_RECORD
  5
2926
330
1
100
AcDbSymbolTableRecord
100
AcDbBlockTableRecord
  2
*D290
340
0
 70
     0
280
     1
281
     0
  0
BLOCK_RECORD
  5
2932
330
1
100
AcDbSymbolTableRecord
100
AcDbBlockTableRecord
  2
*D291
340
0
 70
     0
280
     1
281
     0
  0
BLOCK_RECORD
  5
293E
330
1
100
AcDbSymbolTableRecord
100
AcDbBlockTableRecord
  2
*D292
340
0
 70
     0
280
     1
281
     0
  0
BLOCK_RECORD
  5
294A
330
1
100
AcDbSymbolTableRecord
100
AcDbBlockTableRecord
  2
*D293
340
0
 70
     0
280
     1
281
     0
  0
BLOCK_RECORD
  5
2956
330
1
100
AcDbSymbolTableRecord
100
AcDbBlockTableRecord
  2
*D294
340
0
 70
     0
280
     1
281
     0
  0
BLOCK_RECORD
  5
2963
330
1
100
AcDbSymbolTableRecord
100
AcDbBlockTableRecord
  2
*D295
340
0
 70
     0
280
     1
281
     0
  0
BLOCK_RECORD
  5
2970
330
1
100
AcDbSymbolTableRecord
100
AcDbBlockTableRecord
  2
*D296
340
0
 70
     0
280
     1
281
     0
  0
BLOCK_RECORD
  5
297D
330
1
100
AcDbSymbolTableRecord
100
AcDbBlockTableRecord
  2
*D297
340
0
 70
     0
280
     1
281
     0
  0
BLOCK_RECORD
  5
298A
330
1
100
AcDbSymbolTableRecord
100
AcDbBlockTableRecord
  2
*D298
340
0
 70
     0
280
     1
281
     0
  0
BLOCK_RECORD
  5
2997
330
1
100
AcDbSymbolTableRecord
100
AcDbBlockTableRecord
  2
*D299
340
0
 70
     0
280
     1
281
     0
  0
BLOCK_RECORD
  5
29A4
330
1
100
AcDbSymbolTableRecord
100
AcDbBlockTableRecord
  2
*D300
340
0
 70
     0
280
     1
281
     0
  0
BLOCK_RECORD
  5
29B0
330
1
100
AcDbSymbolTableRecord
100
AcDbBlockTableRecord
  2
*D301
340
0
 70
     0
280
     1
281
     0
  0
BLOCK_RECORD
  5
29BC
330
1
100
AcDbSymbolTableRecord
100
AcDbBlockTableRecord
  2
*D302
340
0
 70
     0
280
     1
281
     0
  0
BLOCK_RECORD
  5
29C8
330
1
100
AcDbSymbolTableRecord
100
AcDbBlockTableRecord
  2
*D303
340
0
 70
     0
280
     1
281
     0
  0
BLOCK_RECORD
  5
29D4
330
1
100
AcDbSymbolTableRecord
100
AcDbBlockTableRecord
  2
*D304
340
0
 70
     0
280
     1
281
     0
  0
BLOCK_RECORD
  5
29E0
330
1
100
AcDbSymbolTableRecord
100
AcDbBlockTableRecord
  2
*D305
340
0
 70
     0
280
     1
281
     0
  0
BLOCK_RECORD
  5
29EC
330
1
100
AcDbSymbolTableRecord
100
AcDbBlockTableRecord
  2
*D306
340
0
 70
     0
280
     1
281
     0
  0
BLOCK_RECORD
  5
29F8
330
1
100
AcDbSymbolTableRecord
100
AcDbBlockTableRecord
  2
*D307
340
0
 70
     0
280
     1
281
     0
  0
BLOCK_RECORD
  5
2A04
330
1
100
AcDbSymbolTableRecord
100
AcDbBlockTableRecord
  2
*D308
340
0
 70
     0
280
     1
281
     0
  0
BLOCK_RECORD
  5
2A10
330
1
100
AcDbSymbolTableRecord
100
AcDbBlockTableRecord
  2
*D309
340
0
 70
     0
280
     1
281
     0
  0
BLOCK_RECORD
  5
2A1C
330
1
100
AcDbSymbolTableRecord
100
AcDbBlockTableRecord
  2
*D310
340
0
 70
     0
280
     1
281
     0
  0
BLOCK_RECORD
  5
2A28
330
1
100
AcDbSymbolTableRecord
100
AcDbBlockTableRecord
  2
*D311
340
0
 70
     0
280
     1
281
     0
  0
BLOCK_RECORD
  5
2A34
330
1
100
AcDbSymbolTableRecord
100
AcDbBlockTableRecord
  2
*D312
340
0
 70
     0
280
     1
281
     0
  0
BLOCK_RECORD
  5
2A40
330
1
100
AcDbSymbolTableRecord
100
AcDbBlockTableRecord
  2
*D313
340
0
 70
     0
280
     1
281
     0
  0
BLOCK_RECORD
  5
2A4C
330
1
100
AcDbSymbolTableRecord
100
AcDbBlockTableRecord
  2
*D314
340
0
 70
     0
280
     1
281
     0
  0
BLOCK_RECORD
  5
2A58
330
1
100
AcDbSymbolTableRecord
100
AcDbBlockTableRecord
  2
*D315
340
0
 70
     0
280
     1
281
     0
  0
BLOCK_RECORD
  5
2A64
330
1
100
AcDbSymbolTableRecord
100
AcDbBlockTableRecord
  2
*D316
340
0
 70
     0
280
     1
281
     0
  0
BLOCK_RECORD
  5
2A70
330
1
100
AcDbSymbolTableRecord
100
AcDbBlockTableRecord
  2
*D317
340
0
 70
     0
280
     1
281
     0
  0
BLOCK_RECORD
  5
2A7C
330
1
100
AcDbSymbolTableRecord
100
AcDbBlockTableRecord
  2
*D318
340
0
 70
     0
280
     1
281
     0
  0
BLOCK_RECORD
  5
2A88
330
1
100
AcDbSymbolTableRecord
100
AcDbBlockTableRecord
  2
*D319
340
0
 70
     0
280
     1
281
     0
  0
BLOCK_RECORD
  5
2A94
330
1
100
AcDbSymbolTableRecord
100
AcDbBlockTableRecord
  2
*D320
340
0
 70
     0
280
     1
281
     0
  0
BLOCK_RECORD
  5
2AA0
330
1
100
AcDbSymbolTableRecord
100
AcDbBlockTableRecord
  2
*D321
340
0
 70
     0
280
     1
281
     0
  0
BLOCK_RECORD
  5
2AAC
330
1
100
AcDbSymbolTableRecord
100
AcDbBlockTableRecord
  2
*D322
340
0
 70
     0
280
     1
281
     0
  0
BLOCK_RECORD
  5
2AB8
330
1
100
AcDbSymbolTableRecord
100
AcDbBlockTableRecord
  2
*D323
340
0
 70
     0
280
     1
281
     0
  0
BLOCK_RECORD
  5
2AC4
330
1
100
AcDbSymbolTableRecord
100
AcDbBlockTableRecord
  2
*D324
340
0
 70
     0
280
     1
281
     0
  0
BLOCK_RECORD
  5
2AD0
330
1
100
AcDbSymbolTableRecord
100
AcDbBlockTableRecord
  2
*D325
340
0
 70
     0
280
     1
281
     0
  0
BLOCK_RECORD
  5
2ADC
330
1
100
AcDbSymbolTableRecord
100
AcDbBlockTableRecord
  2
*D326
340
0
 70
     0
280
     1
281
     0
  0
ENDTAB
  0
ENDSEC
  0
SECTION
  2
BLOCKS
  0
BLOCK
  5
20
330
1F
100
AcDbEntity
  8
0
100
AcDbBlockBegin
  2
*Model_Space
 70
     0
 10
0.0
 20
0.0
 30
0.0
  3
*Model_Space
  1

  0
ENDBLK
  5
21
330
1F
100
AcDbEntity
  8
0
100
AcDbBlockEnd
  0
BLOCK
  5
1E5
330
1E3
100
AcDbEntity
 67
     1
  8
0
100
AcDbBlockBegin
  2
*Paper_Space
 70
     0
 10
0.0
 20
0.0
 30
0.0
  3
*Paper_Space
  1

  0
ENDBLK
  5
1E6
330
1E3
100
AcDbEntity
 67
     1
  8
0
100
AcDbBlockEnd
  0
BLOCK
  5
1E1
330
1DF
100
AcDbEntity
  8
0
100
AcDbBlockBegin
  2
*Paper_Space0
 70
     0
 10
0.0
 20
0.0
 30
0.0
  3
*Paper_Space0
  1

  0
ENDBLK
  5
1E2
330
1DF
100
AcDbEntity
  8
0
100
AcDbBlockEnd
  0
BLOCK
  5
245
330
244
100
AcDbEntity
  8
0
100
AcDbBlockBegin
  2
_Oblique
 70
     0
 10
0.0
 20
0.0
 30
0.0
  3
_Oblique
  1

  0
LINE
  5
246
330
244
100
AcDbEntity
  8
0
  6
ByBlock
 62
     0
370
    -2
100
AcDbLine
 10
-0.5
 20
-0.5
 30
0.0
 11
0.5
 21
0.5
 31
0.0
  0
ENDBLK
  5
247
330
244
100
AcDbEntity
  8
0
100
AcDbBlockEnd
  0
BLOCK
  5
250
330
248
100
AcDbEntity
  8
0
100
AcDbBlockBegin
  2
3 DIÁMETRO ARMADURA
 70
     0
 10
0.0
 20
0.0
 30
0.0
  3
3 DIÁMETRO ARMADURA
  1

  0
MTEXT
  5
251
330
248
100
AcDbEntity
  8
CV-TEXTO
100
AcDbMText
 10
2750.373566335982
 20
2012.768203646915
 30
0.0
 40
0.2
 41
5.10649312219084
 46
0.0
 71
     1
 72
     5
  1
3%%C
  7
Estructura
 73
     1
 44
1.0
101
Embedded Object
 70
     1
 10
1.0
 20
0.0
 30
0.0
 11
2750.373566335982
 21
2012.768203646915
 31
0.0
 40
5.10649312219084
 41
0.0
 42
0.3706322229775663
 43
0.222569680489463
 71
     2
 72
     1
 44
5.10649312219084
 45
1.0
 73
     0
 74
     0
 46
-0.222569680489463
1001
AcDbBlockRepETag
1070
     1
1071
        0
1005
251
  0
MTEXT
  5
252
330
248
100
AcDbEntity
  8
CV-TEXTO
100
AcDbMText
 10
2750.772313739631
 20
2012.768203646915
 30
0.0
 40
0.2
 41
5.10649312219084
 46
0.0
 71
     1
 72
     5
  1
10
  7
Estructura
 73
     1
 44
1.0
101
Embedded Object
 70
     1
 10
1.0
 20
0.0
 30
0.0
 11
2750.772313739631
 21
2012.768203646915
 31
0.0
 40
5.10649312219084
 41
0.0
 42
0.2600951733514616
 43
0.2100611828687968
 71
     2
 72
     1
 44
5.10649312219084
 45
1.0
 73
     0
 74
     0
 46
-0.2100611828687968
1001
AcDbBlockRepETag
1070
     1
1071
        1
1005
252
  0
MTEXT
  5
253
330
248
100
AcDbEntity
  8
CV-TEXTO
100
AcDbMText
 10
2750.772313739631
 20
2012.768203646915
 30
0.0
 40
0.2
 41
5.10649312219084
 46
0.0
 71
     1
 72
     5
  1
12
  7
Estructura
 73
     1
 44
1.0
101
Embedded Object
 70
     1
 10
1.0
 20
0.0
 30
0.0
 11
2750.772313739631
 21
2012.768203646915
 31
0.0
 40
5.10649312219084
 41
0.0
 42
0.2588715159755269
 43
0.2050305914343984
 71
     2
 72
     1
 44
5.10649312219084
 45
1.0
 73
     0
 74
     0
 46
-0.2050305914343984
1001
AcDbBlockRepETag
1070
     1
1071
        2
1005
253
  0
MTEXT
  5
254
330
248
100
AcDbEntity
  8
CV-TEXTO
100
AcDbMText
 10
2750.772313739631
 20
2012.768203646915
 30
0.0
 40
0.2
 41
5.10649312219084
 46
0.0
 71
     1
 72
     5
  1
16
  7
Estructura
 73
     1
 44
1.0
101
Embedded Object
 70
     1
 10
1.0
 20
0.0
 30
0.0
 11
2750.772313739631
 21
2012.768203646915
 31
0.0
 40
5.10649312219084
 41
0.0
 42
0.2568320870156357
 43
0.2100611828687968
 71
     2
 72
     1
 44
5.10649312219084
 45
1.0
 73
     0
 74
     0
 46
-0.2100611828687968
1001
AcDbBlockRepETag
1070
     1
1071
        3
1005
254
  0
MTEXT
  5
255
330
248
100
AcDbEntity
  8
CV-TEXTO
100
AcDbMText
 10
2750.772313739631
 20
2012.768203646915
 30
0.0
 40
0.2
 41
5.10649312219084
 46
0.0
 71
     1
 72
     5
  1
20
  7
Estructura
 73
     1
 44
1.0
101
Embedded Object
 70
     1
 10
1.0
 20
0.0
 30
0.0
 11
2750.772313739631
 21
2012.768203646915
 31
0.0
 40
5.10649312219084
 41
0.0
 42
0.2913664174031271
 43
0.2100611828687968
 71
     2
 72
     1
 44
5.10649312219084
 45
1.0
 73
     0
 74
     0
 46
-0.2100611828687968
1001
AcDbBlockRepETag
1070
     1
1071
        4
1005
255
  0
MTEXT
  5
256
330
248
100
AcDbEntity
  8
CV-TEXTO
100
AcDbMText
 10
2750.772313739631
 20
2012.768203646915
 30
0.0
 40
0.2
 41
5.10649312219084
 46
0.0
 71
     1
 72
     5
  1
25
  7
Estructura
 73
     1
 44
1.0
101
Embedded Object
 70
     1
 10
1.0
 20
0.0
 30
0.0
 11
2750.772313739631
 21
2012.768203646915
 31
0.0
 40
5.10649312219084
 41
0.0
 42
0.2881033310673012
 43
0.2100611828687968
 71
     2
 72
     1
 44
5.10649312219084
 45
1.0
 73
     0
 74
     0
 46
-0.2100611828687968
1001
AcDbBlockRepETag
1070
     1
1071
        5
1005
256
  0
ENDBLK
  5
257
330
248
100
AcDbEntity
  8
0
100
AcDbBlockEnd
  0
BLOCK
  5
25A
330
258
100
AcDbEntity
  8
0
100
AcDbBlockBegin
  2
*U3
 70
     1
 10
0.0
 20
0.0
 30
0.0
  3
*U3
  1

  0
MTEXT
  5
25B
330
258
100
AcDbEntity
  8
CV-TEXTO
100
AcDbMText
 10
2750.373566335982
 20
2012.768203646915
 30
0.0
 40
0.2
 41
5.10649312219084
 46
0.0
 71
     1
 72
     5
  1
3%%C
  7
Estructura
 73
     1
 44
1.0
101
Embedded Object
 70
     1
 10
1.0
 20
0.0
 30
0.0
 11
2750.373566335982
 21
2012.768203646915
 31
0.0
 40
5.10649312219084
 41
0.0
 42
0.3706322229775663
 43
0.222569680489463
 71
     2
 72
     1
 44
5.10649312219084
 45
1.0
 73
     0
 74
     0
 46
-0.222569680489463
1001
AcDbBlockRepETag
1070
     1
1071
        0
1005
25B
  0
MTEXT
  5
25C
330
258
100
AcDbEntity
  8
CV-TEXTO
 60
     1
100
AcDbMText
 10
2750.772313739631
 20
2012.768203646915
 30
0.0
 40
0.2
 41
5.10649312219084
 46
0.0
 71
     1
 72
     5
  1
10
  7
Estructura
 73
     1
 44
1.0
101
Embedded Object
 70
     1
 10
1.0
 20
0.0
 30
0.0
 11
2750.772313739631
 21
2012.768203646915
 31
0.0
 40
5.10649312219084
 41
0.0
 42
0.2600951733514616
 43
0.2100611828687968
 71
     2
 72
     1
 44
5.10649312219084
 45
1.0
 73
     0
 74
     0
 46
-0.2100611828687968
1001
AcDbBlockRepETag
1070
     1
1071
        1
1005
25C
  0
MTEXT
  5
25D
330
258
100
AcDbEntity
  8
CV-TEXTO
100
AcDbMText
 10
2750.772313739631
 20
2012.768203646915
 30
0.0
 40
0.2
 41
5.10649312219084
 46
0.0
 71
     1
 72
     5
  1
12
  7
Estructura
 73
     1
 44
1.0
101
Embedded Object
 70
     1
 10
1.0
 20
0.0
 30
0.0
 11
2750.772313739631
 21
2012.768203646915
 31
0.0
 40
5.10649312219084
 41
0.0
 42
0.2588715159755269
 43
0.2050305914343984
 71
     2
 72
     1
 44
5.10649312219084
 45
1.0
 73
     0
 74
     0
 46
-0.2050305914343984
1001
AcDbBlockRepETag
1070
     1
1071
        2
1005
25D
  0
MTEXT
  5
25E
330
258
100
AcDbEntity
  8
CV-TEXTO
 60
     1
100
AcDbMText
 10
2750.772313739631
 20
2012.768203646915
 30
0.0
 40
0.2
 41
5.10649312219084
 46
0.0
 71
     1
 72
     5
  1
16
  7
Estructura
 73
     1
 44
1.0
101
Embedded Object
 70
     1
 10
1.0
 20
0.0
 30
0.0
 11
2750.772313739631
 21
2012.768203646915
 31
0.0
 40
5.10649312219084
 41
0.0
 42
0.2568320870156357
 43
0.2100611828687968
 71
     2
 72
     1
 44
5.10649312219084
 45
1.0
 73
     0
 74
     0
 46
-0.2100611828687968
1001
AcDbBlockRepETag
1070
     1
1071
        3
1005
25E
  0
MTEXT
  5
25F
330
258
100
AcDbEntity
  8
CV-TEXTO
 60
     1
100
AcDbMText
 10
2750.772313739631
 20
2012.768203646915
 30
0.0
 40
0.2
 41
5.10649312219084
 46
0.0
 71
     1
 72
     5
  1
20
  7
Estructura
 73
     1
 44
1.0
101
Embedded Object
 70
     1
 10
1.0
 20
0.0
 30
0.0
 11
2750.772313739631
 21
2012.768203646915
 31
0.0
 40
5.10649312219084
 41
0.0
 42
0.2913664174031272
 43
0.2100611828687968
 71
     2
 72
     1
 44
5.10649312219084
 45
1.0
 73
     0
 74
     0
 46
-0.2100611828687968
1001
AcDbBlockRepETag
1070
     1
1071
        4
1005
25F
  0
MTEXT
  5
260
330
258
100
AcDbEntity
  8
CV-TEXTO
 60
     1
100
AcDbMText
 10
2750.772313739631
 20
2012.768203646915
 30
0.0
 40
0.2
 41
5.10649312219084
 46
0.0
 71
     1
 72
     5
  1
25
  7
Estructura
 73
     1
 44
1.0
101
Embedded Object
 70
     1
 10
1.0
 20
0.0
 30
0.0
 11
2750.772313739631
 21
2012.768203646915
 31
0.0
 40
5.10649312219084
 41
0.0
 42
0.2881033310673012
 43
0.2100611828687968
 71
     2
 72
     1
 44
5.10649312219084
 45
1.0
 73
     0
 74
     0
 46
-0.2100611828687968
1001
AcDbBlockRepETag
1070
     1
1071
        5
1005
260
  0
ENDBLK
  5
261
330
258
100
AcDbEntity
  8
0
100
AcDbBlockEnd
  0
BLOCK
  5
26A
330
262
100
AcDbEntity
  8
0
100
AcDbBlockBegin
  2
2 DIÁMETRO ARMADURA
 70
     0
 10
0.0
 20
0.0
 30
0.0
  3
2 DIÁMETRO ARMADURA
  1

  0
MTEXT
  5
26B
330
262
100
AcDbEntity
  8
CV-TEXTO
100
AcDbMText
 10
2746.258872239585
 20
2012.856279585466
 30
0.0
 40
0.2
 41
5.10649312219084
 46
0.0
 71
     1
 72
     5
  1
2%%C
  7
Estructura
 73
     1
 44
1.0
101
Embedded Object
 70
     1
 10
1.0
 20
0.0
 30
0.0
 11
2746.258872239585
 21
2012.856279585466
 31
0.0
 40
5.10649312219084
 41
0.0
 42
0.3721278042148199
 43
0.222569680489463
 71
     2
 72
     1
 44
5.10649312219084
 45
1.0
 73
     0
 74
     0
 46
-0.222569680489463
1001
AcDbBlockRepETag
1070
     1
1071
        0
1005
26B
  0
MTEXT
  5
26C
330
262
100
AcDbEntity
  8
CV-TEXTO
100
AcDbMText
 10
2746.657619643234
 20
2012.856279585466
 30
0.0
 40
0.2
 41
5.10649312219084
 46
0.0
 71
     1
 72
     5
  1
10
  7
Estructura
 73
     1
 44
1.0
101
Embedded Object
 70
     1
 10
1.0
 20
0.0
 30
0.0
 11
2746.657619643234
 21
2012.856279585466
 31
0.0
 40
5.10649312219084
 41
0.0
 42
0.2600951733514616
 43
0.2100611828687968
 71
     2
 72
     1
 44
5.10649312219084
 45
1.0
 73
     0
 74
     0
 46
-0.2100611828687968
1001
AcDbBlockRepETag
1070
     1
1071
        1
1005
26C
  0
MTEXT
  5
26D
330
262
100
AcDbEntity
  8
CV-TEXTO
100
AcDbMText
 10
2746.657619643234
 20
2012.856279585466
 30
0.0
 40
0.2
 41
5.10649312219084
 46
0.0
 71
     1
 72
     5
  1
12
  7
Estructura
 73
     1
 44
1.0
101
Embedded Object
 70
     1
 10
1.0
 20
0.0
 30
0.0
 11
2746.657619643234
 21
2012.856279585466
 31
0.0
 40
5.10649312219084
 41
0.0
 42
0.2588715159755269
 43
0.2050305914343984
 71
     2
 72
     1
 44
5.10649312219084
 45
1.0
 73
     0
 74
     0
 46
-0.2050305914343984
1001
AcDbBlockRepETag
1070
     1
1071
        2
1005
26D
  0
MTEXT
  5
26E
330
262
100
AcDbEntity
  8
CV-TEXTO
100
AcDbMText
 10
2746.657619643234
 20
2012.856279585466
 30
0.0
 40
0.2
 41
5.10649312219084
 46
0.0
 71
     1
 72
     5
  1
16
  7
Estructura
 73
     1
 44
1.0
101
Embedded Object
 70
     1
 10
1.0
 20
0.0
 30
0.0
 11
2746.657619643234
 21
2012.856279585466
 31
0.0
 40
5.10649312219084
 41
0.0
 42
0.2568320870156357
 43
0.2100611828687968
 71
     2
 72
     1
 44
5.10649312219084
 45
1.0
 73
     0
 74
     0
 46
-0.2100611828687968
1001
AcDbBlockRepETag
1070
     1
1071
        3
1005
26E
  0
MTEXT
  5
26F
330
262
100
AcDbEntity
  8
CV-TEXTO
100
AcDbMText
 10
2746.657619643234
 20
2012.856279585466
 30
0.0
 40
0.2
 41
5.10649312219084
 46
0.0
 71
     1
 72
     5
  1
20
  7
Estructura
 73
     1
 44
1.0
101
Embedded Object
 70
     1
 10
1.0
 20
0.0
 30
0.0
 11
2746.657619643234
 21
2012.856279585466
 31
0.0
 40
5.10649312219084
 41
0.0
 42
0.2913664174031271
 43
0.2100611828687968
 71
     2
 72
     1
 44
5.10649312219084
 45
1.0
 73
     0
 74
     0
 46
-0.2100611828687968
1001
AcDbBlockRepETag
1070
     1
1071
        4
1005
26F
  0
MTEXT
  5
270
330
262
100
AcDbEntity
  8
CV-TEXTO
100
AcDbMText
 10
2746.657619643234
 20
2012.856279585466
 30
0.0
 40
0.2
 41
5.10649312219084
 46
0.0
 71
     1
 72
     5
  1
25
  7
Estructura
 73
     1
 44
1.0
101
Embedded Object
 70
     1
 10
1.0
 20
0.0
 30
0.0
 11
2746.657619643234
 21
2012.856279585466
 31
0.0
 40
5.10649312219084
 41
0.0
 42
0.2881033310673012
 43
0.2100611828687968
 71
     2
 72
     1
 44
5.10649312219084
 45
1.0
 73
     0
 74
     0
 46
-0.2100611828687968
1001
AcDbBlockRepETag
1070
     1
1071
        5
1005
270
  0
ENDBLK
  5
271
330
262
100
AcDbEntity
  8
0
100
AcDbBlockEnd
  0
BLOCK
  5
80A
330
808
100
AcDbEntity
  8
0
 62
     4
100
AcDbBlockBegin
  2
*U10
 70
     1
 10
0.0
 20
0.0
 30
0.0
  3
*U10
  1

  0
MTEXT
  5
80B
330
808
100
AcDbEntity
  8
CV-TEXTO
100
AcDbMText
 10
2746.258872239585
 20
2012.856279585466
 30
0.0
 40
0.2
 41
5.10649312219084
 46
0.0
 71
     1
 72
     5
  1
2%%C
  7
Estructura
 73
     1
 44
1.0
101
Embedded Object
 70
     1
 10
1.0
 20
0.0
 30
0.0
 11
2746.258872239585
 21
2012.856279585466
 31
0.0
 40
5.10649312219084
 41
0.0
 42
0.3721278042148199
 43
0.222569680489463
 71
     2
 72
     1
 44
5.10649312219084
 45
1.0
 73
     0
 74
     0
 46
-0.222569680489463
1001
AcDbBlockRepETag
1070
     1
1071
        0
1005
80B
  0
MTEXT
  5
80C
330
808
100
AcDbEntity
  8
CV-TEXTO
100
AcDbMText
 10
2746.657619643234
 20
2012.856279585466
 30
0.0
 40
0.2
 41
5.10649312219084
 46
0.0
 71
     1
 72
     5
  1
10
  7
Estructura
 73
     1
 44
1.0
101
Embedded Object
 70
     1
 10
1.0
 20
0.0
 30
0.0
 11
2746.657619643234
 21
2012.856279585466
 31
0.0
 40
5.10649312219084
 41
0.0
 42
0.2600951733514616
 43
0.2100611828687968
 71
     2
 72
     1
 44
5.10649312219084
 45
1.0
 73
     0
 74
     0
 46
-0.2100611828687968
1001
AcDbBlockRepETag
1070
     1
1071
        1
1005
80C
  0
MTEXT
  5
80D
330
808
100
AcDbEntity
  8
CV-TEXTO
 60
     1
100
AcDbMText
 10
2746.657619643234
 20
2012.856279585466
 30
0.0
 40
0.2
 41
5.10649312219084
 46
0.0
 71
     1
 72
     5
  1
12
  7
Estructura
 73
     1
 44
1.0
101
Embedded Object
 70
     1
 10
1.0
 20
0.0
 30
0.0
 11
2746.657619643234
 21
2012.856279585466
 31
0.0
 40
5.10649312219084
 41
0.0
 42
0.2588715159755269
 43
0.2050305914343984
 71
     2
 72
     1
 44
5.10649312219084
 45
1.0
 73
     0
 74
     0
 46
-0.2050305914343984
1001
AcDbBlockRepETag
1070
     1
1071
        2
1005
80D
  0
MTEXT
  5
80E
330
808
100
AcDbEntity
  8
CV-TEXTO
 60
     1
100
AcDbMText
 10
2746.657619643234
 20
2012.856279585466
 30
0.0
 40
0.2
 41
5.10649312219084
 46
0.0
 71
     1
 72
     5
  1
16
  7
Estructura
 73
     1
 44
1.0
101
Embedded Object
 70
     1
 10
1.0
 20
0.0
 30
0.0
 11
2746.657619643234
 21
2012.856279585466
 31
0.0
 40
5.10649312219084
 41
0.0
 42
0.2568320870156357
 43
0.2100611828687968
 71
     2
 72
     1
 44
5.10649312219084
 45
1.0
 73
     0
 74
     0
 46
-0.2100611828687968
1001
AcDbBlockRepETag
1070
     1
1071
        3
1005
80E
  0
MTEXT
  5
80F
330
808
100
AcDbEntity
  8
CV-TEXTO
 60
     1
100
AcDbMText
 10
2746.657619643234
 20
2012.856279585466
 30
0.0
 40
0.2
 41
5.10649312219084
 46
0.0
 71
     1
 72
     5
  1
20
  7
Estructura
 73
     1
 44
1.0
101
Embedded Object
 70
     1
 10
1.0
 20
0.0
 30
0.0
 11
2746.657619643234
 21
2012.856279585466
 31
0.0
 40
5.10649312219084
 41
0.0
 42
0.2913664174031272
 43
0.2100611828687968
 71
     2
 72
     1
 44
5.10649312219084
 45
1.0
 73
     0
 74
     0
 46
-0.2100611828687968
1001
AcDbBlockRepETag
1070
     1
1071
        4
1005
80F
  0
MTEXT
  5
810
330
808
100
AcDbEntity
  8
CV-TEXTO
 60
     1
100
AcDbMText
 10
2746.657619643234
 20
2012.856279585466
 30
0.0
 40
0.2
 41
5.10649312219084
 46
0.0
 71
     1
 72
     5
  1
25
  7
Estructura
 73
     1
 44
1.0
101
Embedded Object
 70
     1
 10
1.0
 20
0.0
 30
0.0
 11
2746.657619643234
 21
2012.856279585466
 31
0.0
 40
5.10649312219084
 41
0.0
 42
0.2881033310673012
 43
0.2100611828687968
 71
     2
 72
     1
 44
5.10649312219084
 45
1.0
 73
     0
 74
     0
 46
-0.2100611828687968
1001
AcDbBlockRepETag
1070
     1
1071
        5
1005
810
  0
ENDBLK
  5
811
330
808
100
AcDbEntity
  8
0
 62
     4
100
AcDbBlockEnd
  0
BLOCK
  5
143D
330
143B
100
AcDbEntity
  8
0
100
AcDbBlockBegin
  2
*U145
 70
     1
 10
0.0
 20
0.0
 30
0.0
  3
*U145
  1

  0
MTEXT
  5
143E
330
143B
100
AcDbEntity
  8
CV-TEXTO
100
AcDbMText
 10
2750.373566335982
 20
2012.768203646915
 30
0.0
 40
0.2
 41
5.10649312219084
 46
0.0
 71
     1
 72
     5
  1
3%%C
  7
Estructura
 73
     1
 44
1.0
101
Embedded Object
 70
     1
 10
1.0
 20
0.0
 30
0.0
 11
2750.373566335982
 21
2012.768203646915
 31
0.0
 40
5.10649312219084
 41
0.0
 42
0.3706322229775663
 43
0.222569680489463
 71
     2
 72
     1
 44
5.10649312219084
 45
1.0
 73
     0
 74
     0
 46
-0.222569680489463
1001
AcDbBlockRepETag
1070
     1
1071
        0
1005
143E
  0
MTEXT
  5
143F
330
143B
100
AcDbEntity
  8
CV-TEXTO
100
AcDbMText
 10
2750.772313739631
 20
2012.768203646915
 30
0.0
 40
0.2
 41
5.10649312219084
 46
0.0
 71
     1
 72
     5
  1
10
  7
Estructura
 73
     1
 44
1.0
101
Embedded Object
 70
     1
 10
1.0
 20
0.0
 30
0.0
 11
2750.772313739631
 21
2012.768203646915
 31
0.0
 40
5.10649312219084
 41
0.0
 42
0.2600951733514616
 43
0.2100611828687968
 71
     2
 72
     1
 44
5.10649312219084
 45
1.0
 73
     0
 74
     0
 46
-0.2100611828687968
1001
AcDbBlockRepETag
1070
     1
1071
        1
1005
143F
  0
MTEXT
  5
1440
330
143B
100
AcDbEntity
  8
CV-TEXTO
 60
     1
100
AcDbMText
 10
2750.772313739631
 20
2012.768203646915
 30
0.0
 40
0.2
 41
5.10649312219084
 46
0.0
 71
     1
 72
     5
  1
12
  7
Estructura
 73
     1
 44
1.0
101
Embedded Object
 70
     1
 10
1.0
 20
0.0
 30
0.0
 11
2750.772313739631
 21
2012.768203646915
 31
0.0
 40
5.10649312219084
 41
0.0
 42
0.2588715159755269
 43
0.2050305914343984
 71
     2
 72
     1
 44
5.10649312219084
 45
1.0
 73
     0
 74
     0
 46
-0.2050305914343984
1001
AcDbBlockRepETag
1070
     1
1071
        2
1005
1440
  0
MTEXT
  5
1441
330
143B
100
AcDbEntity
  8
CV-TEXTO
 60
     1
100
AcDbMText
 10
2750.772313739631
 20
2012.768203646915
 30
0.0
 40
0.2
 41
5.10649312219084
 46
0.0
 71
     1
 72
     5
  1
16
  7
Estructura
 73
     1
 44
1.0
101
Embedded Object
 70
     1
 10
1.0
 20
0.0
 30
0.0
 11
2750.772313739631
 21
2012.768203646915
 31
0.0
 40
5.10649312219084
 41
0.0
 42
0.2568320870156357
 43
0.2100611828687968
 71
     2
 72
     1
 44
5.10649312219084
 45
1.0
 73
     0
 74
     0
 46
-0.2100611828687968
1001
AcDbBlockRepETag
1070
     1
1071
        3
1005
1441
  0
MTEXT
  5
1442
330
143B
100
AcDbEntity
  8
CV-TEXTO
 60
     1
100
AcDbMText
 10
2750.772313739631
 20
2012.768203646915
 30
0.0
 40
0.2
 41
5.10649312219084
 46
0.0
 71
     1
 72
     5
  1
20
  7
Estructura
 73
     1
 44
1.0
101
Embedded Object
 70
     1
 10
1.0
 20
0.0
 30
0.0
 11
2750.772313739631
 21
2012.768203646915
 31
0.0
 40
5.10649312219084
 41
0.0
 42
0.2913664174031272
 43
0.2100611828687968
 71
     2
 72
     1
 44
5.10649312219084
 45
1.0
 73
     0
 74
     0
 46
-0.2100611828687968
1001
AcDbBlockRepETag
1070
     1
1071
        4
1005
1442
  0
MTEXT
  5
1443
330
143B
100
AcDbEntity
  8
CV-TEXTO
 60
     1
100
AcDbMText
 10
2750.772313739631
 20
2012.768203646915
 30
0.0
 40
0.2
 41
5.10649312219084
 46
0.0
 71
     1
 72
     5
  1
25
  7
Estructura
 73
     1
 44
1.0
101
Embedded Object
 70
     1
 10
1.0
 20
0.0
 30
0.0
 11
2750.772313739631
 21
2012.768203646915
 31
0.0
 40
5.10649312219084
 41
0.0
 42
0.2881033310673012
 43
0.2100611828687968
 71
     2
 72
     1
 44
5.10649312219084
 45
1.0
 73
     0
 74
     0
 46
-0.2100611828687968
1001
AcDbBlockRepETag
1070
     1
1071
        5
1005
1443
  0
ENDBLK
  5
1444
330
143B
100
AcDbEntity
  8
0
100
AcDbBlockEnd
  0
BLOCK
  5
14F1
330
14EF
100
AcDbEntity
  8
0
100
AcDbBlockBegin
  2
*U163
 70
     1
 10
0.0
 20
0.0
 30
0.0
  3
*U163
  1

  0
MTEXT
  5
14F2
330
14EF
100
AcDbEntity
  8
CV-TEXTO
100
AcDbMText
 10
2750.373566335982
 20
2012.768203646915
 30
0.0
 40
0.2
 41
5.10649312219084
 46
0.0
 71
     1
 72
     5
  1
3%%C
  7
Estructura
 73
     1
 44
1.0
101
Embedded Object
 70
     1
 10
1.0
 20
0.0
 30
0.0
 11
2750.373566335982
 21
2012.768203646915
 31
0.0
 40
5.10649312219084
 41
0.0
 42
0.3706322229775663
 43
0.222569680489463
 71
     2
 72
     1
 44
5.10649312219084
 45
1.0
 73
     0
 74
     0
 46
-0.222569680489463
1001
AcDbBlockRepETag
1070
     1
1071
        0
1005
14F2
  0
MTEXT
  5
14F3
330
14EF
100
AcDbEntity
  8
CV-TEXTO
 60
     1
100
AcDbMText
 10
2750.772313739631
 20
2012.768203646915
 30
0.0
 40
0.2
 41
5.10649312219084
 46
0.0
 71
     1
 72
     5
  1
10
  7
Estructura
 73
     1
 44
1.0
101
Embedded Object
 70
     1
 10
1.0
 20
0.0
 30
0.0
 11
2750.772313739631
 21
2012.768203646915
 31
0.0
 40
5.10649312219084
 41
0.0
 42
0.2600951733514616
 43
0.2100611828687968
 71
     2
 72
     1
 44
5.10649312219084
 45
1.0
 73
     0
 74
     0
 46
-0.2100611828687968
1001
AcDbBlockRepETag
1070
     1
1071
        1
1005
14F3
  0
MTEXT
  5
14F4
330
14EF
100
AcDbEntity
  8
CV-TEXTO
 60
     1
100
AcDbMText
 10
2750.772313739631
 20
2012.768203646915
 30
0.0
 40
0.2
 41
5.10649312219084
 46
0.0
 71
     1
 72
     5
  1
12
  7
Estructura
 73
     1
 44
1.0
101
Embedded Object
 70
     1
 10
1.0
 20
0.0
 30
0.0
 11
2750.772313739631
 21
2012.768203646915
 31
0.0
 40
5.10649312219084
 41
0.0
 42
0.2588715159755269
 43
0.2050305914343984
 71
     2
 72
     1
 44
5.10649312219084
 45
1.0
 73
     0
 74
     0
 46
-0.2050305914343984
1001
AcDbBlockRepETag
1070
     1
1071
        2
1005
14F4
  0
MTEXT
  5
14F5
330
14EF
100
AcDbEntity
  8
CV-TEXTO
100
AcDbMText
 10
2750.772313739631
 20
2012.768203646915
 30
0.0
 40
0.2
 41
5.10649312219084
 46
0.0
 71
     1
 72
     5
  1
16
  7
Estructura
 73
     1
 44
1.0
101
Embedded Object
 70
     1
 10
1.0
 20
0.0
 30
0.0
 11
2750.772313739631
 21
2012.768203646915
 31
0.0
 40
5.10649312219084
 41
0.0
 42
0.2568320870156357
 43
0.2100611828687968
 71
     2
 72
     1
 44
5.10649312219084
 45
1.0
 73
     0
 74
     0
 46
-0.2100611828687968
1001
AcDbBlockRepETag
1070
     1
1071
        3
1005
14F5
  0
MTEXT
  5
14F6
330
14EF
100
AcDbEntity
  8
CV-TEXTO
 60
     1
100
AcDbMText
 10
2750.772313739631
 20
2012.768203646915
 30
0.0
 40
0.2
 41
5.10649312219084
 46
0.0
 71
     1
 72
     5
  1
20
  7
Estructura
 73
     1
 44
1.0
101
Embedded Object
 70
     1
 10
1.0
 20
0.0
 30
0.0
 11
2750.772313739631
 21
2012.768203646915
 31
0.0
 40
5.10649312219084
 41
0.0
 42
0.2913664174031272
 43
0.2100611828687968
 71
     2
 72
     1
 44
5.10649312219084
 45
1.0
 73
     0
 74
     0
 46
-0.2100611828687968
1001
AcDbBlockRepETag
1070
     1
1071
        4
1005
14F6
  0
MTEXT
  5
14F7
330
14EF
100
AcDbEntity
  8
CV-TEXTO
 60
     1
100
AcDbMText
 10
2750.772313739631
 20
2012.768203646915
 30
0.0
 40
0.2
 41
5.10649312219084
 46
0.0
 71
     1
 72
     5
  1
25
  7
Estructura
 73
     1
 44
1.0
101
Embedded Object
 70
     1
 10
1.0
 20
0.0
 30
0.0
 11
2750.772313739631
 21
2012.768203646915
 31
0.0
 40
5.10649312219084
 41
0.0
 42
0.2881033310673012
 43
0.2100611828687968
 71
     2
 72
     1
 44
5.10649312219084
 45
1.0
 73
     0
 74
     0
 46
-0.2100611828687968
1001
AcDbBlockRepETag
1070
     1
1071
        5
1005
14F7
  0
ENDBLK
  5
14F8
330
14EF
100
AcDbEntity
  8
0
100
AcDbBlockEnd
  0
BLOCK
  5
1591
330
158F
100
AcDbEntity
  8
0
100
AcDbBlockBegin
  2
*U179
 70
     1
 10
0.0
 20
0.0
 30
0.0
  3
*U179
  1

  0
MTEXT
  5
1592
330
158F
100
AcDbEntity
  8
CV-TEXTO
100
AcDbMText
 10
2750.373566335982
 20
2012.768203646915
 30
0.0
 40
0.2
 41
5.10649312219084
 46
0.0
 71
     1
 72
     5
  1
3%%C
  7
Estructura
 73
     1
 44
1.0
101
Embedded Object
 70
     1
 10
1.0
 20
0.0
 30
0.0
 11
2750.373566335982
 21
2012.768203646915
 31
0.0
 40
5.10649312219084
 41
0.0
 42
0.3706322229775663
 43
0.222569680489463
 71
     2
 72
     1
 44
5.10649312219084
 45
1.0
 73
     0
 74
     0
 46
-0.222569680489463
1001
AcDbBlockRepETag
1070
     1
1071
        0
1005
1592
  0
MTEXT
  5
1593
330
158F
100
AcDbEntity
  8
CV-TEXTO
 60
     1
100
AcDbMText
 10
2750.772313739631
 20
2012.768203646915
 30
0.0
 40
0.2
 41
5.10649312219084
 46
0.0
 71
     1
 72
     5
  1
10
  7
Estructura
 73
     1
 44
1.0
101
Embedded Object
 70
     1
 10
1.0
 20
0.0
 30
0.0
 11
2750.772313739631
 21
2012.768203646915
 31
0.0
 40
5.10649312219084
 41
0.0
 42
0.2600951733514616
 43
0.2100611828687968
 71
     2
 72
     1
 44
5.10649312219084
 45
1.0
 73
     0
 74
     0
 46
-0.2100611828687968
1001
AcDbBlockRepETag
1070
     1
1071
        1
1005
1593
  0
MTEXT
  5
1594
330
158F
100
AcDbEntity
  8
CV-TEXTO
 60
     1
100
AcDbMText
 10
2750.772313739631
 20
2012.768203646915
 30
0.0
 40
0.2
 41
5.10649312219084
 46
0.0
 71
     1
 72
     5
  1
12
  7
Estructura
 73
     1
 44
1.0
101
Embedded Object
 70
     1
 10
1.0
 20
0.0
 30
0.0
 11
2750.772313739631
 21
2012.768203646915
 31
0.0
 40
5.10649312219084
 41
0.0
 42
0.2588715159755269
 43
0.2050305914343984
 71
     2
 72
     1
 44
5.10649312219084
 45
1.0
 73
     0
 74
     0
 46
-0.2050305914343984
1001
AcDbBlockRepETag
1070
     1
1071
        2
1005
1594
  0
MTEXT
  5
1595
330
158F
100
AcDbEntity
  8
CV-TEXTO
 60
     1
100
AcDbMText
 10
2750.772313739631
 20
2012.768203646915
 30
0.0
 40
0.2
 41
5.10649312219084
 46
0.0
 71
     1
 72
     5
  1
16
  7
Estructura
 73
     1
 44
1.0
101
Embedded Object
 70
     1
 10
1.0
 20
0.0
 30
0.0
 11
2750.772313739631
 21
2012.768203646915
 31
0.0
 40
5.10649312219084
 41
0.0
 42
0.2568320870156357
 43
0.2100611828687968
 71
     2
 72
     1
 44
5.10649312219084
 45
1.0
 73
     0
 74
     0
 46
-0.2100611828687968
1001
AcDbBlockRepETag
1070
     1
1071
        3
1005
1595
  0
MTEXT
  5
1596
330
158F
100
AcDbEntity
  8
CV-TEXTO
100
AcDbMText
 10
2750.772313739631
 20
2012.768203646915
 30
0.0
 40
0.2
 41
5.10649312219084
 46
0.0
 71
     1
 72
     5
  1
20
  7
Estructura
 73
     1
 44
1.0
101
Embedded Object
 70
     1
 10
1.0
 20
0.0
 30
0.0
 11
2750.772313739631
 21
2012.768203646915
 31
0.0
 40
5.10649312219084
 41
0.0
 42
0.2913664174031272
 43
0.2100611828687968
 71
     2
 72
     1
 44
5.10649312219084
 45
1.0
 73
     0
 74
     0
 46
-0.2100611828687968
1001
AcDbBlockRepETag
1070
     1
1071
        4
1005
1596
  0
MTEXT
  5
1597
330
158F
100
AcDbEntity
  8
CV-TEXTO
 60
     1
100
AcDbMText
 10
2750.772313739631
 20
2012.768203646915
 30
0.0
 40
0.2
 41
5.10649312219084
 46
0.0
 71
     1
 72
     5
  1
25
  7
Estructura
 73
     1
 44
1.0
101
Embedded Object
 70
     1
 10
1.0
 20
0.0
 30
0.0
 11
2750.772313739631
 21
2012.768203646915
 31
0.0
 40
5.10649312219084
 41
0.0
 42
0.2881033310673012
 43
0.2100611828687968
 71
     2
 72
     1
 44
5.10649312219084
 45
1.0
 73
     0
 74
     0
 46
-0.2100611828687968
1001
AcDbBlockRepETag
1070
     1
1071
        5
1005
1597
  0
ENDBLK
  5
1598
330
158F
100
AcDbEntity
  8
0
100
AcDbBlockEnd
  0
BLOCK
  5
1C40
330
1C3F
100
AcDbEntity
  8
0
100
AcDbBlockBegin
  2
*D194
 70
     1
 10
0.0
 20
0.0
 30
0.0
  3
*D194
  1

  0
LINE
  5
2047
330
1C3F
100
AcDbEntity
  8
CV-COTAS
 62
     8
370
    -2
100
AcDbLine
 10
35.43323713544367
 20
22.99705203635665
 30
0.0
 11
35.06926701108949
 21
22.99705203635665
 31
0.0
  0
LINE
  5
2048
330
1C3F
100
AcDbEntity
  8
CV-COTAS
 62
     8
370
    -2
100
AcDbLine
 10
35.43323713544594
 20
22.09705203635622
 30
0.0
 11
35.06926701108949
 21
22.09705203635622
 31
0.0
  0
LINE
  5
2049
330
1C3F
100
AcDbEntity
  8
CV-COTAS
 62
     4
370
    -2
100
AcDbLine
 10
35.13926701108949
 20
22.99705203635665
 30
0.0
 11
35.13926701108949
 21
22.09705203635622
 31
0.0
  0
INSERT
  5
204A
330
1C3F
100
AcDbEntity
  8
CV-COTAS
 62
     4
370
    -2
100
AcDbBlockReference
  2
_Oblique
 10
35.13926701108949
 20
22.99705203635665
 30
0.0
 41
0.14
 42
0.14
 43
0.14
 50
90.0
  0
INSERT
  5
204B
330
1C3F
100
AcDbEntity
  8
CV-COTAS
 62
     4
370
    -2
100
AcDbBlockReference
  2
_Oblique
 10
35.13926701108949
 20
22.09705203635622
 30
0.0
 41
0.14
 42
0.14
 43
0.14
 50
270.0
  0
MTEXT
  5
204C
330
1C3F
100
AcDbEntity
  8
CV-COTAS
 62
     2
100
AcDbMText
 10
34.98423641965509
 20
22.54705203635643
 30
0.0
 40
0.2
 41
0.0
 46
0.0
 71
     5
 72
     1
  1
18
  7
Formato
 11
0.0
 21
1.0
 31
0.0
 73
     1
 44
1.0
  0
POINT
  5
204D
330
1C3F
100
AcDbEntity
  8
Defpoints
 62
     0
100
AcDbPoint
 10
35.50323713544367
 20
22.99705203635665
 30
0.0
  0
POINT
  5
204E
330
1C3F
100
AcDbEntity
  8
Defpoints
 62
     0
100
AcDbPoint
 10
35.50323713544595
 20
22.09705203635622
 30
0.0
  0
POINT
  5
204F
330
1C3F
100
AcDbEntity
  8
Defpoints
 62
     0
100
AcDbPoint
 10
35.13926701108949
 20
22.09705203635622
 30
0.0
  0
ENDBLK
  5
1C41
330
1C3F
100
AcDbEntity
  8
0
100
AcDbBlockEnd
  0
BLOCK
  5
1C4C
330
1C4B
100
AcDbEntity
  8
0
100
AcDbBlockBegin
  2
*D195
 70
     1
 10
0.0
 20
0.0
 30
0.0
  3
*D195
  1

  0
LINE
  5
2050
330
1C4B
100
AcDbEntity
  8
CV-COTAS
 62
     8
370
    -2
100
AcDbLine
 10
35.50323713544595
 20
22.02705203635622
 30
0.0
 11
35.50323713544595
 21
21.5768314719873
 31
0.0
  0
LINE
  5
2051
330
1C4B
100
AcDbEntity
  8
CV-COTAS
 62
     8
370
    -2
100
AcDbLine
 10
36.50323713544367
 20
22.02705203635849
 30
0.0
 11
36.50323713544367
 21
21.5768314719873
 31
0.0
  0
LINE
  5
2052
330
1C4B
100
AcDbEntity
  8
CV-COTAS
 62
     4
370
    -2
100
AcDbLine
 10
35.50323713544595
 20
21.6468314719873
 30
0.0
 11
36.50323713544367
 21
21.6468314719873
 31
0.0
  0
INSERT
  5
2053
330
1C4B
100
AcDbEntity
  8
CV-COTAS
 62
     4
370
    -2
100
AcDbBlockReference
  2
_Oblique
 10
35.50323713544595
 20
21.6468314719873
 30
0.0
 41
0.14
 42
0.14
 43
0.14
 50
180.0
  0
INSERT
  5
2054
330
1C4B
100
AcDbEntity
  8
CV-COTAS
 62
     4
370
    -2
100
AcDbBlockReference
  2
_Oblique
 10
36.50323713544367
 20
21.6468314719873
 30
0.0
 41
0.14
 42
0.14
 43
0.14
  0
MTEXT
  5
2055
330
1C4B
100
AcDbEntity
  8
CV-COTAS
 62
     2
100
AcDbMText
 10
36.00323713544481
 20
21.8018620634217
 30
0.0
 40
0.2
 41
0.0
 46
0.0
 71
     5
 72
     1
  1
20
  7
Formato
 73
     1
 44
1.0
  0
POINT
  5
2056
330
1C4B
100
AcDbEntity
  8
Defpoints
 62
     0
100
AcDbPoint
 10
35.50323713544595
 20
22.09705203635622
 30
0.0
  0
POINT
  5
2057
330
1C4B
100
AcDbEntity
  8
Defpoints
 62
     0
100
AcDbPoint
 10
36.50323713544367
 20
22.09705203635849
 30
0.0
  0
POINT
  5
2058
330
1C4B
100
AcDbEntity
  8
Defpoints
 62
     0
100
AcDbPoint
 10
36.50323713544367
 20
21.6468314719873
 30
0.0
  0
ENDBLK
  5
1C4D
330
1C4B
100
AcDbEntity
  8
0
100
AcDbBlockEnd
  0
BLOCK
  5
1C58
330
1C57
100
AcDbEntity
  8
0
100
AcDbBlockBegin
  2
*D196
 70
     1
 10
0.0
 20
0.0
 30
0.0
  3
*D196
  1

  0
LINE
  5
2059
330
1C57
100
AcDbEntity
  8
CV-COTAS
 62
     8
370
    -2
100
AcDbLine
 10
38.99455299938216
 20
22.99705203635665
 30
0.0
 11
38.63058287502706
 21
22.99705203635665
 31
0.0
  0
LINE
  5
205A
330
1C57
100
AcDbEntity
  8
CV-COTAS
 62
     8
370
    -2
100
AcDbLine
 10
38.99455299938443
 20
21.74705203635619
 30
0.0
 11
38.63058287502706
 21
21.74705203635619
 31
0.0
  0
LINE
  5
205B
330
1C57
100
AcDbEntity
  8
CV-COTAS
 62
     4
370
    -2
100
AcDbLine
 10
38.70058287502707
 20
22.99705203635665
 30
0.0
 11
38.70058287502707
 21
21.74705203635619
 31
0.0
  0
INSERT
  5
205C
330
1C57
100
AcDbEntity
  8
CV-COTAS
 62
     4
370
    -2
100
AcDbBlockReference
  2
_Oblique
 10
38.70058287502707
 20
22.99705203635665
 30
0.0
 41
0.14
 42
0.14
 43
0.14
 50
90.0
  0
INSERT
  5
205D
330
1C57
100
AcDbEntity
  8
CV-COTAS
 62
     4
370
    -2
100
AcDbBlockReference
  2
_Oblique
 10
38.70058287502707
 20
21.74705203635619
 30
0.0
 41
0.14
 42
0.14
 43
0.14
 50
270.0
  0
MTEXT
  5
205E
330
1C57
100
AcDbEntity
  8
CV-COTAS
 62
     2
100
AcDbMText
 10
38.54555228359267
 20
22.37205203635642
 30
0.0
 40
0.2
 41
0.0
 46
0.0
 71
     5
 72
     1
  1
25
  7
Formato
 11
0.0
 21
1.0
 31
0.0
 73
     1
 44
1.0
  0
POINT
  5
205F
330
1C57
100
AcDbEntity
  8
Defpoints
 62
     0
100
AcDbPoint
 10
39.06455299938216
 20
22.99705203635665
 30
0.0
  0
POINT
  5
2060
330
1C57
100
AcDbEntity
  8
Defpoints
 62
     0
100
AcDbPoint
 10
39.06455299938443
 20
21.74705203635619
 30
0.0
  0
POINT
  5
2061
330
1C57
100
AcDbEntity
  8
Defpoints
 62
     0
100
AcDbPoint
 10
38.70058287502707
 20
21.74705203635619
 30
0.0
  0
ENDBLK
  5
1C59
330
1C57
100
AcDbEntity
  8
0
100
AcDbBlockEnd
  0
BLOCK
  5
1C64
330
1C63
100
AcDbEntity
  8
0
100
AcDbBlockBegin
  2
*D197
 70
     1
 10
0.0
 20
0.0
 30
0.0
  3
*D197
  1

  0
LINE
  5
2062
330
1C63
100
AcDbEntity
  8
CV-COTAS
 62
     8
370
    -2
100
AcDbLine
 10
39.06455299938443
 20
21.6770520363562
 30
0.0
 11
39.06455299938443
 21
21.22683147198728
 31
0.0
  0
LINE
  5
2063
330
1C63
100
AcDbEntity
  8
CV-COTAS
 62
     8
370
    -2
100
AcDbLine
 10
40.81455299938215
 20
21.67705203635847
 30
0.0
 11
40.81455299938215
 21
21.22683147198728
 31
0.0
  0
LINE
  5
2064
330
1C63
100
AcDbEntity
  8
CV-COTAS
 62
     4
370
    -2
100
AcDbLine
 10
39.06455299938443
 20
21.29683147198727
 30
0.0
 11
40.81455299938215
 21
21.29683147198727
 31
0.0
  0
INSERT
  5
2065
330
1C63
100
AcDbEntity
  8
CV-COTAS
 62
     4
370
    -2
100
AcDbBlockReference
  2
_Oblique
 10
39.06455299938443
 20
21.29683147198727
 30
0.0
 41
0.14
 42
0.14
 43
0.14
 50
180.0
  0
INSERT
  5
2066
330
1C63
100
AcDbEntity
  8
CV-COTAS
 62
     4
370
    -2
100
AcDbBlockReference
  2
_Oblique
 10
40.81455299938215
 20
21.29683147198727
 30
0.0
 41
0.14
 42
0.14
 43
0.14
  0
MTEXT
  5
2067
330
1C63
100
AcDbEntity
  8
CV-COTAS
 62
     2
100
AcDbMText
 10
39.9395529993833
 20
21.45186206342168
 30
0.0
 40
0.2
 41
0.0
 46
0.0
 71
     5
 72
     1
  1
35
  7
Formato
 73
     1
 44
1.0
  0
POINT
  5
2068
330
1C63
100
AcDbEntity
  8
Defpoints
 62
     0
100
AcDbPoint
 10
39.06455299938443
 20
21.74705203635619
 30
0.0
  0
POINT
  5
2069
330
1C63
100
AcDbEntity
  8
Defpoints
 62
     0
100
AcDbPoint
 10
40.81455299938215
 20
21.74705203635847
 30
0.0
  0
POINT
  5
206A
330
1C63
100
AcDbEntity
  8
Defpoints
 62
     0
100
AcDbPoint
 10
40.81455299938215
 20
21.29683147198727
 30
0.0
  0
ENDBLK
  5
1C65
330
1C63
100
AcDbEntity
  8
0
100
AcDbBlockEnd
  0
BLOCK
  5
1C70
330
1C6F
100
AcDbEntity
  8
0
100
AcDbBlockBegin
  2
*D198
 70
     1
 10
0.0
 20
0.0
 30
0.0
  3
*D198
  1

  0
LINE
  5
206B
330
1C6F
100
AcDbEntity
  8
CV-COTAS
 62
     8
370
    -2
100
AcDbLine
 10
42.93086886332292
 20
22.99705203635665
 30
0.0
 11
42.56689873896965
 21
22.99705203635665
 31
0.0
  0
LINE
  5
206C
330
1C6F
100
AcDbEntity
  8
CV-COTAS
 62
     8
370
    -2
100
AcDbLine
 10
42.9308688633252
 20
21.74705203635619
 30
0.0
 11
42.56689873896965
 21
21.74705203635619
 31
0.0
  0
LINE
  5
206D
330
1C6F
100
AcDbEntity
  8
CV-COTAS
 62
     4
370
    -2
100
AcDbLine
 10
42.63689873896964
 20
22.99705203635665
 30
0.0
 11
42.63689873896964
 21
21.74705203635619
 31
0.0
  0
INSERT
  5
206E
330
1C6F
100
AcDbEntity
  8
CV-COTAS
 62
     4
370
    -2
100
AcDbBlockReference
  2
_Oblique
 10
42.63689873896964
 20
22.99705203635665
 30
0.0
 41
0.14
 42
0.14
 43
0.14
 50
90.0
  0
INSERT
  5
206F
330
1C6F
100
AcDbEntity
  8
CV-COTAS
 62
     4
370
    -2
100
AcDbBlockReference
  2
_Oblique
 10
42.63689873896964
 20
21.74705203635619
 30
0.0
 41
0.14
 42
0.14
 43
0.14
 50
270.0
  0
MTEXT
  5
2070
330
1C6F
100
AcDbEntity
  8
CV-COTAS
 62
     2
100
AcDbMText
 10
42.48186814753525
 20
22.37205203635642
 30
0.0
 40
0.2
 41
0.0
 46
0.0
 71
     5
 72
     1
  1
25
  7
Formato
 11
0.0
 21
1.0
 31
0.0
 73
     1
 44
1.0
  0
POINT
  5
2071
330
1C6F
100
AcDbEntity
  8
Defpoints
 62
     0
100
AcDbPoint
 10
43.00086886332292
 20
22.99705203635665
 30
0.0
  0
POINT
  5
2072
330
1C6F
100
AcDbEntity
  8
Defpoints
 62
     0
100
AcDbPoint
 10
43.00086886332519
 20
21.74705203635619
 30
0.0
  0
POINT
  5
2073
330
1C6F
100
AcDbEntity
  8
Defpoints
 62
     0
100
AcDbPoint
 10
42.63689873896964
 20
21.74705203635619
 30
0.0
  0
ENDBLK
  5
1C71
330
1C6F
100
AcDbEntity
  8
0
100
AcDbBlockEnd
  0
BLOCK
  5
1C7C
330
1C7B
100
AcDbEntity
  8
0
100
AcDbBlockBegin
  2
*D199
 70
     1
 10
0.0
 20
0.0
 30
0.0
  3
*D199
  1

  0
LINE
  5
2074
330
1C7B
100
AcDbEntity
  8
CV-COTAS
 62
     8
370
    -2
100
AcDbLine
 10
43.00086886332519
 20
21.6770520363562
 30
0.0
 11
43.00086886332519
 21
21.22683147198728
 31
0.0
  0
LINE
  5
2075
330
1C7B
100
AcDbEntity
  8
CV-COTAS
 62
     8
370
    -2
100
AcDbLine
 10
44.75086886332292
 20
21.67705203635847
 30
0.0
 11
44.75086886332292
 21
21.22683147198728
 31
0.0
  0
LINE
  5
2076
330
1C7B
100
AcDbEntity
  8
CV-COTAS
 62
     4
370
    -2
100
AcDbLine
 10
43.00086886332519
 20
21.29683147198727
 30
0.0
 11
44.75086886332292
 21
21.29683147198727
 31
0.0
  0
INSERT
  5
2077
330
1C7B
100
AcDbEntity
  8
CV-COTAS
 62
     4
370
    -2
100
AcDbBlockReference
  2
_Oblique
 10
43.00086886332519
 20
21.29683147198727
 30
0.0
 41
0.14
 42
0.14
 43
0.14
 50
180.0
  0
INSERT
  5
2078
330
1C7B
100
AcDbEntity
  8
CV-COTAS
 62
     4
370
    -2
100
AcDbBlockReference
  2
_Oblique
 10
44.75086886332292
 20
21.29683147198727
 30
0.0
 41
0.14
 42
0.14
 43
0.14
  0
MTEXT
  5
2079
330
1C7B
100
AcDbEntity
  8
CV-COTAS
 62
     2
100
AcDbMText
 10
43.87586886332406
 20
21.45186206342168
 30
0.0
 40
0.2
 41
0.0
 46
0.0
 71
     5
 72
     1
  1
35
  7
Formato
 73
     1
 44
1.0
  0
POINT
  5
207A
330
1C7B
100
AcDbEntity
  8
Defpoints
 62
     0
100
AcDbPoint
 10
43.00086886332519
 20
21.74705203635619
 30
0.0
  0
POINT
  5
207B
330
1C7B
100
AcDbEntity
  8
Defpoints
 62
     0
100
AcDbPoint
 10
44.75086886332292
 20
21.74705203635847
 30
0.0
  0
POINT
  5
207C
330
1C7B
100
AcDbEntity
  8
Defpoints
 62
     0
100
AcDbPoint
 10
44.75086886332292
 20
21.29683147198727
 30
0.0
  0
ENDBLK
  5
1C7D
330
1C7B
100
AcDbEntity
  8
0
100
AcDbBlockEnd
  0
BLOCK
  5
1C88
330
1C87
100
AcDbEntity
  8
0
100
AcDbBlockBegin
  2
*D200
 70
     1
 10
0.0
 20
0.0
 30
0.0
  3
*D200
  1

  0
LINE
  5
207D
330
1C87
100
AcDbEntity
  8
CV-COTAS
 62
     8
370
    -2
100
AcDbLine
 10
46.86718472726368
 20
22.99705203635665
 30
0.0
 11
46.50321460291222
 21
22.99705203635665
 31
0.0
  0
LINE
  5
207E
330
1C87
100
AcDbEntity
  8
CV-COTAS
 62
     8
370
    -2
100
AcDbLine
 10
46.86718472726595
 20
21.74705203635619
 30
0.0
 11
46.50321460291222
 21
21.74705203635619
 31
0.0
  0
LINE
  5
207F
330
1C87
100
AcDbEntity
  8
CV-COTAS
 62
     4
370
    -2
100
AcDbLine
 10
46.57321460291223
 20
22.99705203635665
 30
0.0
 11
46.57321460291223
 21
21.74705203635619
 31
0.0
  0
INSERT
  5
2080
330
1C87
100
AcDbEntity
  8
CV-COTAS
 62
     4
370
    -2
100
AcDbBlockReference
  2
_Oblique
 10
46.57321460291223
 20
22.99705203635665
 30
0.0
 41
0.14
 42
0.14
 43
0.14
 50
90.0
  0
INSERT
  5
2081
330
1C87
100
AcDbEntity
  8
CV-COTAS
 62
     4
370
    -2
100
AcDbBlockReference
  2
_Oblique
 10
46.57321460291223
 20
21.74705203635619
 30
0.0
 41
0.14
 42
0.14
 43
0.14
 50
270.0
  0
MTEXT
  5
2082
330
1C87
100
AcDbEntity
  8
CV-COTAS
 62
     2
100
AcDbMText
 10
46.41818401147783
 20
22.37205203635642
 30
0.0
 40
0.2
 41
0.0
 46
0.0
 71
     5
 72
     1
  1
25
  7
Formato
 11
0.0
 21
1.0
 31
0.0
 73
     1
 44
1.0
  0
POINT
  5
2083
330
1C87
100
AcDbEntity
  8
Defpoints
 62
     0
100
AcDbPoint
 10
46.93718472726368
 20
22.99705203635665
 30
0.0
  0
POINT
  5
2084
330
1C87
100
AcDbEntity
  8
Defpoints
 62
     0
100
AcDbPoint
 10
46.93718472726596
 20
21.74705203635619
 30
0.0
  0
POINT
  5
2085
330
1C87
100
AcDbEntity
  8
Defpoints
 62
     0
100
AcDbPoint
 10
46.57321460291223
 20
21.74705203635619
 30
0.0
  0
ENDBLK
  5
1C89
330
1C87
100
AcDbEntity
  8
0
100
AcDbBlockEnd
  0
BLOCK
  5
1C94
330
1C93
100
AcDbEntity
  8
0
100
AcDbBlockBegin
  2
*D201
 70
     1
 10
0.0
 20
0.0
 30
0.0
  3
*D201
  1

  0
LINE
  5
2086
330
1C93
100
AcDbEntity
  8
CV-COTAS
 62
     8
370
    -2
100
AcDbLine
 10
46.93718472726596
 20
21.6770520363562
 30
0.0
 11
46.93718472726596
 21
21.22683147198728
 31
0.0
  0
LINE
  5
2087
330
1C93
100
AcDbEntity
  8
CV-COTAS
 62
     8
370
    -2
100
AcDbLine
 10
48.68718472726368
 20
21.67705203635847
 30
0.0
 11
48.68718472726368
 21
21.22683147198728
 31
0.0
  0
LINE
  5
2088
330
1C93
100
AcDbEntity
  8
CV-COTAS
 62
     4
370
    -2
100
AcDbLine
 10
46.93718472726596
 20
21.29683147198727
 30
0.0
 11
48.68718472726368
 21
21.29683147198727
 31
0.0
  0
INSERT
  5
2089
330
1C93
100
AcDbEntity
  8
CV-COTAS
 62
     4
370
    -2
100
AcDbBlockReference
  2
_Oblique
 10
46.93718472726596
 20
21.29683147198727
 30
0.0
 41
0.14
 42
0.14
 43
0.14
 50
180.0
  0
INSERT
  5
208A
330
1C93
100
AcDbEntity
  8
CV-COTAS
 62
     4
370
    -2
100
AcDbBlockReference
  2
_Oblique
 10
48.68718472726368
 20
21.29683147198727
 30
0.0
 41
0.14
 42
0.14
 43
0.14
  0
MTEXT
  5
208B
330
1C93
100
AcDbEntity
  8
CV-COTAS
 62
     2
100
AcDbMText
 10
47.81218472726481
 20
21.45186206342168
 30
0.0
 40
0.2
 41
0.0
 46
0.0
 71
     5
 72
     1
  1
35
  7
Formato
 73
     1
 44
1.0
  0
POINT
  5
208C
330
1C93
100
AcDbEntity
  8
Defpoints
 62
     0
100
AcDbPoint
 10
46.93718472726596
 20
21.74705203635619
 30
0.0
  0
POINT
  5
208D
330
1C93
100
AcDbEntity
  8
Defpoints
 62
     0
100
AcDbPoint
 10
48.68718472726368
 20
21.74705203635847
 30
0.0
  0
POINT
  5
208E
330
1C93
100
AcDbEntity
  8
Defpoints
 62
     0
100
AcDbPoint
 10
48.68718472726368
 20
21.29683147198727
 30
0.0
  0
ENDBLK
  5
1C95
330
1C93
100
AcDbEntity
  8
0
100
AcDbBlockEnd
  0
BLOCK
  5
1CA0
330
1C9F
100
AcDbEntity
  8
0
100
AcDbBlockBegin
  2
*D202
 70
     1
 10
0.0
 20
0.0
 30
0.0
  3
*D202
  1

  0
LINE
  5
208F
330
1C9F
100
AcDbEntity
  8
CV-COTAS
 62
     8
370
    -2
100
AcDbLine
 10
50.80350059120444
 20
22.99705203635665
 30
0.0
 11
50.43953046685481
 21
22.99705203635665
 31
0.0
  0
LINE
  5
2090
330
1C9F
100
AcDbEntity
  8
CV-COTAS
 62
     8
370
    -2
100
AcDbLine
 10
50.80350059120672
 20
21.74705203635619
 30
0.0
 11
50.43953046685481
 21
21.74705203635619
 31
0.0
  0
LINE
  5
2091
330
1C9F
100
AcDbEntity
  8
CV-COTAS
 62
     4
370
    -2
100
AcDbLine
 10
50.50953046685481
 20
22.99705203635665
 30
0.0
 11
50.50953046685481
 21
21.74705203635619
 31
0.0
  0
INSERT
  5
2092
330
1C9F
100
AcDbEntity
  8
CV-COTAS
 62
     4
370
    -2
100
AcDbBlockReference
  2
_Oblique
 10
50.50953046685481
 20
22.99705203635665
 30
0.0
 41
0.14
 42
0.14
 43
0.14
 50
90.0
  0
INSERT
  5
2093
330
1C9F
100
AcDbEntity
  8
CV-COTAS
 62
     4
370
    -2
100
AcDbBlockReference
  2
_Oblique
 10
50.50953046685481
 20
21.74705203635619
 30
0.0
 41
0.14
 42
0.14
 43
0.14
 50
270.0
  0
MTEXT
  5
2094
330
1C9F
100
AcDbEntity
  8
CV-COTAS
 62
     2
100
AcDbMText
 10
50.35449987542041
 20
22.37205203635642
 30
0.0
 40
0.2
 41
0.0
 46
0.0
 71
     5
 72
     1
  1
25
  7
Formato
 11
0.0
 21
1.0
 31
0.0
 73
     1
 44
1.0
  0
POINT
  5
2095
330
1C9F
100
AcDbEntity
  8
Defpoints
 62
     0
100
AcDbPoint
 10
50.87350059120445
 20
22.99705203635665
 30
0.0
  0
POINT
  5
2096
330
1C9F
100
AcDbEntity
  8
Defpoints
 62
     0
100
AcDbPoint
 10
50.87350059120672
 20
21.74705203635619
 30
0.0
  0
POINT
  5
2097
330
1C9F
100
AcDbEntity
  8
Defpoints
 62
     0
100
AcDbPoint
 10
50.50953046685481
 20
21.74705203635619
 30
0.0
  0
ENDBLK
  5
1CA1
330
1C9F
100
AcDbEntity
  8
0
100
AcDbBlockEnd
  0
BLOCK
  5
1CAC
330
1CAB
100
AcDbEntity
  8
0
100
AcDbBlockBegin
  2
*D203
 70
     1
 10
0.0
 20
0.0
 30
0.0
  3
*D203
  1

  0
LINE
  5
2098
330
1CAB
100
AcDbEntity
  8
CV-COTAS
 62
     8
370
    -2
100
AcDbLine
 10
50.87350059120672
 20
21.6770520363562
 30
0.0
 11
50.87350059120672
 21
21.22683147198728
 31
0.0
  0
LINE
  5
2099
330
1CAB
100
AcDbEntity
  8
CV-COTAS
 62
     8
370
    -2
100
AcDbLine
 10
52.62350059120445
 20
21.67705203635847
 30
0.0
 11
52.62350059120445
 21
21.22683147198728
 31
0.0
  0
LINE
  5
209A
330
1CAB
100
AcDbEntity
  8
CV-COTAS
 62
     4
370
    -2
100
AcDbLine
 10
50.87350059120672
 20
21.29683147198727
 30
0.0
 11
52.62350059120445
 21
21.29683147198727
 31
0.0
  0
INSERT
  5
209B
330
1CAB
100
AcDbEntity
  8
CV-COTAS
 62
     4
370
    -2
100
AcDbBlockReference
  2
_Oblique
 10
50.87350059120672
 20
21.29683147198727
 30
0.0
 41
0.14
 42
0.14
 43
0.14
 50
180.0
  0
INSERT
  5
209C
330
1CAB
100
AcDbEntity
  8
CV-COTAS
 62
     4
370
    -2
100
AcDbBlockReference
  2
_Oblique
 10
52.62350059120445
 20
21.29683147198727
 30
0.0
 41
0.14
 42
0.14
 43
0.14
  0
MTEXT
  5
209D
330
1CAB
100
AcDbEntity
  8
CV-COTAS
 62
     2
100
AcDbMText
 10
51.74850059120558
 20
21.45186206342168
 30
0.0
 40
0.2
 41
0.0
 46
0.0
 71
     5
 72
     1
  1
35
  7
Formato
 73
     1
 44
1.0
  0
POINT
  5
209E
330
1CAB
100
AcDbEntity
  8
Defpoints
 62
     0
100
AcDbPoint
 10
50.87350059120672
 20
21.74705203635619
 30
0.0
  0
POINT
  5
209F
330
1CAB
100
AcDbEntity
  8
Defpoints
 62
     0
100
AcDbPoint
 10
52.62350059120445
 20
21.74705203635847
 30
0.0
  0
POINT
  5
20A0
330
1CAB
100
AcDbEntity
  8
Defpoints
 62
     0
100
AcDbPoint
 10
52.62350059120445
 20
21.29683147198727
 30
0.0
  0
ENDBLK
  5
1CAD
330
1CAB
100
AcDbEntity
  8
0
100
AcDbBlockEnd
  0
BLOCK
  5
1CB8
330
1CB7
100
AcDbEntity
  8
0
100
AcDbBlockBegin
  2
*D204
 70
     1
 10
0.0
 20
0.0
 30
0.0
  3
*D204
  1

  0
LINE
  5
20A1
330
1CB7
100
AcDbEntity
  8
CV-COTAS
 62
     8
370
    -2
100
AcDbLine
 10
54.73981645514521
 20
22.99705203635665
 30
0.0
 11
54.37584633079739
 21
22.99705203635665
 31
0.0
  0
LINE
  5
20A2
330
1CB7
100
AcDbEntity
  8
CV-COTAS
 62
     8
370
    -2
100
AcDbLine
 10
54.73981645514748
 20
21.74705203635619
 30
0.0
 11
54.37584633079739
 21
21.74705203635619
 31
0.0
  0
LINE
  5
20A3
330
1CB7
100
AcDbEntity
  8
CV-COTAS
 62
     4
370
    -2
100
AcDbLine
 10
54.44584633079739
 20
22.99705203635665
 30
0.0
 11
54.44584633079739
 21
21.74705203635619
 31
0.0
  0
INSERT
  5
20A4
330
1CB7
100
AcDbEntity
  8
CV-COTAS
 62
     4
370
    -2
100
AcDbBlockReference
  2
_Oblique
 10
54.44584633079739
 20
22.99705203635665
 30
0.0
 41
0.14
 42
0.14
 43
0.14
 50
90.0
  0
INSERT
  5
20A5
330
1CB7
100
AcDbEntity
  8
CV-COTAS
 62
     4
370
    -2
100
AcDbBlockReference
  2
_Oblique
 10
54.44584633079739
 20
21.74705203635619
 30
0.0
 41
0.14
 42
0.14
 43
0.14
 50
270.0
  0
MTEXT
  5
20A6
330
1CB7
100
AcDbEntity
  8
CV-COTAS
 62
     2
100
AcDbMText
 10
54.290815739363
 20
22.37205203635642
 30
0.0
 40
0.2
 41
0.0
 46
0.0
 71
     5
 72
     1
  1
25
  7
Formato
 11
0.0
 21
1.0
 31
0.0
 73
     1
 44
1.0
  0
POINT
  5
20A7
330
1CB7
100
AcDbEntity
  8
Defpoints
 62
     0
100
AcDbPoint
 10
54.80981645514521
 20
22.99705203635665
 30
0.0
  0
POINT
  5
20A8
330
1CB7
100
AcDbEntity
  8
Defpoints
 62
     0
100
AcDbPoint
 10
54.80981645514749
 20
21.74705203635619
 30
0.0
  0
POINT
  5
20A9
330
1CB7
100
AcDbEntity
  8
Defpoints
 62
     0
100
AcDbPoint
 10
54.44584633079739
 20
21.74705203635619
 30
0.0
  0
ENDBLK
  5
1CB9
330
1CB7
100
AcDbEntity
  8
0
100
AcDbBlockEnd
  0
BLOCK
  5
1CC4
330
1CC3
100
AcDbEntity
  8
0
100
AcDbBlockBegin
  2
*D205
 70
     1
 10
0.0
 20
0.0
 30
0.0
  3
*D205
  1

  0
LINE
  5
20AA
330
1CC3
100
AcDbEntity
  8
CV-COTAS
 62
     8
370
    -2
100
AcDbLine
 10
54.80981645514749
 20
21.6770520363562
 30
0.0
 11
54.80981645514749
 21
21.22683147198728
 31
0.0
  0
LINE
  5
20AB
330
1CC3
100
AcDbEntity
  8
CV-COTAS
 62
     8
370
    -2
100
AcDbLine
 10
56.55981645514521
 20
21.67705203635847
 30
0.0
 11
56.55981645514521
 21
21.22683147198728
 31
0.0
  0
LINE
  5
20AC
330
1CC3
100
AcDbEntity
  8
CV-COTAS
 62
     4
370
    -2
100
AcDbLine
 10
54.80981645514749
 20
21.29683147198727
 30
0.0
 11
56.55981645514521
 21
21.29683147198727
 31
0.0
  0
INSERT
  5
20AD
330
1CC3
100
AcDbEntity
  8
CV-COTAS
 62
     4
370
    -2
100
AcDbBlockReference
  2
_Oblique
 10
54.80981645514749
 20
21.29683147198727
 30
0.0
 41
0.14
 42
0.14
 43
0.14
 50
180.0
  0
INSERT
  5
20AE
330
1CC3
100
AcDbEntity
  8
CV-COTAS
 62
     4
370
    -2
100
AcDbBlockReference
  2
_Oblique
 10
56.55981645514521
 20
21.29683147198727
 30
0.0
 41
0.14
 42
0.14
 43
0.14
  0
MTEXT
  5
20AF
330
1CC3
100
AcDbEntity
  8
CV-COTAS
 62
     2
100
AcDbMText
 10
55.68481645514634
 20
21.45186206342168
 30
0.0
 40
0.2
 41
0.0
 46
0.0
 71
     5
 72
     1
  1
35
  7
Formato
 73
     1
 44
1.0
  0
POINT
  5
20B0
330
1CC3
100
AcDbEntity
  8
Defpoints
 62
     0
100
AcDbPoint
 10
54.80981645514749
 20
21.74705203635619
 30
0.0
  0
POINT
  5
20B1
330
1CC3
100
AcDbEntity
  8
Defpoints
 62
     0
100
AcDbPoint
 10
56.55981645514521
 20
21.74705203635847
 30
0.0
  0
POINT
  5
20B2
330
1CC3
100
AcDbEntity
  8
Defpoints
 62
     0
100
AcDbPoint
 10
56.55981645514521
 20
21.29683147198727
 30
0.0
  0
ENDBLK
  5
1CC5
330
1CC3
100
AcDbEntity
  8
0
100
AcDbBlockEnd
  0
BLOCK
  5
1CD0
330
1CCF
100
AcDbEntity
  8
0
100
AcDbBlockBegin
  2
*D206
 70
     1
 10
0.0
 20
0.0
 30
0.0
  3
*D206
  1

  0
LINE
  5
20B3
330
1CCF
100
AcDbEntity
  8
CV-COTAS
 62
     8
370
    -2
100
AcDbLine
 10
58.67613231908597
 20
22.99705203635665
 30
0.0
 11
58.31216219473997
 21
22.99705203635665
 31
0.0
  0
LINE
  5
20B4
330
1CCF
100
AcDbEntity
  8
CV-COTAS
 62
     8
370
    -2
100
AcDbLine
 10
58.67613231908825
 20
21.74705203635619
 30
0.0
 11
58.31216219473997
 21
21.74705203635619
 31
0.0
  0
LINE
  5
20B5
330
1CCF
100
AcDbEntity
  8
CV-COTAS
 62
     4
370
    -2
100
AcDbLine
 10
58.38216219473998
 20
22.99705203635665
 30
0.0
 11
58.38216219473998
 21
21.74705203635619
 31
0.0
  0
INSERT
  5
20B6
330
1CCF
100
AcDbEntity
  8
CV-COTAS
 62
     4
370
    -2
100
AcDbBlockReference
  2
_Oblique
 10
58.38216219473998
 20
22.99705203635665
 30
0.0
 41
0.14
 42
0.14
 43
0.14
 50
90.0
  0
INSERT
  5
20B7
330
1CCF
100
AcDbEntity
  8
CV-COTAS
 62
     4
370
    -2
100
AcDbBlockReference
  2
_Oblique
 10
58.38216219473998
 20
21.74705203635619
 30
0.0
 41
0.14
 42
0.14
 43
0.14
 50
270.0
  0
MTEXT
  5
20B8
330
1CCF
100
AcDbEntity
  8
CV-COTAS
 62
     2
100
AcDbMText
 10
58.22713160330557
 20
22.37205203635642
 30
0.0
 40
0.2
 41
0.0
 46
0.0
 71
     5
 72
     1
  1
25
  7
Formato
 11
0.0
 21
1.0
 31
0.0
 73
     1
 44
1.0
  0
POINT
  5
20B9
330
1CCF
100
AcDbEntity
  8
Defpoints
 62
     0
100
AcDbPoint
 10
58.74613231908597
 20
22.99705203635665
 30
0.0
  0
POINT
  5
20BA
330
1CCF
100
AcDbEntity
  8
Defpoints
 62
     0
100
AcDbPoint
 10
58.74613231908824
 20
21.74705203635619
 30
0.0
  0
POINT
  5
20BB
330
1CCF
100
AcDbEntity
  8
Defpoints
 62
     0
100
AcDbPoint
 10
58.38216219473998
 20
21.74705203635619
 30
0.0
  0
ENDBLK
  5
1CD1
330
1CCF
100
AcDbEntity
  8
0
100
AcDbBlockEnd
  0
BLOCK
  5
1CDC
330
1CDB
100
AcDbEntity
  8
0
100
AcDbBlockBegin
  2
*D207
 70
     1
 10
0.0
 20
0.0
 30
0.0
  3
*D207
  1

  0
LINE
  5
20BC
330
1CDB
100
AcDbEntity
  8
CV-COTAS
 62
     8
370
    -2
100
AcDbLine
 10
58.74613231908824
 20
21.6770520363562
 30
0.0
 11
58.74613231908824
 21
21.22683147198728
 31
0.0
  0
LINE
  5
20BD
330
1CDB
100
AcDbEntity
  8
CV-COTAS
 62
     8
370
    -2
100
AcDbLine
 10
60.49613231908598
 20
21.67705203635847
 30
0.0
 11
60.49613231908598
 21
21.22683147198728
 31
0.0
  0
LINE
  5
20BE
330
1CDB
100
AcDbEntity
  8
CV-COTAS
 62
     4
370
    -2
100
AcDbLine
 10
58.74613231908824
 20
21.29683147198727
 30
0.0
 11
60.49613231908598
 21
21.29683147198727
 31
0.0
  0
INSERT
  5
20BF
330
1CDB
100
AcDbEntity
  8
CV-COTAS
 62
     4
370
    -2
100
AcDbBlockReference
  2
_Oblique
 10
58.74613231908824
 20
21.29683147198727
 30
0.0
 41
0.14
 42
0.14
 43
0.14
 50
180.0
  0
INSERT
  5
20C0
330
1CDB
100
AcDbEntity
  8
CV-COTAS
 62
     4
370
    -2
100
AcDbBlockReference
  2
_Oblique
 10
60.49613231908598
 20
21.29683147198727
 30
0.0
 41
0.14
 42
0.14
 43
0.14
  0
MTEXT
  5
20C1
330
1CDB
100
AcDbEntity
  8
CV-COTAS
 62
     2
100
AcDbMText
 10
59.62113231908711
 20
21.45186206342168
 30
0.0
 40
0.2
 41
0.0
 46
0.0
 71
     5
 72
     1
  1
35
  7
Formato
 73
     1
 44
1.0
  0
POINT
  5
20C2
330
1CDB
100
AcDbEntity
  8
Defpoints
 62
     0
100
AcDbPoint
 10
58.74613231908824
 20
21.74705203635619
 30
0.0
  0
POINT
  5
20C3
330
1CDB
100
AcDbEntity
  8
Defpoints
 62
     0
100
AcDbPoint
 10
60.49613231908598
 20
21.74705203635847
 30
0.0
  0
POINT
  5
20C4
330
1CDB
100
AcDbEntity
  8
Defpoints
 62
     0
100
AcDbPoint
 10
60.49613231908598
 20
21.29683147198727
 30
0.0
  0
ENDBLK
  5
1CDD
330
1CDB
100
AcDbEntity
  8
0
100
AcDbBlockEnd
  0
BLOCK
  5
1CE8
330
1CE7
100
AcDbEntity
  8
0
100
AcDbBlockBegin
  2
*D208
 70
     1
 10
0.0
 20
0.0
 30
0.0
  3
*D208
  1

  0
LINE
  5
20C5
330
1CE7
100
AcDbEntity
  8
CV-COTAS
 62
     8
370
    -2
100
AcDbLine
 10
62.86244818302673
 20
22.99705203635665
 30
0.0
 11
62.49847805868437
 21
22.99705203635665
 31
0.0
  0
LINE
  5
20C6
330
1CE7
100
AcDbEntity
  8
CV-COTAS
 62
     8
370
    -2
100
AcDbLine
 10
62.862448183029
 20
21.24705203635619
 30
0.0
 11
62.49847805868437
 21
21.24705203635619
 31
0.0
  0
LINE
  5
20C7
330
1CE7
100
AcDbEntity
  8
CV-COTAS
 62
     4
370
    -2
100
AcDbLine
 10
62.56847805868438
 20
22.99705203635665
 30
0.0
 11
62.56847805868438
 21
21.24705203635619
 31
0.0
  0
INSERT
  5
20C8
330
1CE7
100
AcDbEntity
  8
CV-COTAS
 62
     4
370
    -2
100
AcDbBlockReference
  2
_Oblique
 10
62.56847805868438
 20
22.99705203635665
 30
0.0
 41
0.14
 42
0.14
 43
0.14
 50
90.0
  0
INSERT
  5
20C9
330
1CE7
100
AcDbEntity
  8
CV-COTAS
 62
     4
370
    -2
100
AcDbBlockReference
  2
_Oblique
 10
62.56847805868438
 20
21.24705203635619
 30
0.0
 41
0.14
 42
0.14
 43
0.14
 50
270.0
  0
MTEXT
  5
20CA
330
1CE7
100
AcDbEntity
  8
CV-COTAS
 62
     2
100
AcDbMText
 10
62.41344746724998
 20
22.12205203635642
 30
0.0
 40
0.2
 41
0.0
 46
0.0
 71
     5
 72
     1
  1
35
  7
Formato
 11
0.0
 21
1.0
 31
0.0
 73
     1
 44
1.0
  0
POINT
  5
20CB
330
1CE7
100
AcDbEntity
  8
Defpoints
 62
     0
100
AcDbPoint
 10
62.93244818302674
 20
22.99705203635665
 30
0.0
  0
POINT
  5
20CC
330
1CE7
100
AcDbEntity
  8
Defpoints
 62
     0
100
AcDbPoint
 10
62.93244818302901
 20
21.24705203635619
 30
0.0
  0
POINT
  5
20CD
330
1CE7
100
AcDbEntity
  8
Defpoints
 62
     0
100
AcDbPoint
 10
62.56847805868438
 20
21.24705203635619
 30
0.0
  0
ENDBLK
  5
1CE9
330
1CE7
100
AcDbEntity
  8
0
100
AcDbBlockEnd
  0
BLOCK
  5
1CF4
330
1CF3
100
AcDbEntity
  8
0
100
AcDbBlockBegin
  2
*D209
 70
     1
 10
0.0
 20
0.0
 30
0.0
  3
*D209
  1

  0
LINE
  5
20CE
330
1CF3
100
AcDbEntity
  8
CV-COTAS
 62
     8
370
    -2
100
AcDbLine
 10
62.93244818302901
 20
21.17705203635619
 30
0.0
 11
62.93244818302901
 21
20.72683147198727
 31
0.0
  0
LINE
  5
20CF
330
1CF3
100
AcDbEntity
  8
CV-COTAS
 62
     8
370
    -2
100
AcDbLine
 10
64.18244818302674
 20
21.17705203635847
 30
0.0
 11
64.18244818302674
 21
20.72683147198727
 31
0.0
  0
LINE
  5
20D0
330
1CF3
100
AcDbEntity
  8
CV-COTAS
 62
     4
370
    -2
100
AcDbLine
 10
62.93244818302901
 20
20.79683147198728
 30
0.0
 11
64.18244818302674
 21
20.79683147198728
 31
0.0
  0
INSERT
  5
20D1
330
1CF3
100
AcDbEntity
  8
CV-COTAS
 62
     4
370
    -2
100
AcDbBlockReference
  2
_Oblique
 10
62.93244818302901
 20
20.79683147198728
 30
0.0
 41
0.14
 42
0.14
 43
0.14
 50
180.0
  0
INSERT
  5
20D2
330
1CF3
100
AcDbEntity
  8
CV-COTAS
 62
     4
370
    -2
100
AcDbBlockReference
  2
_Oblique
 10
64.18244818302674
 20
20.79683147198728
 30
0.0
 41
0.14
 42
0.14
 43
0.14
  0
MTEXT
  5
20D3
330
1CF3
100
AcDbEntity
  8
CV-COTAS
 62
     2
100
AcDbMText
 10
63.55744818302787
 20
20.96294296077042
 30
0.0
 40
0.2
 41
0.0
 46
0.0
 71
     5
 72
     1
  1
20/25
  7
Formato
 73
     1
 44
1.0
  0
POINT
  5
20D4
330
1CF3
100
AcDbEntity
  8
Defpoints
 62
     0
100
AcDbPoint
 10
62.93244818302901
 20
21.24705203635619
 30
0.0
  0
POINT
  5
20D5
330
1CF3
100
AcDbEntity
  8
Defpoints
 62
     0
100
AcDbPoint
 10
64.18244818302674
 20
21.24705203635847
 30
0.0
  0
POINT
  5
20D6
330
1CF3
100
AcDbEntity
  8
Defpoints
 62
     0
100
AcDbPoint
 10
64.18244818302674
 20
20.79683147198728
 30
0.0
  0
ENDBLK
  5
1CF5
330
1CF3
100
AcDbEntity
  8
0
100
AcDbBlockEnd
  0
BLOCK
  5
1D00
330
1CFF
100
AcDbEntity
  8
0
100
AcDbBlockBegin
  2
*D210
 70
     1
 10
0.0
 20
0.0
 30
0.0
  3
*D210
  1

  0
LINE
  5
20D7
330
1CFF
100
AcDbEntity
  8
CV-COTAS
 62
     8
370
    -2
100
AcDbLine
 10
66.74876404696732
 20
22.99705203635665
 30
0.0
 11
66.3847939226277
 21
22.99705203635665
 31
0.0
  0
LINE
  5
20D8
330
1CFF
100
AcDbEntity
  8
CV-COTAS
 62
     8
370
    -2
100
AcDbLine
 10
66.74876404696959
 20
21.24705203635619
 30
0.0
 11
66.3847939226277
 21
21.24705203635619
 31
0.0
  0
LINE
  5
20D9
330
1CFF
100
AcDbEntity
  8
CV-COTAS
 62
     4
370
    -2
100
AcDbLine
 10
66.45479392262768
 20
22.99705203635665
 30
0.0
 11
66.45479392262768
 21
21.24705203635619
 31
0.0
  0
INSERT
  5
20DA
330
1CFF
100
AcDbEntity
  8
CV-COTAS
 62
     4
370
    -2
100
AcDbBlockReference
  2
_Oblique
 10
66.45479392262768
 20
22.99705203635665
 30
0.0
 41
0.14
 42
0.14
 43
0.14
 50
90.0
  0
INSERT
  5
20DB
330
1CFF
100
AcDbEntity
  8
CV-COTAS
 62
     4
370
    -2
100
AcDbBlockReference
  2
_Oblique
 10
66.45479392262768
 20
21.24705203635619
 30
0.0
 41
0.14
 42
0.14
 43
0.14
 50
270.0
  0
MTEXT
  5
20DC
330
1CFF
100
AcDbEntity
  8
CV-COTAS
 62
     2
100
AcDbMText
 10
66.29976333119329
 20
22.12205203635642
 30
0.0
 40
0.2
 41
0.0
 46
0.0
 71
     5
 72
     1
  1
35
  7
Formato
 11
0.0
 21
1.0
 31
0.0
 73
     1
 44
1.0
  0
POINT
  5
20DD
330
1CFF
100
AcDbEntity
  8
Defpoints
 62
     0
100
AcDbPoint
 10
66.81876404696732
 20
22.99705203635665
 30
0.0
  0
POINT
  5
20DE
330
1CFF
100
AcDbEntity
  8
Defpoints
 62
     0
100
AcDbPoint
 10
66.81876404696959
 20
21.24705203635619
 30
0.0
  0
POINT
  5
20DF
330
1CFF
100
AcDbEntity
  8
Defpoints
 62
     0
100
AcDbPoint
 10
66.45479392262768
 20
21.24705203635619
 30
0.0
  0
ENDBLK
  5
1D01
330
1CFF
100
AcDbEntity
  8
0
100
AcDbBlockEnd
  0
BLOCK
  5
1D0C
330
1D0B
100
AcDbEntity
  8
0
100
AcDbBlockBegin
  2
*D211
 70
     1
 10
0.0
 20
0.0
 30
0.0
  3
*D211
  1

  0
LINE
  5
20E0
330
1D0B
100
AcDbEntity
  8
CV-COTAS
 62
     8
370
    -2
100
AcDbLine
 10
66.81876404696959
 20
21.17705203635619
 30
0.0
 11
66.81876404696959
 21
20.72683147198727
 31
0.0
  0
LINE
  5
20E1
330
1D0B
100
AcDbEntity
  8
CV-COTAS
 62
     8
370
    -2
100
AcDbLine
 10
68.1187640469675
 20
21.17705203635847
 30
0.0
 11
68.1187640469675
 21
20.72683147198727
 31
0.0
  0
LINE
  5
20E2
330
1D0B
100
AcDbEntity
  8
CV-COTAS
 62
     4
370
    -2
100
AcDbLine
 10
66.81876404696959
 20
20.79683147198728
 30
0.0
 11
68.1187640469675
 21
20.79683147198728
 31
0.0
  0
INSERT
  5
20E3
330
1D0B
100
AcDbEntity
  8
CV-COTAS
 62
     4
370
    -2
100
AcDbBlockReference
  2
_Oblique
 10
66.81876404696959
 20
20.79683147198728
 30
0.0
 41
0.14
 42
0.14
 43
0.14
 50
180.0
  0
INSERT
  5
20E4
330
1D0B
100
AcDbEntity
  8
CV-COTAS
 62
     4
370
    -2
100
AcDbBlockReference
  2
_Oblique
 10
68.1187640469675
 20
20.79683147198728
 30
0.0
 41
0.14
 42
0.14
 43
0.14
  0
MTEXT
  5
20E5
330
1D0B
100
AcDbEntity
  8
CV-COTAS
 62
     2
100
AcDbMText
 10
67.46876404696855
 20
20.95186206342168
 30
0.0
 40
0.2
 41
0.0
 46
0.0
 71
     5
 72
     1
  1
26
  7
Formato
 73
     1
 44
1.0
  0
POINT
  5
20E6
330
1D0B
100
AcDbEntity
  8
Defpoints
 62
     0
100
AcDbPoint
 10
66.81876404696959
 20
21.24705203635619
 30
0.0
  0
POINT
  5
20E7
330
1D0B
100
AcDbEntity
  8
Defpoints
 62
     0
100
AcDbPoint
 10
68.1187640469675
 20
21.24705203635847
 30
0.0
  0
POINT
  5
20E8
330
1D0B
100
AcDbEntity
  8
Defpoints
 62
     0
100
AcDbPoint
 10
68.1187640469675
 20
20.79683147198728
 30
0.0
  0
ENDBLK
  5
1D0D
330
1D0B
100
AcDbEntity
  8
0
100
AcDbBlockEnd
  0
BLOCK
  5
1D18
330
1D17
100
AcDbEntity
  8
0
100
AcDbBlockBegin
  2
*D212
 70
     1
 10
0.0
 20
0.0
 30
0.0
  3
*D212
  1

  0
LINE
  5
20E9
330
1D17
100
AcDbEntity
  8
CV-COTAS
 62
     8
370
    -2
100
AcDbLine
 10
70.66007991090799
 20
22.99705203635665
 30
0.0
 11
70.29610978657018
 21
22.99705203635665
 31
0.0
  0
LINE
  5
20EA
330
1D17
100
AcDbEntity
  8
CV-COTAS
 62
     8
370
    -2
100
AcDbLine
 10
70.66007991091026
 20
21.24705203635619
 30
0.0
 11
70.29610978657018
 21
21.24705203635619
 31
0.0
  0
LINE
  5
20EB
330
1D17
100
AcDbEntity
  8
CV-COTAS
 62
     4
370
    -2
100
AcDbLine
 10
70.36610978657018
 20
22.99705203635665
 30
0.0
 11
70.36610978657018
 21
21.24705203635619
 31
0.0
  0
INSERT
  5
20EC
330
1D17
100
AcDbEntity
  8
CV-COTAS
 62
     4
370
    -2
100
AcDbBlockReference
  2
_Oblique
 10
70.36610978657018
 20
22.99705203635665
 30
0.0
 41
0.14
 42
0.14
 43
0.14
 50
90.0
  0
INSERT
  5
20ED
330
1D17
100
AcDbEntity
  8
CV-COTAS
 62
     4
370
    -2
100
AcDbBlockReference
  2
_Oblique
 10
70.36610978657018
 20
21.24705203635619
 30
0.0
 41
0.14
 42
0.14
 43
0.14
 50
270.0
  0
MTEXT
  5
20EE
330
1D17
100
AcDbEntity
  8
CV-COTAS
 62
     2
100
AcDbMText
 10
70.21107919513578
 20
22.12205203635642
 30
0.0
 40
0.2
 41
0.0
 46
0.0
 71
     5
 72
     1
  1
35
  7
Formato
 11
0.0
 21
1.0
 31
0.0
 73
     1
 44
1.0
  0
POINT
  5
20EF
330
1D17
100
AcDbEntity
  8
Defpoints
 62
     0
100
AcDbPoint
 10
70.73007991090799
 20
22.99705203635665
 30
0.0
  0
POINT
  5
20F0
330
1D17
100
AcDbEntity
  8
Defpoints
 62
     0
100
AcDbPoint
 10
70.73007991091026
 20
21.24705203635619
 30
0.0
  0
POINT
  5
20F1
330
1D17
100
AcDbEntity
  8
Defpoints
 62
     0
100
AcDbPoint
 10
70.36610978657018
 20
21.24705203635619
 30
0.0
  0
ENDBLK
  5
1D19
330
1D17
100
AcDbEntity
  8
0
100
AcDbBlockEnd
  0
BLOCK
  5
1D24
330
1D23
100
AcDbEntity
  8
0
100
AcDbBlockBegin
  2
*D213
 70
     1
 10
0.0
 20
0.0
 30
0.0
  3
*D213
  1

  0
LINE
  5
20F2
330
1D23
100
AcDbEntity
  8
CV-COTAS
 62
     8
370
    -2
100
AcDbLine
 10
70.73007991091026
 20
21.17705203635619
 30
0.0
 11
70.73007991091026
 21
20.72683147198727
 31
0.0
  0
LINE
  5
20F3
330
1D23
100
AcDbEntity
  8
CV-COTAS
 62
     8
370
    -2
100
AcDbLine
 10
72.23007991090799
 20
21.17705203635847
 30
0.0
 11
72.23007991090799
 21
20.72683147198727
 31
0.0
  0
LINE
  5
20F4
330
1D23
100
AcDbEntity
  8
CV-COTAS
 62
     4
370
    -2
100
AcDbLine
 10
70.73007991091026
 20
20.79683147198728
 30
0.0
 11
72.23007991090799
 21
20.79683147198728
 31
0.0
  0
INSERT
  5
20F5
330
1D23
100
AcDbEntity
  8
CV-COTAS
 62
     4
370
    -2
100
AcDbBlockReference
  2
_Oblique
 10
70.73007991091026
 20
20.79683147198728
 30
0.0
 41
0.14
 42
0.14
 43
0.14
 50
180.0
  0
INSERT
  5
20F6
330
1D23
100
AcDbEntity
  8
CV-COTAS
 62
     4
370
    -2
100
AcDbBlockReference
  2
_Oblique
 10
72.23007991090799
 20
20.79683147198728
 30
0.0
 41
0.14
 42
0.14
 43
0.14
  0
MTEXT
  5
20F7
330
1D23
100
AcDbEntity
  8
CV-COTAS
 62
     2
100
AcDbMText
 10
71.48007991090913
 20
20.95186206342168
 30
0.0
 40
0.2
 41
0.0
 46
0.0
 71
     5
 72
     1
  1
30
  7
Formato
 73
     1
 44
1.0
  0
POINT
  5
20F8
330
1D23
100
AcDbEntity
  8
Defpoints
 62
     0
100
AcDbPoint
 10
70.73007991091026
 20
21.24705203635619
 30
0.0
  0
POINT
  5
20F9
330
1D23
100
AcDbEntity
  8
Defpoints
 62
     0
100
AcDbPoint
 10
72.23007991090799
 20
21.24705203635847
 30
0.0
  0
POINT
  5
20FA
330
1D23
100
AcDbEntity
  8
Defpoints
 62
     0
100
AcDbPoint
 10
72.23007991090799
 20
20.79683147198728
 30
0.0
  0
ENDBLK
  5
1D25
330
1D23
100
AcDbEntity
  8
0
100
AcDbBlockEnd
  0
BLOCK
  5
1D30
330
1D2F
100
AcDbEntity
  8
0
100
AcDbBlockBegin
  2
*D214
 70
     1
 10
0.0
 20
0.0
 30
0.0
  3
*D214
  1

  0
LINE
  5
20FB
330
1D2F
100
AcDbEntity
  8
CV-COTAS
 62
     8
370
    -2
100
AcDbLine
 10
35.18323713544367
 20
18.71060768659106
 30
0.0
 11
34.8192670111095
 21
18.71060768659106
 31
0.0
  0
LINE
  5
20FC
330
1D2F
100
AcDbEntity
  8
CV-COTAS
 62
     8
370
    -2
100
AcDbLine
 10
35.18323713544595
 20
16.9606076865906
 30
0.0
 11
34.8192670111095
 21
16.9606076865906
 31
0.0
  0
LINE
  5
20FD
330
1D2F
100
AcDbEntity
  8
CV-COTAS
 62
     4
370
    -2
100
AcDbLine
 10
34.8892670111095
 20
18.71060768659106
 30
0.0
 11
34.8892670111095
 21
16.9606076865906
 31
0.0
  0
INSERT
  5
20FE
330
1D2F
100
AcDbEntity
  8
CV-COTAS
 62
     4
370
    -2
100
AcDbBlockReference
  2
_Oblique
 10
34.8892670111095
 20
18.71060768659106
 30
0.0
 41
0.14
 42
0.14
 43
0.14
 50
90.0
  0
INSERT
  5
20FF
330
1D2F
100
AcDbEntity
  8
CV-COTAS
 62
     4
370
    -2
100
AcDbBlockReference
  2
_Oblique
 10
34.8892670111095
 20
16.9606076865906
 30
0.0
 41
0.14
 42
0.14
 43
0.14
 50
270.0
  0
MTEXT
  5
2100
330
1D2F
100
AcDbEntity
  8
CV-COTAS
 62
     2
100
AcDbMText
 10
34.7342364196751
 20
17.83560768659083
 30
0.0
 40
0.2
 41
0.0
 46
0.0
 71
     5
 72
     1
  1
35
  7
Formato
 11
0.0
 21
1.0
 31
0.0
 73
     1
 44
1.0
  0
POINT
  5
2101
330
1D2F
100
AcDbEntity
  8
Defpoints
 62
     0
100
AcDbPoint
 10
35.25323713544367
 20
18.71060768659106
 30
0.0
  0
POINT
  5
2102
330
1D2F
100
AcDbEntity
  8
Defpoints
 62
     0
100
AcDbPoint
 10
35.25323713544594
 20
16.9606076865906
 30
0.0
  0
POINT
  5
2103
330
1D2F
100
AcDbEntity
  8
Defpoints
 62
     0
100
AcDbPoint
 10
34.8892670111095
 20
16.9606076865906
 30
0.0
  0
ENDBLK
  5
1D31
330
1D2F
100
AcDbEntity
  8
0
100
AcDbBlockEnd
  0
BLOCK
  5
1D3C
330
1D3B
100
AcDbEntity
  8
0
100
AcDbBlockBegin
  2
*D215
 70
     1
 10
0.0
 20
0.0
 30
0.0
  3
*D215
  1

  0
LINE
  5
2104
330
1D3B
100
AcDbEntity
  8
CV-COTAS
 62
     8
370
    -2
100
AcDbLine
 10
35.25323713544594
 20
16.8906076865906
 30
0.0
 11
35.25323713544594
 21
16.44038712222168
 31
0.0
  0
LINE
  5
2105
330
1D3B
100
AcDbEntity
  8
CV-COTAS
 62
     8
370
    -2
100
AcDbLine
 10
36.75323713544367
 20
16.89060768659288
 30
0.0
 11
36.75323713544367
 21
16.44038712222168
 31
0.0
  0
LINE
  5
2106
330
1D3B
100
AcDbEntity
  8
CV-COTAS
 62
     4
370
    -2
100
AcDbLine
 10
35.25323713544594
 20
16.51038712222169
 30
0.0
 11
36.75323713544367
 21
16.51038712222169
 31
0.0
  0
INSERT
  5
2107
330
1D3B
100
AcDbEntity
  8
CV-COTAS
 62
     4
370
    -2
100
AcDbBlockReference
  2
_Oblique
 10
35.25323713544594
 20
16.51038712222169
 30
0.0
 41
0.14
 42
0.14
 43
0.14
 50
180.0
  0
INSERT
  5
2108
330
1D3B
100
AcDbEntity
  8
CV-COTAS
 62
     4
370
    -2
100
AcDbBlockReference
  2
_Oblique
 10
36.75323713544367
 20
16.51038712222169
 30
0.0
 41
0.14
 42
0.14
 43
0.14
  0
MTEXT
  5
2109
330
1D3B
100
AcDbEntity
  8
CV-COTAS
 62
     2
100
AcDbMText
 10
36.00323713544481
 20
16.66541771365609
 30
0.0
 40
0.2
 41
0.0
 46
0.0
 71
     5
 72
     1
  1
30
  7
Formato
 73
     1
 44
1.0
  0
POINT
  5
210A
330
1D3B
100
AcDbEntity
  8
Defpoints
 62
     0
100
AcDbPoint
 10
35.25323713544594
 20
16.9606076865906
 30
0.0
  0
POINT
  5
210B
330
1D3B
100
AcDbEntity
  8
Defpoints
 62
     0
100
AcDbPoint
 10
36.75323713544367
 20
16.96060768659288
 30
0.0
  0
POINT
  5
210C
330
1D3B
100
AcDbEntity
  8
Defpoints
 62
     0
100
AcDbPoint
 10
36.75323713544367
 20
16.51038712222169
 30
0.0
  0
ENDBLK
  5
1D3D
330
1D3B
100
AcDbEntity
  8
0
100
AcDbBlockEnd
  0
BLOCK
  5
1D48
330
1D47
100
AcDbEntity
  8
0
100
AcDbBlockBegin
  2
*D216
 70
     1
 10
0.0
 20
0.0
 30
0.0
  3
*D216
  1

  0
LINE
  5
210D
330
1D47
100
AcDbEntity
  8
CV-COTAS
 62
     8
370
    -2
100
AcDbLine
 10
39.11955299938216
 20
18.71060768659095
 30
0.0
 11
38.75558287504889
 21
18.71060768659095
 31
0.0
  0
LINE
  5
210E
330
1D47
100
AcDbEntity
  8
CV-COTAS
 62
     8
370
    -2
100
AcDbLine
 10
39.11955299938443
 20
16.96060768659049
 30
0.0
 11
38.75558287504889
 21
16.96060768659049
 31
0.0
  0
LINE
  5
210F
330
1D47
100
AcDbEntity
  8
CV-COTAS
 62
     4
370
    -2
100
AcDbLine
 10
38.8255828750489
 20
18.71060768659095
 30
0.0
 11
38.8255828750489
 21
16.96060768659049
 31
0.0
  0
INSERT
  5
2110
330
1D47
100
AcDbEntity
  8
CV-COTAS
 62
     4
370
    -2
100
AcDbBlockReference
  2
_Oblique
 10
38.8255828750489
 20
18.71060768659095
 30
0.0
 41
0.14
 42
0.14
 43
0.14
 50
90.0
  0
INSERT
  5
2111
330
1D47
100
AcDbEntity
  8
CV-COTAS
 62
     4
370
    -2
100
AcDbBlockReference
  2
_Oblique
 10
38.8255828750489
 20
16.96060768659049
 30
0.0
 41
0.14
 42
0.14
 43
0.14
 50
270.0
  0
MTEXT
  5
2112
330
1D47
100
AcDbEntity
  8
CV-COTAS
 62
     2
100
AcDbMText
 10
38.6705522836145
 20
17.83560768659072
 30
0.0
 40
0.2
 41
0.0
 46
0.0
 71
     5
 72
     1
  1
35
  7
Formato
 11
0.0
 21
1.0
 31
0.0
 73
     1
 44
1.0
  0
POINT
  5
2113
330
1D47
100
AcDbEntity
  8
Defpoints
 62
     0
100
AcDbPoint
 10
39.18955299938216
 20
18.71060768659095
 30
0.0
  0
POINT
  5
2114
330
1D47
100
AcDbEntity
  8
Defpoints
 62
     0
100
AcDbPoint
 10
39.18955299938443
 20
16.96060768659049
 30
0.0
  0
POINT
  5
2115
330
1D47
100
AcDbEntity
  8
Defpoints
 62
     0
100
AcDbPoint
 10
38.8255828750489
 20
16.96060768659049
 30
0.0
  0
ENDBLK
  5
1D49
330
1D47
100
AcDbEntity
  8
0
100
AcDbBlockEnd
  0
BLOCK
  5
1D54
330
1D53
100
AcDbEntity
  8
0
100
AcDbBlockBegin
  2
*D217
 70
     1
 10
0.0
 20
0.0
 30
0.0
  3
*D217
  1

  0
LINE
  5
2116
330
1D53
100
AcDbEntity
  8
CV-COTAS
 62
     8
370
    -2
100
AcDbLine
 10
39.18955299938443
 20
16.89060768659049
 30
0.0
 11
39.18955299938443
 21
16.44038712222157
 31
0.0
  0
LINE
  5
2117
330
1D53
100
AcDbEntity
  8
CV-COTAS
 62
     8
370
    -2
100
AcDbLine
 10
40.68955299938216
 20
16.89060768659276
 30
0.0
 11
40.68955299938216
 21
16.44038712222157
 31
0.0
  0
LINE
  5
2118
330
1D53
100
AcDbEntity
  8
CV-COTAS
 62
     4
370
    -2
100
AcDbLine
 10
39.18955299938443
 20
16.51038712222157
 30
0.0
 11
40.68955299938216
 21
16.51038712222157
 31
0.0
  0
INSERT
  5
2119
330
1D53
100
AcDbEntity
  8
CV-COTAS
 62
     4
370
    -2
100
AcDbBlockReference
  2
_Oblique
 10
39.18955299938443
 20
16.51038712222157
 30
0.0
 41
0.14
 42
0.14
 43
0.14
 50
180.0
  0
INSERT
  5
211A
330
1D53
100
AcDbEntity
  8
CV-COTAS
 62
     4
370
    -2
100
AcDbBlockReference
  2
_Oblique
 10
40.68955299938216
 20
16.51038712222157
 30
0.0
 41
0.14
 42
0.14
 43
0.14
  0
MTEXT
  5
211B
330
1D53
100
AcDbEntity
  8
CV-COTAS
 62
     2
100
AcDbMText
 10
39.9395529993833
 20
16.66541771365597
 30
0.0
 40
0.2
 41
0.0
 46
0.0
 71
     5
 72
     1
  1
30
  7
Formato
 73
     1
 44
1.0
  0
POINT
  5
211C
330
1D53
100
AcDbEntity
  8
Defpoints
 62
     0
100
AcDbPoint
 10
39.18955299938443
 20
16.96060768659049
 30
0.0
  0
POINT
  5
211D
330
1D53
100
AcDbEntity
  8
Defpoints
 62
     0
100
AcDbPoint
 10
40.68955299938216
 20
16.96060768659276
 30
0.0
  0
POINT
  5
211E
330
1D53
100
AcDbEntity
  8
Defpoints
 62
     0
100
AcDbPoint
 10
40.68955299938216
 20
16.51038712222157
 30
0.0
  0
ENDBLK
  5
1D55
330
1D53
100
AcDbEntity
  8
0
100
AcDbBlockEnd
  0
BLOCK
  5
1D60
330
1D5F
100
AcDbEntity
  8
0
100
AcDbBlockBegin
  2
*D218
 70
     1
 10
0.0
 20
0.0
 30
0.0
  3
*D218
  1

  0
LINE
  5
211F
330
1D5F
100
AcDbEntity
  8
CV-COTAS
 62
     8
370
    -2
100
AcDbLine
 10
42.93086886332292
 20
18.71060768659106
 30
0.0
 11
42.56689873897328
 21
18.71060768659106
 31
0.0
  0
LINE
  5
2120
330
1D5F
100
AcDbEntity
  8
CV-COTAS
 62
     8
370
    -2
100
AcDbLine
 10
42.9308688633252
 20
16.9606076865906
 30
0.0
 11
42.56689873897328
 21
16.9606076865906
 31
0.0
  0
LINE
  5
2121
330
1D5F
100
AcDbEntity
  8
CV-COTAS
 62
     4
370
    -2
100
AcDbLine
 10
42.63689873897329
 20
18.71060768659106
 30
0.0
 11
42.63689873897329
 21
16.9606076865906
 31
0.0
  0
INSERT
  5
2122
330
1D5F
100
AcDbEntity
  8
CV-COTAS
 62
     4
370
    -2
100
AcDbBlockReference
  2
_Oblique
 10
42.63689873897329
 20
18.71060768659106
 30
0.0
 41
0.14
 42
0.14
 43
0.14
 50
90.0
  0
INSERT
  5
2123
330
1D5F
100
AcDbEntity
  8
CV-COTAS
 62
     4
370
    -2
100
AcDbBlockReference
  2
_Oblique
 10
42.63689873897329
 20
16.9606076865906
 30
0.0
 41
0.14
 42
0.14
 43
0.14
 50
270.0
  0
MTEXT
  5
2124
330
1D5F
100
AcDbEntity
  8
CV-COTAS
 62
     2
100
AcDbMText
 10
42.48186814753888
 20
17.83560768659083
 30
0.0
 40
0.2
 41
0.0
 46
0.0
 71
     5
 72
     1
  1
35
  7
Formato
 11
0.0
 21
1.0
 31
0.0
 73
     1
 44
1.0
  0
POINT
  5
2125
330
1D5F
100
AcDbEntity
  8
Defpoints
 62
     0
100
AcDbPoint
 10
43.00086886332292
 20
18.71060768659106
 30
0.0
  0
POINT
  5
2126
330
1D5F
100
AcDbEntity
  8
Defpoints
 62
     0
100
AcDbPoint
 10
43.00086886332519
 20
16.9606076865906
 30
0.0
  0
POINT
  5
2127
330
1D5F
100
AcDbEntity
  8
Defpoints
 62
     0
100
AcDbPoint
 10
42.63689873897329
 20
16.9606076865906
 30
0.0
  0
ENDBLK
  5
1D61
330
1D5F
100
AcDbEntity
  8
0
100
AcDbBlockEnd
  0
BLOCK
  5
1D6C
330
1D6B
100
AcDbEntity
  8
0
100
AcDbBlockBegin
  2
*D219
 70
     1
 10
0.0
 20
0.0
 30
0.0
  3
*D219
  1

  0
LINE
  5
2128
330
1D6B
100
AcDbEntity
  8
CV-COTAS
 62
     8
370
    -2
100
AcDbLine
 10
43.00086886332519
 20
16.8906076865906
 30
0.0
 11
43.00086886332519
 21
16.44038712222168
 31
0.0
  0
LINE
  5
2129
330
1D6B
100
AcDbEntity
  8
CV-COTAS
 62
     8
370
    -2
100
AcDbLine
 10
44.75086886332292
 20
16.89060768659288
 30
0.0
 11
44.75086886332292
 21
16.44038712222168
 31
0.0
  0
LINE
  5
212A
330
1D6B
100
AcDbEntity
  8
CV-COTAS
 62
     4
370
    -2
100
AcDbLine
 10
43.00086886332519
 20
16.51038712222169
 30
0.0
 11
44.75086886332292
 21
16.51038712222169
 31
0.0
  0
INSERT
  5
212B
330
1D6B
100
AcDbEntity
  8
CV-COTAS
 62
     4
370
    -2
100
AcDbBlockReference
  2
_Oblique
 10
43.00086886332519
 20
16.51038712222169
 30
0.0
 41
0.14
 42
0.14
 43
0.14
 50
180.0
  0
INSERT
  5
212C
330
1D6B
100
AcDbEntity
  8
CV-COTAS
 62
     4
370
    -2
100
AcDbBlockReference
  2
_Oblique
 10
44.75086886332292
 20
16.51038712222169
 30
0.0
 41
0.14
 42
0.14
 43
0.14
  0
MTEXT
  5
212D
330
1D6B
100
AcDbEntity
  8
CV-COTAS
 62
     2
100
AcDbMText
 10
43.87586886332406
 20
16.66541771365609
 30
0.0
 40
0.2
 41
0.0
 46
0.0
 71
     5
 72
     1
  1
35
  7
Formato
 73
     1
 44
1.0
  0
POINT
  5
212E
330
1D6B
100
AcDbEntity
  8
Defpoints
 62
     0
100
AcDbPoint
 10
43.00086886332519
 20
16.9606076865906
 30
0.0
  0
POINT
  5
212F
330
1D6B
100
AcDbEntity
  8
Defpoints
 62
     0
100
AcDbPoint
 10
44.75086886332292
 20
16.96060768659288
 30
0.0
  0
POINT
  5
2130
330
1D6B
100
AcDbEntity
  8
Defpoints
 62
     0
100
AcDbPoint
 10
44.75086886332292
 20
16.51038712222169
 30
0.0
  0
ENDBLK
  5
1D6D
330
1D6B
100
AcDbEntity
  8
0
100
AcDbBlockEnd
  0
BLOCK
  5
1D78
330
1D77
100
AcDbEntity
  8
0
100
AcDbBlockBegin
  2
*D220
 70
     1
 10
0.0
 20
0.0
 30
0.0
  3
*D220
  1

  0
LINE
  5
2131
330
1D77
100
AcDbEntity
  8
CV-COTAS
 62
     8
370
    -2
100
AcDbLine
 10
46.86718472726368
 20
18.71060768659095
 30
0.0
 11
46.50321460291586
 21
18.71060768659095
 31
0.0
  0
LINE
  5
2132
330
1D77
100
AcDbEntity
  8
CV-COTAS
 62
     8
370
    -2
100
AcDbLine
 10
46.86718472726595
 20
16.96060768659049
 30
0.0
 11
46.50321460291586
 21
16.96060768659049
 31
0.0
  0
LINE
  5
2133
330
1D77
100
AcDbEntity
  8
CV-COTAS
 62
     4
370
    -2
100
AcDbLine
 10
46.57321460291586
 20
18.71060768659095
 30
0.0
 11
46.57321460291586
 21
16.96060768659049
 31
0.0
  0
INSERT
  5
2134
330
1D77
100
AcDbEntity
  8
CV-COTAS
 62
     4
370
    -2
100
AcDbBlockReference
  2
_Oblique
 10
46.57321460291586
 20
18.71060768659095
 30
0.0
 41
0.14
 42
0.14
 43
0.14
 50
90.0
  0
INSERT
  5
2135
330
1D77
100
AcDbEntity
  8
CV-COTAS
 62
     4
370
    -2
100
AcDbBlockReference
  2
_Oblique
 10
46.57321460291586
 20
16.96060768659049
 30
0.0
 41
0.14
 42
0.14
 43
0.14
 50
270.0
  0
MTEXT
  5
2136
330
1D77
100
AcDbEntity
  8
CV-COTAS
 62
     2
100
AcDbMText
 10
46.41818401148147
 20
17.83560768659072
 30
0.0
 40
0.2
 41
0.0
 46
0.0
 71
     5
 72
     1
  1
35
  7
Formato
 11
0.0
 21
1.0
 31
0.0
 73
     1
 44
1.0
  0
POINT
  5
2137
330
1D77
100
AcDbEntity
  8
Defpoints
 62
     0
100
AcDbPoint
 10
46.93718472726368
 20
18.71060768659095
 30
0.0
  0
POINT
  5
2138
330
1D77
100
AcDbEntity
  8
Defpoints
 62
     0
100
AcDbPoint
 10
46.93718472726596
 20
16.96060768659049
 30
0.0
  0
POINT
  5
2139
330
1D77
100
AcDbEntity
  8
Defpoints
 62
     0
100
AcDbPoint
 10
46.57321460291586
 20
16.96060768659049
 30
0.0
  0
ENDBLK
  5
1D79
330
1D77
100
AcDbEntity
  8
0
100
AcDbBlockEnd
  0
BLOCK
  5
1D84
330
1D83
100
AcDbEntity
  8
0
100
AcDbBlockBegin
  2
*D221
 70
     1
 10
0.0
 20
0.0
 30
0.0
  3
*D221
  1

  0
LINE
  5
213A
330
1D83
100
AcDbEntity
  8
CV-COTAS
 62
     8
370
    -2
100
AcDbLine
 10
46.93718472726596
 20
16.89060768659049
 30
0.0
 11
46.93718472726596
 21
16.44038712222157
 31
0.0
  0
LINE
  5
213B
330
1D83
100
AcDbEntity
  8
CV-COTAS
 62
     8
370
    -2
100
AcDbLine
 10
48.68718472726368
 20
16.89060768659276
 30
0.0
 11
48.68718472726368
 21
16.44038712222157
 31
0.0
  0
LINE
  5
213C
330
1D83
100
AcDbEntity
  8
CV-COTAS
 62
     4
370
    -2
100
AcDbLine
 10
46.93718472726596
 20
16.51038712222157
 30
0.0
 11
48.68718472726368
 21
16.51038712222157
 31
0.0
  0
INSERT
  5
213D
330
1D83
100
AcDbEntity
  8
CV-COTAS
 62
     4
370
    -2
100
AcDbBlockReference
  2
_Oblique
 10
46.93718472726596
 20
16.51038712222157
 30
0.0
 41
0.14
 42
0.14
 43
0.14
 50
180.0
  0
INSERT
  5
213E
330
1D83
100
AcDbEntity
  8
CV-COTAS
 62
     4
370
    -2
100
AcDbBlockReference
  2
_Oblique
 10
48.68718472726368
 20
16.51038712222157
 30
0.0
 41
0.14
 42
0.14
 43
0.14
  0
MTEXT
  5
213F
330
1D83
100
AcDbEntity
  8
CV-COTAS
 62
     2
100
AcDbMText
 10
47.81218472726481
 20
16.66541771365597
 30
0.0
 40
0.2
 41
0.0
 46
0.0
 71
     5
 72
     1
  1
35
  7
Formato
 73
     1
 44
1.0
  0
POINT
  5
2140
330
1D83
100
AcDbEntity
  8
Defpoints
 62
     0
100
AcDbPoint
 10
46.93718472726596
 20
16.96060768659049
 30
0.0
  0
POINT
  5
2141
330
1D83
100
AcDbEntity
  8
Defpoints
 62
     0
100
AcDbPoint
 10
48.68718472726368
 20
16.96060768659276
 30
0.0
  0
POINT
  5
2142
330
1D83
100
AcDbEntity
  8
Defpoints
 62
     0
100
AcDbPoint
 10
48.68718472726368
 20
16.51038712222157
 30
0.0
  0
ENDBLK
  5
1D85
330
1D83
100
AcDbEntity
  8
0
100
AcDbBlockEnd
  0
BLOCK
  5
1D90
330
1D8F
100
AcDbEntity
  8
0
100
AcDbBlockBegin
  2
*D222
 70
     1
 10
0.0
 20
0.0
 30
0.0
  3
*D222
  1

  0
LINE
  5
2143
330
1D8F
100
AcDbEntity
  8
CV-COTAS
 62
     8
370
    -2
100
AcDbLine
 10
50.80350059120444
 20
18.71060768659095
 30
0.0
 11
50.43953046685845
 21
18.71060768659095
 31
0.0
  0
LINE
  5
2144
330
1D8F
100
AcDbEntity
  8
CV-COTAS
 62
     8
370
    -2
100
AcDbLine
 10
50.80350059120672
 20
16.96060768659049
 30
0.0
 11
50.43953046685845
 21
16.96060768659049
 31
0.0
  0
LINE
  5
2145
330
1D8F
100
AcDbEntity
  8
CV-COTAS
 62
     4
370
    -2
100
AcDbLine
 10
50.50953046685845
 20
18.71060768659095
 30
0.0
 11
50.50953046685845
 21
16.96060768659049
 31
0.0
  0
INSERT
  5
2146
330
1D8F
100
AcDbEntity
  8
CV-COTAS
 62
     4
370
    -2
100
AcDbBlockReference
  2
_Oblique
 10
50.50953046685845
 20
18.71060768659095
 30
0.0
 41
0.14
 42
0.14
 43
0.14
 50
90.0
  0
INSERT
  5
2147
330
1D8F
100
AcDbEntity
  8
CV-COTAS
 62
     4
370
    -2
100
AcDbBlockReference
  2
_Oblique
 10
50.50953046685845
 20
16.96060768659049
 30
0.0
 41
0.14
 42
0.14
 43
0.14
 50
270.0
  0
MTEXT
  5
2148
330
1D8F
100
AcDbEntity
  8
CV-COTAS
 62
     2
100
AcDbMText
 10
50.35449987542405
 20
17.83560768659072
 30
0.0
 40
0.2
 41
0.0
 46
0.0
 71
     5
 72
     1
  1
35
  7
Formato
 11
0.0
 21
1.0
 31
0.0
 73
     1
 44
1.0
  0
POINT
  5
2149
330
1D8F
100
AcDbEntity
  8
Defpoints
 62
     0
100
AcDbPoint
 10
50.87350059120445
 20
18.71060768659095
 30
0.0
  0
POINT
  5
214A
330
1D8F
100
AcDbEntity
  8
Defpoints
 62
     0
100
AcDbPoint
 10
50.87350059120672
 20
16.96060768659049
 30
0.0
  0
POINT
  5
214B
330
1D8F
100
AcDbEntity
  8
Defpoints
 62
     0
100
AcDbPoint
 10
50.50953046685845
 20
16.96060768659049
 30
0.0
  0
ENDBLK
  5
1D91
330
1D8F
100
AcDbEntity
  8
0
100
AcDbBlockEnd
  0
BLOCK
  5
1D9C
330
1D9B
100
AcDbEntity
  8
0
100
AcDbBlockBegin
  2
*D223
 70
     1
 10
0.0
 20
0.0
 30
0.0
  3
*D223
  1

  0
LINE
  5
214C
330
1D9B
100
AcDbEntity
  8
CV-COTAS
 62
     8
370
    -2
100
AcDbLine
 10
50.87350059120672
 20
16.89060768659049
 30
0.0
 11
50.87350059120672
 21
16.44038712222157
 31
0.0
  0
LINE
  5
214D
330
1D9B
100
AcDbEntity
  8
CV-COTAS
 62
     8
370
    -2
100
AcDbLine
 10
52.62350059120445
 20
16.89060768659276
 30
0.0
 11
52.62350059120445
 21
16.44038712222157
 31
0.0
  0
LINE
  5
214E
330
1D9B
100
AcDbEntity
  8
CV-COTAS
 62
     4
370
    -2
100
AcDbLine
 10
50.87350059120672
 20
16.51038712222157
 30
0.0
 11
52.62350059120445
 21
16.51038712222157
 31
0.0
  0
INSERT
  5
214F
330
1D9B
100
AcDbEntity
  8
CV-COTAS
 62
     4
370
    -2
100
AcDbBlockReference
  2
_Oblique
 10
50.87350059120672
 20
16.51038712222157
 30
0.0
 41
0.14
 42
0.14
 43
0.14
 50
180.0
  0
INSERT
  5
2150
330
1D9B
100
AcDbEntity
  8
CV-COTAS
 62
     4
370
    -2
100
AcDbBlockReference
  2
_Oblique
 10
52.62350059120445
 20
16.51038712222157
 30
0.0
 41
0.14
 42
0.14
 43
0.14
  0
MTEXT
  5
2151
330
1D9B
100
AcDbEntity
  8
CV-COTAS
 62
     2
100
AcDbMText
 10
51.74850059120558
 20
16.66541771365597
 30
0.0
 40
0.2
 41
0.0
 46
0.0
 71
     5
 72
     1
  1
35
  7
Formato
 73
     1
 44
1.0
  0
POINT
  5
2152
330
1D9B
100
AcDbEntity
  8
Defpoints
 62
     0
100
AcDbPoint
 10
50.87350059120672
 20
16.96060768659049
 30
0.0
  0
POINT
  5
2153
330
1D9B
100
AcDbEntity
  8
Defpoints
 62
     0
100
AcDbPoint
 10
52.62350059120445
 20
16.96060768659276
 30
0.0
  0
POINT
  5
2154
330
1D9B
100
AcDbEntity
  8
Defpoints
 62
     0
100
AcDbPoint
 10
52.62350059120445
 20
16.51038712222157
 30
0.0
  0
ENDBLK
  5
1D9D
330
1D9B
100
AcDbEntity
  8
0
100
AcDbBlockEnd
  0
BLOCK
  5
1DA8
330
1DA7
100
AcDbEntity
  8
0
100
AcDbBlockBegin
  2
*D224
 70
     1
 10
0.0
 20
0.0
 30
0.0
  3
*D224
  1

  0
LINE
  5
2155
330
1DA7
100
AcDbEntity
  8
CV-COTAS
 62
     8
370
    -2
100
AcDbLine
 10
54.73981645514521
 20
18.7106076865906
 30
0.0
 11
54.37584633080103
 21
18.7106076865906
 31
0.0
  0
LINE
  5
2156
330
1DA7
100
AcDbEntity
  8
CV-COTAS
 62
     8
370
    -2
100
AcDbLine
 10
54.73981645514748
 20
16.96060768659015
 30
0.0
 11
54.37584633080103
 21
16.96060768659015
 31
0.0
  0
LINE
  5
2157
330
1DA7
100
AcDbEntity
  8
CV-COTAS
 62
     4
370
    -2
100
AcDbLine
 10
54.44584633080103
 20
18.7106076865906
 30
0.0
 11
54.44584633080103
 21
16.96060768659015
 31
0.0
  0
INSERT
  5
2158
330
1DA7
100
AcDbEntity
  8
CV-COTAS
 62
     4
370
    -2
100
AcDbBlockReference
  2
_Oblique
 10
54.44584633080103
 20
18.7106076865906
 30
0.0
 41
0.14
 42
0.14
 43
0.14
 50
90.0
  0
INSERT
  5
2159
330
1DA7
100
AcDbEntity
  8
CV-COTAS
 62
     4
370
    -2
100
AcDbBlockReference
  2
_Oblique
 10
54.44584633080103
 20
16.96060768659015
 30
0.0
 41
0.14
 42
0.14
 43
0.14
 50
270.0
  0
MTEXT
  5
215A
330
1DA7
100
AcDbEntity
  8
CV-COTAS
 62
     2
100
AcDbMText
 10
54.29081573936663
 20
17.83560768659038
 30
0.0
 40
0.2
 41
0.0
 46
0.0
 71
     5
 72
     1
  1
35
  7
Formato
 11
0.0
 21
1.0
 31
0.0
 73
     1
 44
1.0
  0
POINT
  5
215B
330
1DA7
100
AcDbEntity
  8
Defpoints
 62
     0
100
AcDbPoint
 10
54.80981645514521
 20
18.7106076865906
 30
0.0
  0
POINT
  5
215C
330
1DA7
100
AcDbEntity
  8
Defpoints
 62
     0
100
AcDbPoint
 10
54.80981645514749
 20
16.96060768659015
 30
0.0
  0
POINT
  5
215D
330
1DA7
100
AcDbEntity
  8
Defpoints
 62
     0
100
AcDbPoint
 10
54.44584633080103
 20
16.96060768659015
 30
0.0
  0
ENDBLK
  5
1DA9
330
1DA7
100
AcDbEntity
  8
0
100
AcDbBlockEnd
  0
BLOCK
  5
1DB4
330
1DB3
100
AcDbEntity
  8
0
100
AcDbBlockBegin
  2
*D225
 70
     1
 10
0.0
 20
0.0
 30
0.0
  3
*D225
  1

  0
LINE
  5
215E
330
1DB3
100
AcDbEntity
  8
CV-COTAS
 62
     8
370
    -2
100
AcDbLine
 10
54.80981645514749
 20
16.89060768659015
 30
0.0
 11
54.80981645514749
 21
16.44038712222123
 31
0.0
  0
LINE
  5
215F
330
1DB3
100
AcDbEntity
  8
CV-COTAS
 62
     8
370
    -2
100
AcDbLine
 10
56.55981645514521
 20
16.89060768659242
 30
0.0
 11
56.55981645514521
 21
16.44038712222123
 31
0.0
  0
LINE
  5
2160
330
1DB3
100
AcDbEntity
  8
CV-COTAS
 62
     4
370
    -2
100
AcDbLine
 10
54.80981645514749
 20
16.51038712222123
 30
0.0
 11
56.55981645514521
 21
16.51038712222123
 31
0.0
  0
INSERT
  5
2161
330
1DB3
100
AcDbEntity
  8
CV-COTAS
 62
     4
370
    -2
100
AcDbBlockReference
  2
_Oblique
 10
54.80981645514749
 20
16.51038712222123
 30
0.0
 41
0.14
 42
0.14
 43
0.14
 50
180.0
  0
INSERT
  5
2162
330
1DB3
100
AcDbEntity
  8
CV-COTAS
 62
     4
370
    -2
100
AcDbBlockReference
  2
_Oblique
 10
56.55981645514521
 20
16.51038712222123
 30
0.0
 41
0.14
 42
0.14
 43
0.14
  0
MTEXT
  5
2163
330
1DB3
100
AcDbEntity
  8
CV-COTAS
 62
     2
100
AcDbMText
 10
55.68481645514634
 20
16.66541771365563
 30
0.0
 40
0.2
 41
0.0
 46
0.0
 71
     5
 72
     1
  1
35
  7
Formato
 73
     1
 44
1.0
  0
POINT
  5
2164
330
1DB3
100
AcDbEntity
  8
Defpoints
 62
     0
100
AcDbPoint
 10
54.80981645514749
 20
16.96060768659015
 30
0.0
  0
POINT
  5
2165
330
1DB3
100
AcDbEntity
  8
Defpoints
 62
     0
100
AcDbPoint
 10
56.55981645514521
 20
16.96060768659242
 30
0.0
  0
POINT
  5
2166
330
1DB3
100
AcDbEntity
  8
Defpoints
 62
     0
100
AcDbPoint
 10
56.55981645514521
 20
16.51038712222123
 30
0.0
  0
ENDBLK
  5
1DB5
330
1DB3
100
AcDbEntity
  8
0
100
AcDbBlockEnd
  0
BLOCK
  5
1DC0
330
1DBF
100
AcDbEntity
  8
0
100
AcDbBlockBegin
  2
*D226
 70
     1
 10
0.0
 20
0.0
 30
0.0
  3
*D226
  1

  0
LINE
  5
2167
330
1DBF
100
AcDbEntity
  8
CV-COTAS
 62
     8
370
    -2
100
AcDbLine
 10
58.67613231908597
 20
18.71060768659049
 30
0.0
 11
58.31216219474361
 21
18.71060768659049
 31
0.0
  0
LINE
  5
2168
330
1DBF
100
AcDbEntity
  8
CV-COTAS
 62
     8
370
    -2
100
AcDbLine
 10
58.67613231908825
 20
16.96060768659004
 30
0.0
 11
58.31216219474361
 21
16.96060768659004
 31
0.0
  0
LINE
  5
2169
330
1DBF
100
AcDbEntity
  8
CV-COTAS
 62
     4
370
    -2
100
AcDbLine
 10
58.38216219474361
 20
18.71060768659049
 30
0.0
 11
58.38216219474361
 21
16.96060768659004
 31
0.0
  0
INSERT
  5
216A
330
1DBF
100
AcDbEntity
  8
CV-COTAS
 62
     4
370
    -2
100
AcDbBlockReference
  2
_Oblique
 10
58.38216219474361
 20
18.71060768659049
 30
0.0
 41
0.14
 42
0.14
 43
0.14
 50
90.0
  0
INSERT
  5
216B
330
1DBF
100
AcDbEntity
  8
CV-COTAS
 62
     4
370
    -2
100
AcDbBlockReference
  2
_Oblique
 10
58.38216219474361
 20
16.96060768659004
 30
0.0
 41
0.14
 42
0.14
 43
0.14
 50
270.0
  0
MTEXT
  5
216C
330
1DBF
100
AcDbEntity
  8
CV-COTAS
 62
     2
100
AcDbMText
 10
58.22713160330922
 20
17.83560768659026
 30
0.0
 40
0.2
 41
0.0
 46
0.0
 71
     5
 72
     1
  1
35
  7
Formato
 11
0.0
 21
1.0
 31
0.0
 73
     1
 44
1.0
  0
POINT
  5
216D
330
1DBF
100
AcDbEntity
  8
Defpoints
 62
     0
100
AcDbPoint
 10
58.74613231908597
 20
18.71060768659049
 30
0.0
  0
POINT
  5
216E
330
1DBF
100
AcDbEntity
  8
Defpoints
 62
     0
100
AcDbPoint
 10
58.74613231908824
 20
16.96060768659004
 30
0.0
  0
POINT
  5
216F
330
1DBF
100
AcDbEntity
  8
Defpoints
 62
     0
100
AcDbPoint
 10
58.38216219474361
 20
16.96060768659004
 30
0.0
  0
ENDBLK
  5
1DC1
330
1DBF
100
AcDbEntity
  8
0
100
AcDbBlockEnd
  0
BLOCK
  5
1DCC
330
1DCB
100
AcDbEntity
  8
0
100
AcDbBlockBegin
  2
*D227
 70
     1
 10
0.0
 20
0.0
 30
0.0
  3
*D227
  1

  0
LINE
  5
2170
330
1DCB
100
AcDbEntity
  8
CV-COTAS
 62
     8
370
    -2
100
AcDbLine
 10
58.74613231908824
 20
16.89060768659004
 30
0.0
 11
58.74613231908824
 21
16.44038712222112
 31
0.0
  0
LINE
  5
2171
330
1DCB
100
AcDbEntity
  8
CV-COTAS
 62
     8
370
    -2
100
AcDbLine
 10
60.49613231908598
 20
16.89060768659231
 30
0.0
 11
60.49613231908598
 21
16.44038712222112
 31
0.0
  0
LINE
  5
2172
330
1DCB
100
AcDbEntity
  8
CV-COTAS
 62
     4
370
    -2
100
AcDbLine
 10
58.74613231908824
 20
16.51038712222112
 30
0.0
 11
60.49613231908598
 21
16.51038712222112
 31
0.0
  0
INSERT
  5
2173
330
1DCB
100
AcDbEntity
  8
CV-COTAS
 62
     4
370
    -2
100
AcDbBlockReference
  2
_Oblique
 10
58.74613231908824
 20
16.51038712222112
 30
0.0
 41
0.14
 42
0.14
 43
0.14
 50
180.0
  0
INSERT
  5
2174
330
1DCB
100
AcDbEntity
  8
CV-COTAS
 62
     4
370
    -2
100
AcDbBlockReference
  2
_Oblique
 10
60.49613231908598
 20
16.51038712222112
 30
0.0
 41
0.14
 42
0.14
 43
0.14
  0
MTEXT
  5
2175
330
1DCB
100
AcDbEntity
  8
CV-COTAS
 62
     2
100
AcDbMText
 10
59.62113231908711
 20
16.66541771365552
 30
0.0
 40
0.2
 41
0.0
 46
0.0
 71
     5
 72
     1
  1
35
  7
Formato
 73
     1
 44
1.0
  0
POINT
  5
2176
330
1DCB
100
AcDbEntity
  8
Defpoints
 62
     0
100
AcDbPoint
 10
58.74613231908824
 20
16.96060768659004
 30
0.0
  0
POINT
  5
2177
330
1DCB
100
AcDbEntity
  8
Defpoints
 62
     0
100
AcDbPoint
 10
60.49613231908598
 20
16.96060768659231
 30
0.0
  0
POINT
  5
2178
330
1DCB
100
AcDbEntity
  8
Defpoints
 62
     0
100
AcDbPoint
 10
60.49613231908598
 20
16.51038712222112
 30
0.0
  0
ENDBLK
  5
1DCD
330
1DCB
100
AcDbEntity
  8
0
100
AcDbBlockEnd
  0
BLOCK
  5
1DD8
330
1DD7
100
AcDbEntity
  8
0
100
AcDbBlockBegin
  2
*D228
 70
     1
 10
0.0
 20
0.0
 30
0.0
  3
*D228
  1

  0
LINE
  5
2179
330
1DD7
100
AcDbEntity
  8
CV-COTAS
 62
     8
370
    -2
100
AcDbLine
 10
62.61244818302674
 20
18.71060768659049
 30
0.0
 11
62.2484780586862
 21
18.71060768659049
 31
0.0
  0
LINE
  5
217A
330
1DD7
100
AcDbEntity
  8
CV-COTAS
 62
     8
370
    -2
100
AcDbLine
 10
62.61244818302901
 20
16.96060768659004
 30
0.0
 11
62.2484780586862
 21
16.96060768659004
 31
0.0
  0
LINE
  5
217B
330
1DD7
100
AcDbEntity
  8
CV-COTAS
 62
     4
370
    -2
100
AcDbLine
 10
62.31847805868619
 20
18.71060768659049
 30
0.0
 11
62.31847805868619
 21
16.96060768659004
 31
0.0
  0
INSERT
  5
217C
330
1DD7
100
AcDbEntity
  8
CV-COTAS
 62
     4
370
    -2
100
AcDbBlockReference
  2
_Oblique
 10
62.31847805868619
 20
18.71060768659049
 30
0.0
 41
0.14
 42
0.14
 43
0.14
 50
90.0
  0
INSERT
  5
217D
330
1DD7
100
AcDbEntity
  8
CV-COTAS
 62
     4
370
    -2
100
AcDbBlockReference
  2
_Oblique
 10
62.31847805868619
 20
16.96060768659004
 30
0.0
 41
0.14
 42
0.14
 43
0.14
 50
270.0
  0
MTEXT
  5
217E
330
1DD7
100
AcDbEntity
  8
CV-COTAS
 62
     2
100
AcDbMText
 10
62.1634474672518
 20
17.83560768659026
 30
0.0
 40
0.2
 41
0.0
 46
0.0
 71
     5
 72
     1
  1
35
  7
Formato
 11
0.0
 21
1.0
 31
0.0
 73
     1
 44
1.0
  0
POINT
  5
217F
330
1DD7
100
AcDbEntity
  8
Defpoints
 62
     0
100
AcDbPoint
 10
62.68244818302673
 20
18.71060768659049
 30
0.0
  0
POINT
  5
2180
330
1DD7
100
AcDbEntity
  8
Defpoints
 62
     0
100
AcDbPoint
 10
62.68244818302901
 20
16.96060768659004
 30
0.0
  0
POINT
  5
2181
330
1DD7
100
AcDbEntity
  8
Defpoints
 62
     0
100
AcDbPoint
 10
62.31847805868619
 20
16.96060768659004
 30
0.0
  0
ENDBLK
  5
1DD9
330
1DD7
100
AcDbEntity
  8
0
100
AcDbBlockEnd
  0
BLOCK
  5
1DE4
330
1DE3
100
AcDbEntity
  8
0
100
AcDbBlockBegin
  2
*D229
 70
     1
 10
0.0
 20
0.0
 30
0.0
  3
*D229
  1

  0
LINE
  5
2182
330
1DE3
100
AcDbEntity
  8
CV-COTAS
 62
     8
370
    -2
100
AcDbLine
 10
62.68244818302901
 20
16.89060768659004
 30
0.0
 11
62.68244818302901
 21
16.44038712222112
 31
0.0
  0
LINE
  5
2183
330
1DE3
100
AcDbEntity
  8
CV-COTAS
 62
     8
370
    -2
100
AcDbLine
 10
64.43244818302673
 20
16.89060768659231
 30
0.0
 11
64.43244818302673
 21
16.44038712222112
 31
0.0
  0
LINE
  5
2184
330
1DE3
100
AcDbEntity
  8
CV-COTAS
 62
     4
370
    -2
100
AcDbLine
 10
62.68244818302901
 20
16.51038712222112
 30
0.0
 11
64.43244818302673
 21
16.51038712222112
 31
0.0
  0
INSERT
  5
2185
330
1DE3
100
AcDbEntity
  8
CV-COTAS
 62
     4
370
    -2
100
AcDbBlockReference
  2
_Oblique
 10
62.68244818302901
 20
16.51038712222112
 30
0.0
 41
0.14
 42
0.14
 43
0.14
 50
180.0
  0
INSERT
  5
2186
330
1DE3
100
AcDbEntity
  8
CV-COTAS
 62
     4
370
    -2
100
AcDbBlockReference
  2
_Oblique
 10
64.43244818302673
 20
16.51038712222112
 30
0.0
 41
0.14
 42
0.14
 43
0.14
  0
MTEXT
  5
2187
330
1DE3
100
AcDbEntity
  8
CV-COTAS
 62
     2
100
AcDbMText
 10
63.55744818302787
 20
16.66541771365552
 30
0.0
 40
0.2
 41
0.0
 46
0.0
 71
     5
 72
     1
  1
35
  7
Formato
 73
     1
 44
1.0
  0
POINT
  5
2188
330
1DE3
100
AcDbEntity
  8
Defpoints
 62
     0
100
AcDbPoint
 10
62.68244818302901
 20
16.96060768659004
 30
0.0
  0
POINT
  5
2189
330
1DE3
100
AcDbEntity
  8
Defpoints
 62
     0
100
AcDbPoint
 10
64.43244818302673
 20
16.96060768659231
 30
0.0
  0
POINT
  5
218A
330
1DE3
100
AcDbEntity
  8
Defpoints
 62
     0
100
AcDbPoint
 10
64.43244818302673
 20
16.51038712222112
 30
0.0
  0
ENDBLK
  5
1DE5
330
1DE3
100
AcDbEntity
  8
0
100
AcDbBlockEnd
  0
BLOCK
  5
1DF0
330
1DEF
100
AcDbEntity
  8
0
100
AcDbBlockBegin
  2
*D230
 70
     1
 10
0.0
 20
0.0
 30
0.0
  3
*D230
  1

  0
LINE
  5
218B
330
1DEF
100
AcDbEntity
  8
CV-COTAS
 62
     8
370
    -2
100
AcDbLine
 10
66.52376404696742
 20
18.71060768659049
 30
0.0
 11
66.15979392262869
 21
18.71060768659049
 31
0.0
  0
LINE
  5
218C
330
1DEF
100
AcDbEntity
  8
CV-COTAS
 62
     8
370
    -2
100
AcDbLine
 10
66.52376404696969
 20
16.96060768659004
 30
0.0
 11
66.15979392262869
 21
16.96060768659004
 31
0.0
  0
LINE
  5
218D
330
1DEF
100
AcDbEntity
  8
CV-COTAS
 62
     4
370
    -2
100
AcDbLine
 10
66.22979392262869
 20
18.71060768659049
 30
0.0
 11
66.22979392262869
 21
16.96060768659004
 31
0.0
  0
INSERT
  5
218E
330
1DEF
100
AcDbEntity
  8
CV-COTAS
 62
     4
370
    -2
100
AcDbBlockReference
  2
_Oblique
 10
66.22979392262869
 20
18.71060768659049
 30
0.0
 41
0.14
 42
0.14
 43
0.14
 50
90.0
  0
INSERT
  5
218F
330
1DEF
100
AcDbEntity
  8
CV-COTAS
 62
     4
370
    -2
100
AcDbBlockReference
  2
_Oblique
 10
66.22979392262869
 20
16.96060768659004
 30
0.0
 41
0.14
 42
0.14
 43
0.14
 50
270.0
  0
MTEXT
  5
2190
330
1DEF
100
AcDbEntity
  8
CV-COTAS
 62
     2
100
AcDbMText
 10
66.07476333119429
 20
17.83560768659026
 30
0.0
 40
0.2
 41
0.0
 46
0.0
 71
     5
 72
     1
  1
35
  7
Formato
 11
0.0
 21
1.0
 31
0.0
 73
     1
 44
1.0
  0
POINT
  5
2191
330
1DEF
100
AcDbEntity
  8
Defpoints
 62
     0
100
AcDbPoint
 10
66.5937640469674
 20
18.71060768659049
 30
0.0
  0
POINT
  5
2192
330
1DEF
100
AcDbEntity
  8
Defpoints
 62
     0
100
AcDbPoint
 10
66.59376404696968
 20
16.96060768659004
 30
0.0
  0
POINT
  5
2193
330
1DEF
100
AcDbEntity
  8
Defpoints
 62
     0
100
AcDbPoint
 10
66.22979392262869
 20
16.96060768659004
 30
0.0
  0
ENDBLK
  5
1DF1
330
1DEF
100
AcDbEntity
  8
0
100
AcDbBlockEnd
  0
BLOCK
  5
1DFC
330
1DFB
100
AcDbEntity
  8
0
100
AcDbBlockBegin
  2
*D231
 70
     1
 10
0.0
 20
0.0
 30
0.0
  3
*D231
  1

  0
LINE
  5
2194
330
1DFB
100
AcDbEntity
  8
CV-COTAS
 62
     8
370
    -2
100
AcDbLine
 10
66.59376404696968
 20
16.89060768659004
 30
0.0
 11
66.59376404696968
 21
16.44038712222112
 31
0.0
  0
LINE
  5
2195
330
1DFB
100
AcDbEntity
  8
CV-COTAS
 62
     8
370
    -2
100
AcDbLine
 10
68.3437640469674
 20
16.89060768659231
 30
0.0
 11
68.3437640469674
 21
16.44038712222112
 31
0.0
  0
LINE
  5
2196
330
1DFB
100
AcDbEntity
  8
CV-COTAS
 62
     4
370
    -2
100
AcDbLine
 10
66.59376404696968
 20
16.51038712222112
 30
0.0
 11
68.3437640469674
 21
16.51038712222112
 31
0.0
  0
INSERT
  5
2197
330
1DFB
100
AcDbEntity
  8
CV-COTAS
 62
     4
370
    -2
100
AcDbBlockReference
  2
_Oblique
 10
66.59376404696968
 20
16.51038712222112
 30
0.0
 41
0.14
 42
0.14
 43
0.14
 50
180.0
  0
INSERT
  5
2198
330
1DFB
100
AcDbEntity
  8
CV-COTAS
 62
     4
370
    -2
100
AcDbBlockReference
  2
_Oblique
 10
68.3437640469674
 20
16.51038712222112
 30
0.0
 41
0.14
 42
0.14
 43
0.14
  0
MTEXT
  5
2199
330
1DFB
100
AcDbEntity
  8
CV-COTAS
 62
     2
100
AcDbMText
 10
67.46876404696855
 20
16.66541771365552
 30
0.0
 40
0.2
 41
0.0
 46
0.0
 71
     5
 72
     1
  1
35
  7
Formato
 73
     1
 44
1.0
  0
POINT
  5
219A
330
1DFB
100
AcDbEntity
  8
Defpoints
 62
     0
100
AcDbPoint
 10
66.59376404696968
 20
16.96060768659004
 30
0.0
  0
POINT
  5
219B
330
1DFB
100
AcDbEntity
  8
Defpoints
 62
     0
100
AcDbPoint
 10
68.3437640469674
 20
16.96060768659231
 30
0.0
  0
POINT
  5
219C
330
1DFB
100
AcDbEntity
  8
Defpoints
 62
     0
100
AcDbPoint
 10
68.3437640469674
 20
16.51038712222112
 30
0.0
  0
ENDBLK
  5
1DFD
330
1DFB
100
AcDbEntity
  8
0
100
AcDbBlockEnd
  0
BLOCK
  5
1E08
330
1E07
100
AcDbEntity
  8
0
100
AcDbBlockBegin
  2
*D232
 70
     1
 10
0.0
 20
0.0
 30
0.0
  3
*D232
  1

  0
LINE
  5
219D
330
1E07
100
AcDbEntity
  8
CV-COTAS
 62
     8
370
    -2
100
AcDbLine
 10
70.535079910908
 20
18.71060768659038
 30
0.0
 11
70.17110978657109
 21
18.71060768659038
 31
0.0
  0
LINE
  5
219E
330
1E07
100
AcDbEntity
  8
CV-COTAS
 62
     8
370
    -2
100
AcDbLine
 10
70.53507991091027
 20
16.96060768658992
 30
0.0
 11
70.17110978657109
 21
16.96060768658992
 31
0.0
  0
LINE
  5
219F
330
1E07
100
AcDbEntity
  8
CV-COTAS
 62
     4
370
    -2
100
AcDbLine
 10
70.24110978657109
 20
18.71060768659038
 30
0.0
 11
70.24110978657109
 21
16.96060768658992
 31
0.0
  0
INSERT
  5
21A0
330
1E07
100
AcDbEntity
  8
CV-COTAS
 62
     4
370
    -2
100
AcDbBlockReference
  2
_Oblique
 10
70.24110978657109
 20
18.71060768659038
 30
0.0
 41
0.14
 42
0.14
 43
0.14
 50
90.0
  0
INSERT
  5
21A1
330
1E07
100
AcDbEntity
  8
CV-COTAS
 62
     4
370
    -2
100
AcDbBlockReference
  2
_Oblique
 10
70.24110978657109
 20
16.96060768658992
 30
0.0
 41
0.14
 42
0.14
 43
0.14
 50
270.0
  0
MTEXT
  5
21A2
330
1E07
100
AcDbEntity
  8
CV-COTAS
 62
     2
100
AcDbMText
 10
70.08607919513669
 20
17.83560768659015
 30
0.0
 40
0.2
 41
0.0
 46
0.0
 71
     5
 72
     1
  1
35
  7
Formato
 11
0.0
 21
1.0
 31
0.0
 73
     1
 44
1.0
  0
POINT
  5
21A3
330
1E07
100
AcDbEntity
  8
Defpoints
 62
     0
100
AcDbPoint
 10
70.60507991090799
 20
18.71060768659038
 30
0.0
  0
POINT
  5
21A4
330
1E07
100
AcDbEntity
  8
Defpoints
 62
     0
100
AcDbPoint
 10
70.60507991091026
 20
16.96060768658992
 30
0.0
  0
POINT
  5
21A5
330
1E07
100
AcDbEntity
  8
Defpoints
 62
     0
100
AcDbPoint
 10
70.24110978657109
 20
16.96060768658992
 30
0.0
  0
ENDBLK
  5
1E09
330
1E07
100
AcDbEntity
  8
0
100
AcDbBlockEnd
  0
BLOCK
  5
1E14
330
1E13
100
AcDbEntity
  8
0
100
AcDbBlockBegin
  2
*D233
 70
     1
 10
0.0
 20
0.0
 30
0.0
  3
*D233
  1

  0
LINE
  5
21A6
330
1E13
100
AcDbEntity
  8
CV-COTAS
 62
     8
370
    -2
100
AcDbLine
 10
70.60507991091026
 20
16.89060768658992
 30
0.0
 11
70.60507991091026
 21
16.440387122221
 31
0.0
  0
LINE
  5
21A7
330
1E13
100
AcDbEntity
  8
CV-COTAS
 62
     8
370
    -2
100
AcDbLine
 10
72.35507991090798
 20
16.8906076865922
 30
0.0
 11
72.35507991090798
 21
16.440387122221
 31
0.0
  0
LINE
  5
21A8
330
1E13
100
AcDbEntity
  8
CV-COTAS
 62
     4
370
    -2
100
AcDbLine
 10
70.60507991091026
 20
16.510387122221
 30
0.0
 11
72.35507991090798
 21
16.510387122221
 31
0.0
  0
INSERT
  5
21A9
330
1E13
100
AcDbEntity
  8
CV-COTAS
 62
     4
370
    -2
100
AcDbBlockReference
  2
_Oblique
 10
70.60507991091026
 20
16.510387122221
 30
0.0
 41
0.14
 42
0.14
 43
0.14
 50
180.0
  0
INSERT
  5
21AA
330
1E13
100
AcDbEntity
  8
CV-COTAS
 62
     4
370
    -2
100
AcDbBlockReference
  2
_Oblique
 10
72.35507991090798
 20
16.510387122221
 30
0.0
 41
0.14
 42
0.14
 43
0.14
  0
MTEXT
  5
21AB
330
1E13
100
AcDbEntity
  8
CV-COTAS
 62
     2
100
AcDbMText
 10
71.48007991090913
 20
16.6654177136554
 30
0.0
 40
0.2
 41
0.0
 46
0.0
 71
     5
 72
     1
  1
35
  7
Formato
 73
     1
 44
1.0
  0
POINT
  5
21AC
330
1E13
100
AcDbEntity
  8
Defpoints
 62
     0
100
AcDbPoint
 10
70.60507991091026
 20
16.96060768658992
 30
0.0
  0
POINT
  5
21AD
330
1E13
100
AcDbEntity
  8
Defpoints
 62
     0
100
AcDbPoint
 10
72.35507991090798
 20
16.9606076865922
 30
0.0
  0
POINT
  5
21AE
330
1E13
100
AcDbEntity
  8
Defpoints
 62
     0
100
AcDbPoint
 10
72.35507991090798
 20
16.510387122221
 30
0.0
  0
ENDBLK
  5
1E15
330
1E13
100
AcDbEntity
  8
0
100
AcDbBlockEnd
  0
BLOCK
  5
1E20
330
1E1F
100
AcDbEntity
  8
0
100
AcDbBlockBegin
  2
*D234
 70
     1
 10
0.0
 20
0.0
 30
0.0
  3
*D234
  1

  0
LINE
  5
21AF
330
1E1F
100
AcDbEntity
  8
CV-COTAS
 62
     8
370
    -2
100
AcDbLine
 10
35.0582371354464
 20
14.13490516781246
 30
0.0
 11
34.69426701111223
 21
14.13490516781246
 31
0.0
  0
LINE
  5
21B0
330
1E1F
100
AcDbEntity
  8
CV-COTAS
 62
     8
370
    -2
100
AcDbLine
 10
35.05823713544867
 20
12.38490516781201
 30
0.0
 11
34.69426701111223
 21
12.38490516781201
 31
0.0
  0
LINE
  5
21B1
330
1E1F
100
AcDbEntity
  8
CV-COTAS
 62
     4
370
    -2
100
AcDbLine
 10
34.76426701111222
 20
14.13490516781246
 30
0.0
 11
34.76426701111222
 21
12.38490516781201
 31
0.0
  0
INSERT
  5
21B2
330
1E1F
100
AcDbEntity
  8
CV-COTAS
 62
     4
370
    -2
100
AcDbBlockReference
  2
_Oblique
 10
34.76426701111222
 20
14.13490516781246
 30
0.0
 41
0.14
 42
0.14
 43
0.14
 50
90.0
  0
INSERT
  5
21B3
330
1E1F
100
AcDbEntity
  8
CV-COTAS
 62
     4
370
    -2
100
AcDbBlockReference
  2
_Oblique
 10
34.76426701111222
 20
12.38490516781201
 30
0.0
 41
0.14
 42
0.14
 43
0.14
 50
270.0
  0
MTEXT
  5
21B4
330
1E1F
100
AcDbEntity
  8
CV-COTAS
 62
     2
100
AcDbMText
 10
34.60923641967783
 20
13.25990516781223
 30
0.0
 40
0.2
 41
0.0
 46
0.0
 71
     5
 72
     1
  1
35
  7
Formato
 11
0.0
 21
1.0
 31
0.0
 73
     1
 44
1.0
  0
POINT
  5
21B5
330
1E1F
100
AcDbEntity
  8
Defpoints
 62
     0
100
AcDbPoint
 10
35.1282371354464
 20
14.13490516781246
 30
0.0
  0
POINT
  5
21B6
330
1E1F
100
AcDbEntity
  8
Defpoints
 62
     0
100
AcDbPoint
 10
35.12823713544867
 20
12.38490516781201
 30
0.0
  0
POINT
  5
21B7
330
1E1F
100
AcDbEntity
  8
Defpoints
 62
     0
100
AcDbPoint
 10
34.76426701111222
 20
12.38490516781201
 30
0.0
  0
ENDBLK
  5
1E21
330
1E1F
100
AcDbEntity
  8
0
100
AcDbBlockEnd
  0
BLOCK
  5
1E2C
330
1E2B
100
AcDbEntity
  8
0
100
AcDbBlockBegin
  2
*D235
 70
     1
 10
0.0
 20
0.0
 30
0.0
  3
*D235
  1

  0
LINE
  5
21B8
330
1E2B
100
AcDbEntity
  8
CV-COTAS
 62
     8
370
    -2
100
AcDbLine
 10
35.12823713544867
 20
12.31490516781201
 30
0.0
 11
35.12823713544867
 21
11.86468460344308
 31
0.0
  0
LINE
  5
21B9
330
1E2B
100
AcDbEntity
  8
CV-COTAS
 62
     8
370
    -2
100
AcDbLine
 10
36.8782371354464
 20
12.31490516781428
 30
0.0
 11
36.8782371354464
 21
11.86468460344308
 31
0.0
  0
LINE
  5
21BA
330
1E2B
100
AcDbEntity
  8
CV-COTAS
 62
     4
370
    -2
100
AcDbLine
 10
35.12823713544867
 20
11.93468460344309
 30
0.0
 11
36.8782371354464
 21
11.93468460344309
 31
0.0
  0
INSERT
  5
21BB
330
1E2B
100
AcDbEntity
  8
CV-COTAS
 62
     4
370
    -2
100
AcDbBlockReference
  2
_Oblique
 10
35.12823713544867
 20
11.93468460344309
 30
0.0
 41
0.14
 42
0.14
 43
0.14
 50
180.0
  0
INSERT
  5
21BC
330
1E2B
100
AcDbEntity
  8
CV-COTAS
 62
     4
370
    -2
100
AcDbBlockReference
  2
_Oblique
 10
36.8782371354464
 20
11.93468460344309
 30
0.0
 41
0.14
 42
0.14
 43
0.14
  0
MTEXT
  5
21BD
330
1E2B
100
AcDbEntity
  8
CV-COTAS
 62
     2
100
AcDbMText
 10
36.00323713544753
 20
12.08971519487749
 30
0.0
 40
0.2
 41
0.0
 46
0.0
 71
     5
 72
     1
  1
35
  7
Formato
 73
     1
 44
1.0
  0
POINT
  5
21BE
330
1E2B
100
AcDbEntity
  8
Defpoints
 62
     0
100
AcDbPoint
 10
35.12823713544867
 20
12.38490516781201
 30
0.0
  0
POINT
  5
21BF
330
1E2B
100
AcDbEntity
  8
Defpoints
 62
     0
100
AcDbPoint
 10
36.8782371354464
 20
12.38490516781428
 30
0.0
  0
POINT
  5
21C0
330
1E2B
100
AcDbEntity
  8
Defpoints
 62
     0
100
AcDbPoint
 10
36.8782371354464
 20
11.93468460344309
 30
0.0
  0
ENDBLK
  5
1E2D
330
1E2B
100
AcDbEntity
  8
0
100
AcDbBlockEnd
  0
BLOCK
  5
1E38
330
1E37
100
AcDbEntity
  8
0
100
AcDbBlockBegin
  2
*D236
 70
     1
 10
0.0
 20
0.0
 30
0.0
  3
*D236
  1

  0
LINE
  5
21C1
330
1E37
100
AcDbEntity
  8
CV-COTAS
 62
     8
370
    -2
100
AcDbLine
 10
38.99455299938489
 20
14.13490516781246
 30
0.0
 11
38.63058287505162
 21
14.13490516781246
 31
0.0
  0
LINE
  5
21C2
330
1E37
100
AcDbEntity
  8
CV-COTAS
 62
     8
370
    -2
100
AcDbLine
 10
38.99455299938716
 20
12.38490516781201
 30
0.0
 11
38.63058287505162
 21
12.38490516781201
 31
0.0
  0
LINE
  5
21C3
330
1E37
100
AcDbEntity
  8
CV-COTAS
 62
     4
370
    -2
100
AcDbLine
 10
38.70058287505163
 20
14.13490516781246
 30
0.0
 11
38.70058287505163
 21
12.38490516781201
 31
0.0
  0
INSERT
  5
21C4
330
1E37
100
AcDbEntity
  8
CV-COTAS
 62
     4
370
    -2
100
AcDbBlockReference
  2
_Oblique
 10
38.70058287505163
 20
14.13490516781246
 30
0.0
 41
0.14
 42
0.14
 43
0.14
 50
90.0
  0
INSERT
  5
21C5
330
1E37
100
AcDbEntity
  8
CV-COTAS
 62
     4
370
    -2
100
AcDbBlockReference
  2
_Oblique
 10
38.70058287505163
 20
12.38490516781201
 30
0.0
 41
0.14
 42
0.14
 43
0.14
 50
270.0
  0
MTEXT
  5
21C6
330
1E37
100
AcDbEntity
  8
CV-COTAS
 62
     2
100
AcDbMText
 10
38.54555228361723
 20
13.25990516781223
 30
0.0
 40
0.2
 41
0.0
 46
0.0
 71
     5
 72
     1
  1
35
  7
Formato
 11
0.0
 21
1.0
 31
0.0
 73
     1
 44
1.0
  0
POINT
  5
21C7
330
1E37
100
AcDbEntity
  8
Defpoints
 62
     0
100
AcDbPoint
 10
39.06455299938489
 20
14.13490516781246
 30
0.0
  0
POINT
  5
21C8
330
1E37
100
AcDbEntity
  8
Defpoints
 62
     0
100
AcDbPoint
 10
39.06455299938716
 20
12.38490516781201
 30
0.0
  0
POINT
  5
21C9
330
1E37
100
AcDbEntity
  8
Defpoints
 62
     0
100
AcDbPoint
 10
38.70058287505163
 20
12.38490516781201
 30
0.0
  0
ENDBLK
  5
1E39
330
1E37
100
AcDbEntity
  8
0
100
AcDbBlockEnd
  0
BLOCK
  5
1E44
330
1E43
100
AcDbEntity
  8
0
100
AcDbBlockBegin
  2
*D237
 70
     1
 10
0.0
 20
0.0
 30
0.0
  3
*D237
  1

  0
LINE
  5
21CA
330
1E43
100
AcDbEntity
  8
CV-COTAS
 62
     8
370
    -2
100
AcDbLine
 10
39.06455299938716
 20
12.31490516781201
 30
0.0
 11
39.06455299938716
 21
11.86468460344308
 31
0.0
  0
LINE
  5
21CB
330
1E43
100
AcDbEntity
  8
CV-COTAS
 62
     8
370
    -2
100
AcDbLine
 10
40.81455299938489
 20
12.31490516781428
 30
0.0
 11
40.81455299938489
 21
11.86468460344308
 31
0.0
  0
LINE
  5
21CC
330
1E43
100
AcDbEntity
  8
CV-COTAS
 62
     4
370
    -2
100
AcDbLine
 10
39.06455299938716
 20
11.93468460344309
 30
0.0
 11
40.81455299938489
 21
11.93468460344309
 31
0.0
  0
INSERT
  5
21CD
330
1E43
100
AcDbEntity
  8
CV-COTAS
 62
     4
370
    -2
100
AcDbBlockReference
  2
_Oblique
 10
39.06455299938716
 20
11.93468460344309
 30
0.0
 41
0.14
 42
0.14
 43
0.14
 50
180.0
  0
INSERT
  5
21CE
330
1E43
100
AcDbEntity
  8
CV-COTAS
 62
     4
370
    -2
100
AcDbBlockReference
  2
_Oblique
 10
40.81455299938489
 20
11.93468460344309
 30
0.0
 41
0.14
 42
0.14
 43
0.14
  0
MTEXT
  5
21CF
330
1E43
100
AcDbEntity
  8
CV-COTAS
 62
     2
100
AcDbMText
 10
39.93955299938603
 20
12.08971519487749
 30
0.0
 40
0.2
 41
0.0
 46
0.0
 71
     5
 72
     1
  1
35
  7
Formato
 73
     1
 44
1.0
  0
POINT
  5
21D0
330
1E43
100
AcDbEntity
  8
Defpoints
 62
     0
100
AcDbPoint
 10
39.06455299938716
 20
12.38490516781201
 30
0.0
  0
POINT
  5
21D1
330
1E43
100
AcDbEntity
  8
Defpoints
 62
     0
100
AcDbPoint
 10
40.81455299938489
 20
12.38490516781428
 30
0.0
  0
POINT
  5
21D2
330
1E43
100
AcDbEntity
  8
Defpoints
 62
     0
100
AcDbPoint
 10
40.81455299938489
 20
11.93468460344309
 30
0.0
  0
ENDBLK
  5
1E45
330
1E43
100
AcDbEntity
  8
0
100
AcDbBlockEnd
  0
BLOCK
  5
1E50
330
1E4F
100
AcDbEntity
  8
0
100
AcDbBlockBegin
  2
*D238
 70
     1
 10
0.0
 20
0.0
 30
0.0
  3
*D238
  1

  0
LINE
  5
21D3
330
1E4F
100
AcDbEntity
  8
CV-COTAS
 62
     8
370
    -2
100
AcDbLine
 10
42.68086886332564
 20
14.13490516781235
 30
0.0
 11
42.31689873899511
 21
14.13490516781235
 31
0.0
  0
LINE
  5
21D4
330
1E4F
100
AcDbEntity
  8
CV-COTAS
 62
     8
370
    -2
100
AcDbLine
 10
42.68086886332792
 20
12.38490516781189
 30
0.0
 11
42.31689873899511
 21
12.38490516781189
 31
0.0
  0
LINE
  5
21D5
330
1E4F
100
AcDbEntity
  8
CV-COTAS
 62
     4
370
    -2
100
AcDbLine
 10
42.38689873899511
 20
14.13490516781235
 30
0.0
 11
42.38689873899511
 21
12.38490516781189
 31
0.0
  0
INSERT
  5
21D6
330
1E4F
100
AcDbEntity
  8
CV-COTAS
 62
     4
370
    -2
100
AcDbBlockReference
  2
_Oblique
 10
42.38689873899511
 20
14.13490516781235
 30
0.0
 41
0.14
 42
0.14
 43
0.14
 50
90.0
  0
INSERT
  5
21D7
330
1E4F
100
AcDbEntity
  8
CV-COTAS
 62
     4
370
    -2
100
AcDbBlockReference
  2
_Oblique
 10
42.38689873899511
 20
12.38490516781189
 30
0.0
 41
0.14
 42
0.14
 43
0.14
 50
270.0
  0
MTEXT
  5
21D8
330
1E4F
100
AcDbEntity
  8
CV-COTAS
 62
     2
100
AcDbMText
 10
42.23186814756071
 20
13.25990516781212
 30
0.0
 40
0.2
 41
0.0
 46
0.0
 71
     5
 72
     1
  1
35
  7
Formato
 11
0.0
 21
1.0
 31
0.0
 73
     1
 44
1.0
  0
POINT
  5
21D9
330
1E4F
100
AcDbEntity
  8
Defpoints
 62
     0
100
AcDbPoint
 10
42.75086886332565
 20
14.13490516781235
 30
0.0
  0
POINT
  5
21DA
330
1E4F
100
AcDbEntity
  8
Defpoints
 62
     0
100
AcDbPoint
 10
42.75086886332792
 20
12.38490516781189
 30
0.0
  0
POINT
  5
21DB
330
1E4F
100
AcDbEntity
  8
Defpoints
 62
     0
100
AcDbPoint
 10
42.38689873899511
 20
12.38490516781189
 30
0.0
  0
ENDBLK
  5
1E51
330
1E4F
100
AcDbEntity
  8
0
100
AcDbBlockEnd
  0
BLOCK
  5
1E5C
330
1E5B
100
AcDbEntity
  8
0
100
AcDbBlockBegin
  2
*D239
 70
     1
 10
0.0
 20
0.0
 30
0.0
  3
*D239
  1

  0
LINE
  5
21DC
330
1E5B
100
AcDbEntity
  8
CV-COTAS
 62
     8
370
    -2
100
AcDbLine
 10
42.75086886332792
 20
12.31490516781189
 30
0.0
 11
42.75086886332792
 21
11.86468460344297
 31
0.0
  0
LINE
  5
21DD
330
1E5B
100
AcDbEntity
  8
CV-COTAS
 62
     8
370
    -2
100
AcDbLine
 10
45.00086886332565
 20
12.31490516781416
 30
0.0
 11
45.00086886332565
 21
11.86468460344297
 31
0.0
  0
LINE
  5
21DE
330
1E5B
100
AcDbEntity
  8
CV-COTAS
 62
     4
370
    -2
100
AcDbLine
 10
42.75086886332792
 20
11.93468460344297
 30
0.0
 11
45.00086886332565
 21
11.93468460344297
 31
0.0
  0
INSERT
  5
21DF
330
1E5B
100
AcDbEntity
  8
CV-COTAS
 62
     4
370
    -2
100
AcDbBlockReference
  2
_Oblique
 10
42.75086886332792
 20
11.93468460344297
 30
0.0
 41
0.14
 42
0.14
 43
0.14
 50
180.0
  0
INSERT
  5
21E0
330
1E5B
100
AcDbEntity
  8
CV-COTAS
 62
     4
370
    -2
100
AcDbBlockReference
  2
_Oblique
 10
45.00086886332565
 20
11.93468460344297
 30
0.0
 41
0.14
 42
0.14
 43
0.14
  0
MTEXT
  5
21E1
330
1E5B
100
AcDbEntity
  8
CV-COTAS
 62
     2
100
AcDbMText
 10
43.87586886332679
 20
12.08971519487737
 30
0.0
 40
0.2
 41
0.0
 46
0.0
 71
     5
 72
     1
  1
45
  7
Formato
 73
     1
 44
1.0
  0
POINT
  5
21E2
330
1E5B
100
AcDbEntity
  8
Defpoints
 62
     0
100
AcDbPoint
 10
42.75086886332792
 20
12.38490516781189
 30
0.0
  0
POINT
  5
21E3
330
1E5B
100
AcDbEntity
  8
Defpoints
 62
     0
100
AcDbPoint
 10
45.00086886332565
 20
12.38490516781417
 30
0.0
  0
POINT
  5
21E4
330
1E5B
100
AcDbEntity
  8
Defpoints
 62
     0
100
AcDbPoint
 10
45.00086886332565
 20
11.93468460344297
 30
0.0
  0
ENDBLK
  5
1E5D
330
1E5B
100
AcDbEntity
  8
0
100
AcDbBlockEnd
  0
BLOCK
  5
1E68
330
1E67
100
AcDbEntity
  8
0
100
AcDbBlockBegin
  2
*D240
 70
     1
 10
0.0
 20
0.0
 30
0.0
  3
*D240
  1

  0
LINE
  5
21E5
330
1E67
100
AcDbEntity
  8
CV-COTAS
 62
     8
370
    -2
100
AcDbLine
 10
46.61718472726641
 20
14.13490516781235
 30
0.0
 11
46.25321460293769
 21
14.13490516781235
 31
0.0
  0
LINE
  5
21E6
330
1E67
100
AcDbEntity
  8
CV-COTAS
 62
     8
370
    -2
100
AcDbLine
 10
46.61718472726868
 20
12.38490516781189
 30
0.0
 11
46.25321460293769
 21
12.38490516781189
 31
0.0
  0
LINE
  5
21E7
330
1E67
100
AcDbEntity
  8
CV-COTAS
 62
     4
370
    -2
100
AcDbLine
 10
46.32321460293769
 20
14.13490516781235
 30
0.0
 11
46.32321460293769
 21
12.38490516781189
 31
0.0
  0
INSERT
  5
21E8
330
1E67
100
AcDbEntity
  8
CV-COTAS
 62
     4
370
    -2
100
AcDbBlockReference
  2
_Oblique
 10
46.32321460293769
 20
14.13490516781235
 30
0.0
 41
0.14
 42
0.14
 43
0.14
 50
90.0
  0
INSERT
  5
21E9
330
1E67
100
AcDbEntity
  8
CV-COTAS
 62
     4
370
    -2
100
AcDbBlockReference
  2
_Oblique
 10
46.32321460293769
 20
12.38490516781189
 30
0.0
 41
0.14
 42
0.14
 43
0.14
 50
270.0
  0
MTEXT
  5
21EA
330
1E67
100
AcDbEntity
  8
CV-COTAS
 62
     2
100
AcDbMText
 10
46.1681840115033
 20
13.25990516781212
 30
0.0
 40
0.2
 41
0.0
 46
0.0
 71
     5
 72
     1
  1
35
  7
Formato
 11
0.0
 21
1.0
 31
0.0
 73
     1
 44
1.0
  0
POINT
  5
21EB
330
1E67
100
AcDbEntity
  8
Defpoints
 62
     0
100
AcDbPoint
 10
46.68718472726641
 20
14.13490516781235
 30
0.0
  0
POINT
  5
21EC
330
1E67
100
AcDbEntity
  8
Defpoints
 62
     0
100
AcDbPoint
 10
46.68718472726868
 20
12.38490516781189
 30
0.0
  0
POINT
  5
21ED
330
1E67
100
AcDbEntity
  8
Defpoints
 62
     0
100
AcDbPoint
 10
46.32321460293769
 20
12.38490516781189
 30
0.0
  0
ENDBLK
  5
1E69
330
1E67
100
AcDbEntity
  8
0
100
AcDbBlockEnd
  0
BLOCK
  5
1E74
330
1E73
100
AcDbEntity
  8
0
100
AcDbBlockBegin
  2
*D241
 70
     1
 10
0.0
 20
0.0
 30
0.0
  3
*D241
  1

  0
LINE
  5
21EE
330
1E73
100
AcDbEntity
  8
CV-COTAS
 62
     8
370
    -2
100
AcDbLine
 10
46.68718472726868
 20
12.31490516781189
 30
0.0
 11
46.68718472726868
 21
11.86468460344297
 31
0.0
  0
LINE
  5
21EF
330
1E73
100
AcDbEntity
  8
CV-COTAS
 62
     8
370
    -2
100
AcDbLine
 10
48.93718472726641
 20
12.31490516781416
 30
0.0
 11
48.93718472726641
 21
11.86468460344297
 31
0.0
  0
LINE
  5
21F0
330
1E73
100
AcDbEntity
  8
CV-COTAS
 62
     4
370
    -2
100
AcDbLine
 10
46.68718472726868
 20
11.93468460344297
 30
0.0
 11
48.93718472726641
 21
11.93468460344297
 31
0.0
  0
INSERT
  5
21F1
330
1E73
100
AcDbEntity
  8
CV-COTAS
 62
     4
370
    -2
100
AcDbBlockReference
  2
_Oblique
 10
46.68718472726868
 20
11.93468460344297
 30
0.0
 41
0.14
 42
0.14
 43
0.14
 50
180.0
  0
INSERT
  5
21F2
330
1E73
100
AcDbEntity
  8
CV-COTAS
 62
     4
370
    -2
100
AcDbBlockReference
  2
_Oblique
 10
48.93718472726641
 20
11.93468460344297
 30
0.0
 41
0.14
 42
0.14
 43
0.14
  0
MTEXT
  5
21F3
330
1E73
100
AcDbEntity
  8
CV-COTAS
 62
     2
100
AcDbMText
 10
47.81218472726755
 20
12.08971519487737
 30
0.0
 40
0.2
 41
0.0
 46
0.0
 71
     5
 72
     1
  1
45
  7
Formato
 73
     1
 44
1.0
  0
POINT
  5
21F4
330
1E73
100
AcDbEntity
  8
Defpoints
 62
     0
100
AcDbPoint
 10
46.68718472726868
 20
12.38490516781189
 30
0.0
  0
POINT
  5
21F5
330
1E73
100
AcDbEntity
  8
Defpoints
 62
     0
100
AcDbPoint
 10
48.93718472726641
 20
12.38490516781417
 30
0.0
  0
POINT
  5
21F6
330
1E73
100
AcDbEntity
  8
Defpoints
 62
     0
100
AcDbPoint
 10
48.93718472726641
 20
11.93468460344297
 30
0.0
  0
ENDBLK
  5
1E75
330
1E73
100
AcDbEntity
  8
0
100
AcDbBlockEnd
  0
BLOCK
  5
1E80
330
1E7F
100
AcDbEntity
  8
0
100
AcDbBlockBegin
  2
*D242
 70
     1
 10
0.0
 20
0.0
 30
0.0
  3
*D242
  1

  0
LINE
  5
21F7
330
1E7F
100
AcDbEntity
  8
CV-COTAS
 62
     8
370
    -2
100
AcDbLine
 10
50.55350059120763
 20
14.13490516781235
 30
0.0
 11
50.18953046688073
 21
14.13490516781235
 31
0.0
  0
LINE
  5
21F8
330
1E7F
100
AcDbEntity
  8
CV-COTAS
 62
     8
370
    -2
100
AcDbLine
 10
50.5535005912099
 20
12.38490516781189
 30
0.0
 11
50.18953046688073
 21
12.38490516781189
 31
0.0
  0
LINE
  5
21F9
330
1E7F
100
AcDbEntity
  8
CV-COTAS
 62
     4
370
    -2
100
AcDbLine
 10
50.25953046688073
 20
14.13490516781235
 30
0.0
 11
50.25953046688073
 21
12.38490516781189
 31
0.0
  0
INSERT
  5
21FA
330
1E7F
100
AcDbEntity
  8
CV-COTAS
 62
     4
370
    -2
100
AcDbBlockReference
  2
_Oblique
 10
50.25953046688073
 20
14.13490516781235
 30
0.0
 41
0.14
 42
0.14
 43
0.14
 50
90.0
  0
INSERT
  5
21FB
330
1E7F
100
AcDbEntity
  8
CV-COTAS
 62
     4
370
    -2
100
AcDbBlockReference
  2
_Oblique
 10
50.25953046688073
 20
12.38490516781189
 30
0.0
 41
0.14
 42
0.14
 43
0.14
 50
270.0
  0
MTEXT
  5
21FC
330
1E7F
100
AcDbEntity
  8
CV-COTAS
 62
     2
100
AcDbMText
 10
50.10449987544633
 20
13.25990516781212
 30
0.0
 40
0.2
 41
0.0
 46
0.0
 71
     5
 72
     1
  1
35
  7
Formato
 11
0.0
 21
1.0
 31
0.0
 73
     1
 44
1.0
  0
POINT
  5
21FD
330
1E7F
100
AcDbEntity
  8
Defpoints
 62
     0
100
AcDbPoint
 10
50.62350059120763
 20
14.13490516781235
 30
0.0
  0
POINT
  5
21FE
330
1E7F
100
AcDbEntity
  8
Defpoints
 62
     0
100
AcDbPoint
 10
50.62350059120991
 20
12.38490516781189
 30
0.0
  0
POINT
  5
21FF
330
1E7F
100
AcDbEntity
  8
Defpoints
 62
     0
100
AcDbPoint
 10
50.25953046688073
 20
12.38490516781189
 30
0.0
  0
ENDBLK
  5
1E81
330
1E7F
100
AcDbEntity
  8
0
100
AcDbBlockEnd
  0
BLOCK
  5
1E8C
330
1E8B
100
AcDbEntity
  8
0
100
AcDbBlockBegin
  2
*D243
 70
     1
 10
0.0
 20
0.0
 30
0.0
  3
*D243
  1

  0
LINE
  5
2200
330
1E8B
100
AcDbEntity
  8
CV-COTAS
 62
     8
370
    -2
100
AcDbLine
 10
50.62350059120991
 20
12.31490516781189
 30
0.0
 11
50.62350059120991
 21
11.86468460344297
 31
0.0
  0
LINE
  5
2201
330
1E8B
100
AcDbEntity
  8
CV-COTAS
 62
     8
370
    -2
100
AcDbLine
 10
52.87350059120763
 20
12.31490516781416
 30
0.0
 11
52.87350059120763
 21
11.86468460344297
 31
0.0
  0
LINE
  5
2202
330
1E8B
100
AcDbEntity
  8
CV-COTAS
 62
     4
370
    -2
100
AcDbLine
 10
50.62350059120991
 20
11.93468460344297
 30
0.0
 11
52.87350059120763
 21
11.93468460344297
 31
0.0
  0
INSERT
  5
2203
330
1E8B
100
AcDbEntity
  8
CV-COTAS
 62
     4
370
    -2
100
AcDbBlockReference
  2
_Oblique
 10
50.62350059120991
 20
11.93468460344297
 30
0.0
 41
0.14
 42
0.14
 43
0.14
 50
180.0
  0
INSERT
  5
2204
330
1E8B
100
AcDbEntity
  8
CV-COTAS
 62
     4
370
    -2
100
AcDbBlockReference
  2
_Oblique
 10
52.87350059120763
 20
11.93468460344297
 30
0.0
 41
0.14
 42
0.14
 43
0.14
  0
MTEXT
  5
2205
330
1E8B
100
AcDbEntity
  8
CV-COTAS
 62
     2
100
AcDbMText
 10
51.74850059120877
 20
12.08971519487737
 30
0.0
 40
0.2
 41
0.0
 46
0.0
 71
     5
 72
     1
  1
45
  7
Formato
 73
     1
 44
1.0
  0
POINT
  5
2206
330
1E8B
100
AcDbEntity
  8
Defpoints
 62
     0
100
AcDbPoint
 10
50.62350059120991
 20
12.38490516781189
 30
0.0
  0
POINT
  5
2207
330
1E8B
100
AcDbEntity
  8
Defpoints
 62
     0
100
AcDbPoint
 10
52.87350059120763
 20
12.38490516781417
 30
0.0
  0
POINT
  5
2208
330
1E8B
100
AcDbEntity
  8
Defpoints
 62
     0
100
AcDbPoint
 10
52.87350059120763
 20
11.93468460344297
 30
0.0
  0
ENDBLK
  5
1E8D
330
1E8B
100
AcDbEntity
  8
0
100
AcDbBlockEnd
  0
BLOCK
  5
1E98
330
1E97
100
AcDbEntity
  8
0
100
AcDbBlockBegin
  2
*D244
 70
     1
 10
0.0
 20
0.0
 30
0.0
  3
*D244
  1

  0
LINE
  5
2209
330
1E97
100
AcDbEntity
  8
CV-COTAS
 62
     8
370
    -2
100
AcDbLine
 10
54.48981645514794
 20
14.13490516781235
 30
0.0
 11
54.12584633082285
 21
14.13490516781235
 31
0.0
  0
LINE
  5
220A
330
1E97
100
AcDbEntity
  8
CV-COTAS
 62
     8
370
    -2
100
AcDbLine
 10
54.48981645515021
 20
12.38490516781189
 30
0.0
 11
54.12584633082285
 21
12.38490516781189
 31
0.0
  0
LINE
  5
220B
330
1E97
100
AcDbEntity
  8
CV-COTAS
 62
     4
370
    -2
100
AcDbLine
 10
54.19584633082286
 20
14.13490516781235
 30
0.0
 11
54.19584633082286
 21
12.38490516781189
 31
0.0
  0
INSERT
  5
220C
330
1E97
100
AcDbEntity
  8
CV-COTAS
 62
     4
370
    -2
100
AcDbBlockReference
  2
_Oblique
 10
54.19584633082286
 20
14.13490516781235
 30
0.0
 41
0.14
 42
0.14
 43
0.14
 50
90.0
  0
INSERT
  5
220D
330
1E97
100
AcDbEntity
  8
CV-COTAS
 62
     4
370
    -2
100
AcDbBlockReference
  2
_Oblique
 10
54.19584633082286
 20
12.38490516781189
 30
0.0
 41
0.14
 42
0.14
 43
0.14
 50
270.0
  0
MTEXT
  5
220E
330
1E97
100
AcDbEntity
  8
CV-COTAS
 62
     2
100
AcDbMText
 10
54.04081573938846
 20
13.25990516781212
 30
0.0
 40
0.2
 41
0.0
 46
0.0
 71
     5
 72
     1
  1
35
  7
Formato
 11
0.0
 21
1.0
 31
0.0
 73
     1
 44
1.0
  0
POINT
  5
220F
330
1E97
100
AcDbEntity
  8
Defpoints
 62
     0
100
AcDbPoint
 10
54.55981645514794
 20
14.13490516781235
 30
0.0
  0
POINT
  5
2210
330
1E97
100
AcDbEntity
  8
Defpoints
 62
     0
100
AcDbPoint
 10
54.55981645515021
 20
12.38490516781189
 30
0.0
  0
POINT
  5
2211
330
1E97
100
AcDbEntity
  8
Defpoints
 62
     0
100
AcDbPoint
 10
54.19584633082286
 20
12.38490516781189
 30
0.0
  0
ENDBLK
  5
1E99
330
1E97
100
AcDbEntity
  8
0
100
AcDbBlockEnd
  0
BLOCK
  5
1EA4
330
1EA3
100
AcDbEntity
  8
0
100
AcDbBlockBegin
  2
*D245
 70
     1
 10
0.0
 20
0.0
 30
0.0
  3
*D245
  1

  0
LINE
  5
2212
330
1EA3
100
AcDbEntity
  8
CV-COTAS
 62
     8
370
    -2
100
AcDbLine
 10
54.55981645515021
 20
12.31490516781189
 30
0.0
 11
54.55981645515021
 21
11.86468460344297
 31
0.0
  0
LINE
  5
2213
330
1EA3
100
AcDbEntity
  8
CV-COTAS
 62
     8
370
    -2
100
AcDbLine
 10
56.80981645514794
 20
12.31490516781416
 30
0.0
 11
56.80981645514794
 21
11.86468460344297
 31
0.0
  0
LINE
  5
2214
330
1EA3
100
AcDbEntity
  8
CV-COTAS
 62
     4
370
    -2
100
AcDbLine
 10
54.55981645515021
 20
11.93468460344297
 30
0.0
 11
56.80981645514794
 21
11.93468460344297
 31
0.0
  0
INSERT
  5
2215
330
1EA3
100
AcDbEntity
  8
CV-COTAS
 62
     4
370
    -2
100
AcDbBlockReference
  2
_Oblique
 10
54.55981645515021
 20
11.93468460344297
 30
0.0
 41
0.14
 42
0.14
 43
0.14
 50
180.0
  0
INSERT
  5
2216
330
1EA3
100
AcDbEntity
  8
CV-COTAS
 62
     4
370
    -2
100
AcDbBlockReference
  2
_Oblique
 10
56.80981645514794
 20
11.93468460344297
 30
0.0
 41
0.14
 42
0.14
 43
0.14
  0
MTEXT
  5
2217
330
1EA3
100
AcDbEntity
  8
CV-COTAS
 62
     2
100
AcDbMText
 10
55.68481645514907
 20
12.08971519487737
 30
0.0
 40
0.2
 41
0.0
 46
0.0
 71
     5
 72
     1
  1
45
  7
Formato
 73
     1
 44
1.0
  0
POINT
  5
2218
330
1EA3
100
AcDbEntity
  8
Defpoints
 62
     0
100
AcDbPoint
 10
54.55981645515021
 20
12.38490516781189
 30
0.0
  0
POINT
  5
2219
330
1EA3
100
AcDbEntity
  8
Defpoints
 62
     0
100
AcDbPoint
 10
56.80981645514794
 20
12.38490516781417
 30
0.0
  0
POINT
  5
221A
330
1EA3
100
AcDbEntity
  8
Defpoints
 62
     0
100
AcDbPoint
 10
56.80981645514794
 20
11.93468460344297
 30
0.0
  0
ENDBLK
  5
1EA5
330
1EA3
100
AcDbEntity
  8
0
100
AcDbBlockEnd
  0
BLOCK
  5
1EB0
330
1EAF
100
AcDbEntity
  8
0
100
AcDbBlockBegin
  2
*D246
 70
     1
 10
0.0
 20
0.0
 30
0.0
  3
*D246
  1

  0
LINE
  5
221B
330
1EAF
100
AcDbEntity
  8
CV-COTAS
 62
     8
370
    -2
100
AcDbLine
 10
58.4261323190887
 20
14.13490516781246
 30
0.0
 11
58.06216219476544
 21
14.13490516781246
 31
0.0
  0
LINE
  5
221C
330
1EAF
100
AcDbEntity
  8
CV-COTAS
 62
     8
370
    -2
100
AcDbLine
 10
58.42613231909098
 20
12.38490516781201
 30
0.0
 11
58.06216219476544
 21
12.38490516781201
 31
0.0
  0
LINE
  5
221D
330
1EAF
100
AcDbEntity
  8
CV-COTAS
 62
     4
370
    -2
100
AcDbLine
 10
58.13216219476544
 20
14.13490516781246
 30
0.0
 11
58.13216219476544
 21
12.38490516781201
 31
0.0
  0
INSERT
  5
221E
330
1EAF
100
AcDbEntity
  8
CV-COTAS
 62
     4
370
    -2
100
AcDbBlockReference
  2
_Oblique
 10
58.13216219476544
 20
14.13490516781246
 30
0.0
 41
0.14
 42
0.14
 43
0.14
 50
90.0
  0
INSERT
  5
221F
330
1EAF
100
AcDbEntity
  8
CV-COTAS
 62
     4
370
    -2
100
AcDbBlockReference
  2
_Oblique
 10
58.13216219476544
 20
12.38490516781201
 30
0.0
 41
0.14
 42
0.14
 43
0.14
 50
270.0
  0
MTEXT
  5
2220
330
1EAF
100
AcDbEntity
  8
CV-COTAS
 62
     2
100
AcDbMText
 10
57.97713160333104
 20
13.25990516781223
 30
0.0
 40
0.2
 41
0.0
 46
0.0
 71
     5
 72
     1
  1
35
  7
Formato
 11
0.0
 21
1.0
 31
0.0
 73
     1
 44
1.0
  0
POINT
  5
2221
330
1EAF
100
AcDbEntity
  8
Defpoints
 62
     0
100
AcDbPoint
 10
58.4961323190887
 20
14.13490516781246
 30
0.0
  0
POINT
  5
2222
330
1EAF
100
AcDbEntity
  8
Defpoints
 62
     0
100
AcDbPoint
 10
58.49613231909097
 20
12.38490516781201
 30
0.0
  0
POINT
  5
2223
330
1EAF
100
AcDbEntity
  8
Defpoints
 62
     0
100
AcDbPoint
 10
58.13216219476544
 20
12.38490516781201
 30
0.0
  0
ENDBLK
  5
1EB1
330
1EAF
100
AcDbEntity
  8
0
100
AcDbBlockEnd
  0
BLOCK
  5
1EBC
330
1EBB
100
AcDbEntity
  8
0
100
AcDbBlockBegin
  2
*D247
 70
     1
 10
0.0
 20
0.0
 30
0.0
  3
*D247
  1

  0
LINE
  5
2224
330
1EBB
100
AcDbEntity
  8
CV-COTAS
 62
     8
370
    -2
100
AcDbLine
 10
58.49613231909097
 20
12.31490516781201
 30
0.0
 11
58.49613231909097
 21
11.86468460344308
 31
0.0
  0
LINE
  5
2225
330
1EBB
100
AcDbEntity
  8
CV-COTAS
 62
     8
370
    -2
100
AcDbLine
 10
60.7461323190887
 20
12.31490516781428
 30
0.0
 11
60.7461323190887
 21
11.86468460344308
 31
0.0
  0
LINE
  5
2226
330
1EBB
100
AcDbEntity
  8
CV-COTAS
 62
     4
370
    -2
100
AcDbLine
 10
58.49613231909097
 20
11.93468460344309
 30
0.0
 11
60.7461323190887
 21
11.93468460344309
 31
0.0
  0
INSERT
  5
2227
330
1EBB
100
AcDbEntity
  8
CV-COTAS
 62
     4
370
    -2
100
AcDbBlockReference
  2
_Oblique
 10
58.49613231909097
 20
11.93468460344309
 30
0.0
 41
0.14
 42
0.14
 43
0.14
 50
180.0
  0
INSERT
  5
2228
330
1EBB
100
AcDbEntity
  8
CV-COTAS
 62
     4
370
    -2
100
AcDbBlockReference
  2
_Oblique
 10
60.7461323190887
 20
11.93468460344309
 30
0.0
 41
0.14
 42
0.14
 43
0.14
  0
MTEXT
  5
2229
330
1EBB
100
AcDbEntity
  8
CV-COTAS
 62
     2
100
AcDbMText
 10
59.62113231908984
 20
12.08971519487749
 30
0.0
 40
0.2
 41
0.0
 46
0.0
 71
     5
 72
     1
  1
45
  7
Formato
 73
     1
 44
1.0
  0
POINT
  5
222A
330
1EBB
100
AcDbEntity
  8
Defpoints
 62
     0
100
AcDbPoint
 10
58.49613231909097
 20
12.38490516781201
 30
0.0
  0
POINT
  5
222B
330
1EBB
100
AcDbEntity
  8
Defpoints
 62
     0
100
AcDbPoint
 10
60.7461323190887
 20
12.38490516781428
 30
0.0
  0
POINT
  5
222C
330
1EBB
100
AcDbEntity
  8
Defpoints
 62
     0
100
AcDbPoint
 10
60.7461323190887
 20
11.93468460344309
 30
0.0
  0
ENDBLK
  5
1EBD
330
1EBB
100
AcDbEntity
  8
0
100
AcDbBlockEnd
  0
BLOCK
  5
1EC8
330
1EC7
100
AcDbEntity
  8
0
100
AcDbBlockBegin
  2
*D248
 70
     1
 10
0.0
 20
0.0
 30
0.0
  3
*D248
  1

  0
LINE
  5
222D
330
1EC7
100
AcDbEntity
  8
CV-COTAS
 62
     8
370
    -2
100
AcDbLine
 10
62.36244818302946
 20
14.13490516781246
 30
0.0
 11
61.99847805870803
 21
14.13490516781246
 31
0.0
  0
LINE
  5
222E
330
1EC7
100
AcDbEntity
  8
CV-COTAS
 62
     8
370
    -2
100
AcDbLine
 10
62.36244818303173
 20
12.38490516781201
 30
0.0
 11
61.99847805870803
 21
12.38490516781201
 31
0.0
  0
LINE
  5
222F
330
1EC7
100
AcDbEntity
  8
CV-COTAS
 62
     4
370
    -2
100
AcDbLine
 10
62.06847805870802
 20
14.13490516781246
 30
0.0
 11
62.06847805870802
 21
12.38490516781201
 31
0.0
  0
INSERT
  5
2230
330
1EC7
100
AcDbEntity
  8
CV-COTAS
 62
     4
370
    -2
100
AcDbBlockReference
  2
_Oblique
 10
62.06847805870802
 20
14.13490516781246
 30
0.0
 41
0.14
 42
0.14
 43
0.14
 50
90.0
  0
INSERT
  5
2231
330
1EC7
100
AcDbEntity
  8
CV-COTAS
 62
     4
370
    -2
100
AcDbBlockReference
  2
_Oblique
 10
62.06847805870802
 20
12.38490516781201
 30
0.0
 41
0.14
 42
0.14
 43
0.14
 50
270.0
  0
MTEXT
  5
2232
330
1EC7
100
AcDbEntity
  8
CV-COTAS
 62
     2
100
AcDbMText
 10
61.91344746727363
 20
13.25990516781223
 30
0.0
 40
0.2
 41
0.0
 46
0.0
 71
     5
 72
     1
  1
35
  7
Formato
 11
0.0
 21
1.0
 31
0.0
 73
     1
 44
1.0
  0
POINT
  5
2233
330
1EC7
100
AcDbEntity
  8
Defpoints
 62
     0
100
AcDbPoint
 10
62.43244818302946
 20
14.13490516781246
 30
0.0
  0
POINT
  5
2234
330
1EC7
100
AcDbEntity
  8
Defpoints
 62
     0
100
AcDbPoint
 10
62.43244818303174
 20
12.38490516781201
 30
0.0
  0
POINT
  5
2235
330
1EC7
100
AcDbEntity
  8
Defpoints
 62
     0
100
AcDbPoint
 10
62.06847805870802
 20
12.38490516781201
 30
0.0
  0
ENDBLK
  5
1EC9
330
1EC7
100
AcDbEntity
  8
0
100
AcDbBlockEnd
  0
BLOCK
  5
1ED4
330
1ED3
100
AcDbEntity
  8
0
100
AcDbBlockBegin
  2
*D249
 70
     1
 10
0.0
 20
0.0
 30
0.0
  3
*D249
  1

  0
LINE
  5
2236
330
1ED3
100
AcDbEntity
  8
CV-COTAS
 62
     8
370
    -2
100
AcDbLine
 10
62.43244818303174
 20
12.31490516781201
 30
0.0
 11
62.43244818303174
 21
11.86468460344308
 31
0.0
  0
LINE
  5
2237
330
1ED3
100
AcDbEntity
  8
CV-COTAS
 62
     8
370
    -2
100
AcDbLine
 10
64.68244818302946
 20
12.31490516781428
 30
0.0
 11
64.68244818302946
 21
11.86468460344308
 31
0.0
  0
LINE
  5
2238
330
1ED3
100
AcDbEntity
  8
CV-COTAS
 62
     4
370
    -2
100
AcDbLine
 10
62.43244818303174
 20
11.93468460344309
 30
0.0
 11
64.68244818302946
 21
11.93468460344309
 31
0.0
  0
INSERT
  5
2239
330
1ED3
100
AcDbEntity
  8
CV-COTAS
 62
     4
370
    -2
100
AcDbBlockReference
  2
_Oblique
 10
62.43244818303174
 20
11.93468460344309
 30
0.0
 41
0.14
 42
0.14
 43
0.14
 50
180.0
  0
INSERT
  5
223A
330
1ED3
100
AcDbEntity
  8
CV-COTAS
 62
     4
370
    -2
100
AcDbBlockReference
  2
_Oblique
 10
64.68244818302946
 20
11.93468460344309
 30
0.0
 41
0.14
 42
0.14
 43
0.14
  0
MTEXT
  5
223B
330
1ED3
100
AcDbEntity
  8
CV-COTAS
 62
     2
100
AcDbMText
 10
63.5574481830306
 20
12.08971519487749
 30
0.0
 40
0.2
 41
0.0
 46
0.0
 71
     5
 72
     1
  1
45
  7
Formato
 73
     1
 44
1.0
  0
POINT
  5
223C
330
1ED3
100
AcDbEntity
  8
Defpoints
 62
     0
100
AcDbPoint
 10
62.43244818303174
 20
12.38490516781201
 30
0.0
  0
POINT
  5
223D
330
1ED3
100
AcDbEntity
  8
Defpoints
 62
     0
100
AcDbPoint
 10
64.68244818302946
 20
12.38490516781428
 30
0.0
  0
POINT
  5
223E
330
1ED3
100
AcDbEntity
  8
Defpoints
 62
     0
100
AcDbPoint
 10
64.68244818302946
 20
11.93468460344309
 30
0.0
  0
ENDBLK
  5
1ED5
330
1ED3
100
AcDbEntity
  8
0
100
AcDbBlockEnd
  0
BLOCK
  5
1EE0
330
1EDF
100
AcDbEntity
  8
0
100
AcDbBlockBegin
  2
*D250
 70
     1
 10
0.0
 20
0.0
 30
0.0
  3
*D250
  1

  0
LINE
  5
223F
330
1EDF
100
AcDbEntity
  8
CV-COTAS
 62
     8
370
    -2
100
AcDbLine
 10
66.27376404697014
 20
14.13490516781246
 30
0.0
 11
65.90979392265052
 21
14.13490516781246
 31
0.0
  0
LINE
  5
2240
330
1EDF
100
AcDbEntity
  8
CV-COTAS
 62
     8
370
    -2
100
AcDbLine
 10
66.27376404697241
 20
12.38490516781201
 30
0.0
 11
65.90979392265052
 21
12.38490516781201
 31
0.0
  0
LINE
  5
2241
330
1EDF
100
AcDbEntity
  8
CV-COTAS
 62
     4
370
    -2
100
AcDbLine
 10
65.97979392265052
 20
14.13490516781246
 30
0.0
 11
65.97979392265052
 21
12.38490516781201
 31
0.0
  0
INSERT
  5
2242
330
1EDF
100
AcDbEntity
  8
CV-COTAS
 62
     4
370
    -2
100
AcDbBlockReference
  2
_Oblique
 10
65.97979392265052
 20
14.13490516781246
 30
0.0
 41
0.14
 42
0.14
 43
0.14
 50
90.0
  0
INSERT
  5
2243
330
1EDF
100
AcDbEntity
  8
CV-COTAS
 62
     4
370
    -2
100
AcDbBlockReference
  2
_Oblique
 10
65.97979392265052
 20
12.38490516781201
 30
0.0
 41
0.14
 42
0.14
 43
0.14
 50
270.0
  0
MTEXT
  5
2244
330
1EDF
100
AcDbEntity
  8
CV-COTAS
 62
     2
100
AcDbMText
 10
65.82476333121611
 20
13.25990516781223
 30
0.0
 40
0.2
 41
0.0
 46
0.0
 71
     5
 72
     1
  1
35
  7
Formato
 11
0.0
 21
1.0
 31
0.0
 73
     1
 44
1.0
  0
POINT
  5
2245
330
1EDF
100
AcDbEntity
  8
Defpoints
 62
     0
100
AcDbPoint
 10
66.34376404697014
 20
14.13490516781246
 30
0.0
  0
POINT
  5
2246
330
1EDF
100
AcDbEntity
  8
Defpoints
 62
     0
100
AcDbPoint
 10
66.34376404697241
 20
12.38490516781201
 30
0.0
  0
POINT
  5
2247
330
1EDF
100
AcDbEntity
  8
Defpoints
 62
     0
100
AcDbPoint
 10
65.97979392265052
 20
12.38490516781201
 30
0.0
  0
ENDBLK
  5
1EE1
330
1EDF
100
AcDbEntity
  8
0
100
AcDbBlockEnd
  0
BLOCK
  5
1EEC
330
1EEB
100
AcDbEntity
  8
0
100
AcDbBlockBegin
  2
*D251
 70
     1
 10
0.0
 20
0.0
 30
0.0
  3
*D251
  1

  0
LINE
  5
2248
330
1EEB
100
AcDbEntity
  8
CV-COTAS
 62
     8
370
    -2
100
AcDbLine
 10
66.34376404697241
 20
12.31490516781201
 30
0.0
 11
66.34376404697241
 21
11.86468460344308
 31
0.0
  0
LINE
  5
2249
330
1EEB
100
AcDbEntity
  8
CV-COTAS
 62
     8
370
    -2
100
AcDbLine
 10
68.59376404697013
 20
12.31490516781428
 30
0.0
 11
68.59376404697013
 21
11.86468460344308
 31
0.0
  0
LINE
  5
224A
330
1EEB
100
AcDbEntity
  8
CV-COTAS
 62
     4
370
    -2
100
AcDbLine
 10
66.34376404697241
 20
11.93468460344309
 30
0.0
 11
68.59376404697013
 21
11.93468460344309
 31
0.0
  0
INSERT
  5
224B
330
1EEB
100
AcDbEntity
  8
CV-COTAS
 62
     4
370
    -2
100
AcDbBlockReference
  2
_Oblique
 10
66.34376404697241
 20
11.93468460344309
 30
0.0
 41
0.14
 42
0.14
 43
0.14
 50
180.0
  0
INSERT
  5
224C
330
1EEB
100
AcDbEntity
  8
CV-COTAS
 62
     4
370
    -2
100
AcDbBlockReference
  2
_Oblique
 10
68.59376404697013
 20
11.93468460344309
 30
0.0
 41
0.14
 42
0.14
 43
0.14
  0
MTEXT
  5
224D
330
1EEB
100
AcDbEntity
  8
CV-COTAS
 62
     2
100
AcDbMText
 10
67.46876404697127
 20
12.08971519487749
 30
0.0
 40
0.2
 41
0.0
 46
0.0
 71
     5
 72
     1
  1
45
  7
Formato
 73
     1
 44
1.0
  0
POINT
  5
224E
330
1EEB
100
AcDbEntity
  8
Defpoints
 62
     0
100
AcDbPoint
 10
66.34376404697241
 20
12.38490516781201
 30
0.0
  0
POINT
  5
224F
330
1EEB
100
AcDbEntity
  8
Defpoints
 62
     0
100
AcDbPoint
 10
68.59376404697013
 20
12.38490516781428
 30
0.0
  0
POINT
  5
2250
330
1EEB
100
AcDbEntity
  8
Defpoints
 62
     0
100
AcDbPoint
 10
68.59376404697013
 20
11.93468460344309
 30
0.0
  0
ENDBLK
  5
1EED
330
1EEB
100
AcDbEntity
  8
0
100
AcDbBlockEnd
  0
BLOCK
  5
1EF8
330
1EF7
100
AcDbEntity
  8
0
100
AcDbBlockBegin
  2
*D252
 70
     1
 10
0.0
 20
0.0
 30
0.0
  3
*D252
  1

  0
LINE
  5
2251
330
1EF7
100
AcDbEntity
  8
CV-COTAS
 62
     8
370
    -2
100
AcDbLine
 10
70.28507991091072
 20
14.13490516781246
 30
0.0
 11
69.92110978659292
 21
14.13490516781246
 31
0.0
  0
LINE
  5
2252
330
1EF7
100
AcDbEntity
  8
CV-COTAS
 62
     8
370
    -2
100
AcDbLine
 10
70.28507991091299
 20
12.38490516781201
 30
0.0
 11
69.92110978659292
 21
12.38490516781201
 31
0.0
  0
LINE
  5
2253
330
1EF7
100
AcDbEntity
  8
CV-COTAS
 62
     4
370
    -2
100
AcDbLine
 10
69.99110978659292
 20
14.13490516781246
 30
0.0
 11
69.99110978659292
 21
12.38490516781201
 31
0.0
  0
INSERT
  5
2254
330
1EF7
100
AcDbEntity
  8
CV-COTAS
 62
     4
370
    -2
100
AcDbBlockReference
  2
_Oblique
 10
69.99110978659292
 20
14.13490516781246
 30
0.0
 41
0.14
 42
0.14
 43
0.14
 50
90.0
  0
INSERT
  5
2255
330
1EF7
100
AcDbEntity
  8
CV-COTAS
 62
     4
370
    -2
100
AcDbBlockReference
  2
_Oblique
 10
69.99110978659292
 20
12.38490516781201
 30
0.0
 41
0.14
 42
0.14
 43
0.14
 50
270.0
  0
MTEXT
  5
2256
330
1EF7
100
AcDbEntity
  8
CV-COTAS
 62
     2
100
AcDbMText
 10
69.83607919515852
 20
13.25990516781223
 30
0.0
 40
0.2
 41
0.0
 46
0.0
 71
     5
 72
     1
  1
35
  7
Formato
 11
0.0
 21
1.0
 31
0.0
 73
     1
 44
1.0
  0
POINT
  5
2257
330
1EF7
100
AcDbEntity
  8
Defpoints
 62
     0
100
AcDbPoint
 10
70.35507991091072
 20
14.13490516781246
 30
0.0
  0
POINT
  5
2258
330
1EF7
100
AcDbEntity
  8
Defpoints
 62
     0
100
AcDbPoint
 10
70.35507991091299
 20
12.38490516781201
 30
0.0
  0
POINT
  5
2259
330
1EF7
100
AcDbEntity
  8
Defpoints
 62
     0
100
AcDbPoint
 10
69.99110978659292
 20
12.38490516781201
 30
0.0
  0
ENDBLK
  5
1EF9
330
1EF7
100
AcDbEntity
  8
0
100
AcDbBlockEnd
  0
BLOCK
  5
1F04
330
1F03
100
AcDbEntity
  8
0
100
AcDbBlockBegin
  2
*D253
 70
     1
 10
0.0
 20
0.0
 30
0.0
  3
*D253
  1

  0
LINE
  5
225A
330
1F03
100
AcDbEntity
  8
CV-COTAS
 62
     8
370
    -2
100
AcDbLine
 10
70.35507991091299
 20
12.31490516781201
 30
0.0
 11
70.35507991091299
 21
11.86468460344308
 31
0.0
  0
LINE
  5
225B
330
1F03
100
AcDbEntity
  8
CV-COTAS
 62
     8
370
    -2
100
AcDbLine
 10
72.60507991091071
 20
12.31490516781428
 30
0.0
 11
72.60507991091071
 21
11.86468460344308
 31
0.0
  0
LINE
  5
225C
330
1F03
100
AcDbEntity
  8
CV-COTAS
 62
     4
370
    -2
100
AcDbLine
 10
70.35507991091299
 20
11.93468460344309
 30
0.0
 11
72.60507991091071
 21
11.93468460344309
 31
0.0
  0
INSERT
  5
225D
330
1F03
100
AcDbEntity
  8
CV-COTAS
 62
     4
370
    -2
100
AcDbBlockReference
  2
_Oblique
 10
70.35507991091299
 20
11.93468460344309
 30
0.0
 41
0.14
 42
0.14
 43
0.14
 50
180.0
  0
INSERT
  5
225E
330
1F03
100
AcDbEntity
  8
CV-COTAS
 62
     4
370
    -2
100
AcDbBlockReference
  2
_Oblique
 10
72.60507991091071
 20
11.93468460344309
 30
0.0
 41
0.14
 42
0.14
 43
0.14
  0
MTEXT
  5
225F
330
1F03
100
AcDbEntity
  8
CV-COTAS
 62
     2
100
AcDbMText
 10
71.48007991091185
 20
12.08971519487749
 30
0.0
 40
0.2
 41
0.0
 46
0.0
 71
     5
 72
     1
  1
45
  7
Formato
 73
     1
 44
1.0
  0
POINT
  5
2260
330
1F03
100
AcDbEntity
  8
Defpoints
 62
     0
100
AcDbPoint
 10
70.35507991091299
 20
12.38490516781201
 30
0.0
  0
POINT
  5
2261
330
1F03
100
AcDbEntity
  8
Defpoints
 62
     0
100
AcDbPoint
 10
72.60507991091071
 20
12.38490516781428
 30
0.0
  0
POINT
  5
2262
330
1F03
100
AcDbEntity
  8
Defpoints
 62
     0
100
AcDbPoint
 10
72.60507991091071
 20
11.93468460344309
 30
0.0
  0
ENDBLK
  5
1F05
330
1F03
100
AcDbEntity
  8
0
100
AcDbBlockEnd
  0
BLOCK
  5
1F10
330
1F0F
100
AcDbEntity
  8
0
100
AcDbBlockBegin
  2
*D254
 70
     1
 10
0.0
 20
0.0
 30
0.0
  3
*D254
  1

  0
LINE
  5
2263
330
1F0F
100
AcDbEntity
  8
CV-COTAS
 62
     8
370
    -2
100
AcDbLine
 10
35.09474179344732
 20
9.559202649033863
 30
0.0
 11
34.73077166913316
 21
9.559202649033863
 31
0.0
  0
LINE
  5
2264
330
1F0F
100
AcDbEntity
  8
CV-COTAS
 62
     8
370
    -2
100
AcDbLine
 10
35.09474179344959
 20
7.809202649033409
 30
0.0
 11
34.73077166913316
 21
7.809202649033409
 31
0.0
  0
LINE
  5
2265
330
1F0F
100
AcDbEntity
  8
CV-COTAS
 62
     4
370
    -2
100
AcDbLine
 10
34.80077166913316
 20
9.559202649033863
 30
0.0
 11
34.80077166913316
 21
7.809202649033409
 31
0.0
  0
INSERT
  5
2266
330
1F0F
100
AcDbEntity
  8
CV-COTAS
 62
     4
370
    -2
100
AcDbBlockReference
  2
_Oblique
 10
34.80077166913316
 20
9.559202649033863
 30
0.0
 41
0.14
 42
0.14
 43
0.14
 50
90.0
  0
INSERT
  5
2267
330
1F0F
100
AcDbEntity
  8
CV-COTAS
 62
     4
370
    -2
100
AcDbBlockReference
  2
_Oblique
 10
34.80077166913316
 20
7.809202649033409
 30
0.0
 41
0.14
 42
0.14
 43
0.14
 50
270.0
  0
MTEXT
  5
2268
330
1F0F
100
AcDbEntity
  8
CV-COTAS
 62
     2
100
AcDbMText
 10
34.64574107769876
 20
8.684202649033636
 30
0.0
 40
0.2
 41
0.0
 46
0.0
 71
     5
 72
     1
  1
35
  7
Formato
 11
0.0
 21
1.0
 31
0.0
 73
     1
 44
1.0
  0
POINT
  5
2269
330
1F0F
100
AcDbEntity
  8
Defpoints
 62
     0
100
AcDbPoint
 10
35.16474179344732
 20
9.559202649033863
 30
0.0
  0
POINT
  5
226A
330
1F0F
100
AcDbEntity
  8
Defpoints
 62
     0
100
AcDbPoint
 10
35.16474179344959
 20
7.809202649033409
 30
0.0
  0
POINT
  5
226B
330
1F0F
100
AcDbEntity
  8
Defpoints
 62
     0
100
AcDbPoint
 10
34.80077166913316
 20
7.809202649033409
 30
0.0
  0
ENDBLK
  5
1F11
330
1F0F
100
AcDbEntity
  8
0
100
AcDbBlockEnd
  0
BLOCK
  5
1F1C
330
1F1B
100
AcDbEntity
  8
0
100
AcDbBlockBegin
  2
*D255
 70
     1
 10
0.0
 20
0.0
 30
0.0
  3
*D255
  1

  0
LINE
  5
226C
330
1F1B
100
AcDbEntity
  8
CV-COTAS
 62
     8
370
    -2
100
AcDbLine
 10
35.16474179344959
 20
7.739202649033408
 30
0.0
 11
35.16474179344959
 21
7.288982084664489
 31
0.0
  0
LINE
  5
226D
330
1F1B
100
AcDbEntity
  8
CV-COTAS
 62
     8
370
    -2
100
AcDbLine
 10
37.41474179344732
 20
7.739202649035682
 30
0.0
 11
37.41474179344732
 21
7.288982084664489
 31
0.0
  0
LINE
  5
226E
330
1F1B
100
AcDbEntity
  8
CV-COTAS
 62
     4
370
    -2
100
AcDbLine
 10
35.16474179344959
 20
7.358982084664489
 30
0.0
 11
37.41474179344732
 21
7.358982084664489
 31
0.0
  0
INSERT
  5
226F
330
1F1B
100
AcDbEntity
  8
CV-COTAS
 62
     4
370
    -2
100
AcDbBlockReference
  2
_Oblique
 10
35.16474179344959
 20
7.358982084664489
 30
0.0
 41
0.14
 42
0.14
 43
0.14
 50
180.0
  0
INSERT
  5
2270
330
1F1B
100
AcDbEntity
  8
CV-COTAS
 62
     4
370
    -2
100
AcDbBlockReference
  2
_Oblique
 10
37.41474179344732
 20
7.358982084664489
 30
0.0
 41
0.14
 42
0.14
 43
0.14
  0
MTEXT
  5
2271
330
1F1B
100
AcDbEntity
  8
CV-COTAS
 62
     2
100
AcDbMText
 10
36.28974179344846
 20
7.514012676098888
 30
0.0
 40
0.2
 41
0.0
 46
0.0
 71
     5
 72
     1
  1
45
  7
Formato
 73
     1
 44
1.0
  0
POINT
  5
2272
330
1F1B
100
AcDbEntity
  8
Defpoints
 62
     0
100
AcDbPoint
 10
35.16474179344959
 20
7.809202649033409
 30
0.0
  0
POINT
  5
2273
330
1F1B
100
AcDbEntity
  8
Defpoints
 62
     0
100
AcDbPoint
 10
37.41474179344732
 20
7.809202649035682
 30
0.0
  0
POINT
  5
2274
330
1F1B
100
AcDbEntity
  8
Defpoints
 62
     0
100
AcDbPoint
 10
37.41474179344732
 20
7.358982084664489
 30
0.0
  0
ENDBLK
  5
1F1D
330
1F1B
100
AcDbEntity
  8
0
100
AcDbBlockEnd
  0
BLOCK
  5
1F28
330
1F27
100
AcDbEntity
  8
0
100
AcDbBlockBegin
  2
*D256
 70
     1
 10
0.0
 20
0.0
 30
0.0
  3
*D256
  1

  0
LINE
  5
2275
330
1F27
100
AcDbEntity
  8
CV-COTAS
 62
     8
370
    -2
100
AcDbLine
 10
39.48105765738563
 20
9.559202649033863
 30
0.0
 11
39.11708753307419
 21
9.559202649033863
 31
0.0
  0
LINE
  5
2276
330
1F27
100
AcDbEntity
  8
CV-COTAS
 62
     8
370
    -2
100
AcDbLine
 10
39.4810576573879
 20
7.809202649033409
 30
0.0
 11
39.11708753307419
 21
7.809202649033409
 31
0.0
  0
LINE
  5
2277
330
1F27
100
AcDbEntity
  8
CV-COTAS
 62
     4
370
    -2
100
AcDbLine
 10
39.18708753307419
 20
9.559202649033863
 30
0.0
 11
39.18708753307419
 21
7.809202649033409
 31
0.0
  0
INSERT
  5
2278
330
1F27
100
AcDbEntity
  8
CV-COTAS
 62
     4
370
    -2
100
AcDbBlockReference
  2
_Oblique
 10
39.18708753307419
 20
9.559202649033863
 30
0.0
 41
0.14
 42
0.14
 43
0.14
 50
90.0
  0
INSERT
  5
2279
330
1F27
100
AcDbEntity
  8
CV-COTAS
 62
     4
370
    -2
100
AcDbBlockReference
  2
_Oblique
 10
39.18708753307419
 20
7.809202649033409
 30
0.0
 41
0.14
 42
0.14
 43
0.14
 50
270.0
  0
MTEXT
  5
227A
330
1F27
100
AcDbEntity
  8
CV-COTAS
 62
     2
100
AcDbMText
 10
39.03205694163979
 20
8.684202649033636
 30
0.0
 40
0.2
 41
0.0
 46
0.0
 71
     5
 72
     1
  1
35
  7
Formato
 11
0.0
 21
1.0
 31
0.0
 73
     1
 44
1.0
  0
POINT
  5
227B
330
1F27
100
AcDbEntity
  8
Defpoints
 62
     0
100
AcDbPoint
 10
39.55105765738563
 20
9.559202649033863
 30
0.0
  0
POINT
  5
227C
330
1F27
100
AcDbEntity
  8
Defpoints
 62
     0
100
AcDbPoint
 10
39.5510576573879
 20
7.809202649033409
 30
0.0
  0
POINT
  5
227D
330
1F27
100
AcDbEntity
  8
Defpoints
 62
     0
100
AcDbPoint
 10
39.18708753307419
 20
7.809202649033409
 30
0.0
  0
ENDBLK
  5
1F29
330
1F27
100
AcDbEntity
  8
0
100
AcDbBlockEnd
  0
BLOCK
  5
1F34
330
1F33
100
AcDbEntity
  8
0
100
AcDbBlockBegin
  2
*D257
 70
     1
 10
0.0
 20
0.0
 30
0.0
  3
*D257
  1

  0
LINE
  5
227E
330
1F33
100
AcDbEntity
  8
CV-COTAS
 62
     8
370
    -2
100
AcDbLine
 10
39.5510576573879
 20
7.739202649033408
 30
0.0
 11
39.5510576573879
 21
7.288982084664489
 31
0.0
  0
LINE
  5
227F
330
1F33
100
AcDbEntity
  8
CV-COTAS
 62
     8
370
    -2
100
AcDbLine
 10
41.80105765738562
 20
7.739202649035682
 30
0.0
 11
41.80105765738562
 21
7.288982084664489
 31
0.0
  0
LINE
  5
2280
330
1F33
100
AcDbEntity
  8
CV-COTAS
 62
     4
370
    -2
100
AcDbLine
 10
39.5510576573879
 20
7.358982084664489
 30
0.0
 11
41.80105765738562
 21
7.358982084664489
 31
0.0
  0
INSERT
  5
2281
330
1F33
100
AcDbEntity
  8
CV-COTAS
 62
     4
370
    -2
100
AcDbBlockReference
  2
_Oblique
 10
39.5510576573879
 20
7.358982084664489
 30
0.0
 41
0.14
 42
0.14
 43
0.14
 50
180.0
  0
INSERT
  5
2282
330
1F33
100
AcDbEntity
  8
CV-COTAS
 62
     4
370
    -2
100
AcDbBlockReference
  2
_Oblique
 10
41.80105765738562
 20
7.358982084664489
 30
0.0
 41
0.14
 42
0.14
 43
0.14
  0
MTEXT
  5
2283
330
1F33
100
AcDbEntity
  8
CV-COTAS
 62
     2
100
AcDbMText
 10
40.67605765738676
 20
7.514012676098888
 30
0.0
 40
0.2
 41
0.0
 46
0.0
 71
     5
 72
     1
  1
45
  7
Formato
 73
     1
 44
1.0
  0
POINT
  5
2284
330
1F33
100
AcDbEntity
  8
Defpoints
 62
     0
100
AcDbPoint
 10
39.5510576573879
 20
7.809202649033409
 30
0.0
  0
POINT
  5
2285
330
1F33
100
AcDbEntity
  8
Defpoints
 62
     0
100
AcDbPoint
 10
41.80105765738562
 20
7.809202649035682
 30
0.0
  0
POINT
  5
2286
330
1F33
100
AcDbEntity
  8
Defpoints
 62
     0
100
AcDbPoint
 10
41.80105765738562
 20
7.358982084664489
 30
0.0
  0
ENDBLK
  5
1F35
330
1F33
100
AcDbEntity
  8
0
100
AcDbBlockEnd
  0
BLOCK
  5
1F40
330
1F3F
100
AcDbEntity
  8
0
100
AcDbBlockBegin
  2
*D258
 70
     1
 10
0.0
 20
0.0
 30
0.0
  3
*D258
  1

  0
LINE
  5
2287
330
1F3F
100
AcDbEntity
  8
CV-COTAS
 62
     8
370
    -2
100
AcDbLine
 10
43.95425820045118
 20
9.559202649033863
 30
0.0
 11
43.5902880761452
 21
9.559202649033863
 31
0.0
  0
LINE
  5
2288
330
1F3F
100
AcDbEntity
  8
CV-COTAS
 62
     8
370
    -2
100
AcDbLine
 10
43.95425820045345
 20
7.809202649033409
 30
0.0
 11
43.5902880761452
 21
7.809202649033409
 31
0.0
  0
LINE
  5
2289
330
1F3F
100
AcDbEntity
  8
CV-COTAS
 62
     4
370
    -2
100
AcDbLine
 10
43.66028807614521
 20
9.559202649033863
 30
0.0
 11
43.66028807614521
 21
7.809202649033409
 31
0.0
  0
INSERT
  5
228A
330
1F3F
100
AcDbEntity
  8
CV-COTAS
 62
     4
370
    -2
100
AcDbBlockReference
  2
_Oblique
 10
43.66028807614521
 20
9.559202649033863
 30
0.0
 41
0.14
 42
0.14
 43
0.14
 50
90.0
  0
INSERT
  5
228B
330
1F3F
100
AcDbEntity
  8
CV-COTAS
 62
     4
370
    -2
100
AcDbBlockReference
  2
_Oblique
 10
43.66028807614521
 20
7.809202649033409
 30
0.0
 41
0.14
 42
0.14
 43
0.14
 50
270.0
  0
MTEXT
  5
228C
330
1F3F
100
AcDbEntity
  8
CV-COTAS
 62
     2
100
AcDbMText
 10
43.5052574847108
 20
8.684202649033636
 30
0.0
 40
0.2
 41
0.0
 46
0.0
 71
     5
 72
     1
  1
35
  7
Formato
 11
0.0
 21
1.0
 31
0.0
 73
     1
 44
1.0
  0
POINT
  5
228D
330
1F3F
100
AcDbEntity
  8
Defpoints
 62
     0
100
AcDbPoint
 10
44.02425820045118
 20
9.559202649033863
 30
0.0
  0
POINT
  5
228E
330
1F3F
100
AcDbEntity
  8
Defpoints
 62
     0
100
AcDbPoint
 10
44.02425820045346
 20
7.809202649033409
 30
0.0
  0
POINT
  5
228F
330
1F3F
100
AcDbEntity
  8
Defpoints
 62
     0
100
AcDbPoint
 10
43.66028807614521
 20
7.809202649033409
 30
0.0
  0
ENDBLK
  5
1F41
330
1F3F
100
AcDbEntity
  8
0
100
AcDbBlockEnd
  0
BLOCK
  5
1F4C
330
1F4B
100
AcDbEntity
  8
0
100
AcDbBlockBegin
  2
*D259
 70
     1
 10
0.0
 20
0.0
 30
0.0
  3
*D259
  1

  0
LINE
  5
2290
330
1F4B
100
AcDbEntity
  8
CV-COTAS
 62
     8
370
    -2
100
AcDbLine
 10
44.02425820045346
 20
7.739202649033408
 30
0.0
 11
44.02425820045346
 21
7.288982084664489
 31
0.0
  0
LINE
  5
2291
330
1F4B
100
AcDbEntity
  8
CV-COTAS
 62
     8
370
    -2
100
AcDbLine
 10
46.42425820045082
 20
7.739202649035682
 30
0.0
 11
46.42425820045082
 21
7.288982084664489
 31
0.0
  0
LINE
  5
2292
330
1F4B
100
AcDbEntity
  8
CV-COTAS
 62
     4
370
    -2
100
AcDbLine
 10
44.02425820045346
 20
7.358982084664489
 30
0.0
 11
46.42425820045082
 21
7.358982084664489
 31
0.0
  0
INSERT
  5
2293
330
1F4B
100
AcDbEntity
  8
CV-COTAS
 62
     4
370
    -2
100
AcDbBlockReference
  2
_Oblique
 10
44.02425820045346
 20
7.358982084664489
 30
0.0
 41
0.14
 42
0.14
 43
0.14
 50
180.0
  0
INSERT
  5
2294
330
1F4B
100
AcDbEntity
  8
CV-COTAS
 62
     4
370
    -2
100
AcDbBlockReference
  2
_Oblique
 10
46.42425820045082
 20
7.358982084664489
 30
0.0
 41
0.14
 42
0.14
 43
0.14
  0
MTEXT
  5
2295
330
1F4B
100
AcDbEntity
  8
CV-COTAS
 62
     2
100
AcDbMText
 10
45.22425820045214
 20
7.514012676098888
 30
0.0
 40
0.2
 41
0.0
 46
0.0
 71
     5
 72
     1
  1
48
  7
Formato
 73
     1
 44
1.0
  0
POINT
  5
2296
330
1F4B
100
AcDbEntity
  8
Defpoints
 62
     0
100
AcDbPoint
 10
44.02425820045346
 20
7.809202649033409
 30
0.0
  0
POINT
  5
2297
330
1F4B
100
AcDbEntity
  8
Defpoints
 62
     0
100
AcDbPoint
 10
46.42425820045082
 20
7.809202649035682
 30
0.0
  0
POINT
  5
2298
330
1F4B
100
AcDbEntity
  8
Defpoints
 62
     0
100
AcDbPoint
 10
46.42425820045082
 20
7.358982084664489
 30
0.0
  0
ENDBLK
  5
1F4D
330
1F4B
100
AcDbEntity
  8
0
100
AcDbBlockEnd
  0
BLOCK
  5
1F58
330
1F57
100
AcDbEntity
  8
0
100
AcDbBlockBegin
  2
*D260
 70
     1
 10
0.0
 20
0.0
 30
0.0
  3
*D260
  1

  0
LINE
  5
2299
330
1F57
100
AcDbEntity
  8
CV-COTAS
 62
     8
370
    -2
100
AcDbLine
 10
48.58341309232645
 20
9.559202649033863
 30
0.0
 11
48.21944296802501
 21
9.559202649033863
 31
0.0
  0
LINE
  5
229A
330
1F57
100
AcDbEntity
  8
CV-COTAS
 62
     8
370
    -2
100
AcDbLine
 10
48.58341309232872
 20
7.809202649033409
 30
0.0
 11
48.21944296802501
 21
7.809202649033409
 31
0.0
  0
LINE
  5
229B
330
1F57
100
AcDbEntity
  8
CV-COTAS
 62
     4
370
    -2
100
AcDbLine
 10
48.28944296802501
 20
9.559202649033863
 30
0.0
 11
48.28944296802501
 21
7.809202649033409
 31
0.0
  0
INSERT
  5
229C
330
1F57
100
AcDbEntity
  8
CV-COTAS
 62
     4
370
    -2
100
AcDbBlockReference
  2
_Oblique
 10
48.28944296802501
 20
9.559202649033863
 30
0.0
 41
0.14
 42
0.14
 43
0.14
 50
90.0
  0
INSERT
  5
229D
330
1F57
100
AcDbEntity
  8
CV-COTAS
 62
     4
370
    -2
100
AcDbBlockReference
  2
_Oblique
 10
48.28944296802501
 20
7.809202649033409
 30
0.0
 41
0.14
 42
0.14
 43
0.14
 50
270.0
  0
MTEXT
  5
229E
330
1F57
100
AcDbEntity
  8
CV-COTAS
 62
     2
100
AcDbMText
 10
48.13441237659062
 20
8.684202649033636
 30
0.0
 40
0.2
 41
0.0
 46
0.0
 71
     5
 72
     1
  1
35
  7
Formato
 11
0.0
 21
1.0
 31
0.0
 73
     1
 44
1.0
  0
POINT
  5
229F
330
1F57
100
AcDbEntity
  8
Defpoints
 62
     0
100
AcDbPoint
 10
48.65341309232644
 20
9.559202649033863
 30
0.0
  0
POINT
  5
22A0
330
1F57
100
AcDbEntity
  8
Defpoints
 62
     0
100
AcDbPoint
 10
48.65341309232872
 20
7.809202649033409
 30
0.0
  0
POINT
  5
22A1
330
1F57
100
AcDbEntity
  8
Defpoints
 62
     0
100
AcDbPoint
 10
48.28944296802501
 20
7.809202649033409
 30
0.0
  0
ENDBLK
  5
1F59
330
1F57
100
AcDbEntity
  8
0
100
AcDbBlockEnd
  0
BLOCK
  5
1F64
330
1F63
100
AcDbEntity
  8
0
100
AcDbBlockBegin
  2
*D261
 70
     1
 10
0.0
 20
0.0
 30
0.0
  3
*D261
  1

  0
LINE
  5
22A2
330
1F63
100
AcDbEntity
  8
CV-COTAS
 62
     8
370
    -2
100
AcDbLine
 10
48.65341309232872
 20
7.739202649033408
 30
0.0
 11
48.65341309232872
 21
7.288982084664489
 31
0.0
  0
LINE
  5
22A3
330
1F63
100
AcDbEntity
  8
CV-COTAS
 62
     8
370
    -2
100
AcDbLine
 10
51.05341309232608
 20
7.739202649035682
 30
0.0
 11
51.05341309232608
 21
7.288982084664489
 31
0.0
  0
LINE
  5
22A4
330
1F63
100
AcDbEntity
  8
CV-COTAS
 62
     4
370
    -2
100
AcDbLine
 10
48.65341309232872
 20
7.358982084664489
 30
0.0
 11
51.05341309232608
 21
7.358982084664489
 31
0.0
  0
INSERT
  5
22A5
330
1F63
100
AcDbEntity
  8
CV-COTAS
 62
     4
370
    -2
100
AcDbBlockReference
  2
_Oblique
 10
48.65341309232872
 20
7.358982084664489
 30
0.0
 41
0.14
 42
0.14
 43
0.14
 50
180.0
  0
INSERT
  5
22A6
330
1F63
100
AcDbEntity
  8
CV-COTAS
 62
     4
370
    -2
100
AcDbBlockReference
  2
_Oblique
 10
51.05341309232608
 20
7.358982084664489
 30
0.0
 41
0.14
 42
0.14
 43
0.14
  0
MTEXT
  5
22A7
330
1F63
100
AcDbEntity
  8
CV-COTAS
 62
     2
100
AcDbMText
 10
49.8534130923274
 20
7.514012676098888
 30
0.0
 40
0.2
 41
0.0
 46
0.0
 71
     5
 72
     1
  1
48
  7
Formato
 73
     1
 44
1.0
  0
POINT
  5
22A8
330
1F63
100
AcDbEntity
  8
Defpoints
 62
     0
100
AcDbPoint
 10
48.65341309232872
 20
7.809202649033409
 30
0.0
  0
POINT
  5
22A9
330
1F63
100
AcDbEntity
  8
Defpoints
 62
     0
100
AcDbPoint
 10
51.05341309232608
 20
7.809202649035682
 30
0.0
  0
POINT
  5
22AA
330
1F63
100
AcDbEntity
  8
Defpoints
 62
     0
100
AcDbPoint
 10
51.05341309232608
 20
7.358982084664489
 30
0.0
  0
ENDBLK
  5
1F65
330
1F63
100
AcDbEntity
  8
0
100
AcDbBlockEnd
  0
BLOCK
  5
1F70
330
1F6F
100
AcDbEntity
  8
0
100
AcDbBlockBegin
  2
*D262
 70
     1
 10
0.0
 20
0.0
 30
0.0
  3
*D262
  1

  0
LINE
  5
22AB
330
1F6F
100
AcDbEntity
  8
CV-COTAS
 62
     8
370
    -2
100
AcDbLine
 10
53.1855832012631
 20
9.559202649033863
 30
0.0
 11
52.82161307696622
 21
9.559202649033863
 31
0.0
  0
LINE
  5
22AC
330
1F6F
100
AcDbEntity
  8
CV-COTAS
 62
     8
370
    -2
100
AcDbLine
 10
53.18558320126538
 20
7.809202649033409
 30
0.0
 11
52.82161307696622
 21
7.809202649033409
 31
0.0
  0
LINE
  5
22AD
330
1F6F
100
AcDbEntity
  8
CV-COTAS
 62
     4
370
    -2
100
AcDbLine
 10
52.89161307696622
 20
9.559202649033863
 30
0.0
 11
52.89161307696622
 21
7.809202649033409
 31
0.0
  0
INSERT
  5
22AE
330
1F6F
100
AcDbEntity
  8
CV-COTAS
 62
     4
370
    -2
100
AcDbBlockReference
  2
_Oblique
 10
52.89161307696622
 20
9.559202649033863
 30
0.0
 41
0.14
 42
0.14
 43
0.14
 50
90.0
  0
INSERT
  5
22AF
330
1F6F
100
AcDbEntity
  8
CV-COTAS
 62
     4
370
    -2
100
AcDbBlockReference
  2
_Oblique
 10
52.89161307696622
 20
7.809202649033409
 30
0.0
 41
0.14
 42
0.14
 43
0.14
 50
270.0
  0
MTEXT
  5
22B0
330
1F6F
100
AcDbEntity
  8
CV-COTAS
 62
     2
100
AcDbMText
 10
52.73658248553182
 20
8.684202649033636
 30
0.0
 40
0.2
 41
0.0
 46
0.0
 71
     5
 72
     1
  1
35
  7
Formato
 11
0.0
 21
1.0
 31
0.0
 73
     1
 44
1.0
  0
POINT
  5
22B1
330
1F6F
100
AcDbEntity
  8
Defpoints
 62
     0
100
AcDbPoint
 10
53.25558320126311
 20
9.559202649033863
 30
0.0
  0
POINT
  5
22B2
330
1F6F
100
AcDbEntity
  8
Defpoints
 62
     0
100
AcDbPoint
 10
53.25558320126538
 20
7.809202649033409
 30
0.0
  0
POINT
  5
22B3
330
1F6F
100
AcDbEntity
  8
Defpoints
 62
     0
100
AcDbPoint
 10
52.89161307696622
 20
7.809202649033409
 30
0.0
  0
ENDBLK
  5
1F71
330
1F6F
100
AcDbEntity
  8
0
100
AcDbBlockEnd
  0
BLOCK
  5
1F7C
330
1F7B
100
AcDbEntity
  8
0
100
AcDbBlockBegin
  2
*D263
 70
     1
 10
0.0
 20
0.0
 30
0.0
  3
*D263
  1

  0
LINE
  5
22B4
330
1F7B
100
AcDbEntity
  8
CV-COTAS
 62
     8
370
    -2
100
AcDbLine
 10
53.25558320126538
 20
7.739202649033408
 30
0.0
 11
53.25558320126538
 21
7.288982084664489
 31
0.0
  0
LINE
  5
22B5
330
1F7B
100
AcDbEntity
  8
CV-COTAS
 62
     8
370
    -2
100
AcDbLine
 10
56.0055832012631
 20
7.739202649035682
 30
0.0
 11
56.0055832012631
 21
7.288982084664489
 31
0.0
  0
LINE
  5
22B6
330
1F7B
100
AcDbEntity
  8
CV-COTAS
 62
     4
370
    -2
100
AcDbLine
 10
53.25558320126538
 20
7.358982084664489
 30
0.0
 11
56.0055832012631
 21
7.358982084664489
 31
0.0
  0
INSERT
  5
22B7
330
1F7B
100
AcDbEntity
  8
CV-COTAS
 62
     4
370
    -2
100
AcDbBlockReference
  2
_Oblique
 10
53.25558320126538
 20
7.358982084664489
 30
0.0
 41
0.14
 42
0.14
 43
0.14
 50
180.0
  0
INSERT
  5
22B8
330
1F7B
100
AcDbEntity
  8
CV-COTAS
 62
     4
370
    -2
100
AcDbBlockReference
  2
_Oblique
 10
56.0055832012631
 20
7.358982084664489
 30
0.0
 41
0.14
 42
0.14
 43
0.14
  0
MTEXT
  5
22B9
330
1F7B
100
AcDbEntity
  8
CV-COTAS
 62
     2
100
AcDbMText
 10
54.63058320126425
 20
7.52509357344763
 30
0.0
 40
0.2
 41
0.0
 46
0.0
 71
     5
 72
     1
  1
55/60
  7
Formato
 73
     1
 44
1.0
  0
POINT
  5
22BA
330
1F7B
100
AcDbEntity
  8
Defpoints
 62
     0
100
AcDbPoint
 10
53.25558320126538
 20
7.809202649033409
 30
0.0
  0
POINT
  5
22BB
330
1F7B
100
AcDbEntity
  8
Defpoints
 62
     0
100
AcDbPoint
 10
56.0055832012631
 20
7.809202649035682
 30
0.0
  0
POINT
  5
22BC
330
1F7B
100
AcDbEntity
  8
Defpoints
 62
     0
100
AcDbPoint
 10
56.0055832012631
 20
7.358982084664489
 30
0.0
  0
ENDBLK
  5
1F7D
330
1F7B
100
AcDbEntity
  8
0
100
AcDbBlockEnd
  0
BLOCK
  5
1F88
330
1F87
100
AcDbEntity
  8
0
100
AcDbBlockBegin
  2
*D264
 70
     1
 10
0.0
 20
0.0
 30
0.0
  3
*D264
  1

  0
LINE
  5
22BD
330
1F87
100
AcDbEntity
  8
CV-COTAS
 62
     8
370
    -2
100
AcDbLine
 10
58.14050476783966
 20
9.559202649033863
 30
0.0
 11
57.77653464354642
 21
9.559202649033863
 31
0.0
  0
LINE
  5
22BE
330
1F87
100
AcDbEntity
  8
CV-COTAS
 62
     8
370
    -2
100
AcDbLine
 10
58.14050476784194
 20
7.809202649033409
 30
0.0
 11
57.77653464354642
 21
7.809202649033409
 31
0.0
  0
LINE
  5
22BF
330
1F87
100
AcDbEntity
  8
CV-COTAS
 62
     4
370
    -2
100
AcDbLine
 10
57.84653464354642
 20
9.559202649033863
 30
0.0
 11
57.84653464354642
 21
7.809202649033409
 31
0.0
  0
INSERT
  5
22C0
330
1F87
100
AcDbEntity
  8
CV-COTAS
 62
     4
370
    -2
100
AcDbBlockReference
  2
_Oblique
 10
57.84653464354642
 20
9.559202649033863
 30
0.0
 41
0.14
 42
0.14
 43
0.14
 50
90.0
  0
INSERT
  5
22C1
330
1F87
100
AcDbEntity
  8
CV-COTAS
 62
     4
370
    -2
100
AcDbBlockReference
  2
_Oblique
 10
57.84653464354642
 20
7.809202649033409
 30
0.0
 41
0.14
 42
0.14
 43
0.14
 50
270.0
  0
MTEXT
  5
22C2
330
1F87
100
AcDbEntity
  8
CV-COTAS
 62
     2
100
AcDbMText
 10
57.69150405211203
 20
8.684202649033636
 30
0.0
 40
0.2
 41
0.0
 46
0.0
 71
     5
 72
     1
  1
35
  7
Formato
 11
0.0
 21
1.0
 31
0.0
 73
     1
 44
1.0
  0
POINT
  5
22C3
330
1F87
100
AcDbEntity
  8
Defpoints
 62
     0
100
AcDbPoint
 10
58.21050476783966
 20
9.559202649033863
 30
0.0
  0
POINT
  5
22C4
330
1F87
100
AcDbEntity
  8
Defpoints
 62
     0
100
AcDbPoint
 10
58.21050476784193
 20
7.809202649033409
 30
0.0
  0
POINT
  5
22C5
330
1F87
100
AcDbEntity
  8
Defpoints
 62
     0
100
AcDbPoint
 10
57.84653464354642
 20
7.809202649033409
 30
0.0
  0
ENDBLK
  5
1F89
330
1F87
100
AcDbEntity
  8
0
100
AcDbBlockEnd
  0
BLOCK
  5
1F94
330
1F93
100
AcDbEntity
  8
0
100
AcDbBlockBegin
  2
*D265
 70
     1
 10
0.0
 20
0.0
 30
0.0
  3
*D265
  1

  0
LINE
  5
22C6
330
1F93
100
AcDbEntity
  8
CV-COTAS
 62
     8
370
    -2
100
AcDbLine
 10
58.21050476784193
 20
7.739202649033408
 30
0.0
 11
58.21050476784193
 21
7.288982084664489
 31
0.0
  0
LINE
  5
22C7
330
1F93
100
AcDbEntity
  8
CV-COTAS
 62
     8
370
    -2
100
AcDbLine
 10
61.21050476783967
 20
7.739202649035682
 30
0.0
 11
61.21050476783967
 21
7.288982084664489
 31
0.0
  0
LINE
  5
22C8
330
1F93
100
AcDbEntity
  8
CV-COTAS
 62
     4
370
    -2
100
AcDbLine
 10
58.21050476784193
 20
7.358982084664489
 30
0.0
 11
61.21050476783967
 21
7.358982084664489
 31
0.0
  0
INSERT
  5
22C9
330
1F93
100
AcDbEntity
  8
CV-COTAS
 62
     4
370
    -2
100
AcDbBlockReference
  2
_Oblique
 10
58.21050476784193
 20
7.358982084664489
 30
0.0
 41
0.14
 42
0.14
 43
0.14
 50
180.0
  0
INSERT
  5
22CA
330
1F93
100
AcDbEntity
  8
CV-COTAS
 62
     4
370
    -2
100
AcDbBlockReference
  2
_Oblique
 10
61.21050476783967
 20
7.358982084664489
 30
0.0
 41
0.14
 42
0.14
 43
0.14
  0
MTEXT
  5
22CB
330
1F93
100
AcDbEntity
  8
CV-COTAS
 62
     2
100
AcDbMText
 10
59.7105047678408
 20
7.514012676098888
 30
0.0
 40
0.2
 41
0.0
 46
0.0
 71
     5
 72
     1
  1
60
  7
Formato
 73
     1
 44
1.0
  0
POINT
  5
22CC
330
1F93
100
AcDbEntity
  8
Defpoints
 62
     0
100
AcDbPoint
 10
58.21050476784193
 20
7.809202649033409
 30
0.0
  0
POINT
  5
22CD
330
1F93
100
AcDbEntity
  8
Defpoints
 62
     0
100
AcDbPoint
 10
61.21050476783967
 20
7.809202649035682
 30
0.0
  0
POINT
  5
22CE
330
1F93
100
AcDbEntity
  8
Defpoints
 62
     0
100
AcDbPoint
 10
61.21050476783967
 20
7.358982084664489
 30
0.0
  0
ENDBLK
  5
1F95
330
1F93
100
AcDbEntity
  8
0
100
AcDbBlockEnd
  0
BLOCK
  5
1FA0
330
1F9F
100
AcDbEntity
  8
0
100
AcDbBlockBegin
  2
*D266
 70
     1
 10
0.0
 20
0.0
 30
0.0
  3
*D266
  1

  0
LINE
  5
22CF
330
1F9F
100
AcDbEntity
  8
CV-COTAS
 62
     8
370
    -2
100
AcDbLine
 10
63.33496281882133
 20
9.559202649033863
 30
0.0
 11
62.97099269453172
 21
9.559202649033863
 31
0.0
  0
LINE
  5
22D0
330
1F9F
100
AcDbEntity
  8
CV-COTAS
 62
     8
370
    -2
100
AcDbLine
 10
63.33496281882361
 20
7.809202649033409
 30
0.0
 11
62.97099269453172
 21
7.809202649033409
 31
0.0
  0
LINE
  5
22D1
330
1F9F
100
AcDbEntity
  8
CV-COTAS
 62
     4
370
    -2
100
AcDbLine
 10
63.04099269453172
 20
9.559202649033863
 30
0.0
 11
63.04099269453172
 21
7.809202649033409
 31
0.0
  0
INSERT
  5
22D2
330
1F9F
100
AcDbEntity
  8
CV-COTAS
 62
     4
370
    -2
100
AcDbBlockReference
  2
_Oblique
 10
63.04099269453172
 20
9.559202649033863
 30
0.0
 41
0.14
 42
0.14
 43
0.14
 50
90.0
  0
INSERT
  5
22D3
330
1F9F
100
AcDbEntity
  8
CV-COTAS
 62
     4
370
    -2
100
AcDbBlockReference
  2
_Oblique
 10
63.04099269453172
 20
7.809202649033409
 30
0.0
 41
0.14
 42
0.14
 43
0.14
 50
270.0
  0
MTEXT
  5
22D4
330
1F9F
100
AcDbEntity
  8
CV-COTAS
 62
     2
100
AcDbMText
 10
62.88596210309733
 20
8.684202649033636
 30
0.0
 40
0.2
 41
0.0
 46
0.0
 71
     5
 72
     1
  1
35
  7
Formato
 11
0.0
 21
1.0
 31
0.0
 73
     1
 44
1.0
  0
POINT
  5
22D5
330
1F9F
100
AcDbEntity
  8
Defpoints
 62
     0
100
AcDbPoint
 10
63.40496281882133
 20
9.559202649033863
 30
0.0
  0
POINT
  5
22D6
330
1F9F
100
AcDbEntity
  8
Defpoints
 62
     0
100
AcDbPoint
 10
63.4049628188236
 20
7.809202649033409
 30
0.0
  0
POINT
  5
22D7
330
1F9F
100
AcDbEntity
  8
Defpoints
 62
     0
100
AcDbPoint
 10
63.04099269453172
 20
7.809202649033409
 30
0.0
  0
ENDBLK
  5
1FA1
330
1F9F
100
AcDbEntity
  8
0
100
AcDbBlockEnd
  0
BLOCK
  5
1FAC
330
1FAB
100
AcDbEntity
  8
0
100
AcDbBlockBegin
  2
*D267
 70
     1
 10
0.0
 20
0.0
 30
0.0
  3
*D267
  1

  0
LINE
  5
22D8
330
1FAB
100
AcDbEntity
  8
CV-COTAS
 62
     8
370
    -2
100
AcDbLine
 10
63.4049628188236
 20
7.739202649033408
 30
0.0
 11
63.4049628188236
 21
7.288982084664489
 31
0.0
  0
LINE
  5
22D9
330
1FAB
100
AcDbEntity
  8
CV-COTAS
 62
     8
370
    -2
100
AcDbLine
 10
66.65496281882133
 20
7.739202649035682
 30
0.0
 11
66.65496281882133
 21
7.288982084664489
 31
0.0
  0
LINE
  5
22DA
330
1FAB
100
AcDbEntity
  8
CV-COTAS
 62
     4
370
    -2
100
AcDbLine
 10
63.4049628188236
 20
7.358982084664489
 30
0.0
 11
66.65496281882133
 21
7.358982084664489
 31
0.0
  0
INSERT
  5
22DB
330
1FAB
100
AcDbEntity
  8
CV-COTAS
 62
     4
370
    -2
100
AcDbBlockReference
  2
_Oblique
 10
63.4049628188236
 20
7.358982084664489
 30
0.0
 41
0.14
 42
0.14
 43
0.14
 50
180.0
  0
INSERT
  5
22DC
330
1FAB
100
AcDbEntity
  8
CV-COTAS
 62
     4
370
    -2
100
AcDbBlockReference
  2
_Oblique
 10
66.65496281882133
 20
7.358982084664489
 30
0.0
 41
0.14
 42
0.14
 43
0.14
  0
MTEXT
  5
22DD
330
1FAB
100
AcDbEntity
  8
CV-COTAS
 62
     2
100
AcDbMText
 10
65.02996281882246
 20
7.52509357344763
 30
0.0
 40
0.2
 41
0.0
 46
0.0
 71
     5
 72
     1
  1
55/60/65
  7
Formato
 73
     1
 44
1.0
  0
POINT
  5
22DE
330
1FAB
100
AcDbEntity
  8
Defpoints
 62
     0
100
AcDbPoint
 10
63.4049628188236
 20
7.809202649033409
 30
0.0
  0
POINT
  5
22DF
330
1FAB
100
AcDbEntity
  8
Defpoints
 62
     0
100
AcDbPoint
 10
66.65496281882133
 20
7.809202649035682
 30
0.0
  0
POINT
  5
22E0
330
1FAB
100
AcDbEntity
  8
Defpoints
 62
     0
100
AcDbPoint
 10
66.65496281882133
 20
7.358982084664489
 30
0.0
  0
ENDBLK
  5
1FAD
330
1FAB
100
AcDbEntity
  8
0
100
AcDbBlockEnd
  0
BLOCK
  5
1FB8
330
1FB7
100
AcDbEntity
  8
0
100
AcDbBlockBegin
  2
*D268
 70
     1
 10
0.0
 20
0.0
 30
0.0
  3
*D268
  1

  0
LINE
  5
22E1
330
1FB7
100
AcDbEntity
  8
CV-COTAS
 62
     8
370
    -2
100
AcDbLine
 10
68.81061743966137
 20
9.559202649033863
 30
0.0
 11
68.4466473153754
 21
9.559202649033863
 31
0.0
  0
LINE
  5
22E2
330
1FB7
100
AcDbEntity
  8
CV-COTAS
 62
     8
370
    -2
100
AcDbLine
 10
68.81061743966364
 20
7.809202649033409
 30
0.0
 11
68.4466473153754
 21
7.809202649033409
 31
0.0
  0
LINE
  5
22E3
330
1FB7
100
AcDbEntity
  8
CV-COTAS
 62
     4
370
    -2
100
AcDbLine
 10
68.51664731537539
 20
9.559202649033863
 30
0.0
 11
68.51664731537539
 21
7.809202649033409
 31
0.0
  0
INSERT
  5
22E4
330
1FB7
100
AcDbEntity
  8
CV-COTAS
 62
     4
370
    -2
100
AcDbBlockReference
  2
_Oblique
 10
68.51664731537539
 20
9.559202649033863
 30
0.0
 41
0.14
 42
0.14
 43
0.14
 50
90.0
  0
INSERT
  5
22E5
330
1FB7
100
AcDbEntity
  8
CV-COTAS
 62
     4
370
    -2
100
AcDbBlockReference
  2
_Oblique
 10
68.51664731537539
 20
7.809202649033409
 30
0.0
 41
0.14
 42
0.14
 43
0.14
 50
270.0
  0
MTEXT
  5
22E6
330
1FB7
100
AcDbEntity
  8
CV-COTAS
 62
     2
100
AcDbMText
 10
68.361616723941
 20
8.684202649033636
 30
0.0
 40
0.2
 41
0.0
 46
0.0
 71
     5
 72
     1
  1
35
  7
Formato
 11
0.0
 21
1.0
 31
0.0
 73
     1
 44
1.0
  0
POINT
  5
22E7
330
1FB7
100
AcDbEntity
  8
Defpoints
 62
     0
100
AcDbPoint
 10
68.88061743966137
 20
9.559202649033863
 30
0.0
  0
POINT
  5
22E8
330
1FB7
100
AcDbEntity
  8
Defpoints
 62
     0
100
AcDbPoint
 10
68.88061743966364
 20
7.809202649033409
 30
0.0
  0
POINT
  5
22E9
330
1FB7
100
AcDbEntity
  8
Defpoints
 62
     0
100
AcDbPoint
 10
68.51664731537539
 20
7.809202649033409
 30
0.0
  0
ENDBLK
  5
1FB9
330
1FB7
100
AcDbEntity
  8
0
100
AcDbBlockEnd
  0
BLOCK
  5
1FC4
330
1FC3
100
AcDbEntity
  8
0
100
AcDbBlockBegin
  2
*D269
 70
     1
 10
0.0
 20
0.0
 30
0.0
  3
*D269
  1

  0
LINE
  5
22EA
330
1FC3
100
AcDbEntity
  8
CV-COTAS
 62
     8
370
    -2
100
AcDbLine
 10
68.88061743966364
 20
7.739202649033408
 30
0.0
 11
68.88061743966364
 21
7.288982084664489
 31
0.0
  0
LINE
  5
22EB
330
1FC3
100
AcDbEntity
  8
CV-COTAS
 62
     8
370
    -2
100
AcDbLine
 10
72.28061743966145
 20
7.739202649035682
 30
0.0
 11
72.28061743966145
 21
7.288982084664489
 31
0.0
  0
LINE
  5
22EC
330
1FC3
100
AcDbEntity
  8
CV-COTAS
 62
     4
370
    -2
100
AcDbLine
 10
68.88061743966364
 20
7.358982084664489
 30
0.0
 11
72.28061743966145
 21
7.358982084664489
 31
0.0
  0
INSERT
  5
22ED
330
1FC3
100
AcDbEntity
  8
CV-COTAS
 62
     4
370
    -2
100
AcDbBlockReference
  2
_Oblique
 10
68.88061743966364
 20
7.358982084664489
 30
0.0
 41
0.14
 42
0.14
 43
0.14
 50
180.0
  0
INSERT
  5
22EE
330
1FC3
100
AcDbEntity
  8
CV-COTAS
 62
     4
370
    -2
100
AcDbBlockReference
  2
_Oblique
 10
72.28061743966145
 20
7.358982084664489
 30
0.0
 41
0.14
 42
0.14
 43
0.14
  0
MTEXT
  5
22EF
330
1FC3
100
AcDbEntity
  8
CV-COTAS
 62
     2
100
AcDbMText
 10
70.58061743966255
 20
7.514012676098888
 30
0.0
 40
0.2
 41
0.0
 46
0.0
 71
     5
 72
     1
  1
68
  7
Formato
 73
     1
 44
1.0
  0
POINT
  5
22F0
330
1FC3
100
AcDbEntity
  8
Defpoints
 62
     0
100
AcDbPoint
 10
68.88061743966364
 20
7.809202649033409
 30
0.0
  0
POINT
  5
22F1
330
1FC3
100
AcDbEntity
  8
Defpoints
 62
     0
100
AcDbPoint
 10
72.28061743966145
 20
7.809202649035682
 30
0.0
  0
POINT
  5
22F2
330
1FC3
100
AcDbEntity
  8
Defpoints
 62
     0
100
AcDbPoint
 10
72.28061743966145
 20
7.358982084664489
 30
0.0
  0
ENDBLK
  5
1FC5
330
1FC3
100
AcDbEntity
  8
0
100
AcDbBlockEnd
  0
BLOCK
  5
1FD0
330
1FCF
100
AcDbEntity
  8
0
100
AcDbBlockBegin
  2
*D270
 70
     1
 10
0.0
 20
0.0
 30
0.0
  3
*D270
  1

  0
LINE
  5
22F3
330
1FCF
100
AcDbEntity
  8
CV-COTAS
 62
     8
370
    -2
100
AcDbLine
 10
35.14312990981596
 20
4.983500130255265
 30
0.0
 11
34.77915978553272
 21
4.983500130255265
 31
0.0
  0
LINE
  5
22F4
330
1FCF
100
AcDbEntity
  8
CV-COTAS
 62
     8
370
    -2
100
AcDbLine
 10
35.14312990981824
 20
3.23350013025481
 30
0.0
 11
34.77915978553272
 21
3.23350013025481
 31
0.0
  0
LINE
  5
22F5
330
1FCF
100
AcDbEntity
  8
CV-COTAS
 62
     4
370
    -2
100
AcDbLine
 10
34.84915978553272
 20
4.983500130255265
 30
0.0
 11
34.84915978553272
 21
3.23350013025481
 31
0.0
  0
INSERT
  5
22F6
330
1FCF
100
AcDbEntity
  8
CV-COTAS
 62
     4
370
    -2
100
AcDbBlockReference
  2
_Oblique
 10
34.84915978553272
 20
4.983500130255265
 30
0.0
 41
0.14
 42
0.14
 43
0.14
 50
90.0
  0
INSERT
  5
22F7
330
1FCF
100
AcDbEntity
  8
CV-COTAS
 62
     4
370
    -2
100
AcDbBlockReference
  2
_Oblique
 10
34.84915978553272
 20
3.23350013025481
 30
0.0
 41
0.14
 42
0.14
 43
0.14
 50
270.0
  0
MTEXT
  5
22F8
330
1FCF
100
AcDbEntity
  8
CV-COTAS
 62
     2
100
AcDbMText
 10
34.69412919409832
 20
4.108500130255038
 30
0.0
 40
0.2
 41
0.0
 46
0.0
 71
     5
 72
     1
  1
35
  7
Formato
 11
0.0
 21
1.0
 31
0.0
 73
     1
 44
1.0
  0
POINT
  5
22F9
330
1FCF
100
AcDbEntity
  8
Defpoints
 62
     0
100
AcDbPoint
 10
35.21312990981596
 20
4.983500130255265
 30
0.0
  0
POINT
  5
22FA
330
1FCF
100
AcDbEntity
  8
Defpoints
 62
     0
100
AcDbPoint
 10
35.21312990981824
 20
3.23350013025481
 30
0.0
  0
POINT
  5
22FB
330
1FCF
100
AcDbEntity
  8
Defpoints
 62
     0
100
AcDbPoint
 10
34.84915978553272
 20
3.23350013025481
 30
0.0
  0
ENDBLK
  5
1FD1
330
1FCF
100
AcDbEntity
  8
0
100
AcDbBlockEnd
  0
BLOCK
  5
1FDC
330
1FDB
100
AcDbEntity
  8
0
100
AcDbBlockBegin
  2
*D271
 70
     1
 10
0.0
 20
0.0
 30
0.0
  3
*D271
  1

  0
LINE
  5
22FC
330
1FDB
100
AcDbEntity
  8
CV-COTAS
 62
     8
370
    -2
100
AcDbLine
 10
35.21312990981824
 20
3.16350013025481
 30
0.0
 11
35.21312990981824
 21
2.713279565885891
 31
0.0
  0
LINE
  5
22FD
330
1FDB
100
AcDbEntity
  8
CV-COTAS
 62
     8
370
    -2
100
AcDbLine
 10
38.86312990981605
 20
3.163500130257084
 30
0.0
 11
38.86312990981605
 21
2.713279565885891
 31
0.0
  0
LINE
  5
22FE
330
1FDB
100
AcDbEntity
  8
CV-COTAS
 62
     4
370
    -2
100
AcDbLine
 10
35.21312990981824
 20
2.783279565885891
 30
0.0
 11
38.86312990981605
 21
2.783279565885891
 31
0.0
  0
INSERT
  5
22FF
330
1FDB
100
AcDbEntity
  8
CV-COTAS
 62
     4
370
    -2
100
AcDbBlockReference
  2
_Oblique
 10
35.21312990981824
 20
2.783279565885891
 30
0.0
 41
0.14
 42
0.14
 43
0.14
 50
180.0
  0
INSERT
  5
2300
330
1FDB
100
AcDbEntity
  8
CV-COTAS
 62
     4
370
    -2
100
AcDbBlockReference
  2
_Oblique
 10
38.86312990981605
 20
2.783279565885891
 30
0.0
 41
0.14
 42
0.14
 43
0.14
  0
MTEXT
  5
2301
330
1FDB
100
AcDbEntity
  8
CV-COTAS
 62
     2
100
AcDbMText
 10
37.03812990981715
 20
2.9474875876398
 30
0.0
 40
0.2
 41
0.0
 46
0.0
 71
     5
 72
     1
  1
73,5
  7
Formato
 73
     1
 44
1.0
  0
POINT
  5
2302
330
1FDB
100
AcDbEntity
  8
Defpoints
 62
     0
100
AcDbPoint
 10
35.21312990981824
 20
3.23350013025481
 30
0.0
  0
POINT
  5
2303
330
1FDB
100
AcDbEntity
  8
Defpoints
 62
     0
100
AcDbPoint
 10
38.86312990981605
 20
3.233500130257084
 30
0.0
  0
POINT
  5
2304
330
1FDB
100
AcDbEntity
  8
Defpoints
 62
     0
100
AcDbPoint
 10
38.86312990981605
 20
2.783279565885891
 30
0.0
  0
ENDBLK
  5
1FDD
330
1FDB
100
AcDbEntity
  8
0
100
AcDbBlockEnd
  0
BLOCK
  5
1FE8
330
1FE7
100
AcDbEntity
  8
0
100
AcDbBlockBegin
  2
*D272
 70
     1
 10
0.0
 20
0.0
 30
0.0
  3
*D272
  1

  0
LINE
  5
2305
330
1FE7
100
AcDbEntity
  8
CV-COTAS
 62
     8
370
    -2
100
AcDbLine
 10
41.27332481164938
 20
4.983500130255265
 30
0.0
 11
40.90935468732339
 21
4.983500130255265
 31
0.0
  0
LINE
  5
2306
330
1FE7
100
AcDbEntity
  8
CV-COTAS
 62
     8
370
    -2
100
AcDbLine
 10
41.27332481165165
 20
2.73350013025481
 30
0.0
 11
40.90935468732339
 21
2.73350013025481
 31
0.0
  0
LINE
  5
2307
330
1FE7
100
AcDbEntity
  8
CV-COTAS
 62
     4
370
    -2
100
AcDbLine
 10
40.97935468732339
 20
4.983500130255265
 30
0.0
 11
40.97935468732339
 21
2.73350013025481
 31
0.0
  0
INSERT
  5
2308
330
1FE7
100
AcDbEntity
  8
CV-COTAS
 62
     4
370
    -2
100
AcDbBlockReference
  2
_Oblique
 10
40.97935468732339
 20
4.983500130255265
 30
0.0
 41
0.14
 42
0.14
 43
0.14
 50
90.0
  0
INSERT
  5
2309
330
1FE7
100
AcDbEntity
  8
CV-COTAS
 62
     4
370
    -2
100
AcDbBlockReference
  2
_Oblique
 10
40.97935468732339
 20
2.73350013025481
 30
0.0
 41
0.14
 42
0.14
 43
0.14
 50
270.0
  0
MTEXT
  5
230A
330
1FE7
100
AcDbEntity
  8
CV-COTAS
 62
     2
100
AcDbMText
 10
40.82432409588899
 20
3.858500130255038
 30
0.0
 40
0.2
 41
0.0
 46
0.0
 71
     5
 72
     1
  1
45
  7
Formato
 11
0.0
 21
1.0
 31
0.0
 73
     1
 44
1.0
  0
POINT
  5
230B
330
1FE7
100
AcDbEntity
  8
Defpoints
 62
     0
100
AcDbPoint
 10
41.34332481164938
 20
4.983500130255265
 30
0.0
  0
POINT
  5
230C
330
1FE7
100
AcDbEntity
  8
Defpoints
 62
     0
100
AcDbPoint
 10
41.34332481165166
 20
2.73350013025481
 30
0.0
  0
POINT
  5
230D
330
1FE7
100
AcDbEntity
  8
Defpoints
 62
     0
100
AcDbPoint
 10
40.97935468732339
 20
2.73350013025481
 30
0.0
  0
ENDBLK
  5
1FE9
330
1FE7
100
AcDbEntity
  8
0
100
AcDbBlockEnd
  0
BLOCK
  5
1FF4
330
1FF3
100
AcDbEntity
  8
0
100
AcDbBlockBegin
  2
*D273
 70
     1
 10
0.0
 20
0.0
 30
0.0
  3
*D273
  1

  0
LINE
  5
230E
330
1FF3
100
AcDbEntity
  8
CV-COTAS
 62
     8
370
    -2
100
AcDbLine
 10
41.34332481165166
 20
2.66350013025481
 30
0.0
 11
41.34332481165166
 21
2.213279565885891
 31
0.0
  0
LINE
  5
230F
330
1FF3
100
AcDbEntity
  8
CV-COTAS
 62
     8
370
    -2
100
AcDbLine
 10
43.59332481164938
 20
2.663500130257084
 30
0.0
 11
43.59332481164938
 21
2.213279565885891
 31
0.0
  0
LINE
  5
2310
330
1FF3
100
AcDbEntity
  8
CV-COTAS
 62
     4
370
    -2
100
AcDbLine
 10
41.34332481165166
 20
2.283279565885891
 30
0.0
 11
43.59332481164938
 21
2.283279565885891
 31
0.0
  0
INSERT
  5
2311
330
1FF3
100
AcDbEntity
  8
CV-COTAS
 62
     4
370
    -2
100
AcDbBlockReference
  2
_Oblique
 10
41.34332481165166
 20
2.283279565885891
 30
0.0
 41
0.14
 42
0.14
 43
0.14
 50
180.0
  0
INSERT
  5
2312
330
1FF3
100
AcDbEntity
  8
CV-COTAS
 62
     4
370
    -2
100
AcDbBlockReference
  2
_Oblique
 10
43.59332481164938
 20
2.283279565885891
 30
0.0
 41
0.14
 42
0.14
 43
0.14
  0
MTEXT
  5
2313
330
1FF3
100
AcDbEntity
  8
CV-COTAS
 62
     2
100
AcDbMText
 10
42.46832481165052
 20
2.438310157320289
 30
0.0
 40
0.2
 41
0.0
 46
0.0
 71
     5
 72
     1
  1
45
  7
Formato
 73
     1
 44
1.0
  0
POINT
  5
2314
330
1FF3
100
AcDbEntity
  8
Defpoints
 62
     0
100
AcDbPoint
 10
41.34332481165166
 20
2.73350013025481
 30
0.0
  0
POINT
  5
2315
330
1FF3
100
AcDbEntity
  8
Defpoints
 62
     0
100
AcDbPoint
 10
43.59332481164938
 20
2.733500130257084
 30
0.0
  0
POINT
  5
2316
330
1FF3
100
AcDbEntity
  8
Defpoints
 62
     0
100
AcDbPoint
 10
43.59332481164938
 20
2.283279565885891
 30
0.0
  0
ENDBLK
  5
1FF5
330
1FF3
100
AcDbEntity
  8
0
100
AcDbBlockEnd
  0
BLOCK
  5
2000
330
1FFF
100
AcDbEntity
  8
0
100
AcDbBlockBegin
  2
*D274
 70
     1
 10
0.0
 20
0.0
 30
0.0
  3
*D274
  1

  0
LINE
  5
2317
330
1FFF
100
AcDbEntity
  8
CV-COTAS
 62
     8
370
    -2
100
AcDbLine
 10
46.12442499546721
 20
4.983500130255265
 30
0.0
 11
45.76045487114305
 21
4.983500130255265
 31
0.0
  0
LINE
  5
2318
330
1FFF
100
AcDbEntity
  8
CV-COTAS
 62
     8
370
    -2
100
AcDbLine
 10
46.12442499546949
 20
2.73350013025481
 30
0.0
 11
45.76045487114305
 21
2.73350013025481
 31
0.0
  0
LINE
  5
2319
330
1FFF
100
AcDbEntity
  8
CV-COTAS
 62
     4
370
    -2
100
AcDbLine
 10
45.83045487114304
 20
4.983500130255265
 30
0.0
 11
45.83045487114304
 21
2.73350013025481
 31
0.0
  0
INSERT
  5
231A
330
1FFF
100
AcDbEntity
  8
CV-COTAS
 62
     4
370
    -2
100
AcDbBlockReference
  2
_Oblique
 10
45.83045487114304
 20
4.983500130255265
 30
0.0
 41
0.14
 42
0.14
 43
0.14
 50
90.0
  0
INSERT
  5
231B
330
1FFF
100
AcDbEntity
  8
CV-COTAS
 62
     4
370
    -2
100
AcDbBlockReference
  2
_Oblique
 10
45.83045487114304
 20
2.73350013025481
 30
0.0
 41
0.14
 42
0.14
 43
0.14
 50
270.0
  0
MTEXT
  5
231C
330
1FFF
100
AcDbEntity
  8
CV-COTAS
 62
     2
100
AcDbMText
 10
45.67542427970865
 20
3.858500130255038
 30
0.0
 40
0.2
 41
0.0
 46
0.0
 71
     5
 72
     1
  1
45
  7
Formato
 11
0.0
 21
1.0
 31
0.0
 73
     1
 44
1.0
  0
POINT
  5
231D
330
1FFF
100
AcDbEntity
  8
Defpoints
 62
     0
100
AcDbPoint
 10
46.19442499546721
 20
4.983500130255265
 30
0.0
  0
POINT
  5
231E
330
1FFF
100
AcDbEntity
  8
Defpoints
 62
     0
100
AcDbPoint
 10
46.19442499546948
 20
2.73350013025481
 30
0.0
  0
POINT
  5
231F
330
1FFF
100
AcDbEntity
  8
Defpoints
 62
     0
100
AcDbPoint
 10
45.83045487114304
 20
2.73350013025481
 30
0.0
  0
ENDBLK
  5
2001
330
1FFF
100
AcDbEntity
  8
0
100
AcDbBlockEnd
  0
BLOCK
  5
200C
330
200B
100
AcDbEntity
  8
0
100
AcDbBlockBegin
  2
*D275
 70
     1
 10
0.0
 20
0.0
 30
0.0
  3
*D275
  1

  0
LINE
  5
2320
330
200B
100
AcDbEntity
  8
CV-COTAS
 62
     8
370
    -2
100
AcDbLine
 10
46.19442499546948
 20
2.66350013025481
 30
0.0
 11
46.19442499546948
 21
2.213279565885891
 31
0.0
  0
LINE
  5
2321
330
200B
100
AcDbEntity
  8
CV-COTAS
 62
     8
370
    -2
100
AcDbLine
 10
48.44442499546722
 20
2.663500130257084
 30
0.0
 11
48.44442499546722
 21
2.213279565885891
 31
0.0
  0
LINE
  5
2322
330
200B
100
AcDbEntity
  8
CV-COTAS
 62
     4
370
    -2
100
AcDbLine
 10
46.19442499546948
 20
2.283279565885891
 30
0.0
 11
48.44442499546722
 21
2.283279565885891
 31
0.0
  0
INSERT
  5
2323
330
200B
100
AcDbEntity
  8
CV-COTAS
 62
     4
370
    -2
100
AcDbBlockReference
  2
_Oblique
 10
46.19442499546948
 20
2.283279565885891
 30
0.0
 41
0.14
 42
0.14
 43
0.14
 50
180.0
  0
INSERT
  5
2324
330
200B
100
AcDbEntity
  8
CV-COTAS
 62
     4
370
    -2
100
AcDbBlockReference
  2
_Oblique
 10
48.44442499546722
 20
2.283279565885891
 30
0.0
 41
0.14
 42
0.14
 43
0.14
  0
MTEXT
  5
2325
330
200B
100
AcDbEntity
  8
CV-COTAS
 62
     2
100
AcDbMText
 10
47.31942499546835
 20
2.438310157320289
 30
0.0
 40
0.2
 41
0.0
 46
0.0
 71
     5
 72
     1
  1
45
  7
Formato
 73
     1
 44
1.0
  0
POINT
  5
2326
330
200B
100
AcDbEntity
  8
Defpoints
 62
     0
100
AcDbPoint
 10
46.19442499546948
 20
2.73350013025481
 30
0.0
  0
POINT
  5
2327
330
200B
100
AcDbEntity
  8
Defpoints
 62
     0
100
AcDbPoint
 10
48.44442499546722
 20
2.733500130257084
 30
0.0
  0
POINT
  5
2328
330
200B
100
AcDbEntity
  8
Defpoints
 62
     0
100
AcDbPoint
 10
48.44442499546722
 20
2.283279565885891
 30
0.0
  0
ENDBLK
  5
200D
330
200B
100
AcDbEntity
  8
0
100
AcDbBlockEnd
  0
BLOCK
  5
2018
330
2017
100
AcDbEntity
  8
0
100
AcDbBlockBegin
  2
*D276
 70
     1
 10
0.0
 20
0.0
 30
0.0
  3
*D276
  1

  0
LINE
  5
2329
330
2017
100
AcDbEntity
  8
CV-COTAS
 62
     8
370
    -2
100
AcDbLine
 10
50.97552517928505
 20
4.983500130255265
 30
0.0
 11
50.6115550549627
 21
4.983500130255265
 31
0.0
  0
LINE
  5
232A
330
2017
100
AcDbEntity
  8
CV-COTAS
 62
     8
370
    -2
100
AcDbLine
 10
50.97552517928733
 20
2.73350013025481
 30
0.0
 11
50.6115550549627
 21
2.73350013025481
 31
0.0
  0
LINE
  5
232B
330
2017
100
AcDbEntity
  8
CV-COTAS
 62
     4
370
    -2
100
AcDbLine
 10
50.6815550549627
 20
4.983500130255265
 30
0.0
 11
50.6815550549627
 21
2.73350013025481
 31
0.0
  0
INSERT
  5
232C
330
2017
100
AcDbEntity
  8
CV-COTAS
 62
     4
370
    -2
100
AcDbBlockReference
  2
_Oblique
 10
50.6815550549627
 20
4.983500130255265
 30
0.0
 41
0.14
 42
0.14
 43
0.14
 50
90.0
  0
INSERT
  5
232D
330
2017
100
AcDbEntity
  8
CV-COTAS
 62
     4
370
    -2
100
AcDbBlockReference
  2
_Oblique
 10
50.6815550549627
 20
2.73350013025481
 30
0.0
 41
0.14
 42
0.14
 43
0.14
 50
270.0
  0
MTEXT
  5
232E
330
2017
100
AcDbEntity
  8
CV-COTAS
 62
     2
100
AcDbMText
 10
50.5265244635283
 20
3.858500130255038
 30
0.0
 40
0.2
 41
0.0
 46
0.0
 71
     5
 72
     1
  1
45
  7
Formato
 11
0.0
 21
1.0
 31
0.0
 73
     1
 44
1.0
  0
POINT
  5
232F
330
2017
100
AcDbEntity
  8
Defpoints
 62
     0
100
AcDbPoint
 10
51.04552517928505
 20
4.983500130255265
 30
0.0
  0
POINT
  5
2330
330
2017
100
AcDbEntity
  8
Defpoints
 62
     0
100
AcDbPoint
 10
51.04552517928732
 20
2.73350013025481
 30
0.0
  0
POINT
  5
2331
330
2017
100
AcDbEntity
  8
Defpoints
 62
     0
100
AcDbPoint
 10
50.6815550549627
 20
2.73350013025481
 30
0.0
  0
ENDBLK
  5
2019
330
2017
100
AcDbEntity
  8
0
100
AcDbBlockEnd
  0
BLOCK
  5
2024
330
2023
100
AcDbEntity
  8
0
100
AcDbBlockBegin
  2
*D277
 70
     1
 10
0.0
 20
0.0
 30
0.0
  3
*D277
  1

  0
LINE
  5
2332
330
2023
100
AcDbEntity
  8
CV-COTAS
 62
     8
370
    -2
100
AcDbLine
 10
51.04552517928732
 20
2.66350013025481
 30
0.0
 11
51.04552517928732
 21
2.213279565885891
 31
0.0
  0
LINE
  5
2333
330
2023
100
AcDbEntity
  8
CV-COTAS
 62
     8
370
    -2
100
AcDbLine
 10
53.29552517928505
 20
2.663500130257084
 30
0.0
 11
53.29552517928505
 21
2.213279565885891
 31
0.0
  0
LINE
  5
2334
330
2023
100
AcDbEntity
  8
CV-COTAS
 62
     4
370
    -2
100
AcDbLine
 10
51.04552517928732
 20
2.283279565885891
 30
0.0
 11
53.29552517928505
 21
2.283279565885891
 31
0.0
  0
INSERT
  5
2335
330
2023
100
AcDbEntity
  8
CV-COTAS
 62
     4
370
    -2
100
AcDbBlockReference
  2
_Oblique
 10
51.04552517928732
 20
2.283279565885891
 30
0.0
 41
0.14
 42
0.14
 43
0.14
 50
180.0
  0
INSERT
  5
2336
330
2023
100
AcDbEntity
  8
CV-COTAS
 62
     4
370
    -2
100
AcDbBlockReference
  2
_Oblique
 10
53.29552517928505
 20
2.283279565885891
 30
0.0
 41
0.14
 42
0.14
 43
0.14
  0
MTEXT
  5
2337
330
2023
100
AcDbEntity
  8
CV-COTAS
 62
     2
100
AcDbMText
 10
52.17052517928618
 20
2.438310157320289
 30
0.0
 40
0.2
 41
0.0
 46
0.0
 71
     5
 72
     1
  1
45
  7
Formato
 73
     1
 44
1.0
  0
POINT
  5
2338
330
2023
100
AcDbEntity
  8
Defpoints
 62
     0
100
AcDbPoint
 10
51.04552517928732
 20
2.73350013025481
 30
0.0
  0
POINT
  5
2339
330
2023
100
AcDbEntity
  8
Defpoints
 62
     0
100
AcDbPoint
 10
53.29552517928505
 20
2.733500130257084
 30
0.0
  0
POINT
  5
233A
330
2023
100
AcDbEntity
  8
Defpoints
 62
     0
100
AcDbPoint
 10
53.29552517928505
 20
2.283279565885891
 30
0.0
  0
ENDBLK
  5
2025
330
2023
100
AcDbEntity
  8
0
100
AcDbBlockEnd
  0
BLOCK
  5
2030
330
202F
100
AcDbEntity
  8
0
100
AcDbBlockBegin
  2
*D278
 70
     1
 10
0.0
 20
0.0
 30
0.0
  3
*D278
  1

  0
LINE
  5
233B
330
202F
100
AcDbEntity
  8
CV-COTAS
 62
     8
370
    -2
100
AcDbLine
 10
55.82662536310288
 20
4.983500130255265
 30
0.0
 11
55.46265523878235
 21
4.983500130255265
 31
0.0
  0
LINE
  5
233C
330
202F
100
AcDbEntity
  8
CV-COTAS
 62
     8
370
    -2
100
AcDbLine
 10
55.82662536310516
 20
2.73350013025481
 30
0.0
 11
55.46265523878235
 21
2.73350013025481
 31
0.0
  0
LINE
  5
233D
330
202F
100
AcDbEntity
  8
CV-COTAS
 62
     4
370
    -2
100
AcDbLine
 10
55.53265523878235
 20
4.983500130255265
 30
0.0
 11
55.53265523878235
 21
2.73350013025481
 31
0.0
  0
INSERT
  5
233E
330
202F
100
AcDbEntity
  8
CV-COTAS
 62
     4
370
    -2
100
AcDbBlockReference
  2
_Oblique
 10
55.53265523878235
 20
4.983500130255265
 30
0.0
 41
0.14
 42
0.14
 43
0.14
 50
90.0
  0
INSERT
  5
233F
330
202F
100
AcDbEntity
  8
CV-COTAS
 62
     4
370
    -2
100
AcDbBlockReference
  2
_Oblique
 10
55.53265523878235
 20
2.73350013025481
 30
0.0
 41
0.14
 42
0.14
 43
0.14
 50
270.0
  0
MTEXT
  5
2340
330
202F
100
AcDbEntity
  8
CV-COTAS
 62
     2
100
AcDbMText
 10
55.37762464734796
 20
3.858500130255038
 30
0.0
 40
0.2
 41
0.0
 46
0.0
 71
     5
 72
     1
  1
45
  7
Formato
 11
0.0
 21
1.0
 31
0.0
 73
     1
 44
1.0
  0
POINT
  5
2341
330
202F
100
AcDbEntity
  8
Defpoints
 62
     0
100
AcDbPoint
 10
55.89662536310289
 20
4.983500130255265
 30
0.0
  0
POINT
  5
2342
330
202F
100
AcDbEntity
  8
Defpoints
 62
     0
100
AcDbPoint
 10
55.89662536310516
 20
2.73350013025481
 30
0.0
  0
POINT
  5
2343
330
202F
100
AcDbEntity
  8
Defpoints
 62
     0
100
AcDbPoint
 10
55.53265523878235
 20
2.73350013025481
 30
0.0
  0
ENDBLK
  5
2031
330
202F
100
AcDbEntity
  8
0
100
AcDbBlockEnd
  0
BLOCK
  5
203C
330
203B
100
AcDbEntity
  8
0
100
AcDbBlockBegin
  2
*D279
 70
     1
 10
0.0
 20
0.0
 30
0.0
  3
*D279
  1

  0
LINE
  5
2344
330
203B
100
AcDbEntity
  8
CV-COTAS
 62
     8
370
    -2
100
AcDbLine
 10
55.89662536310516
 20
2.66350013025481
 30
0.0
 11
55.89662536310516
 21
2.213279565885891
 31
0.0
  0
LINE
  5
2345
330
203B
100
AcDbEntity
  8
CV-COTAS
 62
     8
370
    -2
100
AcDbLine
 10
58.14662536310288
 20
2.663500130257084
 30
0.0
 11
58.14662536310288
 21
2.213279565885891
 31
0.0
  0
LINE
  5
2346
330
203B
100
AcDbEntity
  8
CV-COTAS
 62
     4
370
    -2
100
AcDbLine
 10
55.89662536310516
 20
2.283279565885891
 30
0.0
 11
58.14662536310288
 21
2.283279565885891
 31
0.0
  0
INSERT
  5
2347
330
203B
100
AcDbEntity
  8
CV-COTAS
 62
     4
370
    -2
100
AcDbBlockReference
  2
_Oblique
 10
55.89662536310516
 20
2.283279565885891
 30
0.0
 41
0.14
 42
0.14
 43
0.14
 50
180.0
  0
INSERT
  5
2348
330
203B
100
AcDbEntity
  8
CV-COTAS
 62
     4
370
    -2
100
AcDbBlockReference
  2
_Oblique
 10
58.14662536310288
 20
2.283279565885891
 30
0.0
 41
0.14
 42
0.14
 43
0.14
  0
MTEXT
  5
2349
330
203B
100
AcDbEntity
  8
CV-COTAS
 62
     2
100
AcDbMText
 10
57.02162536310402
 20
2.438310157320289
 30
0.0
 40
0.2
 41
0.0
 46
0.0
 71
     5
 72
     1
  1
45
  7
Formato
 73
     1
 44
1.0
  0
POINT
  5
234A
330
203B
100
AcDbEntity
  8
Defpoints
 62
     0
100
AcDbPoint
 10
55.89662536310516
 20
2.73350013025481
 30
0.0
  0
POINT
  5
234B
330
203B
100
AcDbEntity
  8
Defpoints
 62
     0
100
AcDbPoint
 10
58.14662536310288
 20
2.733500130257084
 30
0.0
  0
POINT
  5
234C
330
203B
100
AcDbEntity
  8
Defpoints
 62
     0
100
AcDbPoint
 10
58.14662536310288
 20
2.283279565885891
 30
0.0
  0
ENDBLK
  5
203D
330
203B
100
AcDbEntity
  8
0
100
AcDbBlockEnd
  0
BLOCK
  5
28AF
330
28AE
100
AcDbEntity
  8
0
100
AcDbBlockBegin
  2
*D280
 70
     1
 10
0.0
 20
0.0
 30
0.0
  3
*D280
  1

  0
LINE
  5
2AE8
330
28AE
100
AcDbEntity
  8
DET-COTAS
 62
     8
370
    -2
100
AcDbLine
 10
1.738457274872253
 20
12.11473048458806
 30
0.0
 11
1.738457274872253
 21
11.68809776760273
 31
0.0
  0
LINE
  5
2AE9
330
28AE
100
AcDbEntity
  8
DET-COTAS
 62
     8
370
    -2
100
AcDbLine
 10
3.68340274783879
 20
12.11473048458806
 30
0.0
 11
3.68340274783879
 21
11.68809776760273
 31
0.0
  0
LINE
  5
2AEA
330
28AE
100
AcDbEntity
  8
DET-COTAS
 62
     4
370
    -2
100
AcDbLine
 10
1.738457274872253
 20
11.88809776760273
 30
0.0
 11
3.68340274783879
 21
11.88809776760273
 31
0.0
  0
INSERT
  5
2AEB
330
28AE
100
AcDbEntity
  8
DET-COTAS
 62
     4
370
    -2
100
AcDbBlockReference
  2
_Oblique
 10
1.738457274872253
 20
11.88809776760273
 30
0.0
 41
0.14
 42
0.14
 43
0.14
 50
180.0
  0
INSERT
  5
2AEC
330
28AE
100
AcDbEntity
  8
DET-COTAS
 62
     4
370
    -2
100
AcDbBlockReference
  2
_Oblique
 10
3.68340274783879
 20
11.88809776760273
 30
0.0
 41
0.14
 42
0.14
 43
0.14
  0
MTEXT
  5
2AED
330
28AE
100
AcDbEntity
  8
DET-COTAS
 62
     2
100
AcDbMText
 10
2.710930011355522
 20
12.07147642157962
 30
0.0
 40
0.2
 41
0.0
 46
0.0
 71
     5
 72
     1
  1
L,anclaje II
  7
Formato
 73
     1
 44
1.0
  0
POINT
  5
2AEE
330
28AE
100
AcDbEntity
  8
Defpoints
 62
     0
100
AcDbPoint
 10
1.738457274872253
 20
12.27473048458806
 30
0.0
  0
POINT
  5
2AEF
330
28AE
100
AcDbEntity
  8
Defpoints
 62
     0
100
AcDbPoint
 10
3.68340274783879
 20
12.27473048458806
 30
0.0
  0
POINT
  5
2AF0
330
28AE
100
AcDbEntity
  8
Defpoints
 62
     0
100
AcDbPoint
 10
3.68340274783879
 20
11.88809776760273
 30
0.0
  0
ENDBLK
  5
28B0
330
28AE
100
AcDbEntity
  8
0
100
AcDbBlockEnd
  0
BLOCK
  5
28BB
330
28BA
100
AcDbEntity
  8
0
100
AcDbBlockBegin
  2
*D281
 70
     1
 10
0.0
 20
0.0
 30
0.0
  3
*D281
  1

  0
LINE
  5
2AF1
330
28BA
100
AcDbEntity
  8
DET-COTAS
 62
     8
370
    -2
100
AcDbLine
 10
8.106428757243357
 20
11.85026989809348
 30
0.0
 11
8.106428757243357
 21
11.40770450267829
 31
0.0
  0
LINE
  5
2AF2
330
28BA
100
AcDbEntity
  8
DET-COTAS
 62
     8
370
    -2
100
AcDbLine
 10
10.05692647045072
 20
11.85026989809348
 30
0.0
 11
10.05692647045072
 21
11.40770450267829
 31
0.0
  0
LINE
  5
2AF3
330
28BA
100
AcDbEntity
  8
DET-COTAS
 62
     4
370
    -2
100
AcDbLine
 10
8.106428757243357
 20
11.60770450267829
 30
0.0
 11
10.05692647045072
 21
11.60770450267829
 31
0.0
  0
INSERT
  5
2AF4
330
28BA
100
AcDbEntity
  8
DET-COTAS
 62
     4
370
    -2
100
AcDbBlockReference
  2
_Oblique
 10
8.106428757243357
 20
11.60770450267829
 30
0.0
 41
0.14
 42
0.14
 43
0.14
 50
180.0
  0
INSERT
  5
2AF5
330
28BA
100
AcDbEntity
  8
DET-COTAS
 62
     4
370
    -2
100
AcDbBlockReference
  2
_Oblique
 10
10.05692647045072
 20
11.60770450267829
 30
0.0
 41
0.14
 42
0.14
 43
0.14
  0
MTEXT
  5
2AF6
330
28BA
100
AcDbEntity
  8
DET-COTAS
 62
     2
100
AcDbMText
 10
9.081677613847041
 20
11.79108315665517
 30
0.0
 40
0.2
 41
0.0
 46
0.0
 71
     5
 72
     1
  1
L,anclaje II
  7
Formato
 73
     1
 44
1.0
  0
POINT
  5
2AF7
330
28BA
100
AcDbEntity
  8
Defpoints
 62
     0
100
AcDbPoint
 10
8.106428757243357
 20
12.01026989809348
 30
0.0
  0
POINT
  5
2AF8
330
28BA
100
AcDbEntity
  8
Defpoints
 62
     0
100
AcDbPoint
 10
10.05692647045072
 20
12.01026989809348
 30
0.0
  0
POINT
  5
2AF9
330
28BA
100
AcDbEntity
  8
Defpoints
 62
     0
100
AcDbPoint
 10
10.05692647045072
 20
11.60770450267829
 30
0.0
  0
ENDBLK
  5
28BC
330
28BA
100
AcDbEntity
  8
0
100
AcDbBlockEnd
  0
BLOCK
  5
28C7
330
28C6
100
AcDbEntity
  8
0
100
AcDbBlockBegin
  2
*D282
 70
     1
 10
0.0
 20
0.0
 30
0.0
  3
*D282
  1

  0
LINE
  5
2AFA
330
28C6
100
AcDbEntity
  8
DET-COTAS
 62
     8
370
    -2
100
AcDbLine
 10
10.05692647045072
 20
12.11473048458806
 30
0.0
 11
10.05692647045072
 21
11.40770450267829
 31
0.0
  0
LINE
  5
2AFB
330
28C6
100
AcDbEntity
  8
DET-COTAS
 62
     8
370
    -2
100
AcDbLine
 10
12.0032541540648
 20
11.85026989809348
 30
0.0
 11
12.0032541540648
 21
11.40770450267829
 31
0.0
  0
LINE
  5
2AFC
330
28C6
100
AcDbEntity
  8
DET-COTAS
 62
     4
370
    -2
100
AcDbLine
 10
10.05692647045072
 20
11.60770450267829
 30
0.0
 11
12.0032541540648
 21
11.60770450267829
 31
0.0
  0
INSERT
  5
2AFD
330
28C6
100
AcDbEntity
  8
DET-COTAS
 62
     4
370
    -2
100
AcDbBlockReference
  2
_Oblique
 10
10.05692647045072
 20
11.60770450267829
 30
0.0
 41
0.14
 42
0.14
 43
0.14
 50
180.0
  0
INSERT
  5
2AFE
330
28C6
100
AcDbEntity
  8
DET-COTAS
 62
     4
370
    -2
100
AcDbBlockReference
  2
_Oblique
 10
12.0032541540648
 20
11.60770450267829
 30
0.0
 41
0.14
 42
0.14
 43
0.14
  0
MTEXT
  5
2AFF
330
28C6
100
AcDbEntity
  8
DET-COTAS
 62
     2
100
AcDbMText
 10
11.03009031225776
 20
11.79108315665517
 30
0.0
 40
0.2
 41
0.0
 46
0.0
 71
     5
 72
     1
  1
L,anclaje II
  7
Formato
 73
     1
 44
1.0
  0
POINT
  5
2B00
330
28C6
100
AcDbEntity
  8
Defpoints
 62
     0
100
AcDbPoint
 10
10.05692647045072
 20
12.27473048458806
 30
0.0
  0
POINT
  5
2B01
330
28C6
100
AcDbEntity
  8
Defpoints
 62
     0
100
AcDbPoint
 10
12.0032541540648
 20
12.01026989809348
 30
0.0
  0
POINT
  5
2B02
330
28C6
100
AcDbEntity
  8
Defpoints
 62
     0
100
AcDbPoint
 10
12.0032541540648
 20
11.60770450267829
 30
0.0
  0
ENDBLK
  5
28C8
330
28C6
100
AcDbEntity
  8
0
100
AcDbBlockEnd
  0
BLOCK
  5
28D3
330
28D2
100
AcDbEntity
  8
0
100
AcDbBlockBegin
  2
*D283
 70
     1
 10
0.0
 20
0.0
 30
0.0
  3
*D283
  1

  0
LINE
  5
2B03
330
28D2
100
AcDbEntity
  8
DET-COTAS
 62
     8
370
    -2
100
AcDbLine
 10
14.47648525441065
 20
11.85026989809348
 30
0.0
 11
14.47648525441065
 21
11.40770450267829
 31
0.0
  0
LINE
  5
2B04
330
28D2
100
AcDbEntity
  8
DET-COTAS
 62
     8
370
    -2
100
AcDbLine
 10
16.42698296761802
 20
11.85026989809348
 30
0.0
 11
16.42698296761802
 21
11.40770450267829
 31
0.0
  0
LINE
  5
2B05
330
28D2
100
AcDbEntity
  8
DET-COTAS
 62
     4
370
    -2
100
AcDbLine
 10
14.47648525441065
 20
11.60770450267829
 30
0.0
 11
16.42698296761802
 21
11.60770450267829
 31
0.0
  0
INSERT
  5
2B06
330
28D2
100
AcDbEntity
  8
DET-COTAS
 62
     4
370
    -2
100
AcDbBlockReference
  2
_Oblique
 10
14.47648525441065
 20
11.60770450267829
 30
0.0
 41
0.14
 42
0.14
 43
0.14
 50
180.0
  0
INSERT
  5
2B07
330
28D2
100
AcDbEntity
  8
DET-COTAS
 62
     4
370
    -2
100
AcDbBlockReference
  2
_Oblique
 10
16.42698296761802
 20
11.60770450267829
 30
0.0
 41
0.14
 42
0.14
 43
0.14
  0
MTEXT
  5
2B08
330
28D2
100
AcDbEntity
  8
DET-COTAS
 62
     2
100
AcDbMText
 10
15.45173411101434
 20
11.79108315665517
 30
0.0
 40
0.2
 41
0.0
 46
0.0
 71
     5
 72
     1
  1
L,anclaje II
  7
Formato
 73
     1
 44
1.0
  0
POINT
  5
2B09
330
28D2
100
AcDbEntity
  8
Defpoints
 62
     0
100
AcDbPoint
 10
14.47648525441065
 20
12.01026989809348
 30
0.0
  0
POINT
  5
2B0A
330
28D2
100
AcDbEntity
  8
Defpoints
 62
     0
100
AcDbPoint
 10
16.42698296761802
 20
12.01026989809348
 30
0.0
  0
POINT
  5
2B0B
330
28D2
100
AcDbEntity
  8
Defpoints
 62
     0
100
AcDbPoint
 10
16.42698296761802
 20
11.60770450267829
 30
0.0
  0
ENDBLK
  5
28D4
330
28D2
100
AcDbEntity
  8
0
100
AcDbBlockEnd
  0
BLOCK
  5
28DF
330
28DE
100
AcDbEntity
  8
0
100
AcDbBlockBegin
  2
*D284
 70
     1
 10
0.0
 20
0.0
 30
0.0
  3
*D284
  1

  0
LINE
  5
2B0C
330
28DE
100
AcDbEntity
  8
DET-COTAS
 62
     8
370
    -2
100
AcDbLine
 10
16.42698296761802
 20
12.11473048458806
 30
0.0
 11
16.42698296761802
 21
11.40770450267829
 31
0.0
  0
LINE
  5
2B0D
330
28DE
100
AcDbEntity
  8
DET-COTAS
 62
     8
370
    -2
100
AcDbLine
 10
18.37122563643545
 20
11.85026989809348
 30
0.0
 11
18.37122563643545
 21
11.40770450267829
 31
0.0
  0
LINE
  5
2B0E
330
28DE
100
AcDbEntity
  8
DET-COTAS
 62
     4
370
    -2
100
AcDbLine
 10
16.42698296761802
 20
11.60770450267829
 30
0.0
 11
18.37122563643545
 21
11.60770450267829
 31
0.0
  0
INSERT
  5
2B0F
330
28DE
100
AcDbEntity
  8
DET-COTAS
 62
     4
370
    -2
100
AcDbBlockReference
  2
_Oblique
 10
16.42698296761802
 20
11.60770450267829
 30
0.0
 41
0.14
 42
0.14
 43
0.14
 50
180.0
  0
INSERT
  5
2B10
330
28DE
100
AcDbEntity
  8
DET-COTAS
 62
     4
370
    -2
100
AcDbBlockReference
  2
_Oblique
 10
18.37122563643545
 20
11.60770450267829
 30
0.0
 41
0.14
 42
0.14
 43
0.14
  0
MTEXT
  5
2B11
330
28DE
100
AcDbEntity
  8
DET-COTAS
 62
     2
100
AcDbMText
 10
17.39910430202673
 20
11.79108315665517
 30
0.0
 40
0.2
 41
0.0
 46
0.0
 71
     5
 72
     1
  1
L,anclaje II
  7
Formato
 73
     1
 44
1.0
  0
POINT
  5
2B12
330
28DE
100
AcDbEntity
  8
Defpoints
 62
     0
100
AcDbPoint
 10
16.42698296761802
 20
12.27473048458806
 30
0.0
  0
POINT
  5
2B13
330
28DE
100
AcDbEntity
  8
Defpoints
 62
     0
100
AcDbPoint
 10
18.37122563643545
 20
12.01026989809348
 30
0.0
  0
POINT
  5
2B14
330
28DE
100
AcDbEntity
  8
Defpoints
 62
     0
100
AcDbPoint
 10
18.37122563643545
 20
11.60770450267829
 30
0.0
  0
ENDBLK
  5
28E0
330
28DE
100
AcDbEntity
  8
0
100
AcDbBlockEnd
  0
BLOCK
  5
28EB
330
28EA
100
AcDbEntity
  8
0
100
AcDbBlockBegin
  2
*D285
 70
     1
 10
0.0
 20
0.0
 30
0.0
  3
*D285
  1

  0
LINE
  5
2B15
330
28EA
100
AcDbEntity
  8
DET-COTAS
 62
     8
370
    -2
100
AcDbLine
 10
20.84644145992463
 20
11.85026989809348
 30
0.0
 11
20.84644145992463
 21
11.40770450267829
 31
0.0
  0
LINE
  5
2B16
330
28EA
100
AcDbEntity
  8
DET-COTAS
 62
     8
370
    -2
100
AcDbLine
 10
22.796939173132
 20
11.85026989809348
 30
0.0
 11
22.796939173132
 21
11.40770450267829
 31
0.0
  0
LINE
  5
2B17
330
28EA
100
AcDbEntity
  8
DET-COTAS
 62
     4
370
    -2
100
AcDbLine
 10
20.84644145992463
 20
11.60770450267829
 30
0.0
 11
22.796939173132
 21
11.60770450267829
 31
0.0
  0
INSERT
  5
2B18
330
28EA
100
AcDbEntity
  8
DET-COTAS
 62
     4
370
    -2
100
AcDbBlockReference
  2
_Oblique
 10
20.84644145992463
 20
11.60770450267829
 30
0.0
 41
0.14
 42
0.14
 43
0.14
 50
180.0
  0
INSERT
  5
2B19
330
28EA
100
AcDbEntity
  8
DET-COTAS
 62
     4
370
    -2
100
AcDbBlockReference
  2
_Oblique
 10
22.796939173132
 20
11.60770450267829
 30
0.0
 41
0.14
 42
0.14
 43
0.14
  0
MTEXT
  5
2B1A
330
28EA
100
AcDbEntity
  8
DET-COTAS
 62
     2
100
AcDbMText
 10
21.82169031652831
 20
11.79108315665517
 30
0.0
 40
0.2
 41
0.0
 46
0.0
 71
     5
 72
     1
  1
L,anclaje II
  7
Formato
 73
     1
 44
1.0
  0
POINT
  5
2B1B
330
28EA
100
AcDbEntity
  8
Defpoints
 62
     0
100
AcDbPoint
 10
20.84644145992463
 20
12.01026989809348
 30
0.0
  0
POINT
  5
2B1C
330
28EA
100
AcDbEntity
  8
Defpoints
 62
     0
100
AcDbPoint
 10
22.796939173132
 20
12.01026989809348
 30
0.0
  0
POINT
  5
2B1D
330
28EA
100
AcDbEntity
  8
Defpoints
 62
     0
100
AcDbPoint
 10
22.796939173132
 20
11.60770450267829
 30
0.0
  0
ENDBLK
  5
28EC
330
28EA
100
AcDbEntity
  8
0
100
AcDbBlockEnd
  0
BLOCK
  5
28F7
330
28F6
100
AcDbEntity
  8
0
100
AcDbBlockBegin
  2
*D286
 70
     1
 10
0.0
 20
0.0
 30
0.0
  3
*D286
  1

  0
LINE
  5
2B1E
330
28F6
100
AcDbEntity
  8
DET-COTAS
 62
     8
370
    -2
100
AcDbLine
 10
22.796939173132
 20
12.11473048458806
 30
0.0
 11
22.796939173132
 21
11.40770450267829
 31
0.0
  0
LINE
  5
2B1F
330
28F6
100
AcDbEntity
  8
DET-COTAS
 62
     8
370
    -2
100
AcDbLine
 10
24.74326685674607
 20
11.85026989809348
 30
0.0
 11
24.74326685674607
 21
11.40770450267829
 31
0.0
  0
LINE
  5
2B20
330
28F6
100
AcDbEntity
  8
DET-COTAS
 62
     4
370
    -2
100
AcDbLine
 10
22.796939173132
 20
11.60770450267829
 30
0.0
 11
24.74326685674607
 21
11.60770450267829
 31
0.0
  0
INSERT
  5
2B21
330
28F6
100
AcDbEntity
  8
DET-COTAS
 62
     4
370
    -2
100
AcDbBlockReference
  2
_Oblique
 10
22.796939173132
 20
11.60770450267829
 30
0.0
 41
0.14
 42
0.14
 43
0.14
 50
180.0
  0
INSERT
  5
2B22
330
28F6
100
AcDbEntity
  8
DET-COTAS
 62
     4
370
    -2
100
AcDbBlockReference
  2
_Oblique
 10
24.74326685674607
 20
11.60770450267829
 30
0.0
 41
0.14
 42
0.14
 43
0.14
  0
MTEXT
  5
2B23
330
28F6
100
AcDbEntity
  8
DET-COTAS
 62
     2
100
AcDbMText
 10
23.77010301493903
 20
11.79108315665517
 30
0.0
 40
0.2
 41
0.0
 46
0.0
 71
     5
 72
     1
  1
L,anclaje II
  7
Formato
 73
     1
 44
1.0
  0
POINT
  5
2B24
330
28F6
100
AcDbEntity
  8
Defpoints
 62
     0
100
AcDbPoint
 10
22.796939173132
 20
12.27473048458806
 30
0.0
  0
POINT
  5
2B25
330
28F6
100
AcDbEntity
  8
Defpoints
 62
     0
100
AcDbPoint
 10
24.74326685674607
 20
12.01026989809348
 30
0.0
  0
POINT
  5
2B26
330
28F6
100
AcDbEntity
  8
Defpoints
 62
     0
100
AcDbPoint
 10
24.74326685674607
 20
11.60770450267829
 30
0.0
  0
ENDBLK
  5
28F8
330
28F6
100
AcDbEntity
  8
0
100
AcDbBlockEnd
  0
BLOCK
  5
2903
330
2902
100
AcDbEntity
  8
0
100
AcDbBlockBegin
  2
*D287
 70
     1
 10
0.0
 20
0.0
 30
0.0
  3
*D287
  1

  0
LINE
  5
2B27
330
2902
100
AcDbEntity
  8
DET-COTAS
 62
     8
370
    -2
100
AcDbLine
 10
1.738457274872253
 20
8.015456876844108
 30
0.0
 11
1.738457274872253
 21
7.482830547244392
 31
0.0
  0
LINE
  5
2B28
330
2902
100
AcDbEntity
  8
DET-COTAS
 62
     8
370
    -2
100
AcDbLine
 10
3.684784958485415
 20
8.015456876844108
 30
0.0
 11
3.684784958485415
 21
7.482830547244392
 31
0.0
  0
LINE
  5
2B29
330
2902
100
AcDbEntity
  8
DET-COTAS
 62
     4
370
    -2
100
AcDbLine
 10
1.738457274872253
 20
7.682830547244392
 30
0.0
 11
3.684784958485415
 21
7.682830547244392
 31
0.0
  0
INSERT
  5
2B2A
330
2902
100
AcDbEntity
  8
DET-COTAS
 62
     4
370
    -2
100
AcDbBlockReference
  2
_Oblique
 10
1.738457274872253
 20
7.682830547244392
 30
0.0
 41
0.14
 42
0.14
 43
0.14
 50
180.0
  0
INSERT
  5
2B2B
330
2902
100
AcDbEntity
  8
DET-COTAS
 62
     4
370
    -2
100
AcDbBlockReference
  2
_Oblique
 10
3.684784958485415
 20
7.682830547244392
 30
0.0
 41
0.14
 42
0.14
 43
0.14
  0
MTEXT
  5
2B2C
330
2902
100
AcDbEntity
  8
DET-COTAS
 62
     2
100
AcDbMText
 10
2.711621116678834
 20
7.866209201221279
 30
0.0
 40
0.2
 41
0.0
 46
0.0
 71
     5
 72
     1
  1
L,anclaje II
  7
Formato
 73
     1
 44
1.0
  0
POINT
  5
2B2D
330
2902
100
AcDbEntity
  8
Defpoints
 62
     0
100
AcDbPoint
 10
1.738457274872253
 20
8.175456876844108
 30
0.0
  0
POINT
  5
2B2E
330
2902
100
AcDbEntity
  8
Defpoints
 62
     0
100
AcDbPoint
 10
3.684784958485415
 20
8.175456876844108
 30
0.0
  0
POINT
  5
2B2F
330
2902
100
AcDbEntity
  8
Defpoints
 62
     0
100
AcDbPoint
 10
3.684784958485415
 20
7.682830547244392
 30
0.0
  0
ENDBLK
  5
2904
330
2902
100
AcDbEntity
  8
0
100
AcDbBlockEnd
  0
BLOCK
  5
290F
330
290E
100
AcDbEntity
  8
0
100
AcDbBlockBegin
  2
*D288
 70
     1
 10
0.0
 20
0.0
 30
0.0
  3
*D288
  1

  0
LINE
  5
2B30
330
290E
100
AcDbEntity
  8
DET-COTAS
 62
     8
370
    -2
100
AcDbLine
 10
10.05692647045072
 20
7.855456876844026
 30
0.0
 11
10.05692647045072
 21
7.482830547244392
 31
0.0
  0
LINE
  5
2B31
330
290E
100
AcDbEntity
  8
DET-COTAS
 62
     8
370
    -2
100
AcDbLine
 10
10.86275106017167
 20
7.855456876844026
 30
0.0
 11
10.86275106017167
 21
7.482830547244392
 31
0.0
  0
LINE
  5
2B32
330
290E
100
AcDbEntity
  8
DET-COTAS
 62
     4
370
    -2
100
AcDbLine
 10
10.05692647045072
 20
7.682830547244392
 30
0.0
 11
10.86275106017167
 21
7.682830547244392
 31
0.0
  0
INSERT
  5
2B33
330
290E
100
AcDbEntity
  8
DET-COTAS
 62
     4
370
    -2
100
AcDbBlockReference
  2
_Oblique
 10
10.05692647045072
 20
7.682830547244392
 30
0.0
 41
0.14
 42
0.14
 43
0.14
 50
180.0
  0
INSERT
  5
2B34
330
290E
100
AcDbEntity
  8
DET-COTAS
 62
     4
370
    -2
100
AcDbBlockReference
  2
_Oblique
 10
10.86275106017167
 20
7.682830547244392
 30
0.0
 41
0.14
 42
0.14
 43
0.14
  0
MTEXT
  5
2B35
330
290E
100
AcDbEntity
  8
DET-COTAS
 62
     2
100
AcDbMText
 10
10.4598387653112
 20
7.837861138678791
 30
0.0
 40
0.2
 41
0.0
 46
0.0
 71
     5
 72
     1
  1
40
  7
Formato
 73
     1
 44
1.0
  0
POINT
  5
2B36
330
290E
100
AcDbEntity
  8
Defpoints
 62
     0
100
AcDbPoint
 10
10.05692647045072
 20
8.015456876844027
 30
0.0
  0
POINT
  5
2B37
330
290E
100
AcDbEntity
  8
Defpoints
 62
     0
100
AcDbPoint
 10
10.86275106017167
 20
8.015456876844027
 30
0.0
  0
POINT
  5
2B38
330
290E
100
AcDbEntity
  8
Defpoints
 62
     0
100
AcDbPoint
 10
10.86275106017167
 20
7.682830547244392
 30
0.0
  0
ENDBLK
  5
2910
330
290E
100
AcDbEntity
  8
0
100
AcDbBlockEnd
  0
BLOCK
  5
291B
330
291A
100
AcDbEntity
  8
0
100
AcDbBlockBegin
  2
*D289
 70
     1
 10
0.0
 20
0.0
 30
0.0
  3
*D289
  1

  0
LINE
  5
2B39
330
291A
100
AcDbEntity
  8
DET-COTAS
 62
     8
370
    -2
100
AcDbLine
 10
15.84216994636455
 20
8.065026422176241
 30
0.0
 11
15.84216994636455
 21
7.482830547244392
 31
0.0
  0
LINE
  5
2B3A
330
291A
100
AcDbEntity
  8
DET-COTAS
 62
     8
370
    -2
100
AcDbLine
 10
16.42698296761802
 20
8.065026422176469
 30
0.0
 11
16.42698296761802
 21
7.482830547244392
 31
0.0
  0
LINE
  5
2B3B
330
291A
100
AcDbEntity
  8
DET-COTAS
 62
     4
370
    -2
100
AcDbLine
 10
15.84216994636455
 20
7.682830547244392
 30
0.0
 11
16.42698296761802
 21
7.682830547244392
 31
0.0
  0
INSERT
  5
2B3C
330
291A
100
AcDbEntity
  8
DET-COTAS
 62
     4
370
    -2
100
AcDbBlockReference
  2
_Oblique
 10
15.84216994636455
 20
7.682830547244392
 30
0.0
 41
0.14
 42
0.14
 43
0.14
 50
180.0
  0
INSERT
  5
2B3D
330
291A
100
AcDbEntity
  8
DET-COTAS
 62
     4
370
    -2
100
AcDbBlockReference
  2
_Oblique
 10
16.42698296761802
 20
7.682830547244392
 30
0.0
 41
0.14
 42
0.14
 43
0.14
  0
MTEXT
  5
2B3E
330
291A
100
AcDbEntity
  8
DET-COTAS
 62
     2
100
AcDbMText
 10
16.13457645699129
 20
7.837861138678791
 30
0.0
 40
0.2
 41
0.0
 46
0.0
 71
     5
 72
     1
  1
35
  7
Formato
 73
     1
 44
1.0
  0
POINT
  5
2B3F
330
291A
100
AcDbEntity
  8
Defpoints
 62
     0
100
AcDbPoint
 10
15.84216994636455
 20
8.225026422176242
 30
0.0
  0
POINT
  5
2B40
330
291A
100
AcDbEntity
  8
Defpoints
 62
     0
100
AcDbPoint
 10
16.42698296761802
 20
8.225026422176469
 30
0.0
  0
POINT
  5
2B41
330
291A
100
AcDbEntity
  8
Defpoints
 62
     0
100
AcDbPoint
 10
16.42698296761802
 20
7.682830547244392
 30
0.0
  0
ENDBLK
  5
291C
330
291A
100
AcDbEntity
  8
0
100
AcDbBlockEnd
  0
BLOCK
  5
2927
330
2926
100
AcDbEntity
  8
0
100
AcDbBlockBegin
  2
*D290
 70
     1
 10
0.0
 20
0.0
 30
0.0
  3
*D290
  1

  0
LINE
  5
2B42
330
2926
100
AcDbEntity
  8
DET-COTAS
 62
     8
370
    -2
100
AcDbLine
 10
16.42698296761802
 20
7.854305410608002
 30
0.0
 11
16.42698296761802
 21
7.482830547244392
 31
0.0
  0
LINE
  5
2B43
330
2926
100
AcDbEntity
  8
DET-COTAS
 62
     8
370
    -2
100
AcDbLine
 10
17.00749144219418
 20
7.854305410608002
 30
0.0
 11
17.00749144219418
 21
7.482830547244392
 31
0.0
  0
LINE
  5
2B44
330
2926
100
AcDbEntity
  8
DET-COTAS
 62
     4
370
    -2
100
AcDbLine
 10
16.42698296761802
 20
7.682830547244392
 30
0.0
 11
17.00749144219418
 21
7.682830547244392
 31
0.0
  0
INSERT
  5
2B45
330
2926
100
AcDbEntity
  8
DET-COTAS
 62
     4
370
    -2
100
AcDbBlockReference
  2
_Oblique
 10
16.42698296761802
 20
7.682830547244392
 30
0.0
 41
0.14
 42
0.14
 43
0.14
 50
180.0
  0
INSERT
  5
2B46
330
2926
100
AcDbEntity
  8
DET-COTAS
 62
     4
370
    -2
100
AcDbBlockReference
  2
_Oblique
 10
17.00749144219418
 20
7.682830547244392
 30
0.0
 41
0.14
 42
0.14
 43
0.14
  0
MTEXT
  5
2B47
330
2926
100
AcDbEntity
  8
DET-COTAS
 62
     2
100
AcDbMText
 10
16.7172372049061
 20
7.837861138678791
 30
0.0
 40
0.2
 41
0.0
 46
0.0
 71
     5
 72
     1
  1
35
  7
Formato
 73
     1
 44
1.0
  0
POINT
  5
2B48
330
2926
100
AcDbEntity
  8
Defpoints
 62
     0
100
AcDbPoint
 10
16.42698296761802
 20
8.014305410608002
 30
0.0
  0
POINT
  5
2B49
330
2926
100
AcDbEntity
  8
Defpoints
 62
     0
100
AcDbPoint
 10
17.00749144219418
 20
8.014305410608002
 30
0.0
  0
POINT
  5
2B4A
330
2926
100
AcDbEntity
  8
Defpoints
 62
     0
100
AcDbPoint
 10
17.00749144219418
 20
7.682830547244392
 30
0.0
  0
ENDBLK
  5
2928
330
2926
100
AcDbEntity
  8
0
100
AcDbBlockEnd
  0
BLOCK
  5
2933
330
2932
100
AcDbEntity
  8
0
100
AcDbBlockBegin
  2
*D291
 70
     1
 10
0.0
 20
0.0
 30
0.0
  3
*D291
  1

  0
LINE
  5
2B4B
330
2932
100
AcDbEntity
  8
DET-COTAS
 62
     8
370
    -2
100
AcDbLine
 10
22.21014142873566
 20
7.854305410608002
 30
0.0
 11
22.21014142873566
 21
7.482830547244392
 31
0.0
  0
LINE
  5
2B4C
330
2932
100
AcDbEntity
  8
DET-COTAS
 62
     8
370
    -2
100
AcDbLine
 10
22.796939173132
 20
7.854305410608002
 30
0.0
 11
22.796939173132
 21
7.482830547244392
 31
0.0
  0
LINE
  5
2B4D
330
2932
100
AcDbEntity
  8
DET-COTAS
 62
     4
370
    -2
100
AcDbLine
 10
22.21014142873566
 20
7.682830547244392
 30
0.0
 11
22.796939173132
 21
7.682830547244392
 31
0.0
  0
INSERT
  5
2B4E
330
2932
100
AcDbEntity
  8
DET-COTAS
 62
     4
370
    -2
100
AcDbBlockReference
  2
_Oblique
 10
22.21014142873566
 20
7.682830547244392
 30
0.0
 41
0.14
 42
0.14
 43
0.14
 50
180.0
  0
INSERT
  5
2B4F
330
2932
100
AcDbEntity
  8
DET-COTAS
 62
     4
370
    -2
100
AcDbBlockReference
  2
_Oblique
 10
22.796939173132
 20
7.682830547244392
 30
0.0
 41
0.14
 42
0.14
 43
0.14
  0
MTEXT
  5
2B50
330
2932
100
AcDbEntity
  8
DET-COTAS
 62
     2
100
AcDbMText
 10
22.50354030093383
 20
7.837861138678791
 30
0.0
 40
0.2
 41
0.0
 46
0.0
 71
     5
 72
     1
  1
40
  7
Formato
 73
     1
 44
1.0
  0
POINT
  5
2B51
330
2932
100
AcDbEntity
  8
Defpoints
 62
     0
100
AcDbPoint
 10
22.21014142873566
 20
8.014305410608002
 30
0.0
  0
POINT
  5
2B52
330
2932
100
AcDbEntity
  8
Defpoints
 62
     0
100
AcDbPoint
 10
22.796939173132
 20
8.014305410608002
 30
0.0
  0
POINT
  5
2B53
330
2932
100
AcDbEntity
  8
Defpoints
 62
     0
100
AcDbPoint
 10
22.796939173132
 20
7.682830547244392
 30
0.0
  0
ENDBLK
  5
2934
330
2932
100
AcDbEntity
  8
0
100
AcDbBlockEnd
  0
BLOCK
  5
293F
330
293E
100
AcDbEntity
  8
0
100
AcDbBlockBegin
  2
*D292
 70
     1
 10
0.0
 20
0.0
 30
0.0
  3
*D292
  1

  0
LINE
  5
2B54
330
293E
100
AcDbEntity
  8
DET-COTAS
 62
     8
370
    -2
100
AcDbLine
 10
28.58221568215851
 20
8.048480820884559
 30
0.0
 11
28.58221568215851
 21
7.468567978926247
 31
0.0
  0
LINE
  5
2B55
330
293E
100
AcDbEntity
  8
DET-COTAS
 62
     8
370
    -2
100
AcDbLine
 10
29.16487643007333
 20
8.048480820884559
 30
0.0
 11
29.16487643007333
 21
7.468567978926247
 31
0.0
  0
LINE
  5
2B56
330
293E
100
AcDbEntity
  8
DET-COTAS
 62
     4
370
    -2
100
AcDbLine
 10
28.58221568215851
 20
7.668567978926247
 30
0.0
 11
29.16487643007333
 21
7.668567978926247
 31
0.0
  0
INSERT
  5
2B57
330
293E
100
AcDbEntity
  8
DET-COTAS
 62
     4
370
    -2
100
AcDbBlockReference
  2
_Oblique
 10
28.58221568215851
 20
7.668567978926247
 30
0.0
 41
0.14
 42
0.14
 43
0.14
 50
180.0
  0
INSERT
  5
2B58
330
293E
100
AcDbEntity
  8
DET-COTAS
 62
     4
370
    -2
100
AcDbBlockReference
  2
_Oblique
 10
29.16487643007333
 20
7.668567978926247
 30
0.0
 41
0.14
 42
0.14
 43
0.14
  0
MTEXT
  5
2B59
330
293E
100
AcDbEntity
  8
DET-COTAS
 62
     2
100
AcDbMText
 10
28.87354605611592
 20
7.823598570360646
 30
0.0
 40
0.2
 41
0.0
 46
0.0
 71
     5
 72
     1
  1
35
  7
Formato
 73
     1
 44
1.0
  0
POINT
  5
2B5A
330
293E
100
AcDbEntity
  8
Defpoints
 62
     0
100
AcDbPoint
 10
28.58221568215851
 20
8.20848082088456
 30
0.0
  0
POINT
  5
2B5B
330
293E
100
AcDbEntity
  8
Defpoints
 62
     0
100
AcDbPoint
 10
29.16487643007333
 20
8.20848082088456
 30
0.0
  0
POINT
  5
2B5C
330
293E
100
AcDbEntity
  8
Defpoints
 62
     0
100
AcDbPoint
 10
29.16487643007333
 20
7.668567978926247
 30
0.0
  0
ENDBLK
  5
2940
330
293E
100
AcDbEntity
  8
0
100
AcDbBlockEnd
  0
BLOCK
  5
294B
330
294A
100
AcDbEntity
  8
0
100
AcDbBlockBegin
  2
*D293
 70
     1
 10
0.0
 20
0.0
 30
0.0
  3
*D293
  1

  0
LINE
  5
2B5D
330
294A
100
AcDbEntity
  8
DET-COTAS
 62
     8
370
    -2
100
AcDbLine
 10
29.16487643007333
 20
7.854305410608002
 30
0.0
 11
29.16487643007333
 21
7.468567978926247
 31
0.0
  0
LINE
  5
2B5E
330
294A
100
AcDbEntity
  8
DET-COTAS
 62
     8
370
    -2
100
AcDbLine
 10
29.74753717798723
 20
7.854305410608002
 30
0.0
 11
29.74753717798723
 21
7.468567978926247
 31
0.0
  0
LINE
  5
2B5F
330
294A
100
AcDbEntity
  8
DET-COTAS
 62
     4
370
    -2
100
AcDbLine
 10
29.16487643007333
 20
7.668567978926247
 30
0.0
 11
29.74753717798723
 21
7.668567978926247
 31
0.0
  0
INSERT
  5
2B60
330
294A
100
AcDbEntity
  8
DET-COTAS
 62
     4
370
    -2
100
AcDbBlockReference
  2
_Oblique
 10
29.16487643007333
 20
7.668567978926247
 30
0.0
 41
0.14
 42
0.14
 43
0.14
 50
180.0
  0
INSERT
  5
2B61
330
294A
100
AcDbEntity
  8
DET-COTAS
 62
     4
370
    -2
100
AcDbBlockReference
  2
_Oblique
 10
29.74753717798723
 20
7.668567978926247
 30
0.0
 41
0.14
 42
0.14
 43
0.14
  0
MTEXT
  5
2B62
330
294A
100
AcDbEntity
  8
DET-COTAS
 62
     2
100
AcDbMText
 10
29.45620680403028
 20
7.823598570360646
 30
0.0
 40
0.2
 41
0.0
 46
0.0
 71
     5
 72
     1
  1
35
  7
Formato
 73
     1
 44
1.0
  0
POINT
  5
2B63
330
294A
100
AcDbEntity
  8
Defpoints
 62
     0
100
AcDbPoint
 10
29.16487643007333
 20
8.014305410608002
 30
0.0
  0
POINT
  5
2B64
330
294A
100
AcDbEntity
  8
Defpoints
 62
     0
100
AcDbPoint
 10
29.74753717798723
 20
8.014305410608002
 30
0.0
  0
POINT
  5
2B65
330
294A
100
AcDbEntity
  8
Defpoints
 62
     0
100
AcDbPoint
 10
29.74753717798723
 20
7.668567978926247
 30
0.0
  0
ENDBLK
  5
294C
330
294A
100
AcDbEntity
  8
0
100
AcDbBlockEnd
  0
BLOCK
  5
2957
330
2956
100
AcDbEntity
  8
0
100
AcDbBlockBegin
  2
*D294
 70
     1
 10
0.0
 20
0.0
 30
0.0
  3
*D294
  1

  0
LINE
  5
2B66
330
2956
100
AcDbEntity
  8
DET-COTAS
 62
     8
370
    -2
100
AcDbLine
 10
2.686350057225499
 20
10.39868797719133
 30
0.0
 11
2.592856908769699
 21
10.39868797719133
 31
0.0
  0
LINE
  5
2B67
330
2956
100
AcDbEntity
  8
DET-COTAS
 62
     8
370
    -2
100
AcDbLine
 10
2.686350057225045
 20
9.898620718649553
 30
0.0
 11
2.592856908769699
 21
9.898620718649553
 31
0.0
  0
LINE
  5
2B68
330
2956
100
AcDbEntity
  8
DET-COTAS
 62
     4
370
    -2
100
AcDbLine
 10
2.792856908769699
 20
9.898620718649553
 30
0.0
 11
2.792856908769699
 21
9.359714634208902
 31
0.0
  0
LINE
  5
2B69
330
2956
100
AcDbEntity
  8
DET-COTAS
 62
     4
370
    -2
100
AcDbLine
 10
2.792856908769699
 20
10.39868797719133
 30
0.0
 11
2.792856908769699
 21
9.898620718649553
 31
0.0
  0
INSERT
  5
2B6A
330
2956
100
AcDbEntity
  8
DET-COTAS
 62
     4
370
    -2
100
AcDbBlockReference
  2
_Oblique
 10
2.792856908769699
 20
10.39868797719133
 30
0.0
 41
0.14
 42
0.14
 43
0.14
 50
90.0
  0
INSERT
  5
2B6B
330
2956
100
AcDbEntity
  8
DET-COTAS
 62
     4
370
    -2
100
AcDbBlockReference
  2
_Oblique
 10
2.792856908769699
 20
9.898620718649553
 30
0.0
 41
0.14
 42
0.14
 43
0.14
 50
270.0
  0
MTEXT
  5
2B6C
330
2956
100
AcDbEntity
  8
DET-COTAS
 62
     2
100
AcDbMText
 10
2.6428569087697
 20
9.538198658682048
 30
0.0
 40
0.2
 41
0.0
 46
0.0
 71
     5
 72
     1
  1
H1
  7
Formato
 11
0.0
 21
1.0
 31
0.0
 73
     1
 44
1.0
  0
POINT
  5
2B6D
330
2956
100
AcDbEntity
  8
Defpoints
 62
     0
100
AcDbPoint
 10
2.8463500572255
 20
10.39868797719133
 30
0.0
  0
POINT
  5
2B6E
330
2956
100
AcDbEntity
  8
Defpoints
 62
     0
100
AcDbPoint
 10
2.846350057225045
 20
9.898620718649553
 30
0.0
  0
POINT
  5
2B6F
330
2956
100
AcDbEntity
  8
Defpoints
 62
     0
100
AcDbPoint
 10
2.792856908769699
 20
9.898620718649553
 30
0.0
  0
ENDBLK
  5
2958
330
2956
100
AcDbEntity
  8
0
100
AcDbBlockEnd
  0
BLOCK
  5
2964
330
2963
100
AcDbEntity
  8
0
100
AcDbBlockBegin
  2
*D295
 70
     1
 10
0.0
 20
0.0
 30
0.0
  3
*D295
  1

  0
LINE
  5
2B70
330
2963
100
AcDbEntity
  8
DET-COTAS
 62
     8
370
    -2
100
AcDbLine
 10
6.855495208684406
 20
10.39868797719155
 30
0.0
 11
6.762002060228605
 21
10.39868797719155
 31
0.0
  0
LINE
  5
2B71
330
2963
100
AcDbEntity
  8
DET-COTAS
 62
     8
370
    -2
100
AcDbLine
 10
6.855495208683951
 20
9.89862071864978
 30
0.0
 11
6.762002060228605
 21
9.89862071864978
 31
0.0
  0
LINE
  5
2B72
330
2963
100
AcDbEntity
  8
DET-COTAS
 62
     4
370
    -2
100
AcDbLine
 10
6.962002060228606
 20
9.89862071864978
 30
0.0
 11
6.962002060228606
 21
9.359714634209129
 31
0.0
  0
LINE
  5
2B73
330
2963
100
AcDbEntity
  8
DET-COTAS
 62
     4
370
    -2
100
AcDbLine
 10
6.962002060228606
 20
10.39868797719155
 30
0.0
 11
6.962002060228606
 21
9.89862071864978
 31
0.0
  0
INSERT
  5
2B74
330
2963
100
AcDbEntity
  8
DET-COTAS
 62
     4
370
    -2
100
AcDbBlockReference
  2
_Oblique
 10
6.962002060228606
 20
10.39868797719155
 30
0.0
 41
0.14
 42
0.14
 43
0.14
 50
90.0
  0
INSERT
  5
2B75
330
2963
100
AcDbEntity
  8
DET-COTAS
 62
     4
370
    -2
100
AcDbBlockReference
  2
_Oblique
 10
6.962002060228606
 20
9.89862071864978
 30
0.0
 41
0.14
 42
0.14
 43
0.14
 50
270.0
  0
MTEXT
  5
2B76
330
2963
100
AcDbEntity
  8
DET-COTAS
 62
     2
100
AcDbMText
 10
6.812002060228606
 20
9.538198658682276
 30
0.0
 40
0.2
 41
0.0
 46
0.0
 71
     5
 72
     1
  1
H1
  7
Formato
 11
0.0
 21
1.0
 31
0.0
 73
     1
 44
1.0
  0
POINT
  5
2B77
330
2963
100
AcDbEntity
  8
Defpoints
 62
     0
100
AcDbPoint
 10
7.015495208684406
 20
10.39868797719155
 30
0.0
  0
POINT
  5
2B78
330
2963
100
AcDbEntity
  8
Defpoints
 62
     0
100
AcDbPoint
 10
7.015495208683951
 20
9.89862071864978
 30
0.0
  0
POINT
  5
2B79
330
2963
100
AcDbEntity
  8
Defpoints
 62
     0
100
AcDbPoint
 10
6.962002060228606
 20
9.89862071864978
 30
0.0
  0
ENDBLK
  5
2965
330
2963
100
AcDbEntity
  8
0
100
AcDbBlockEnd
  0
BLOCK
  5
2971
330
2970
100
AcDbEntity
  8
0
100
AcDbBlockBegin
  2
*D296
 70
     1
 10
0.0
 20
0.0
 30
0.0
  3
*D296
  1

  0
LINE
  5
2B7A
330
2970
100
AcDbEntity
  8
DET-COTAS
 62
     8
370
    -2
100
AcDbLine
 10
13.31238802707381
 20
10.39868797719133
 30
0.0
 11
13.21889487861801
 21
10.39868797719133
 31
0.0
  0
LINE
  5
2B7B
330
2970
100
AcDbEntity
  8
DET-COTAS
 62
     8
370
    -2
100
AcDbLine
 10
13.31238802707336
 20
9.704445308373223
 30
0.0
 11
13.21889487861801
 21
9.704445308373223
 31
0.0
  0
LINE
  5
2B7C
330
2970
100
AcDbEntity
  8
DET-COTAS
 62
     4
370
    -2
100
AcDbLine
 10
13.41889487861801
 20
9.704445308373223
 30
0.0
 11
13.41889487861801
 21
9.138890685523325
 31
0.0
  0
LINE
  5
2B7D
330
2970
100
AcDbEntity
  8
DET-COTAS
 62
     4
370
    -2
100
AcDbLine
 10
13.41889487861801
 20
10.39868797719133
 30
0.0
 11
13.41889487861801
 21
9.704445308373223
 31
0.0
  0
INSERT
  5
2B7E
330
2970
100
AcDbEntity
  8
DET-COTAS
 62
     4
370
    -2
100
AcDbBlockReference
  2
_Oblique
 10
13.41889487861801
 20
10.39868797719133
 30
0.0
 41
0.14
 42
0.14
 43
0.14
 50
90.0
  0
INSERT
  5
2B7F
330
2970
100
AcDbEntity
  8
DET-COTAS
 62
     4
370
    -2
100
AcDbBlockReference
  2
_Oblique
 10
13.41889487861801
 20
9.704445308373223
 30
0.0
 41
0.14
 42
0.14
 43
0.14
 50
270.0
  0
MTEXT
  5
2B80
330
2970
100
AcDbEntity
  8
DET-COTAS
 62
     2
100
AcDbMText
 10
13.26637958290081
 20
9.344023248405719
 30
0.0
 40
0.2
 41
0.0
 46
0.0
 71
     5
 72
     1
  1
H2
  7
Formato
 11
0.0
 21
1.0
 31
0.0
 73
     1
 44
1.0
  0
POINT
  5
2B81
330
2970
100
AcDbEntity
  8
Defpoints
 62
     0
100
AcDbPoint
 10
13.47238802707381
 20
10.39868797719133
 30
0.0
  0
POINT
  5
2B82
330
2970
100
AcDbEntity
  8
Defpoints
 62
     0
100
AcDbPoint
 10
13.47238802707336
 20
9.704445308373223
 30
0.0
  0
POINT
  5
2B83
330
2970
100
AcDbEntity
  8
Defpoints
 62
     0
100
AcDbPoint
 10
13.41889487861801
 20
9.704445308373223
 30
0.0
  0
ENDBLK
  5
2972
330
2970
100
AcDbEntity
  8
0
100
AcDbBlockEnd
  0
BLOCK
  5
297E
330
297D
100
AcDbEntity
  8
0
100
AcDbBlockBegin
  2
*D297
 70
     1
 10
0.0
 20
0.0
 30
0.0
  3
*D297
  1

  0
LINE
  5
2B84
330
297D
100
AcDbEntity
  8
DET-COTAS
 62
     8
370
    -2
100
AcDbLine
 10
19.35763646043339
 20
10.39868797719133
 30
0.0
 11
19.26414331197759
 21
10.39868797719133
 31
0.0
  0
LINE
  5
2B85
330
297D
100
AcDbEntity
  8
DET-COTAS
 62
     8
370
    -2
100
AcDbLine
 10
19.35763646043293
 20
9.704445308373223
 30
0.0
 11
19.26414331197759
 21
9.704445308373223
 31
0.0
  0
LINE
  5
2B86
330
297D
100
AcDbEntity
  8
DET-COTAS
 62
     4
370
    -2
100
AcDbLine
 10
19.46414331197759
 20
9.704445308373223
 30
0.0
 11
19.46414331197759
 21
9.138890685523325
 31
0.0
  0
LINE
  5
2B87
330
297D
100
AcDbEntity
  8
DET-COTAS
 62
     4
370
    -2
100
AcDbLine
 10
19.46414331197759
 20
10.39868797719133
 30
0.0
 11
19.46414331197759
 21
9.704445308373223
 31
0.0
  0
INSERT
  5
2B88
330
297D
100
AcDbEntity
  8
DET-COTAS
 62
     4
370
    -2
100
AcDbBlockReference
  2
_Oblique
 10
19.46414331197759
 20
10.39868797719133
 30
0.0
 41
0.14
 42
0.14
 43
0.14
 50
90.0
  0
INSERT
  5
2B89
330
297D
100
AcDbEntity
  8
DET-COTAS
 62
     4
370
    -2
100
AcDbBlockReference
  2
_Oblique
 10
19.46414331197759
 20
9.704445308373223
 30
0.0
 41
0.14
 42
0.14
 43
0.14
 50
270.0
  0
MTEXT
  5
2B8A
330
297D
100
AcDbEntity
  8
DET-COTAS
 62
     2
100
AcDbMText
 10
19.31162801626039
 20
9.344023248405719
 30
0.0
 40
0.2
 41
0.0
 46
0.0
 71
     5
 72
     1
  1
H2
  7
Formato
 11
0.0
 21
1.0
 31
0.0
 73
     1
 44
1.0
  0
POINT
  5
2B8B
330
297D
100
AcDbEntity
  8
Defpoints
 62
     0
100
AcDbPoint
 10
19.51763646043339
 20
10.39868797719133
 30
0.0
  0
POINT
  5
2B8C
330
297D
100
AcDbEntity
  8
Defpoints
 62
     0
100
AcDbPoint
 10
19.51763646043293
 20
9.704445308373223
 30
0.0
  0
POINT
  5
2B8D
330
297D
100
AcDbEntity
  8
Defpoints
 62
     0
100
AcDbPoint
 10
19.46414331197759
 20
9.704445308373223
 30
0.0
  0
ENDBLK
  5
297F
330
297D
100
AcDbEntity
  8
0
100
AcDbBlockEnd
  0
BLOCK
  5
298B
330
298A
100
AcDbEntity
  8
0
100
AcDbBlockBegin
  2
*D298
 70
     1
 10
0.0
 20
0.0
 30
0.0
  3
*D298
  1

  0
LINE
  5
2B8E
330
298A
100
AcDbEntity
  8
DET-COTAS
 62
     8
370
    -2
100
AcDbLine
 10
26.32071610125937
 20
10.39868797719155
 30
0.0
 11
26.22722295280402
 21
10.39868797719155
 31
0.0
  0
LINE
  5
2B8F
330
298A
100
AcDbEntity
  8
DET-COTAS
 62
     8
370
    -2
100
AcDbLine
 10
26.32071610125937
 20
9.89862071864978
 30
0.0
 11
26.22722295280402
 21
9.89862071864978
 31
0.0
  0
LINE
  5
2B90
330
298A
100
AcDbEntity
  8
DET-COTAS
 62
     4
370
    -2
100
AcDbLine
 10
26.42722295280402
 20
9.89862071864978
 30
0.0
 11
26.42722295280402
 21
9.359714634209126
 31
0.0
  0
LINE
  5
2B91
330
298A
100
AcDbEntity
  8
DET-COTAS
 62
     4
370
    -2
100
AcDbLine
 10
26.42722295280402
 20
10.39868797719155
 30
0.0
 11
26.42722295280402
 21
9.89862071864978
 31
0.0
  0
INSERT
  5
2B92
330
298A
100
AcDbEntity
  8
DET-COTAS
 62
     4
370
    -2
100
AcDbBlockReference
  2
_Oblique
 10
26.42722295280402
 20
10.39868797719155
 30
0.0
 41
0.14
 42
0.14
 43
0.14
 50
90.0
  0
INSERT
  5
2B93
330
298A
100
AcDbEntity
  8
DET-COTAS
 62
     4
370
    -2
100
AcDbBlockReference
  2
_Oblique
 10
26.42722295280402
 20
9.89862071864978
 30
0.0
 41
0.14
 42
0.14
 43
0.14
 50
270.0
  0
MTEXT
  5
2B94
330
298A
100
AcDbEntity
  8
DET-COTAS
 62
     2
100
AcDbMText
 10
26.27722295280403
 20
9.538198658682276
 30
0.0
 40
0.2
 41
0.0
 46
0.0
 71
     5
 72
     1
  1
H1
  7
Formato
 11
0.0
 21
1.0
 31
0.0
 73
     1
 44
1.0
  0
POINT
  5
2B95
330
298A
100
AcDbEntity
  8
Defpoints
 62
     0
100
AcDbPoint
 10
26.48071610125937
 20
10.39868797719155
 30
0.0
  0
POINT
  5
2B96
330
298A
100
AcDbEntity
  8
Defpoints
 62
     0
100
AcDbPoint
 10
26.48071610125937
 20
9.89862071864978
 30
0.0
  0
POINT
  5
2B97
330
298A
100
AcDbEntity
  8
Defpoints
 62
     0
100
AcDbPoint
 10
26.42722295280402
 20
9.89862071864978
 30
0.0
  0
ENDBLK
  5
298C
330
298A
100
AcDbEntity
  8
0
100
AcDbBlockEnd
  0
BLOCK
  5
2998
330
2997
100
AcDbEntity
  8
0
100
AcDbBlockBegin
  2
*D299
 70
     1
 10
0.0
 20
0.0
 30
0.0
  3
*D299
  1

  0
LINE
  5
2B98
330
2997
100
AcDbEntity
  8
DET-COTAS
 62
     8
370
    -2
100
AcDbLine
 10
30.08403879563426
 20
10.39868797719155
 30
0.0
 11
29.99054564717892
 21
10.39868797719155
 31
0.0
  0
LINE
  5
2B99
330
2997
100
AcDbEntity
  8
DET-COTAS
 62
     8
370
    -2
100
AcDbLine
 10
30.08403879563426
 20
9.89862071864978
 30
0.0
 11
29.99054564717892
 21
9.89862071864978
 31
0.0
  0
LINE
  5
2B9A
330
2997
100
AcDbEntity
  8
DET-COTAS
 62
     4
370
    -2
100
AcDbLine
 10
30.19054564717892
 20
9.89862071864978
 30
0.0
 11
30.19054564717892
 21
9.359714634209126
 31
0.0
  0
LINE
  5
2B9B
330
2997
100
AcDbEntity
  8
DET-COTAS
 62
     4
370
    -2
100
AcDbLine
 10
30.19054564717892
 20
10.39868797719155
 30
0.0
 11
30.19054564717892
 21
9.89862071864978
 31
0.0
  0
INSERT
  5
2B9C
330
2997
100
AcDbEntity
  8
DET-COTAS
 62
     4
370
    -2
100
AcDbBlockReference
  2
_Oblique
 10
30.19054564717892
 20
10.39868797719155
 30
0.0
 41
0.14
 42
0.14
 43
0.14
 50
90.0
  0
INSERT
  5
2B9D
330
2997
100
AcDbEntity
  8
DET-COTAS
 62
     4
370
    -2
100
AcDbBlockReference
  2
_Oblique
 10
30.19054564717892
 20
9.89862071864978
 30
0.0
 41
0.14
 42
0.14
 43
0.14
 50
270.0
  0
MTEXT
  5
2B9E
330
2997
100
AcDbEntity
  8
DET-COTAS
 62
     2
100
AcDbMText
 10
30.04054564717892
 20
9.538198658682276
 30
0.0
 40
0.2
 41
0.0
 46
0.0
 71
     5
 72
     1
  1
H1
  7
Formato
 11
0.0
 21
1.0
 31
0.0
 73
     1
 44
1.0
  0
POINT
  5
2B9F
330
2997
100
AcDbEntity
  8
Defpoints
 62
     0
100
AcDbPoint
 10
30.24403879563426
 20
10.39868797719155
 30
0.0
  0
POINT
  5
2BA0
330
2997
100
AcDbEntity
  8
Defpoints
 62
     0
100
AcDbPoint
 10
30.24403879563426
 20
9.89862071864978
 30
0.0
  0
POINT
  5
2BA1
330
2997
100
AcDbEntity
  8
Defpoints
 62
     0
100
AcDbPoint
 10
30.19054564717892
 20
9.89862071864978
 30
0.0
  0
ENDBLK
  5
2999
330
2997
100
AcDbEntity
  8
0
100
AcDbBlockEnd
  0
BLOCK
  5
29A5
330
29A4
100
AcDbEntity
  8
0
100
AcDbBlockBegin
  2
*D300
 70
     1
 10
0.0
 20
0.0
 30
0.0
  3
*D300
  1

  0
LINE
  5
2BA2
330
29A4
100
AcDbEntity
  8
DET-COTAS
 62
     8
370
    -2
100
AcDbLine
 10
3.684784958485415
 20
6.958880689814368
 30
0.0
 11
3.684784958485415
 21
7.022830335193529
 31
0.0
  0
LINE
  5
2BA3
330
29A4
100
AcDbEntity
  8
DET-COTAS
 62
     8
370
    -2
100
AcDbLine
 10
10.05692647045072
 20
6.958880689814368
 30
0.0
 11
10.05692647045072
 21
7.022830335193529
 31
0.0
  0
LINE
  5
2BA4
330
29A4
100
AcDbEntity
  8
DET-COTAS
 62
     4
370
    -2
100
AcDbLine
 10
3.684784958485415
 20
6.822830335193529
 30
0.0
 11
10.05692647045072
 21
6.822830335193529
 31
0.0
  0
INSERT
  5
2BA5
330
29A4
100
AcDbEntity
  8
DET-COTAS
 62
     4
370
    -2
100
AcDbBlockReference
  2
_Oblique
 10
3.684784958485415
 20
6.822830335193529
 30
0.0
 41
0.14
 42
0.14
 43
0.14
 50
180.0
  0
INSERT
  5
2BA6
330
29A4
100
AcDbEntity
  8
DET-COTAS
 62
     4
370
    -2
100
AcDbBlockReference
  2
_Oblique
 10
10.05692647045072
 20
6.822830335193529
 30
0.0
 41
0.14
 42
0.14
 43
0.14
  0
MTEXT
  5
2BA7
330
29A4
100
AcDbEntity
  8
DET-COTAS
 62
     2
100
AcDbMText
 10
6.870855714468071
 20
6.974733802222761
 30
0.0
 40
0.2
 41
0.0
 46
0.0
 71
     5
 72
     1
  1
Luz
  7
Formato
 73
     1
 44
1.0
  0
POINT
  5
2BA8
330
29A4
100
AcDbEntity
  8
Defpoints
 62
     0
100
AcDbPoint
 10
3.684784958485415
 20
6.798880689814367
 30
0.0
  0
POINT
  5
2BA9
330
29A4
100
AcDbEntity
  8
Defpoints
 62
     0
100
AcDbPoint
 10
10.05692647045072
 20
6.798880689814367
 30
0.0
  0
POINT
  5
2BAA
330
29A4
100
AcDbEntity
  8
Defpoints
 62
     0
100
AcDbPoint
 10
10.05692647045072
 20
6.822830335193529
 30
0.0
  0
ENDBLK
  5
29A6
330
29A4
100
AcDbEntity
  8
0
100
AcDbBlockEnd
  0
BLOCK
  5
29B1
330
29B0
100
AcDbEntity
  8
0
100
AcDbBlockBegin
  2
*D301
 70
     1
 10
0.0
 20
0.0
 30
0.0
  3
*D301
  1

  0
LINE
  5
2BAB
330
29B0
100
AcDbEntity
  8
DET-COTAS
 62
     8
370
    -2
100
AcDbLine
 10
10.05692647045072
 20
6.982830335193757
 30
0.0
 11
10.05692647045072
 21
7.022830335193529
 31
0.0
  0
LINE
  5
2BAC
330
29B0
100
AcDbEntity
  8
DET-COTAS
 62
     8
370
    -2
100
AcDbLine
 10
16.72043198564353
 20
6.982830335193529
 30
0.0
 11
16.72043198564353
 21
7.022830335193529
 31
0.0
  0
LINE
  5
2BAD
330
29B0
100
AcDbEntity
  8
DET-COTAS
 62
     4
370
    -2
100
AcDbLine
 10
10.05692647045072
 20
6.822830335193529
 30
0.0
 11
16.72043198564353
 21
6.822830335193529
 31
0.0
  0
INSERT
  5
2BAE
330
29B0
100
AcDbEntity
  8
DET-COTAS
 62
     4
370
    -2
100
AcDbBlockReference
  2
_Oblique
 10
10.05692647045072
 20
6.822830335193529
 30
0.0
 41
0.14
 42
0.14
 43
0.14
 50
180.0
  0
INSERT
  5
2BAF
330
29B0
100
AcDbEntity
  8
DET-COTAS
 62
     4
370
    -2
100
AcDbBlockReference
  2
_Oblique
 10
16.72043198564353
 20
6.822830335193529
 30
0.0
 41
0.14
 42
0.14
 43
0.14
  0
MTEXT
  5
2BB0
330
29B0
100
AcDbEntity
  8
DET-COTAS
 62
     2
100
AcDbMText
 10
13.38867922804713
 20
6.974733802222761
 30
0.0
 40
0.2
 41
0.0
 46
0.0
 71
     5
 72
     1
  1
Luz
  7
Formato
 73
     1
 44
1.0
  0
POINT
  5
2BB1
330
29B0
100
AcDbEntity
  8
Defpoints
 62
     0
100
AcDbPoint
 10
10.05692647045072
 20
6.822830335193756
 30
0.0
  0
POINT
  5
2BB2
330
29B0
100
AcDbEntity
  8
Defpoints
 62
     0
100
AcDbPoint
 10
16.72043198564353
 20
6.822830335193529
 30
0.0
  0
POINT
  5
2BB3
330
29B0
100
AcDbEntity
  8
Defpoints
 62
     0
100
AcDbPoint
 10
16.72043198564353
 20
6.822830335193529
 30
0.0
  0
ENDBLK
  5
29B2
330
29B0
100
AcDbEntity
  8
0
100
AcDbBlockEnd
  0
BLOCK
  5
29BD
330
29BC
100
AcDbEntity
  8
0
100
AcDbBlockBegin
  2
*D302
 70
     1
 10
0.0
 20
0.0
 30
0.0
  3
*D302
  1

  0
LINE
  5
2BB4
330
29BC
100
AcDbEntity
  8
DET-COTAS
 62
     8
370
    -2
100
AcDbLine
 10
16.42698296761802
 20
6.982830335193529
 30
0.0
 11
16.42698296761802
 21
7.022830335193529
 31
0.0
  0
LINE
  5
2BB5
330
29BC
100
AcDbEntity
  8
DET-COTAS
 62
     8
370
    -2
100
AcDbLine
 10
23.09038819115751
 20
6.982830335193529
 30
0.0
 11
23.09038819115751
 21
7.022830335193529
 31
0.0
  0
LINE
  5
2BB6
330
29BC
100
AcDbEntity
  8
DET-COTAS
 62
     4
370
    -2
100
AcDbLine
 10
16.42698296761802
 20
6.822830335193529
 30
0.0
 11
23.09038819115751
 21
6.822830335193529
 31
0.0
  0
INSERT
  5
2BB7
330
29BC
100
AcDbEntity
  8
DET-COTAS
 62
     4
370
    -2
100
AcDbBlockReference
  2
_Oblique
 10
16.42698296761802
 20
6.822830335193529
 30
0.0
 41
0.14
 42
0.14
 43
0.14
 50
180.0
  0
INSERT
  5
2BB8
330
29BC
100
AcDbEntity
  8
DET-COTAS
 62
     4
370
    -2
100
AcDbBlockReference
  2
_Oblique
 10
23.09038819115751
 20
6.822830335193529
 30
0.0
 41
0.14
 42
0.14
 43
0.14
  0
MTEXT
  5
2BB9
330
29BC
100
AcDbEntity
  8
DET-COTAS
 62
     2
100
AcDbMText
 10
19.75868557938776
 20
6.974733802222761
 30
0.0
 40
0.2
 41
0.0
 46
0.0
 71
     5
 72
     1
  1
Luz
  7
Formato
 73
     1
 44
1.0
  0
POINT
  5
2BBA
330
29BC
100
AcDbEntity
  8
Defpoints
 62
     0
100
AcDbPoint
 10
16.42698296761802
 20
6.822830335193529
 30
0.0
  0
POINT
  5
2BBB
330
29BC
100
AcDbEntity
  8
Defpoints
 62
     0
100
AcDbPoint
 10
23.09038819115751
 20
6.822830335193529
 30
0.0
  0
POINT
  5
2BBC
330
29BC
100
AcDbEntity
  8
Defpoints
 62
     0
100
AcDbPoint
 10
23.09038819115751
 20
6.822830335193529
 30
0.0
  0
ENDBLK
  5
29BE
330
29BC
100
AcDbEntity
  8
0
100
AcDbBlockEnd
  0
BLOCK
  5
29C9
330
29C8
100
AcDbEntity
  8
0
100
AcDbBlockBegin
  2
*D303
 70
     1
 10
0.0
 20
0.0
 30
0.0
  3
*D303
  1

  0
LINE
  5
2BBD
330
29C8
100
AcDbEntity
  8
DET-COTAS
 62
     8
370
    -2
100
AcDbLine
 10
22.796939173132
 20
6.982830335193529
 30
0.0
 11
22.796939173132
 21
7.022830335193529
 31
0.0
  0
LINE
  5
2BBE
330
29C8
100
AcDbEntity
  8
DET-COTAS
 62
     8
370
    -2
100
AcDbLine
 10
29.45825818955638
 20
6.982830335193529
 30
0.0
 11
29.45825818955638
 21
7.022830335193529
 31
0.0
  0
LINE
  5
2BBF
330
29C8
100
AcDbEntity
  8
DET-COTAS
 62
     4
370
    -2
100
AcDbLine
 10
22.796939173132
 20
6.822830335193529
 30
0.0
 11
29.45825818955638
 21
6.822830335193529
 31
0.0
  0
INSERT
  5
2BC0
330
29C8
100
AcDbEntity
  8
DET-COTAS
 62
     4
370
    -2
100
AcDbBlockReference
  2
_Oblique
 10
22.796939173132
 20
6.822830335193529
 30
0.0
 41
0.14
 42
0.14
 43
0.14
 50
180.0
  0
INSERT
  5
2BC1
330
29C8
100
AcDbEntity
  8
DET-COTAS
 62
     4
370
    -2
100
AcDbBlockReference
  2
_Oblique
 10
29.45825818955638
 20
6.822830335193529
 30
0.0
 41
0.14
 42
0.14
 43
0.14
  0
MTEXT
  5
2BC2
330
29C8
100
AcDbEntity
  8
DET-COTAS
 62
     2
100
AcDbMText
 10
26.12759868134419
 20
6.974733802222761
 30
0.0
 40
0.2
 41
0.0
 46
0.0
 71
     5
 72
     1
  1
Luz
  7
Formato
 73
     1
 44
1.0
  0
POINT
  5
2BC3
330
29C8
100
AcDbEntity
  8
Defpoints
 62
     0
100
AcDbPoint
 10
22.796939173132
 20
6.822830335193529
 30
0.0
  0
POINT
  5
2BC4
330
29C8
100
AcDbEntity
  8
Defpoints
 62
     0
100
AcDbPoint
 10
29.45825818955638
 20
6.822830335193529
 30
0.0
  0
POINT
  5
2BC5
330
29C8
100
AcDbEntity
  8
Defpoints
 62
     0
100
AcDbPoint
 10
29.45825818955638
 20
6.822830335193529
 30
0.0
  0
ENDBLK
  5
29CA
330
29C8
100
AcDbEntity
  8
0
100
AcDbBlockEnd
  0
BLOCK
  5
29D5
330
29D4
100
AcDbEntity
  8
0
100
AcDbBlockBegin
  2
*D304
 70
     1
 10
0.0
 20
0.0
 30
0.0
  3
*D304
  1

  0
LINE
  5
2BC6
330
29D4
100
AcDbEntity
  8
DET-COTAS
 62
     8
370
    -2
100
AcDbLine
 10
29.16487643007333
 20
6.982830335193529
 30
0.0
 11
29.16487643007333
 21
7.022830335193529
 31
0.0
  0
LINE
  5
2BC7
330
29D4
100
AcDbEntity
  8
DET-COTAS
 62
     8
370
    -2
100
AcDbLine
 10
30.74760443652833
 20
8.242378484657091
 30
0.0
 11
30.74760443652833
 21
6.622830335193529
 31
0.0
  0
LINE
  5
2BC8
330
29D4
100
AcDbEntity
  8
DET-COTAS
 62
     4
370
    -2
100
AcDbLine
 10
29.16487643007333
 20
6.822830335193529
 30
0.0
 11
30.74760443652833
 21
6.822830335193529
 31
0.0
  0
INSERT
  5
2BC9
330
29D4
100
AcDbEntity
  8
DET-COTAS
 62
     4
370
    -2
100
AcDbBlockReference
  2
_Oblique
 10
29.16487643007333
 20
6.822830335193529
 30
0.0
 41
0.14
 42
0.14
 43
0.14
 50
180.0
  0
INSERT
  5
2BCA
330
29D4
100
AcDbEntity
  8
DET-COTAS
 62
     4
370
    -2
100
AcDbBlockReference
  2
_Oblique
 10
30.74760443652833
 20
6.822830335193529
 30
0.0
 41
0.14
 42
0.14
 43
0.14
  0
MTEXT
  5
2BCB
330
29D4
100
AcDbEntity
  8
DET-COTAS
 62
     2
100
AcDbMText
 10
29.95624043330083
 20
6.97724909793996
 30
0.0
 40
0.2
 41
0.0
 46
0.0
 71
     5
 72
     1
  1
Vol
  7
Formato
 73
     1
 44
1.0
  0
POINT
  5
2BCC
330
29D4
100
AcDbEntity
  8
Defpoints
 62
     0
100
AcDbPoint
 10
29.16487643007333
 20
6.822830335193529
 30
0.0
  0
POINT
  5
2BCD
330
29D4
100
AcDbEntity
  8
Defpoints
 62
     0
100
AcDbPoint
 10
30.74760443652833
 20
8.402378484657091
 30
0.0
  0
POINT
  5
2BCE
330
29D4
100
AcDbEntity
  8
Defpoints
 62
     0
100
AcDbPoint
 10
30.74760443652833
 20
6.822830335193529
 30
0.0
  0
ENDBLK
  5
29D6
330
29D4
100
AcDbEntity
  8
0
100
AcDbBlockEnd
  0
BLOCK
  5
29E1
330
29E0
100
AcDbEntity
  8
0
100
AcDbBlockBegin
  2
*D305
 70
     1
 10
0.0
 20
0.0
 30
0.0
  3
*D305
  1

  0
LINE
  5
2BCF
330
29E0
100
AcDbEntity
  8
DET-COTAS
 62
     8
370
    -2
100
AcDbLine
 10
7.040374356808406
 20
20.11497678339715
 30
0.0
 11
7.040374356808406
 21
19.68906748549503
 31
0.0
  0
LINE
  5
2BD0
330
29E0
100
AcDbEntity
  8
DET-COTAS
 62
     8
370
    -2
100
AcDbLine
 10
8.971005240355061
 20
20.32494326397882
 30
0.0
 11
8.971005240355061
 21
19.68906748549503
 31
0.0
  0
LINE
  5
2BD1
330
29E0
100
AcDbEntity
  8
DET-COTAS
 62
     4
370
    -2
100
AcDbLine
 10
7.040374356808406
 20
19.88906748549503
 30
0.0
 11
8.971005240355061
 21
19.88906748549503
 31
0.0
  0
INSERT
  5
2BD2
330
29E0
100
AcDbEntity
  8
DET-COTAS
 62
     4
370
    -2
100
AcDbBlockReference
  2
_Oblique
 10
7.040374356808406
 20
19.88906748549503
 30
0.0
 41
0.14
 42
0.14
 43
0.14
 50
180.0
  0
INSERT
  5
2BD3
330
29E0
100
AcDbEntity
  8
DET-COTAS
 62
     4
370
    -2
100
AcDbBlockReference
  2
_Oblique
 10
8.971005240355061
 20
19.88906748549503
 30
0.0
 41
0.14
 42
0.14
 43
0.14
  0
MTEXT
  5
2BD4
330
29E0
100
AcDbEntity
  8
DET-COTAS
 62
     2
100
AcDbMText
 10
8.005689798581734
 20
20.07244613947192
 30
0.0
 40
0.2
 41
0.0
 46
0.0
 71
     5
 72
     1
  1
L,anclaje II
  7
Formato
 73
     1
 44
1.0
  0
POINT
  5
2BD5
330
29E0
100
AcDbEntity
  8
Defpoints
 62
     0
100
AcDbPoint
 10
7.040374356808406
 20
20.27497678339715
 30
0.0
  0
POINT
  5
2BD6
330
29E0
100
AcDbEntity
  8
Defpoints
 62
     0
100
AcDbPoint
 10
8.971005240355061
 20
20.48494326397882
 30
0.0
  0
POINT
  5
2BD7
330
29E0
100
AcDbEntity
  8
Defpoints
 62
     0
100
AcDbPoint
 10
8.971005240355061
 20
19.88906748549503
 30
0.0
  0
ENDBLK
  5
29E2
330
29E0
100
AcDbEntity
  8
0
100
AcDbBlockEnd
  0
BLOCK
  5
29ED
330
29EC
100
AcDbEntity
  8
0
100
AcDbBlockBegin
  2
*D306
 70
     1
 10
0.0
 20
0.0
 30
0.0
  3
*D306
  1

  0
LINE
  5
2BD8
330
29EC
100
AcDbEntity
  8
DET-COTAS
 62
     8
370
    -2
100
AcDbLine
 10
8.971005240355061
 20
20.11497678339715
 30
0.0
 11
8.971005240355061
 21
19.68906748549503
 31
0.0
  0
LINE
  5
2BD9
330
29EC
100
AcDbEntity
  8
DET-COTAS
 62
     8
370
    -2
100
AcDbLine
 10
10.93302972403564
 20
20.11497678339715
 30
0.0
 11
10.93302972403564
 21
19.68906748549503
 31
0.0
  0
LINE
  5
2BDA
330
29EC
100
AcDbEntity
  8
DET-COTAS
 62
     4
370
    -2
100
AcDbLine
 10
8.971005240355061
 20
19.88906748549503
 30
0.0
 11
10.93302972403564
 21
19.88906748549503
 31
0.0
  0
INSERT
  5
2BDB
330
29EC
100
AcDbEntity
  8
DET-COTAS
 62
     4
370
    -2
100
AcDbBlockReference
  2
_Oblique
 10
8.971005240355061
 20
19.88906748549503
 30
0.0
 41
0.14
 42
0.14
 43
0.14
 50
180.0
  0
INSERT
  5
2BDC
330
29EC
100
AcDbEntity
  8
DET-COTAS
 62
     4
370
    -2
100
AcDbBlockReference
  2
_Oblique
 10
10.93302972403564
 20
19.88906748549503
 30
0.0
 41
0.14
 42
0.14
 43
0.14
  0
MTEXT
  5
2BDD
330
29EC
100
AcDbEntity
  8
DET-COTAS
 62
     2
100
AcDbMText
 10
9.952017482195351
 20
20.07244613947192
 30
0.0
 40
0.2
 41
0.0
 46
0.0
 71
     5
 72
     1
  1
L,anclaje II
  7
Formato
 73
     1
 44
1.0
  0
POINT
  5
2BDE
330
29EC
100
AcDbEntity
  8
Defpoints
 62
     0
100
AcDbPoint
 10
8.971005240355061
 20
20.27497678339715
 30
0.0
  0
POINT
  5
2BDF
330
29EC
100
AcDbEntity
  8
Defpoints
 62
     0
100
AcDbPoint
 10
10.93302972403564
 20
20.27497678339715
 30
0.0
  0
POINT
  5
2BE0
330
29EC
100
AcDbEntity
  8
Defpoints
 62
     0
100
AcDbPoint
 10
10.93302972403564
 20
19.88906748549503
 30
0.0
  0
ENDBLK
  5
29EE
330
29EC
100
AcDbEntity
  8
0
100
AcDbBlockEnd
  0
BLOCK
  5
29F9
330
29F8
100
AcDbEntity
  8
0
100
AcDbBlockBegin
  2
*D307
 70
     1
 10
0.0
 20
0.0
 30
0.0
  3
*D307
  1

  0
LINE
  5
2BE1
330
29F8
100
AcDbEntity
  8
DET-COTAS
 62
     8
370
    -2
100
AcDbLine
 10
13.70589762825586
 20
20.11497678339715
 30
0.0
 11
13.70589762825586
 21
19.68906748549503
 31
0.0
  0
LINE
  5
2BE2
330
29F8
100
AcDbEntity
  8
DET-COTAS
 62
     8
370
    -2
100
AcDbLine
 10
15.63652851180252
 20
20.11497678339715
 30
0.0
 11
15.63652851180252
 21
19.68906748549503
 31
0.0
  0
LINE
  5
2BE3
330
29F8
100
AcDbEntity
  8
DET-COTAS
 62
     4
370
    -2
100
AcDbLine
 10
13.70589762825586
 20
19.88906748549503
 30
0.0
 11
15.63652851180252
 21
19.88906748549503
 31
0.0
  0
INSERT
  5
2BE4
330
29F8
100
AcDbEntity
  8
DET-COTAS
 62
     4
370
    -2
100
AcDbBlockReference
  2
_Oblique
 10
13.70589762825586
 20
19.88906748549503
 30
0.0
 41
0.14
 42
0.14
 43
0.14
 50
180.0
  0
INSERT
  5
2BE5
330
29F8
100
AcDbEntity
  8
DET-COTAS
 62
     4
370
    -2
100
AcDbBlockReference
  2
_Oblique
 10
15.63652851180252
 20
19.88906748549503
 30
0.0
 41
0.14
 42
0.14
 43
0.14
  0
MTEXT
  5
2BE6
330
29F8
100
AcDbEntity
  8
DET-COTAS
 62
     2
100
AcDbMText
 10
14.67121307002919
 20
20.07244613947192
 30
0.0
 40
0.2
 41
0.0
 46
0.0
 71
     5
 72
     1
  1
L,anclaje II
  7
Formato
 73
     1
 44
1.0
  0
POINT
  5
2BE7
330
29F8
100
AcDbEntity
  8
Defpoints
 62
     0
100
AcDbPoint
 10
13.70589762825586
 20
20.27497678339715
 30
0.0
  0
POINT
  5
2BE8
330
29F8
100
AcDbEntity
  8
Defpoints
 62
     0
100
AcDbPoint
 10
15.63652851180252
 20
20.27497678339715
 30
0.0
  0
POINT
  5
2BE9
330
29F8
100
AcDbEntity
  8
Defpoints
 62
     0
100
AcDbPoint
 10
15.63652851180252
 20
19.88906748549503
 30
0.0
  0
ENDBLK
  5
29FA
330
29F8
100
AcDbEntity
  8
0
100
AcDbBlockEnd
  0
BLOCK
  5
2A05
330
2A04
100
AcDbEntity
  8
0
100
AcDbBlockBegin
  2
*D308
 70
     1
 10
0.0
 20
0.0
 30
0.0
  3
*D308
  1

  0
LINE
  5
2BEA
330
2A04
100
AcDbEntity
  8
DET-COTAS
 62
     8
370
    -2
100
AcDbLine
 10
15.63652851180252
 20
20.32494326397882
 30
0.0
 11
15.63652851180252
 21
19.68906748549503
 31
0.0
  0
LINE
  5
2BEB
330
2A04
100
AcDbEntity
  8
DET-COTAS
 62
     8
370
    -2
100
AcDbLine
 10
17.59855299548309
 20
20.11497678339715
 30
0.0
 11
17.59855299548309
 21
19.68906748549503
 31
0.0
  0
LINE
  5
2BEC
330
2A04
100
AcDbEntity
  8
DET-COTAS
 62
     4
370
    -2
100
AcDbLine
 10
15.63652851180252
 20
19.88906748549503
 30
0.0
 11
17.59855299548309
 21
19.88906748549503
 31
0.0
  0
INSERT
  5
2BED
330
2A04
100
AcDbEntity
  8
DET-COTAS
 62
     4
370
    -2
100
AcDbBlockReference
  2
_Oblique
 10
15.63652851180252
 20
19.88906748549503
 30
0.0
 41
0.14
 42
0.14
 43
0.14
 50
180.0
  0
INSERT
  5
2BEE
330
2A04
100
AcDbEntity
  8
DET-COTAS
 62
     4
370
    -2
100
AcDbBlockReference
  2
_Oblique
 10
17.59855299548309
 20
19.88906748549503
 30
0.0
 41
0.14
 42
0.14
 43
0.14
  0
MTEXT
  5
2BEF
330
2A04
100
AcDbEntity
  8
DET-COTAS
 62
     2
100
AcDbMText
 10
16.61754075364281
 20
20.07244613947192
 30
0.0
 40
0.2
 41
0.0
 46
0.0
 71
     5
 72
     1
  1
L,anclaje II
  7
Formato
 73
     1
 44
1.0
  0
POINT
  5
2BF0
330
2A04
100
AcDbEntity
  8
Defpoints
 62
     0
100
AcDbPoint
 10
15.63652851180252
 20
20.48494326397882
 30
0.0
  0
POINT
  5
2BF1
330
2A04
100
AcDbEntity
  8
Defpoints
 62
     0
100
AcDbPoint
 10
17.59855299548309
 20
20.27497678339715
 30
0.0
  0
POINT
  5
2BF2
330
2A04
100
AcDbEntity
  8
Defpoints
 62
     0
100
AcDbPoint
 10
17.59855299548309
 20
19.88906748549503
 30
0.0
  0
ENDBLK
  5
2A06
330
2A04
100
AcDbEntity
  8
0
100
AcDbBlockEnd
  0
BLOCK
  5
2A11
330
2A10
100
AcDbEntity
  8
0
100
AcDbBlockBegin
  2
*D309
 70
     1
 10
0.0
 20
0.0
 30
0.0
  3
*D309
  1

  0
LINE
  5
2BF3
330
2A10
100
AcDbEntity
  8
DET-COTAS
 62
     8
370
    -2
100
AcDbLine
 10
8.400935507409322
 20
16.27520069173461
 30
0.0
 11
8.400935507409322
 21
15.66255149975192
 31
0.0
  0
LINE
  5
2BF4
330
2A10
100
AcDbEntity
  8
DET-COTAS
 62
     8
370
    -2
100
AcDbLine
 10
8.971005240355061
 20
16.27520069173461
 30
0.0
 11
8.971005240355061
 21
15.66255149975192
 31
0.0
  0
LINE
  5
2BF5
330
2A10
100
AcDbEntity
  8
DET-COTAS
 62
     4
370
    -2
100
AcDbLine
 10
8.400935507409322
 20
15.86255149975191
 30
0.0
 11
8.971005240355061
 21
15.86255149975191
 31
0.0
  0
INSERT
  5
2BF6
330
2A10
100
AcDbEntity
  8
DET-COTAS
 62
     4
370
    -2
100
AcDbBlockReference
  2
_Oblique
 10
8.400935507409322
 20
15.86255149975191
 30
0.0
 41
0.14
 42
0.14
 43
0.14
 50
180.0
  0
INSERT
  5
2BF7
330
2A10
100
AcDbEntity
  8
DET-COTAS
 62
     4
370
    -2
100
AcDbBlockReference
  2
_Oblique
 10
8.971005240355061
 20
15.86255149975191
 30
0.0
 41
0.14
 42
0.14
 43
0.14
  0
MTEXT
  5
2BF8
330
2A10
100
AcDbEntity
  8
DET-COTAS
 62
     2
100
AcDbMText
 10
8.685970373882192
 20
16.01758209118631
 30
0.0
 40
0.2
 41
0.0
 46
0.0
 71
     5
 72
     1
  1
35
  7
Formato
 73
     1
 44
1.0
  0
POINT
  5
2BF9
330
2A10
100
AcDbEntity
  8
Defpoints
 62
     0
100
AcDbPoint
 10
8.400935507409322
 20
16.43520069173461
 30
0.0
  0
POINT
  5
2BFA
330
2A10
100
AcDbEntity
  8
Defpoints
 62
     0
100
AcDbPoint
 10
8.971005240355061
 20
16.43520069173461
 30
0.0
  0
POINT
  5
2BFB
330
2A10
100
AcDbEntity
  8
Defpoints
 62
     0
100
AcDbPoint
 10
8.971005240355061
 20
15.86255149975191
 30
0.0
  0
ENDBLK
  5
2A12
330
2A10
100
AcDbEntity
  8
0
100
AcDbBlockEnd
  0
BLOCK
  5
2A1D
330
2A1C
100
AcDbEntity
  8
0
100
AcDbBlockBegin
  2
*D310
 70
     1
 10
0.0
 20
0.0
 30
0.0
  3
*D310
  1

  0
LINE
  5
2BFC
330
2A1C
100
AcDbEntity
  8
DET-COTAS
 62
     8
370
    -2
100
AcDbLine
 10
8.971005240355061
 20
16.07679093480028
 30
0.0
 11
8.971005240355061
 21
15.66255149975192
 31
0.0
  0
LINE
  5
2BFD
330
2A1C
100
AcDbEntity
  8
DET-COTAS
 62
     8
370
    -2
100
AcDbLine
 10
9.50469194148065
 20
16.07679093480028
 30
0.0
 11
9.50469194148065
 21
15.66255149975192
 31
0.0
  0
LINE
  5
2BFE
330
2A1C
100
AcDbEntity
  8
DET-COTAS
 62
     4
370
    -2
100
AcDbLine
 10
8.971005240355061
 20
15.86255149975191
 30
0.0
 11
9.50469194148065
 21
15.86255149975191
 31
0.0
  0
INSERT
  5
2BFF
330
2A1C
100
AcDbEntity
  8
DET-COTAS
 62
     4
370
    -2
100
AcDbBlockReference
  2
_Oblique
 10
8.971005240355061
 20
15.86255149975191
 30
0.0
 41
0.14
 42
0.14
 43
0.14
 50
180.0
  0
INSERT
  5
2C00
330
2A1C
100
AcDbEntity
  8
DET-COTAS
 62
     4
370
    -2
100
AcDbBlockReference
  2
_Oblique
 10
9.50469194148065
 20
15.86255149975191
 30
0.0
 41
0.14
 42
0.14
 43
0.14
  0
MTEXT
  5
2C01
330
2A1C
100
AcDbEntity
  8
DET-COTAS
 62
     2
100
AcDbMText
 10
9.237848590917856
 20
16.01758209118631
 30
0.0
 40
0.2
 41
0.0
 46
0.0
 71
     5
 72
     1
  1
35
  7
Formato
 73
     1
 44
1.0
  0
POINT
  5
2C02
330
2A1C
100
AcDbEntity
  8
Defpoints
 62
     0
100
AcDbPoint
 10
8.971005240355061
 20
16.23679093480028
 30
0.0
  0
POINT
  5
2C03
330
2A1C
100
AcDbEntity
  8
Defpoints
 62
     0
100
AcDbPoint
 10
9.50469194148065
 20
16.23679093480028
 30
0.0
  0
POINT
  5
2C04
330
2A1C
100
AcDbEntity
  8
Defpoints
 62
     0
100
AcDbPoint
 10
9.50469194148065
 20
15.86255149975191
 30
0.0
  0
ENDBLK
  5
2A1E
330
2A1C
100
AcDbEntity
  8
0
100
AcDbBlockEnd
  0
BLOCK
  5
2A29
330
2A28
100
AcDbEntity
  8
0
100
AcDbBlockBegin
  2
*D311
 70
     1
 10
0.0
 20
0.0
 30
0.0
  3
*D311
  1

  0
LINE
  5
2C05
330
2A28
100
AcDbEntity
  8
DET-COTAS
 62
     8
370
    -2
100
AcDbLine
 10
15.06228874926348
 20
16.07679093480028
 30
0.0
 11
15.06228874926348
 21
15.66255149975192
 31
0.0
  0
LINE
  5
2C06
330
2A28
100
AcDbEntity
  8
DET-COTAS
 62
     8
370
    -2
100
AcDbLine
 10
15.63652851180252
 20
16.07679093480028
 30
0.0
 11
15.63652851180252
 21
15.66255149975192
 31
0.0
  0
LINE
  5
2C07
330
2A28
100
AcDbEntity
  8
DET-COTAS
 62
     4
370
    -2
100
AcDbLine
 10
15.06228874926348
 20
15.86255149975191
 30
0.0
 11
15.63652851180252
 21
15.86255149975191
 31
0.0
  0
INSERT
  5
2C08
330
2A28
100
AcDbEntity
  8
DET-COTAS
 62
     4
370
    -2
100
AcDbBlockReference
  2
_Oblique
 10
15.06228874926348
 20
15.86255149975191
 30
0.0
 41
0.14
 42
0.14
 43
0.14
 50
180.0
  0
INSERT
  5
2C09
330
2A28
100
AcDbEntity
  8
DET-COTAS
 62
     4
370
    -2
100
AcDbBlockReference
  2
_Oblique
 10
15.63652851180252
 20
15.86255149975191
 30
0.0
 41
0.14
 42
0.14
 43
0.14
  0
MTEXT
  5
2C0A
330
2A28
100
AcDbEntity
  8
DET-COTAS
 62
     2
100
AcDbMText
 10
15.349408630533
 20
16.01758209118631
 30
0.0
 40
0.2
 41
0.0
 46
0.0
 71
     5
 72
     1
  1
35
  7
Formato
 73
     1
 44
1.0
  0
POINT
  5
2C0B
330
2A28
100
AcDbEntity
  8
Defpoints
 62
     0
100
AcDbPoint
 10
15.06228874926348
 20
16.23679093480028
 30
0.0
  0
POINT
  5
2C0C
330
2A28
100
AcDbEntity
  8
Defpoints
 62
     0
100
AcDbPoint
 10
15.63652851180252
 20
16.23679093480028
 30
0.0
  0
POINT
  5
2C0D
330
2A28
100
AcDbEntity
  8
Defpoints
 62
     0
100
AcDbPoint
 10
15.63652851180252
 20
15.86255149975191
 30
0.0
  0
ENDBLK
  5
2A2A
330
2A28
100
AcDbEntity
  8
0
100
AcDbBlockEnd
  0
BLOCK
  5
2A35
330
2A34
100
AcDbEntity
  8
0
100
AcDbBlockBegin
  2
*D312
 70
     1
 10
0.0
 20
0.0
 30
0.0
  3
*D312
  1

  0
LINE
  5
2C0E
330
2A34
100
AcDbEntity
  8
DET-COTAS
 62
     8
370
    -2
100
AcDbLine
 10
15.63652851180252
 20
16.27520069173461
 30
0.0
 11
15.63652851180252
 21
15.66255149975192
 31
0.0
  0
LINE
  5
2C0F
330
2A34
100
AcDbEntity
  8
DET-COTAS
 62
     8
370
    -2
100
AcDbLine
 10
16.23178027468459
 20
16.27520069173461
 30
0.0
 11
16.23178027468459
 21
15.66255149975192
 31
0.0
  0
LINE
  5
2C10
330
2A34
100
AcDbEntity
  8
DET-COTAS
 62
     4
370
    -2
100
AcDbLine
 10
15.63652851180252
 20
15.86255149975191
 30
0.0
 11
16.23178027468459
 21
15.86255149975191
 31
0.0
  0
INSERT
  5
2C11
330
2A34
100
AcDbEntity
  8
DET-COTAS
 62
     4
370
    -2
100
AcDbBlockReference
  2
_Oblique
 10
15.63652851180252
 20
15.86255149975191
 30
0.0
 41
0.14
 42
0.14
 43
0.14
 50
180.0
  0
INSERT
  5
2C12
330
2A34
100
AcDbEntity
  8
DET-COTAS
 62
     4
370
    -2
100
AcDbBlockReference
  2
_Oblique
 10
16.23178027468459
 20
15.86255149975191
 30
0.0
 41
0.14
 42
0.14
 43
0.14
  0
MTEXT
  5
2C13
330
2A34
100
AcDbEntity
  8
DET-COTAS
 62
     2
100
AcDbMText
 10
15.93415439324355
 20
16.01758209118631
 30
0.0
 40
0.2
 41
0.0
 46
0.0
 71
     5
 72
     1
  1
35
  7
Formato
 73
     1
 44
1.0
  0
POINT
  5
2C14
330
2A34
100
AcDbEntity
  8
Defpoints
 62
     0
100
AcDbPoint
 10
15.63652851180252
 20
16.43520069173461
 30
0.0
  0
POINT
  5
2C15
330
2A34
100
AcDbEntity
  8
Defpoints
 62
     0
100
AcDbPoint
 10
16.23178027468459
 20
16.43520069173461
 30
0.0
  0
POINT
  5
2C16
330
2A34
100
AcDbEntity
  8
Defpoints
 62
     0
100
AcDbPoint
 10
16.23178027468459
 20
15.86255149975191
 30
0.0
  0
ENDBLK
  5
2A36
330
2A34
100
AcDbEntity
  8
0
100
AcDbBlockEnd
  0
BLOCK
  5
2A41
330
2A40
100
AcDbEntity
  8
0
100
AcDbBlockBegin
  2
*D313
 70
     1
 10
0.0
 20
0.0
 30
0.0
  3
*D313
  1

  0
LINE
  5
2C17
330
2A40
100
AcDbEntity
  8
DET-COTAS
 62
     8
370
    -2
100
AcDbLine
 10
21.72781202071003
 20
16.27520069173461
 30
0.0
 11
21.72781202071003
 21
15.66255149975192
 31
0.0
  0
LINE
  5
2C18
330
2A40
100
AcDbEntity
  8
DET-COTAS
 62
     8
370
    -2
100
AcDbLine
 10
22.32056651361046
 20
16.27520069173461
 30
0.0
 11
22.32056651361046
 21
15.66255149975192
 31
0.0
  0
LINE
  5
2C19
330
2A40
100
AcDbEntity
  8
DET-COTAS
 62
     4
370
    -2
100
AcDbLine
 10
21.72781202071003
 20
15.86255149975191
 30
0.0
 11
22.32056651361046
 21
15.86255149975191
 31
0.0
  0
INSERT
  5
2C1A
330
2A40
100
AcDbEntity
  8
DET-COTAS
 62
     4
370
    -2
100
AcDbBlockReference
  2
_Oblique
 10
21.72781202071003
 20
15.86255149975191
 30
0.0
 41
0.14
 42
0.14
 43
0.14
 50
180.0
  0
INSERT
  5
2C1B
330
2A40
100
AcDbEntity
  8
DET-COTAS
 62
     4
370
    -2
100
AcDbBlockReference
  2
_Oblique
 10
22.32056651361046
 20
15.86255149975191
 30
0.0
 41
0.14
 42
0.14
 43
0.14
  0
MTEXT
  5
2C1C
330
2A40
100
AcDbEntity
  8
DET-COTAS
 62
     2
100
AcDbMText
 10
22.02418926716025
 20
16.01758209118631
 30
0.0
 40
0.2
 41
0.0
 46
0.0
 71
     5
 72
     1
  1
35
  7
Formato
 73
     1
 44
1.0
  0
POINT
  5
2C1D
330
2A40
100
AcDbEntity
  8
Defpoints
 62
     0
100
AcDbPoint
 10
21.72781202071003
 20
16.43520069173461
 30
0.0
  0
POINT
  5
2C1E
330
2A40
100
AcDbEntity
  8
Defpoints
 62
     0
100
AcDbPoint
 10
22.32056651361046
 20
16.43520069173461
 30
0.0
  0
POINT
  5
2C1F
330
2A40
100
AcDbEntity
  8
Defpoints
 62
     0
100
AcDbPoint
 10
22.32056651361046
 20
15.86255149975191
 30
0.0
  0
ENDBLK
  5
2A42
330
2A40
100
AcDbEntity
  8
0
100
AcDbBlockEnd
  0
BLOCK
  5
2A4D
330
2A4C
100
AcDbEntity
  8
0
100
AcDbBlockBegin
  2
*D314
 70
     1
 10
0.0
 20
0.0
 30
0.0
  3
*D314
  1

  0
LINE
  5
2C20
330
2A4C
100
AcDbEntity
  8
DET-COTAS
 62
     8
370
    -2
100
AcDbLine
 10
22.32056651361046
 20
16.07679093480028
 30
0.0
 11
22.32056651361046
 21
15.66255149975192
 31
0.0
  0
LINE
  5
2C21
330
2A4C
100
AcDbEntity
  8
DET-COTAS
 62
     8
370
    -2
100
AcDbLine
 10
22.89730354613205
 20
16.07679093480028
 30
0.0
 11
22.89730354613205
 21
15.66255149975192
 31
0.0
  0
LINE
  5
2C22
330
2A4C
100
AcDbEntity
  8
DET-COTAS
 62
     4
370
    -2
100
AcDbLine
 10
22.32056651361046
 20
15.86255149975191
 30
0.0
 11
22.89730354613205
 21
15.86255149975191
 31
0.0
  0
INSERT
  5
2C23
330
2A4C
100
AcDbEntity
  8
DET-COTAS
 62
     4
370
    -2
100
AcDbBlockReference
  2
_Oblique
 10
22.32056651361046
 20
15.86255149975191
 30
0.0
 41
0.14
 42
0.14
 43
0.14
 50
180.0
  0
INSERT
  5
2C24
330
2A4C
100
AcDbEntity
  8
DET-COTAS
 62
     4
370
    -2
100
AcDbBlockReference
  2
_Oblique
 10
22.89730354613205
 20
15.86255149975191
 30
0.0
 41
0.14
 42
0.14
 43
0.14
  0
MTEXT
  5
2C25
330
2A4C
100
AcDbEntity
  8
DET-COTAS
 62
     2
100
AcDbMText
 10
22.60893502987125
 20
16.01758209118631
 30
0.0
 40
0.2
 41
0.0
 46
0.0
 71
     5
 72
     1
  1
35
  7
Formato
 73
     1
 44
1.0
  0
POINT
  5
2C26
330
2A4C
100
AcDbEntity
  8
Defpoints
 62
     0
100
AcDbPoint
 10
22.32056651361046
 20
16.23679093480028
 30
0.0
  0
POINT
  5
2C27
330
2A4C
100
AcDbEntity
  8
Defpoints
 62
     0
100
AcDbPoint
 10
22.89730354613205
 20
16.23679093480028
 30
0.0
  0
POINT
  5
2C28
330
2A4C
100
AcDbEntity
  8
Defpoints
 62
     0
100
AcDbPoint
 10
22.89730354613205
 20
15.86255149975191
 30
0.0
  0
ENDBLK
  5
2A4E
330
2A4C
100
AcDbEntity
  8
0
100
AcDbBlockEnd
  0
BLOCK
  5
2A59
330
2A58
100
AcDbEntity
  8
0
100
AcDbBlockBegin
  2
*D315
 70
     1
 10
0.0
 20
0.0
 30
0.0
  3
*D315
  1

  0
LINE
  5
2C29
330
2A58
100
AcDbEntity
  8
DET-COTAS
 62
     8
370
    -2
100
AcDbLine
 10
2.309651998500449
 20
15.32809511023653
 30
0.0
 11
2.309651998500449
 21
15.36809511023653
 31
0.0
  0
LINE
  5
2C2A
330
2A58
100
AcDbEntity
  8
DET-COTAS
 62
     8
370
    -2
100
AcDbLine
 10
8.971005240355061
 20
15.32809511023653
 30
0.0
 11
8.971005240355061
 21
15.36809511023653
 31
0.0
  0
LINE
  5
2C2B
330
2A58
100
AcDbEntity
  8
DET-COTAS
 62
     4
370
    -2
100
AcDbLine
 10
2.309651998500449
 20
15.16809511023653
 30
0.0
 11
8.971005240355061
 21
15.16809511023653
 31
0.0
  0
INSERT
  5
2C2C
330
2A58
100
AcDbEntity
  8
DET-COTAS
 62
     4
370
    -2
100
AcDbBlockReference
  2
_Oblique
 10
2.309651998500449
 20
15.16809511023653
 30
0.0
 41
0.14
 42
0.14
 43
0.14
 50
180.0
  0
INSERT
  5
2C2D
330
2A58
100
AcDbEntity
  8
DET-COTAS
 62
     4
370
    -2
100
AcDbBlockReference
  2
_Oblique
 10
8.971005240355061
 20
15.16809511023653
 30
0.0
 41
0.14
 42
0.14
 43
0.14
  0
MTEXT
  5
2C2E
330
2A58
100
AcDbEntity
  8
DET-COTAS
 62
     2
100
AcDbMText
 10
5.640328619427755
 20
15.31999857726576
 30
0.0
 40
0.2
 41
0.0
 46
0.0
 71
     5
 72
     1
  1
Luz
  7
Formato
 73
     1
 44
1.0
  0
POINT
  5
2C2F
330
2A58
100
AcDbEntity
  8
Defpoints
 62
     0
100
AcDbPoint
 10
2.309651998500449
 20
15.16809511023653
 30
0.0
  0
POINT
  5
2C30
330
2A58
100
AcDbEntity
  8
Defpoints
 62
     0
100
AcDbPoint
 10
8.971005240355061
 20
15.16809511023653
 30
0.0
  0
POINT
  5
2C31
330
2A58
100
AcDbEntity
  8
Defpoints
 62
     0
100
AcDbPoint
 10
8.971005240355061
 20
15.16809511023653
 30
0.0
  0
ENDBLK
  5
2A5A
330
2A58
100
AcDbEntity
  8
0
100
AcDbBlockEnd
  0
BLOCK
  5
2A65
330
2A64
100
AcDbEntity
  8
0
100
AcDbBlockBegin
  2
*D316
 70
     1
 10
0.0
 20
0.0
 30
0.0
  3
*D316
  1

  0
LINE
  5
2C32
330
2A64
100
AcDbEntity
  8
DET-COTAS
 62
     8
370
    -2
100
AcDbLine
 10
8.971005240355061
 20
15.32809511023653
 30
0.0
 11
8.971005240355061
 21
15.36809511023653
 31
0.0
  0
LINE
  5
2C33
330
2A64
100
AcDbEntity
  8
DET-COTAS
 62
     8
370
    -2
100
AcDbLine
 10
15.63652851180252
 20
15.32809511023653
 30
0.0
 11
15.63652851180252
 21
15.36809511023653
 31
0.0
  0
LINE
  5
2C34
330
2A64
100
AcDbEntity
  8
DET-COTAS
 62
     4
370
    -2
100
AcDbLine
 10
8.971005240355061
 20
15.16809511023653
 30
0.0
 11
15.63652851180252
 21
15.16809511023653
 31
0.0
  0
INSERT
  5
2C35
330
2A64
100
AcDbEntity
  8
DET-COTAS
 62
     4
370
    -2
100
AcDbBlockReference
  2
_Oblique
 10
8.971005240355061
 20
15.16809511023653
 30
0.0
 41
0.14
 42
0.14
 43
0.14
 50
180.0
  0
INSERT
  5
2C36
330
2A64
100
AcDbEntity
  8
DET-COTAS
 62
     4
370
    -2
100
AcDbBlockReference
  2
_Oblique
 10
15.63652851180252
 20
15.16809511023653
 30
0.0
 41
0.14
 42
0.14
 43
0.14
  0
MTEXT
  5
2C37
330
2A64
100
AcDbEntity
  8
DET-COTAS
 62
     2
100
AcDbMText
 10
12.30376687607879
 20
15.31999857726576
 30
0.0
 40
0.2
 41
0.0
 46
0.0
 71
     5
 72
     1
  1
Luz
  7
Formato
 73
     1
 44
1.0
  0
POINT
  5
2C38
330
2A64
100
AcDbEntity
  8
Defpoints
 62
     0
100
AcDbPoint
 10
8.971005240355061
 20
15.16809511023653
 30
0.0
  0
POINT
  5
2C39
330
2A64
100
AcDbEntity
  8
Defpoints
 62
     0
100
AcDbPoint
 10
15.63652851180252
 20
15.16809511023653
 30
0.0
  0
POINT
  5
2C3A
330
2A64
100
AcDbEntity
  8
Defpoints
 62
     0
100
AcDbPoint
 10
15.63652851180252
 20
15.16809511023653
 30
0.0
  0
ENDBLK
  5
2A66
330
2A64
100
AcDbEntity
  8
0
100
AcDbBlockEnd
  0
BLOCK
  5
2A71
330
2A70
100
AcDbEntity
  8
0
100
AcDbBlockBegin
  2
*D317
 70
     1
 10
0.0
 20
0.0
 30
0.0
  3
*D317
  1

  0
LINE
  5
2C3B
330
2A70
100
AcDbEntity
  8
DET-COTAS
 62
     8
370
    -2
100
AcDbLine
 10
15.63652851180252
 20
15.32809511023653
 30
0.0
 11
15.63652851180252
 21
15.36809511023653
 31
0.0
  0
LINE
  5
2C3C
330
2A70
100
AcDbEntity
  8
DET-COTAS
 62
     8
370
    -2
100
AcDbLine
 10
22.32056651361046
 20
15.32809511023653
 30
0.0
 11
22.32056651361046
 21
15.36809511023653
 31
0.0
  0
LINE
  5
2C3D
330
2A70
100
AcDbEntity
  8
DET-COTAS
 62
     4
370
    -2
100
AcDbLine
 10
15.63652851180252
 20
15.16809511023653
 30
0.0
 11
22.32056651361046
 21
15.16809511023653
 31
0.0
  0
INSERT
  5
2C3E
330
2A70
100
AcDbEntity
  8
DET-COTAS
 62
     4
370
    -2
100
AcDbBlockReference
  2
_Oblique
 10
15.63652851180252
 20
15.16809511023653
 30
0.0
 41
0.14
 42
0.14
 43
0.14
 50
180.0
  0
INSERT
  5
2C3F
330
2A70
100
AcDbEntity
  8
DET-COTAS
 62
     4
370
    -2
100
AcDbBlockReference
  2
_Oblique
 10
22.32056651361046
 20
15.16809511023653
 30
0.0
 41
0.14
 42
0.14
 43
0.14
  0
MTEXT
  5
2C40
330
2A70
100
AcDbEntity
  8
DET-COTAS
 62
     2
100
AcDbMText
 10
18.97854751270649
 20
15.31999857726576
 30
0.0
 40
0.2
 41
0.0
 46
0.0
 71
     5
 72
     1
  1
Luz
  7
Formato
 73
     1
 44
1.0
  0
POINT
  5
2C41
330
2A70
100
AcDbEntity
  8
Defpoints
 62
     0
100
AcDbPoint
 10
15.63652851180252
 20
15.16809511023653
 30
0.0
  0
POINT
  5
2C42
330
2A70
100
AcDbEntity
  8
Defpoints
 62
     0
100
AcDbPoint
 10
22.32056651361046
 20
15.16809511023653
 30
0.0
  0
POINT
  5
2C43
330
2A70
100
AcDbEntity
  8
Defpoints
 62
     0
100
AcDbPoint
 10
22.32056651361046
 20
15.16809511023653
 30
0.0
  0
ENDBLK
  5
2A72
330
2A70
100
AcDbEntity
  8
0
100
AcDbBlockEnd
  0
BLOCK
  5
2A7D
330
2A7C
100
AcDbEntity
  8
0
100
AcDbBlockBegin
  2
*D318
 70
     1
 10
0.0
 20
0.0
 30
0.0
  3
*D318
  1

  0
LINE
  5
2C44
330
2A7C
100
AcDbEntity
  8
DET-COTAS
 62
     8
370
    -2
100
AcDbLine
 10
22.32056651361046
 20
16.27520069173461
 30
0.0
 11
22.32056651361046
 21
14.96809511023653
 31
0.0
  0
LINE
  5
2C45
330
2A7C
100
AcDbEntity
  8
DET-COTAS
 62
     8
370
    -2
100
AcDbLine
 10
23.86427960209023
 20
16.27520069173461
 30
0.0
 11
23.86427960209023
 21
14.96809511023653
 31
0.0
  0
LINE
  5
2C46
330
2A7C
100
AcDbEntity
  8
DET-COTAS
 62
     4
370
    -2
100
AcDbLine
 10
22.32056651361046
 20
15.16809511023653
 30
0.0
 11
23.86427960209023
 21
15.16809511023653
 31
0.0
  0
INSERT
  5
2C47
330
2A7C
100
AcDbEntity
  8
DET-COTAS
 62
     4
370
    -2
100
AcDbBlockReference
  2
_Oblique
 10
22.32056651361046
 20
15.16809511023653
 30
0.0
 41
0.14
 42
0.14
 43
0.14
 50
180.0
  0
INSERT
  5
2C48
330
2A7C
100
AcDbEntity
  8
DET-COTAS
 62
     4
370
    -2
100
AcDbBlockReference
  2
_Oblique
 10
23.86427960209023
 20
15.16809511023653
 30
0.0
 41
0.14
 42
0.14
 43
0.14
  0
MTEXT
  5
2C49
330
2A7C
100
AcDbEntity
  8
DET-COTAS
 62
     2
100
AcDbMText
 10
23.09242305785035
 20
15.32251387298297
 30
0.0
 40
0.2
 41
0.0
 46
0.0
 71
     5
 72
     1
  1
Vol
  7
Formato
 73
     1
 44
1.0
  0
POINT
  5
2C4A
330
2A7C
100
AcDbEntity
  8
Defpoints
 62
     0
100
AcDbPoint
 10
22.32056651361046
 20
16.43520069173461
 30
0.0
  0
POINT
  5
2C4B
330
2A7C
100
AcDbEntity
  8
Defpoints
 62
     0
100
AcDbPoint
 10
23.86427960209023
 20
16.43520069173461
 30
0.0
  0
POINT
  5
2C4C
330
2A7C
100
AcDbEntity
  8
Defpoints
 62
     0
100
AcDbPoint
 10
23.86427960209023
 20
15.16809511023653
 30
0.0
  0
ENDBLK
  5
2A7E
330
2A7C
100
AcDbEntity
  8
0
100
AcDbBlockEnd
  0
BLOCK
  5
2A89
330
2A88
100
AcDbEntity
  8
0
100
AcDbBlockBegin
  2
*D319
 70
     1
 10
0.0
 20
0.0
 30
0.0
  3
*D319
  1

  0
LINE
  5
2C4D
330
2A88
100
AcDbEntity
  8
DET-COTAS
 62
     8
370
    -2
100
AcDbLine
 10
26.30479204958812
 20
13.59658832746113
 30
0.0
 11
26.30479204958812
 21
13.27513295510645
 31
0.0
  0
LINE
  5
2C4E
330
2A88
100
AcDbEntity
  8
DET-COTAS
 62
     8
370
    -2
100
AcDbLine
 10
30.4185565889132
 20
13.59658832746113
 30
0.0
 11
30.4185565889132
 21
13.27513295510645
 31
0.0
  0
LINE
  5
2C4F
330
2A88
100
AcDbEntity
  8
DET-COTAS
 62
     4
370
    -2
100
AcDbLine
 10
26.30479204958812
 20
13.47513295510644
 30
0.0
 11
30.4185565889132
 21
13.47513295510644
 31
0.0
  0
INSERT
  5
2C50
330
2A88
100
AcDbEntity
  8
DET-COTAS
 62
     4
370
    -2
100
AcDbBlockReference
  2
_Oblique
 10
26.30479204958812
 20
13.47513295510644
 30
0.0
 41
0.14
 42
0.14
 43
0.14
 50
180.0
  0
INSERT
  5
2C51
330
2A88
100
AcDbEntity
  8
DET-COTAS
 62
     4
370
    -2
100
AcDbBlockReference
  2
_Oblique
 10
30.4185565889132
 20
13.47513295510644
 30
0.0
 41
0.14
 42
0.14
 43
0.14
  0
MTEXT
  5
2C52
330
2A88
100
AcDbEntity
  8
DET-COTAS
 62
     2
100
AcDbMText
 10
28.36167431925043
 20
13.62703642213568
 30
0.0
 40
0.2
 41
0.0
 46
0.0
 71
     5
 72
     1
  1
Luz
  7
Formato
 73
     1
 44
1.0
  0
POINT
  5
2C53
330
2A88
100
AcDbEntity
  8
Defpoints
 62
     0
100
AcDbPoint
 10
26.30479204958812
 20
13.75658832746113
 30
0.0
  0
POINT
  5
2C54
330
2A88
100
AcDbEntity
  8
Defpoints
 62
     0
100
AcDbPoint
 10
30.4185565889132
 20
13.75658832746113
 30
0.0
  0
POINT
  5
2C55
330
2A88
100
AcDbEntity
  8
Defpoints
 62
     0
100
AcDbPoint
 10
30.4185565889132
 20
13.47513295510644
 30
0.0
  0
ENDBLK
  5
2A8A
330
2A88
100
AcDbEntity
  8
0
100
AcDbBlockEnd
  0
BLOCK
  5
2A95
330
2A94
100
AcDbEntity
  8
0
100
AcDbBlockBegin
  2
*D320
 70
     1
 10
0.0
 20
0.0
 30
0.0
  3
*D320
  1

  0
LINE
  5
2C56
330
2A94
100
AcDbEntity
  8
DET-COTAS
 62
     8
370
    -2
100
AcDbLine
 10
26.38067701865141
 20
19.93636999020625
 30
0.0
 11
26.38067701865141
 21
20.54176588255751
 31
0.0
  0
LINE
  5
2C57
330
2A94
100
AcDbEntity
  8
DET-COTAS
 62
     8
370
    -2
100
AcDbLine
 10
28.71056910811587
 20
19.93636999020625
 30
0.0
 11
28.71056910811587
 21
20.54176588255751
 31
0.0
  0
LINE
  5
2C58
330
2A94
100
AcDbEntity
  8
DET-COTAS
 62
     4
370
    -2
100
AcDbLine
 10
26.38067701865141
 20
20.34176588255751
 30
0.0
 11
28.71056910811587
 21
20.34176588255751
 31
0.0
  0
INSERT
  5
2C59
330
2A94
100
AcDbEntity
  8
DET-COTAS
 62
     4
370
    -2
100
AcDbBlockReference
  2
_Oblique
 10
26.38067701865141
 20
20.34176588255751
 30
0.0
 41
0.14
 42
0.14
 43
0.14
 50
180.0
  0
INSERT
  5
2C5A
330
2A94
100
AcDbEntity
  8
DET-COTAS
 62
     4
370
    -2
100
AcDbBlockReference
  2
_Oblique
 10
28.71056910811587
 20
20.34176588255751
 30
0.0
 41
0.14
 42
0.14
 43
0.14
  0
MTEXT
  5
2C5B
330
2A94
100
AcDbEntity
  8
DET-COTAS
 62
     2
100
AcDbMText
 10
27.54562306338364
 20
20.49679647399191
 30
0.0
 40
0.2
 41
0.0
 46
0.0
 71
     5
 72
     1
  1
1.50 X vuelo
  7
Formato
 73
     1
 44
1.0
  0
POINT
  5
2C5C
330
2A94
100
AcDbEntity
  8
Defpoints
 62
     0
100
AcDbPoint
 10
26.38067701865141
 20
19.77636999020625
 30
0.0
  0
POINT
  5
2C5D
330
2A94
100
AcDbEntity
  8
Defpoints
 62
     0
100
AcDbPoint
 10
28.71056910811587
 20
19.77636999020625
 30
0.0
  0
POINT
  5
2C5E
330
2A94
100
AcDbEntity
  8
Defpoints
 62
     0
100
AcDbPoint
 10
28.71056910811587
 20
20.34176588255751
 30
0.0
  0
ENDBLK
  5
2A96
330
2A94
100
AcDbEntity
  8
0
100
AcDbBlockEnd
  0
BLOCK
  5
2AA1
330
2AA0
100
AcDbEntity
  8
0
100
AcDbBlockBegin
  2
*D321
 70
     1
 10
0.0
 20
0.0
 30
0.0
  3
*D321
  1

  0
LINE
  5
2C5F
330
2AA0
100
AcDbEntity
  8
DET-COTAS
 62
     8
370
    -2
100
AcDbLine
 10
28.71056910811587
 20
20.50176588255751
 30
0.0
 11
28.71056910811587
 21
20.54176588255751
 31
0.0
  0
LINE
  5
2C60
330
2AA0
100
AcDbEntity
  8
DET-COTAS
 62
     8
370
    -2
100
AcDbLine
 10
30.52958743026858
 20
19.93636999020625
 30
0.0
 11
30.52958743026858
 21
20.54176588255751
 31
0.0
  0
LINE
  5
2C61
330
2AA0
100
AcDbEntity
  8
DET-COTAS
 62
     4
370
    -2
100
AcDbLine
 10
28.71056910811587
 20
20.34176588255751
 30
0.0
 11
30.52958743026858
 21
20.34176588255751
 31
0.0
  0
INSERT
  5
2C62
330
2AA0
100
AcDbEntity
  8
DET-COTAS
 62
     4
370
    -2
100
AcDbBlockReference
  2
_Oblique
 10
28.71056910811587
 20
20.34176588255751
 30
0.0
 41
0.14
 42
0.14
 43
0.14
 50
180.0
  0
INSERT
  5
2C63
330
2AA0
100
AcDbEntity
  8
DET-COTAS
 62
     4
370
    -2
100
AcDbBlockReference
  2
_Oblique
 10
30.52958743026858
 20
20.34176588255751
 30
0.0
 41
0.14
 42
0.14
 43
0.14
  0
MTEXT
  5
2C64
330
2AA0
100
AcDbEntity
  8
DET-COTAS
 62
     2
100
AcDbMText
 10
29.62007826919223
 20
20.49618464530394
 30
0.0
 40
0.2
 41
0.0
 46
0.0
 71
     5
 72
     1
  1
Vuelo
  7
Formato
 73
     1
 44
1.0
  0
POINT
  5
2C65
330
2AA0
100
AcDbEntity
  8
Defpoints
 62
     0
100
AcDbPoint
 10
28.71056910811587
 20
20.34176588255751
 30
0.0
  0
POINT
  5
2C66
330
2AA0
100
AcDbEntity
  8
Defpoints
 62
     0
100
AcDbPoint
 10
30.52958743026858
 20
19.77636999020625
 30
0.0
  0
POINT
  5
2C67
330
2AA0
100
AcDbEntity
  8
Defpoints
 62
     0
100
AcDbPoint
 10
30.52958743026858
 20
20.34176588255751
 30
0.0
  0
ENDBLK
  5
2AA2
330
2AA0
100
AcDbEntity
  8
0
100
AcDbBlockEnd
  0
BLOCK
  5
2AAD
330
2AAC
100
AcDbEntity
  8
0
100
AcDbBlockBegin
  2
*D322
 70
     1
 10
0.0
 20
0.0
 30
0.0
  3
*D322
  1

  0
LINE
  5
2C68
330
2AAC
100
AcDbEntity
  8
DET-COTAS
 62
     8
370
    -2
100
AcDbLine
 10
28.71056910811587
 20
18.4226587491366
 30
0.0
 11
28.71056910811587
 21
17.71618578707117
 31
0.0
  0
LINE
  5
2C69
330
2AAC
100
AcDbEntity
  8
DET-COTAS
 62
     8
370
    -2
100
AcDbLine
 10
30.47584785534156
 20
18.13050310717899
 30
0.0
 11
30.47584785534156
 21
17.71618578707117
 31
0.0
  0
LINE
  5
2C6A
330
2AAC
100
AcDbEntity
  8
DET-COTAS
 62
     4
370
    -2
100
AcDbLine
 10
28.71056910811587
 20
17.91618578707117
 30
0.0
 11
30.47584785534156
 21
17.91618578707117
 31
0.0
  0
INSERT
  5
2C6B
330
2AAC
100
AcDbEntity
  8
DET-COTAS
 62
     4
370
    -2
100
AcDbBlockReference
  2
_Oblique
 10
28.71056910811587
 20
17.91618578707117
 30
0.0
 41
0.14
 42
0.14
 43
0.14
 50
180.0
  0
INSERT
  5
2C6C
330
2AAC
100
AcDbEntity
  8
DET-COTAS
 62
     4
370
    -2
100
AcDbBlockReference
  2
_Oblique
 10
30.47584785534156
 20
17.91618578707117
 30
0.0
 41
0.14
 42
0.14
 43
0.14
  0
MTEXT
  5
2C6D
330
2AAC
100
AcDbEntity
  8
DET-COTAS
 62
     2
100
AcDbMText
 10
29.59320848172872
 20
18.0706045498176
 30
0.0
 40
0.2
 41
0.0
 46
0.0
 71
     5
 72
     1
  1
Vol
  7
Formato
 73
     1
 44
1.0
  0
POINT
  5
2C6E
330
2AAC
100
AcDbEntity
  8
Defpoints
 62
     0
100
AcDbPoint
 10
28.71056910811587
 20
18.5826587491366
 30
0.0
  0
POINT
  5
2C6F
330
2AAC
100
AcDbEntity
  8
Defpoints
 62
     0
100
AcDbPoint
 10
30.47584785534156
 20
18.29050310717899
 30
0.0
  0
POINT
  5
2C70
330
2AAC
100
AcDbEntity
  8
Defpoints
 62
     0
100
AcDbPoint
 10
30.47584785534156
 20
17.91618578707117
 30
0.0
  0
ENDBLK
  5
2AAE
330
2AAC
100
AcDbEntity
  8
0
100
AcDbBlockEnd
  0
BLOCK
  5
2AB9
330
2AB8
100
AcDbEntity
  8
0
100
AcDbBlockBegin
  2
*D323
 70
     1
 10
0.0
 20
0.0
 30
0.0
  3
*D323
  1

  0
LINE
  5
2C71
330
2AB8
100
AcDbEntity
  8
DET-COTAS
 62
     8
370
    -2
100
AcDbLine
 10
28.19643190046902
 20
18.17355550987868
 30
0.0
 11
28.19643190046902
 21
17.71618578707117
 31
0.0
  0
LINE
  5
2C72
330
2AB8
100
AcDbEntity
  8
DET-COTAS
 62
     8
370
    -2
100
AcDbLine
 10
28.71056910811587
 20
17.90942226810393
 30
0.0
 11
28.71056910811587
 21
17.71618578707117
 31
0.0
  0
LINE
  5
2C73
330
2AB8
100
AcDbEntity
  8
DET-COTAS
 62
     4
370
    -2
100
AcDbLine
 10
28.19643190046902
 20
17.91618578707117
 30
0.0
 11
28.71056910811587
 21
17.91618578707117
 31
0.0
  0
INSERT
  5
2C74
330
2AB8
100
AcDbEntity
  8
DET-COTAS
 62
     4
370
    -2
100
AcDbBlockReference
  2
_Oblique
 10
28.19643190046902
 20
17.91618578707117
 30
0.0
 41
0.14
 42
0.14
 43
0.14
 50
180.0
  0
INSERT
  5
2C75
330
2AB8
100
AcDbEntity
  8
DET-COTAS
 62
     4
370
    -2
100
AcDbBlockReference
  2
_Oblique
 10
28.71056910811587
 20
17.91618578707117
 30
0.0
 41
0.14
 42
0.14
 43
0.14
  0
MTEXT
  5
2C76
330
2AB8
100
AcDbEntity
  8
DET-COTAS
 62
     2
100
AcDbMText
 10
28.45350050429244
 20
18.07121637850557
 30
0.0
 40
0.2
 41
0.0
 46
0.0
 71
     5
 72
     1
  1
35
  7
Formato
 73
     1
 44
1.0
  0
POINT
  5
2C77
330
2AB8
100
AcDbEntity
  8
Defpoints
 62
     0
100
AcDbPoint
 10
28.19643190046902
 20
18.33355550987868
 30
0.0
  0
POINT
  5
2C78
330
2AB8
100
AcDbEntity
  8
Defpoints
 62
     0
100
AcDbPoint
 10
28.71056910811587
 20
18.06942226810393
 30
0.0
  0
POINT
  5
2C79
330
2AB8
100
AcDbEntity
  8
Defpoints
 62
     0
100
AcDbPoint
 10
28.71056910811587
 20
17.91618578707117
 30
0.0
  0
ENDBLK
  5
2ABA
330
2AB8
100
AcDbEntity
  8
0
100
AcDbBlockEnd
  0
BLOCK
  5
2AC5
330
2AC4
100
AcDbEntity
  8
0
100
AcDbBlockBegin
  2
*D324
 70
     1
 10
0.0
 20
0.0
 30
0.0
  3
*D324
  1

  0
LINE
  5
2CC7
330
2AC4
100
AcDbEntity
  8
CV-TEXTO
 62
     8
370
    -2
100
AcDbLine
 10
23.9079386631791
 20
3.076372046891219
 30
0.0
 11
23.9079386631791
 21
2.540299452757298
 31
0.0
  0
LINE
  5
2CC8
330
2AC4
100
AcDbEntity
  8
CV-TEXTO
 62
     8
370
    -2
100
AcDbLine
 10
22.35896189031866
 20
3.076372046891219
 30
0.0
 11
22.35896189031866
 21
2.540299452757298
 31
0.0
  0
LINE
  5
2CC9
330
2AC4
100
AcDbEntity
  8
CV-TEXTO
 62
     4
370
    -2
100
AcDbLine
 10
23.9079386631791
 20
2.740299452757298
 30
0.0
 11
22.35896189031866
 21
2.740299452757298
 31
0.0
  0
INSERT
  5
2CCA
330
2AC4
100
AcDbEntity
  8
CV-TEXTO
 62
     4
370
    -2
100
AcDbBlockReference
  2
_Oblique
 10
23.9079386631791
 20
2.740299452757298
 30
0.0
 41
0.14
 42
0.14
 43
0.14
  0
INSERT
  5
2CCB
330
2AC4
100
AcDbEntity
  8
CV-TEXTO
 62
     4
370
    -2
100
AcDbBlockReference
  2
_Oblique
 10
22.35896189031866
 20
2.740299452757298
 30
0.0
 41
0.14
 42
0.14
 43
0.14
 50
180.0
  0
MTEXT
  5
2CCC
330
2AC4
100
AcDbEntity
  8
CV-TEXTO
 62
     2
100
AcDbMText
 10
23.13345027674888
 20
2.906410941540439
 30
0.0
 40
0.2
 41
0.0
 46
0.0
 71
     5
 72
     1
  1
L/3 >125
  7
Formato
 73
     1
 44
1.0
  0
POINT
  5
2CCD
330
2AC4
100
AcDbEntity
  8
Defpoints
 62
     0
100
AcDbPoint
 10
23.9079386631791
 20
3.236372046891219
 30
0.0
  0
POINT
  5
2CCE
330
2AC4
100
AcDbEntity
  8
Defpoints
 62
     0
100
AcDbPoint
 10
22.35896189031866
 20
3.236372046891219
 30
0.0
  0
POINT
  5
2CCF
330
2AC4
100
AcDbEntity
  8
Defpoints
 62
     0
100
AcDbPoint
 10
22.35896189031866
 20
2.740299452757298
 30
0.0
  0
ENDBLK
  5
2AC6
330
2AC4
100
AcDbEntity
  8
0
100
AcDbBlockEnd
  0
BLOCK
  5
2AD1
330
2AD0
100
AcDbEntity
  8
0
100
AcDbBlockBegin
  2
*D325
 70
     1
 10
0.0
 20
0.0
 30
0.0
  3
*D325
  1

  0
LINE
  5
2CE2
330
2AD0
100
AcDbEntity
  8
CV-TEXTO
 62
     8
370
    -2
100
AcDbLine
 10
30.11813666020163
 20
3.076372046892355
 30
0.0
 11
30.11813666020163
 21
2.540299452757298
 31
0.0
  0
LINE
  5
2CE3
330
2AD0
100
AcDbEntity
  8
CV-TEXTO
 62
     8
370
    -2
100
AcDbLine
 10
28.56915988733983
 20
3.024572408865605
 30
0.0
 11
28.56915988733983
 21
2.540299452757298
 31
0.0
  0
LINE
  5
2CE4
330
2AD0
100
AcDbEntity
  8
CV-TEXTO
 62
     4
370
    -2
100
AcDbLine
 10
30.11813666020163
 20
2.740299452757298
 30
0.0
 11
28.56915988733983
 21
2.740299452757298
 31
0.0
  0
INSERT
  5
2CE5
330
2AD0
100
AcDbEntity
  8
CV-TEXTO
 62
     4
370
    -2
100
AcDbBlockReference
  2
_Oblique
 10
30.11813666020163
 20
2.740299452757298
 30
0.0
 41
0.14
 42
0.14
 43
0.14
  0
INSERT
  5
2CE6
330
2AD0
100
AcDbEntity
  8
CV-TEXTO
 62
     4
370
    -2
100
AcDbBlockReference
  2
_Oblique
 10
28.56915988733983
 20
2.740299452757298
 30
0.0
 41
0.14
 42
0.14
 43
0.14
 50
180.0
  0
MTEXT
  5
2CE7
330
2AD0
100
AcDbEntity
  8
CV-TEXTO
 62
     2
100
AcDbMText
 10
29.34364827377073
 20
2.906410941540439
 30
0.0
 40
0.2
 41
0.0
 46
0.0
 71
     5
 72
     1
  1
L/3 >125
  7
Formato
 73
     1
 44
1.0
  0
POINT
  5
2CE8
330
2AD0
100
AcDbEntity
  8
Defpoints
 62
     0
100
AcDbPoint
 10
30.11813666020163
 20
3.236372046892356
 30
0.0
  0
POINT
  5
2CE9
330
2AD0
100
AcDbEntity
  8
Defpoints
 62
     0
100
AcDbPoint
 10
28.56915988733983
 20
3.184572408865605
 30
0.0
  0
POINT
  5
2CEA
330
2AD0
100
AcDbEntity
  8
Defpoints
 62
     0
100
AcDbPoint
 10
28.56915988733983
 20
2.740299452757298
 30
0.0
  0
ENDBLK
  5
2AD2
330
2AD0
100
AcDbEntity
  8
0
100
AcDbBlockEnd
  0
BLOCK
  5
2ADD
330
2ADC
100
AcDbEntity
  8
0
100
AcDbBlockBegin
  2
*D326
 70
     1
 10
0.0
 20
0.0
 30
0.0
  3
*D326
  1

  0
LINE
  5
2C8C
330
2ADC
100
AcDbEntity
  8
CV-TEXTO
 62
     8
370
    -2
100
AcDbLine
 10
23.9079386631791
 20
2.780967263006299
 30
0.0
 11
23.9079386631791
 21
2.540299452757298
 31
0.0
  0
LINE
  5
2C8D
330
2ADC
100
AcDbEntity
  8
CV-TEXTO
 62
     8
370
    -2
100
AcDbLine
 10
28.56915988733983
 20
2.580299452757298
 30
0.0
 11
28.56915988733983
 21
2.540299452757298
 31
0.0
  0
LINE
  5
2C8E
330
2ADC
100
AcDbEntity
  8
CV-TEXTO
 62
     4
370
    -2
100
AcDbLine
 10
23.9079386631791
 20
2.740299452757298
 30
0.0
 11
28.56915988733983
 21
2.740299452757298
 31
0.0
  0
INSERT
  5
2C8F
330
2ADC
100
AcDbEntity
  8
CV-TEXTO
 62
     4
370
    -2
100
AcDbBlockReference
  2
_Oblique
 10
23.9079386631791
 20
2.740299452757298
 30
0.0
 41
0.14
 42
0.14
 43
0.14
 50
180.0
  0
INSERT
  5
2C90
330
2ADC
100
AcDbEntity
  8
CV-TEXTO
 62
     4
370
    -2
100
AcDbBlockReference
  2
_Oblique
 10
28.56915988733983
 20
2.740299452757298
 30
0.0
 41
0.14
 42
0.14
 43
0.14
  0
MTEXT
  5
2C91
330
2ADC
100
AcDbEntity
  8
CV-TEXTO
 62
     2
100
AcDbMText
 10
26.23854927525947
 20
2.896621682532961
 30
0.0
 40
0.2
 41
0.0
 46
0.0
 71
     5
 72
     1
  1
Variable
  7
Formato
 73
     1
 44
1.0
  0
POINT
  5
2C92
330
2ADC
100
AcDbEntity
  8
Defpoints
 62
     0
100
AcDbPoint
 10
23.9079386631791
 20
2.940967263006299
 30
0.0
  0
POINT
  5
2C93
330
2ADC
100
AcDbEntity
  8
Defpoints
 62
     0
100
AcDbPoint
 10
28.56915988733983
 20
2.740299452757298
 30
0.0
  0
POINT
  5
2C94
330
2ADC
100
AcDbEntity
  8
Defpoints
 62
     0
100
AcDbPoint
 10
28.56915988733983
 20
2.740299452757298
 30
0.0
  0
ENDBLK
  5
2ADE
330
2ADC
100
AcDbEntity
  8
0
100
AcDbBlockEnd
  0
ENDSEC
  0
SECTION
  2
ENTITIES
  0
POLYLINE
  5
234D
330
1F
100
AcDbEntity
  8
DET-TEXTO TÍTULO
 62
     1
100
AcDb2dPolyline
 66
     1
 10
0.0
 20
0.0
 30
0.0
  0
VERTEX
  5
234E
330
234D
100
AcDbEntity
  8
DET-TEXTO TÍTULO
 62
     1
100
AcDbVertex
100
AcDb2dVertex
 10
0.9892477723045161
 20
23.97438527135328
 30
0.0
  0
VERTEX
  5
234F
330
234D
100
AcDbEntity
  8
DET-TEXTO TÍTULO
 62
     1
100
AcDbVertex
100
AcDb2dVertex
 10
31.86016316338494
 20
23.97438527135328
 30
0.0
  0
VERTEX
  5
2350
330
234D
100
AcDbEntity
  8
DET-TEXTO TÍTULO
 62
     1
100
AcDbVertex
100
AcDb2dVertex
 10
31.8601631633863
 20
0.9916784404200456
 30
0.0
  0
VERTEX
  5
2351
330
234D
100
AcDbEntity
  8
DET-TEXTO TÍTULO
 62
     1
100
AcDbVertex
100
AcDb2dVertex
 10
0.9892477723058803
 20
0.9916784404200456
 30
0.0
  0
VERTEX
  5
2352
330
234D
100
AcDbEntity
  8
DET-TEXTO TÍTULO
 62
     1
100
AcDbVertex
100
AcDb2dVertex
 10
0.9892477723045161
 20
23.97438527135328
 30
0.0
  0
SEQEND
  5
2353
330
234D
100
AcDbEntity
  8
DET-TEXTO TÍTULO
 62
     1
  0
POLYLINE
  5
2354
330
1F
100
AcDbEntity
  8
DET-TEXTO LÍNEA
  6
DASHDOT
100
AcDb2dPolyline
 66
     1
 10
0.0
 20
0.0
 30
0.0
  0
VERTEX
  5
2355
330
2354
100
AcDbEntity
  8
DET-TEXTO LÍNEA
  6
DASHDOT
100
AcDbVertex
100
AcDb2dVertex
 10
1.726991250585633
 20
19.315176955782
 30
0.0
  0
VERTEX
  5
2356
330
2354
100
AcDbEntity
  8
DET-TEXTO LÍNEA
  6
DASHDOT
100
AcDbVertex
100
AcDb2dVertex
 10
2.892312746415264
 20
19.315176955782
 30
0.0
  0
SEQEND
  5
2357
330
2354
100
AcDbEntity
  8
DET-TEXTO LÍNEA
  6
DASHDOT
  0
POLYLINE
  5
2358
330
1F
100
AcDbEntity
  8
DET-TEXTO LÍNEA
  6
DASHDOT
100
AcDb2dPolyline
 66
     1
 10
0.0
 20
0.0
 30
0.0
  0
VERTEX
  5
2359
330
2358
100
AcDbEntity
  8
DET-TEXTO LÍNEA
  6
DASHDOT
100
AcDbVertex
100
AcDb2dVertex
 10
1.726991250585633
 20
17.17877663294358
 30
0.0
  0
VERTEX
  5
235A
330
2358
100
AcDbEntity
  8
DET-TEXTO LÍNEA
  6
DASHDOT
100
AcDbVertex
100
AcDb2dVertex
 10
2.892312746415264
 20
17.17877663294358
 30
0.0
  0
SEQEND
  5
235B
330
2358
100
AcDbEntity
  8
DET-TEXTO LÍNEA
  6
DASHDOT
  0
POLYLINE
  5
235C
330
1F
100
AcDbEntity
  8
DET-BORDE ESTRUCTURA
100
AcDb2dPolyline
 66
     1
 10
0.0
 20
0.0
 30
0.0
  0
VERTEX
  5
235D
330
235C
100
AcDbEntity
  8
DET-BORDE ESTRUCTURA
100
AcDbVertex
100
AcDb2dVertex
 10
2.0575669837038
 20
19.315176955782
 30
0.0
  0
VERTEX
  5
235E
330
235C
100
AcDbEntity
  8
DET-BORDE ESTRUCTURA
100
AcDbVertex
100
AcDb2dVertex
 10
2.0575669837038
 20
18.63747988825558
 30
0.0
  0
VERTEX
  5
235F
330
235C
100
AcDbEntity
  8
DET-BORDE ESTRUCTURA
100
AcDbVertex
100
AcDb2dVertex
 10
2.0575669837038
 20
17.17877663294358
 30
0.0
  0
SEQEND
  5
2360
330
235C
100
AcDbEntity
  8
DET-BORDE ESTRUCTURA
  0
POLYLINE
  5
2361
330
1F
100
AcDbEntity
  8
DET-BORDE ESTRUCTURA
100
AcDb2dPolyline
 66
     1
 10
0.0
 20
0.0
 30
0.0
  0
VERTEX
  5
2362
330
2361
100
AcDbEntity
  8
DET-BORDE ESTRUCTURA
100
AcDbVertex
100
AcDb2dVertex
 10
8.72309025515171
 20
18.13747988825626
 30
0.0
  0
VERTEX
  5
2363
330
2361
100
AcDbEntity
  8
DET-BORDE ESTRUCTURA
100
AcDbVertex
100
AcDb2dVertex
 10
2.557566983702891
 20
18.13747988825626
 30
0.0
  0
SEQEND
  5
2364
330
2361
100
AcDbEntity
  8
DET-BORDE ESTRUCTURA
  0
POLYLINE
  5
2365
330
1F
100
AcDbEntity
  8
DET-BORDE ESTRUCTURA
100
AcDb2dPolyline
 66
     1
 10
0.0
 20
0.0
 30
0.0
  0
VERTEX
  5
2366
330
2365
100
AcDbEntity
  8
DET-BORDE ESTRUCTURA
100
AcDbVertex
100
AcDb2dVertex
 10
2.557566983702891
 20
19.315176955782
 30
0.0
  0
VERTEX
  5
2367
330
2365
100
AcDbEntity
  8
DET-BORDE ESTRUCTURA
100
AcDbVertex
100
AcDb2dVertex
 10
2.557566983702891
 20
18.63747988825558
 30
0.0
  0
VERTEX
  5
2368
330
2365
100
AcDbEntity
  8
DET-BORDE ESTRUCTURA
100
AcDbVertex
100
AcDb2dVertex
 10
8.72309025515171
 20
18.63747988825558
 30
0.0
  0
SEQEND
  5
2369
330
2365
100
AcDbEntity
  8
DET-BORDE ESTRUCTURA
  0
POLYLINE
  5
236A
330
1F
100
AcDbEntity
  8
DET-BORDE ESTRUCTURA
100
AcDb2dPolyline
 66
     1
 10
0.0
 20
0.0
 30
0.0
  0
VERTEX
  5
236B
330
236A
100
AcDbEntity
  8
DET-BORDE ESTRUCTURA
100
AcDbVertex
100
AcDb2dVertex
 10
2.557566983702891
 20
17.17877663294358
 30
0.0
  0
VERTEX
  5
236C
330
236A
100
AcDbEntity
  8
DET-BORDE ESTRUCTURA
100
AcDbVertex
100
AcDb2dVertex
 10
2.557566983702891
 20
18.13747988825626
 30
0.0
  0
SEQEND
  5
236D
330
236A
100
AcDbEntity
  8
DET-BORDE ESTRUCTURA
  0
POLYLINE
  5
236E
330
1F
100
AcDbEntity
  8
DET-BORDE ESTRUCTURA
100
AcDb2dPolyline
 66
     1
 10
0.0
 20
0.0
 30
0.0
  0
VERTEX
  5
236F
330
236E
100
AcDbEntity
  8
DET-BORDE ESTRUCTURA
100
AcDbVertex
100
AcDb2dVertex
 10
8.72309025515171
 20
19.315176955782
 30
0.0
  0
VERTEX
  5
2370
330
236E
100
AcDbEntity
  8
DET-BORDE ESTRUCTURA
100
AcDbVertex
100
AcDb2dVertex
 10
8.72309025515171
 20
18.63747988825558
 30
0.0
  0
SEQEND
  5
2371
330
236E
100
AcDbEntity
  8
DET-BORDE ESTRUCTURA
  0
POLYLINE
  5
2372
330
1F
100
AcDbEntity
  8
DET-BORDE ESTRUCTURA
100
AcDb2dPolyline
 66
     1
 10
0.0
 20
0.0
 30
0.0
  0
VERTEX
  5
2373
330
2372
100
AcDbEntity
  8
DET-BORDE ESTRUCTURA
100
AcDbVertex
100
AcDb2dVertex
 10
9.2230902551508
 20
18.63747988825558
 30
0.0
  0
VERTEX
  5
2374
330
2372
100
AcDbEntity
  8
DET-BORDE ESTRUCTURA
100
AcDbVertex
100
AcDb2dVertex
 10
9.2230902551508
 20
19.315176955782
 30
0.0
  0
SEQEND
  5
2375
330
2372
100
AcDbEntity
  8
DET-BORDE ESTRUCTURA
  0
POLYLINE
  5
2376
330
1F
100
AcDbEntity
  8
DET-BORDE ESTRUCTURA
100
AcDb2dPolyline
 66
     1
 10
0.0
 20
0.0
 30
0.0
  0
VERTEX
  5
2377
330
2376
100
AcDbEntity
  8
DET-BORDE ESTRUCTURA
100
AcDbVertex
100
AcDb2dVertex
 10
9.2230902551508
 20
17.17877663294358
 30
0.0
  0
VERTEX
  5
2378
330
2376
100
AcDbEntity
  8
DET-BORDE ESTRUCTURA
100
AcDbVertex
100
AcDb2dVertex
 10
9.2230902551508
 20
18.13747988825626
 30
0.0
  0
SEQEND
  5
2379
330
2376
100
AcDbEntity
  8
DET-BORDE ESTRUCTURA
  0
POLYLINE
  5
237A
330
1F
100
AcDbEntity
  8
DET-BORDE ESTRUCTURA
100
AcDb2dPolyline
 66
     1
 10
0.0
 20
0.0
 30
0.0
  0
VERTEX
  5
237B
330
237A
100
AcDbEntity
  8
DET-BORDE ESTRUCTURA
100
AcDbVertex
100
AcDb2dVertex
 10
8.72309025515171
 20
18.13747988825626
 30
0.0
  0
VERTEX
  5
237C
330
237A
100
AcDbEntity
  8
DET-BORDE ESTRUCTURA
100
AcDbVertex
100
AcDb2dVertex
 10
8.72309025515171
 20
17.17877663294358
 30
0.0
  0
SEQEND
  5
237D
330
237A
100
AcDbEntity
  8
DET-BORDE ESTRUCTURA
  0
POLYLINE
  5
237E
330
1F
100
AcDbEntity
  8
DET-TEXTO LÍNEA
  6
DASHDOT
100
AcDb2dPolyline
 66
     1
 10
0.0
 20
0.0
 30
0.0
  0
VERTEX
  5
237F
330
237E
100
AcDbEntity
  8
DET-TEXTO LÍNEA
  6
DASHDOT
100
AcDbVertex
100
AcDb2dVertex
 10
8.388344492441156
 20
17.17877663294358
 30
0.0
  0
VERTEX
  5
2380
330
237E
100
AcDbEntity
  8
DET-TEXTO LÍNEA
  6
DASHDOT
100
AcDbVertex
100
AcDb2dVertex
 10
9.553665988269422
 20
17.17877663294358
 30
0.0
  0
SEQEND
  5
2381
330
237E
100
AcDbEntity
  8
DET-TEXTO LÍNEA
  6
DASHDOT
  0
POLYLINE
  5
2382
330
1F
100
AcDbEntity
  8
DET-TEXTO LÍNEA
  6
DASHDOT
100
AcDb2dPolyline
 66
     1
 10
0.0
 20
0.0
 30
0.0
  0
VERTEX
  5
2383
330
2382
100
AcDbEntity
  8
DET-TEXTO LÍNEA
  6
DASHDOT
100
AcDbVertex
100
AcDb2dVertex
 10
8.388344492441156
 20
19.315176955782
 30
0.0
  0
VERTEX
  5
2384
330
2382
100
AcDbEntity
  8
DET-TEXTO LÍNEA
  6
DASHDOT
100
AcDbVertex
100
AcDb2dVertex
 10
9.553665988269422
 20
19.315176955782
 30
0.0
  0
SEQEND
  5
2385
330
2382
100
AcDbEntity
  8
DET-TEXTO LÍNEA
  6
DASHDOT
  0
POLYLINE
  5
2386
330
1F
100
AcDbEntity
  8
DET-BORDE ESTRUCTURA
100
AcDb2dPolyline
 66
     1
 10
0.0
 20
0.0
 30
0.0
  0
VERTEX
  5
2387
330
2386
100
AcDbEntity
  8
DET-BORDE ESTRUCTURA
100
AcDbVertex
100
AcDb2dVertex
 10
22.54996676845287
 20
18.63747988825558
 30
0.0
  0
VERTEX
  5
2388
330
2386
100
AcDbEntity
  8
DET-BORDE ESTRUCTURA
100
AcDbVertex
100
AcDb2dVertex
 10
23.97564607972374
 20
18.63747988825558
 30
0.0
  0
SEQEND
  5
2389
330
2386
100
AcDbEntity
  8
DET-BORDE ESTRUCTURA
  0
POLYLINE
  5
238A
330
1F
100
AcDbEntity
  8
DET-BORDE ESTRUCTURA
100
AcDb2dPolyline
 66
     1
 10
0.0
 20
0.0
 30
0.0
  0
VERTEX
  5
238B
330
238A
100
AcDbEntity
  8
DET-BORDE ESTRUCTURA
100
AcDbVertex
100
AcDb2dVertex
 10
23.97564607972374
 20
18.13747988825626
 30
0.0
  0
VERTEX
  5
238C
330
238A
100
AcDbEntity
  8
DET-BORDE ESTRUCTURA
100
AcDbVertex
100
AcDb2dVertex
 10
22.54996676845287
 20
18.13747988825626
 30
0.0
  0
SEQEND
  5
238D
330
238A
100
AcDbEntity
  8
DET-BORDE ESTRUCTURA
  0
POLYLINE
  5
238E
330
1F
100
AcDbEntity
  8
DET-BORDE ESTRUCTURA
100
AcDb2dPolyline
 66
     1
 10
0.0
 20
0.0
 30
0.0
  0
VERTEX
  5
238F
330
238E
100
AcDbEntity
  8
DET-BORDE ESTRUCTURA
100
AcDbVertex
100
AcDb2dVertex
 10
15.88451075554651
 20
18.63747988825558
 30
0.0
  0
VERTEX
  5
2390
330
238E
100
AcDbEntity
  8
DET-BORDE ESTRUCTURA
100
AcDbVertex
100
AcDb2dVertex
 10
18.96723876200014
 20
18.63747988825558
 30
0.0
  0
SEQEND
  5
2391
330
238E
100
AcDbEntity
  8
DET-BORDE ESTRUCTURA
  0
POLYLINE
  5
2392
330
1F
100
AcDbEntity
  8
DET-BORDE ESTRUCTURA
100
AcDb2dPolyline
 66
     1
 10
0.0
 20
0.0
 30
0.0
  0
VERTEX
  5
2393
330
2392
100
AcDbEntity
  8
DET-BORDE ESTRUCTURA
100
AcDbVertex
100
AcDb2dVertex
 10
22.04996676845333
 20
18.13747988825626
 30
0.0
  0
VERTEX
  5
2394
330
2392
100
AcDbEntity
  8
DET-BORDE ESTRUCTURA
100
AcDbVertex
100
AcDb2dVertex
 10
15.88451075554651
 20
18.13747988825626
 30
0.0
  0
SEQEND
  5
2395
330
2392
100
AcDbEntity
  8
DET-BORDE ESTRUCTURA
  0
POLYLINE
  5
2396
330
1F
100
AcDbEntity
  8
DET-BORDE ESTRUCTURA
100
AcDb2dPolyline
 66
     1
 10
0.0
 20
0.0
 30
0.0
  0
VERTEX
  5
2397
330
2396
100
AcDbEntity
  8
DET-BORDE ESTRUCTURA
100
AcDbVertex
100
AcDb2dVertex
 10
15.88451075554651
 20
18.63747988825558
 30
0.0
  0
VERTEX
  5
2398
330
2396
100
AcDbEntity
  8
DET-BORDE ESTRUCTURA
100
AcDbVertex
100
AcDb2dVertex
 10
22.04996676845333
 20
18.63747988825558
 30
0.0
  0
SEQEND
  5
2399
330
2396
100
AcDbEntity
  8
DET-BORDE ESTRUCTURA
  0
POLYLINE
  5
239A
330
1F
100
AcDbEntity
  8
DET-BORDE ESTRUCTURA
100
AcDb2dPolyline
 66
     1
 10
0.0
 20
0.0
 30
0.0
  0
VERTEX
  5
239B
330
239A
100
AcDbEntity
  8
DET-BORDE ESTRUCTURA
100
AcDbVertex
100
AcDb2dVertex
 10
15.38444349700541
 20
19.315176955782
 30
0.0
  0
VERTEX
  5
239C
330
239A
100
AcDbEntity
  8
DET-BORDE ESTRUCTURA
100
AcDbVertex
100
AcDb2dVertex
 10
15.38444349700541
 20
18.63747988825558
 30
0.0
  0
SEQEND
  5
239D
330
239A
100
AcDbEntity
  8
DET-BORDE ESTRUCTURA
  0
POLYLINE
  5
239E
330
1F
100
AcDbEntity
  8
DET-BORDE ESTRUCTURA
100
AcDb2dPolyline
 66
     1
 10
0.0
 20
0.0
 30
0.0
  0
VERTEX
  5
239F
330
239E
100
AcDbEntity
  8
DET-BORDE ESTRUCTURA
100
AcDbVertex
100
AcDb2dVertex
 10
15.88451075554651
 20
18.63747988825558
 30
0.0
  0
VERTEX
  5
23A0
330
239E
100
AcDbEntity
  8
DET-BORDE ESTRUCTURA
100
AcDbVertex
100
AcDb2dVertex
 10
15.88451075554651
 20
19.315176955782
 30
0.0
  0
SEQEND
  5
23A1
330
239E
100
AcDbEntity
  8
DET-BORDE ESTRUCTURA
  0
POLYLINE
  5
23A2
330
1F
100
AcDbEntity
  8
DET-TEXTO LÍNEA
  6
DASHDOT
100
AcDb2dPolyline
 66
     1
 10
0.0
 20
0.0
 30
0.0
  0
VERTEX
  5
23A3
330
23A2
100
AcDbEntity
  8
DET-TEXTO LÍNEA
  6
DASHDOT
100
AcDbVertex
100
AcDb2dVertex
 10
15.05386776388816
 20
17.17877663294358
 30
0.0
  0
VERTEX
  5
23A4
330
23A2
100
AcDbEntity
  8
DET-TEXTO LÍNEA
  6
DASHDOT
100
AcDbVertex
100
AcDb2dVertex
 10
16.21918925971642
 20
17.17877663294358
 30
0.0
  0
SEQEND
  5
23A5
330
23A2
100
AcDbEntity
  8
DET-TEXTO LÍNEA
  6
DASHDOT
  0
POLYLINE
  5
23A6
330
1F
100
AcDbEntity
  8
DET-BORDE ESTRUCTURA
100
AcDb2dPolyline
 66
     1
 10
0.0
 20
0.0
 30
0.0
  0
VERTEX
  5
23A7
330
23A6
100
AcDbEntity
  8
DET-BORDE ESTRUCTURA
100
AcDbVertex
100
AcDb2dVertex
 10
15.38444349700541
 20
18.13747988825626
 30
0.0
  0
VERTEX
  5
23A8
330
23A6
100
AcDbEntity
  8
DET-BORDE ESTRUCTURA
100
AcDbVertex
100
AcDb2dVertex
 10
15.38444349700541
 20
17.17877663294358
 30
0.0
  0
SEQEND
  5
23A9
330
23A6
100
AcDbEntity
  8
DET-BORDE ESTRUCTURA
  0
POLYLINE
  5
23AA
330
1F
100
AcDbEntity
  8
DET-BORDE ESTRUCTURA
100
AcDb2dPolyline
 66
     1
 10
0.0
 20
0.0
 30
0.0
  0
VERTEX
  5
23AB
330
23AA
100
AcDbEntity
  8
DET-BORDE ESTRUCTURA
100
AcDbVertex
100
AcDb2dVertex
 10
15.88451075554651
 20
17.17877663294358
 30
0.0
  0
VERTEX
  5
23AC
330
23AA
100
AcDbEntity
  8
DET-BORDE ESTRUCTURA
100
AcDbVertex
100
AcDb2dVertex
 10
15.88451075554651
 20
18.13747988825626
 30
0.0
  0
SEQEND
  5
23AD
330
23AA
100
AcDbEntity
  8
DET-BORDE ESTRUCTURA
  0
POLYLINE
  5
23AE
330
1F
100
AcDbEntity
  8
DET-TEXTO LÍNEA
  6
DASHDOT
100
AcDb2dPolyline
 66
     1
 10
0.0
 20
0.0
 30
0.0
  0
VERTEX
  5
23AF
330
23AE
100
AcDbEntity
  8
DET-TEXTO LÍNEA
  6
DASHDOT
100
AcDbVertex
100
AcDb2dVertex
 10
15.05386776388816
 20
19.315176955782
 30
0.0
  0
VERTEX
  5
23B0
330
23AE
100
AcDbEntity
  8
DET-TEXTO LÍNEA
  6
DASHDOT
100
AcDbVertex
100
AcDb2dVertex
 10
16.21918925971642
 20
19.315176955782
 30
0.0
  0
SEQEND
  5
23B1
330
23AE
100
AcDbEntity
  8
DET-TEXTO LÍNEA
  6
DASHDOT
  0
POLYLINE
  5
23B2
330
1F
100
AcDbEntity
  8
DET-BORDE ESTRUCTURA
100
AcDb2dPolyline
 66
     1
 10
0.0
 20
0.0
 30
0.0
  0
VERTEX
  5
23B3
330
23B2
100
AcDbEntity
  8
DET-BORDE ESTRUCTURA
100
AcDbVertex
100
AcDb2dVertex
 10
22.04996676845333
 20
19.315176955782
 30
0.0
  0
VERTEX
  5
23B4
330
23B2
100
AcDbEntity
  8
DET-BORDE ESTRUCTURA
100
AcDbVertex
100
AcDb2dVertex
 10
22.04996676845333
 20
18.63747988825558
 30
0.0
  0
SEQEND
  5
23B5
330
23B2
100
AcDbEntity
  8
DET-BORDE ESTRUCTURA
  0
POLYLINE
  5
23B6
330
1F
100
AcDbEntity
  8
DET-BORDE ESTRUCTURA
100
AcDb2dPolyline
 66
     1
 10
0.0
 20
0.0
 30
0.0
  0
VERTEX
  5
23B7
330
23B6
100
AcDbEntity
  8
DET-BORDE ESTRUCTURA
100
AcDbVertex
100
AcDb2dVertex
 10
22.54996676845287
 20
18.63747988825558
 30
0.0
  0
VERTEX
  5
23B8
330
23B6
100
AcDbEntity
  8
DET-BORDE ESTRUCTURA
100
AcDbVertex
100
AcDb2dVertex
 10
22.54996676845287
 20
19.315176955782
 30
0.0
  0
SEQEND
  5
23B9
330
23B6
100
AcDbEntity
  8
DET-BORDE ESTRUCTURA
  0
POLYLINE
  5
23BA
330
1F
100
AcDbEntity
  8
DET-BORDE ESTRUCTURA
100
AcDb2dPolyline
 66
     1
 10
0.0
 20
0.0
 30
0.0
  0
VERTEX
  5
23BB
330
23BA
100
AcDbEntity
  8
DET-BORDE ESTRUCTURA
100
AcDbVertex
100
AcDb2dVertex
 10
22.04996676845333
 20
18.13747988825626
 30
0.0
  0
VERTEX
  5
23BC
330
23BA
100
AcDbEntity
  8
DET-BORDE ESTRUCTURA
100
AcDbVertex
100
AcDb2dVertex
 10
22.04996676845333
 20
17.17877663294358
 30
0.0
  0
SEQEND
  5
23BD
330
23BA
100
AcDbEntity
  8
DET-BORDE ESTRUCTURA
  0
POLYLINE
  5
23BE
330
1F
100
AcDbEntity
  8
DET-BORDE ESTRUCTURA
100
AcDb2dPolyline
 66
     1
 10
0.0
 20
0.0
 30
0.0
  0
VERTEX
  5
23BF
330
23BE
100
AcDbEntity
  8
DET-BORDE ESTRUCTURA
100
AcDbVertex
100
AcDb2dVertex
 10
22.54996676845287
 20
17.17877663294358
 30
0.0
  0
VERTEX
  5
23C0
330
23BE
100
AcDbEntity
  8
DET-BORDE ESTRUCTURA
100
AcDbVertex
100
AcDb2dVertex
 10
22.54996676845287
 20
18.13747988825626
 30
0.0
  0
SEQEND
  5
23C1
330
23BE
100
AcDbEntity
  8
DET-BORDE ESTRUCTURA
  0
POLYLINE
  5
23C2
330
1F
100
AcDbEntity
  8
DET-TEXTO LÍNEA
  6
DASHDOT
100
AcDb2dPolyline
 66
     1
 10
0.0
 20
0.0
 30
0.0
  0
VERTEX
  5
23C3
330
23C2
100
AcDbEntity
  8
DET-TEXTO LÍNEA
  6
DASHDOT
100
AcDbVertex
100
AcDb2dVertex
 10
21.71522100574186
 20
17.17877663294358
 30
0.0
  0
VERTEX
  5
23C4
330
23C2
100
AcDbEntity
  8
DET-TEXTO LÍNEA
  6
DASHDOT
100
AcDbVertex
100
AcDb2dVertex
 10
22.88054250157058
 20
17.17877663294358
 30
0.0
  0
SEQEND
  5
23C5
330
23C2
100
AcDbEntity
  8
DET-TEXTO LÍNEA
  6
DASHDOT
  0
POLYLINE
  5
23C6
330
1F
100
AcDbEntity
  8
DET-TEXTO LÍNEA
  6
DASHDOT
100
AcDb2dPolyline
 66
     1
 10
0.0
 20
0.0
 30
0.0
  0
VERTEX
  5
23C7
330
23C6
100
AcDbEntity
  8
DET-TEXTO LÍNEA
  6
DASHDOT
100
AcDbVertex
100
AcDb2dVertex
 10
21.71522100574186
 20
19.315176955782
 30
0.0
  0
VERTEX
  5
23C8
330
23C6
100
AcDbEntity
  8
DET-TEXTO LÍNEA
  6
DASHDOT
100
AcDbVertex
100
AcDb2dVertex
 10
22.88054250157058
 20
19.315176955782
 30
0.0
  0
SEQEND
  5
23C9
330
23C6
100
AcDbEntity
  8
DET-TEXTO LÍNEA
  6
DASHDOT
  0
POLYLINE
  5
23CA
330
1F
100
AcDbEntity
  8
DET-BORDE ESTRUCTURA
100
AcDb2dPolyline
 66
     1
 10
0.0
 20
0.0
 30
0.0
  0
VERTEX
  5
23CB
330
23CA
100
AcDbEntity
  8
DET-BORDE ESTRUCTURA
100
AcDbVertex
100
AcDb2dVertex
 10
23.97564607972374
 20
18.63747988825558
 30
0.0
  0
VERTEX
  5
23CC
330
23CA
100
AcDbEntity
  8
DET-BORDE ESTRUCTURA
100
AcDbVertex
100
AcDb2dVertex
 10
23.97564607972374
 20
18.13747988825626
 30
0.0
  0
SEQEND
  5
23CD
330
23CA
100
AcDbEntity
  8
DET-BORDE ESTRUCTURA
  0
POLYLINE
  5
23CE
330
1F
100
AcDbEntity
  8
DET-BORDE ESTRUCTURA
100
AcDb2dPolyline
 66
     1
 10
0.0
 20
0.0
 30
0.0
  0
VERTEX
  5
23CF
330
23CE
100
AcDbEntity
  8
DET-BORDE ESTRUCTURA
100
AcDbVertex
100
AcDb2dVertex
 10
22.54481993290512
 20
9.704445308373223
 30
0.0
  0
VERTEX
  5
23D0
330
23CE
100
AcDbEntity
  8
DET-BORDE ESTRUCTURA
100
AcDbVertex
100
AcDb2dVertex
 10
16.67691570907556
 20
9.704445308373223
 30
0.0
  0
SEQEND
  5
23D1
330
23CE
100
AcDbEntity
  8
DET-BORDE ESTRUCTURA
  0
POLYLINE
  5
23D2
330
1F
100
AcDbEntity
  8
DET-BORDE ESTRUCTURA
100
AcDb2dPolyline
 66
     1
 10
0.0
 20
0.0
 30
0.0
  0
VERTEX
  5
23D3
330
23D2
100
AcDbEntity
  8
DET-BORDE ESTRUCTURA
100
AcDbVertex
100
AcDb2dVertex
 10
16.67691570907556
 20
10.39868797719133
 30
0.0
  0
VERTEX
  5
23D4
330
23D2
100
AcDbEntity
  8
DET-BORDE ESTRUCTURA
100
AcDbVertex
100
AcDb2dVertex
 10
22.54481993290512
 20
10.39868797719133
 30
0.0
  0
SEQEND
  5
23D5
330
23D2
100
AcDbEntity
  8
DET-BORDE ESTRUCTURA
  0
POLYLINE
  5
23D6
330
1F
100
AcDbEntity
  8
DET-TEXTO LÍNEA
  6
DASHDOT
100
AcDb2dPolyline
 66
     1
 10
0.0
 20
0.0
 30
0.0
  0
VERTEX
  5
23D7
330
23D6
100
AcDbEntity
  8
DET-TEXTO LÍNEA
  6
DASHDOT
100
AcDbVertex
100
AcDb2dVertex
 10
9.470162951485072
 20
11.07638504471775
 30
0.0
  0
VERTEX
  5
23D8
330
23D6
100
AcDbEntity
  8
DET-TEXTO LÍNEA
  6
DASHDOT
100
AcDbVertex
100
AcDb2dVertex
 10
10.63958721836463
 20
11.07638504471775
 30
0.0
  0
SEQEND
  5
23D9
330
23D6
100
AcDbEntity
  8
DET-TEXTO LÍNEA
  6
DASHDOT
  0
POLYLINE
  5
23DA
330
1F
100
AcDbEntity
  8
DET-TEXTO LÍNEA
  6
DASHDOT
100
AcDb2dPolyline
 66
     1
 10
0.0
 20
0.0
 30
0.0
  0
VERTEX
  5
23DB
330
23DA
100
AcDbEntity
  8
DET-TEXTO LÍNEA
  6
DASHDOT
100
AcDbVertex
100
AcDb2dVertex
 10
9.470162951485072
 20
8.944087492931075
 30
0.0
  0
VERTEX
  5
23DC
330
23DA
100
AcDbEntity
  8
DET-TEXTO LÍNEA
  6
DASHDOT
100
AcDbVertex
100
AcDb2dVertex
 10
10.63958721836463
 20
8.944087492931075
 30
0.0
  0
SEQEND
  5
23DD
330
23DA
100
AcDbEntity
  8
DET-TEXTO LÍNEA
  6
DASHDOT
  0
POLYLINE
  5
23DE
330
1F
100
AcDbEntity
  8
DET-BORDE ESTRUCTURA
100
AcDb2dPolyline
 66
     1
 10
0.0
 20
0.0
 30
0.0
  0
VERTEX
  5
23DF
330
23DE
100
AcDbEntity
  8
DET-BORDE ESTRUCTURA
100
AcDbVertex
100
AcDb2dVertex
 10
9.804841455654532
 20
11.07638504471775
 30
0.0
  0
VERTEX
  5
23E0
330
23DE
100
AcDbEntity
  8
DET-BORDE ESTRUCTURA
100
AcDbVertex
100
AcDb2dVertex
 10
9.804841455654532
 20
10.39868797719133
 30
0.0
  0
SEQEND
  5
23E1
330
23DE
100
AcDbEntity
  8
DET-BORDE ESTRUCTURA
  0
POLYLINE
  5
23E2
330
1F
100
AcDbEntity
  8
DET-BORDE ESTRUCTURA
100
AcDb2dPolyline
 66
     1
 10
0.0
 20
0.0
 30
0.0
  0
VERTEX
  5
23E3
330
23E2
100
AcDbEntity
  8
DET-BORDE ESTRUCTURA
100
AcDbVertex
100
AcDb2dVertex
 10
9.804841455654532
 20
9.89862071864978
 30
0.0
  0
VERTEX
  5
23E4
330
23E2
100
AcDbEntity
  8
DET-BORDE ESTRUCTURA
100
AcDbVertex
100
AcDb2dVertex
 10
9.804841455654532
 20
8.944087492931075
 30
0.0
  0
SEQEND
  5
23E5
330
23E2
100
AcDbEntity
  8
DET-BORDE ESTRUCTURA
  0
POLYLINE
  5
23E6
330
1F
100
AcDbEntity
  8
DET-BORDE ESTRUCTURA
100
AcDb2dPolyline
 66
     1
 10
0.0
 20
0.0
 30
0.0
  0
VERTEX
  5
23E7
330
23E6
100
AcDbEntity
  8
DET-BORDE ESTRUCTURA
100
AcDbVertex
100
AcDb2dVertex
 10
16.17691570907647
 20
9.704445308373223
 30
0.0
  0
VERTEX
  5
23E8
330
23E6
100
AcDbEntity
  8
DET-BORDE ESTRUCTURA
100
AcDbVertex
100
AcDb2dVertex
 10
10.30484145565362
 20
9.704445308373223
 30
0.0
  0
SEQEND
  5
23E9
330
23E6
100
AcDbEntity
  8
DET-BORDE ESTRUCTURA
  0
POLYLINE
  5
23EA
330
1F
100
AcDbEntity
  8
DET-BORDE ESTRUCTURA
100
AcDb2dPolyline
 66
     1
 10
0.0
 20
0.0
 30
0.0
  0
VERTEX
  5
23EB
330
23EA
100
AcDbEntity
  8
DET-BORDE ESTRUCTURA
100
AcDbVertex
100
AcDb2dVertex
 10
10.30484145565362
 20
11.07638504471775
 30
0.0
  0
VERTEX
  5
23EC
330
23EA
100
AcDbEntity
  8
DET-BORDE ESTRUCTURA
100
AcDbVertex
100
AcDb2dVertex
 10
10.30484145565362
 20
10.39868797719133
 30
0.0
  0
VERTEX
  5
23ED
330
23EA
100
AcDbEntity
  8
DET-BORDE ESTRUCTURA
100
AcDbVertex
100
AcDb2dVertex
 10
16.17691570907647
 20
10.39868797719133
 30
0.0
  0
SEQEND
  5
23EE
330
23EA
100
AcDbEntity
  8
DET-BORDE ESTRUCTURA
  0
POLYLINE
  5
23EF
330
1F
100
AcDbEntity
  8
DET-TEXTO TÍTULO
 62
     1
100
AcDb2dPolyline
 66
     1
 10
0.0
 20
0.0
 30
0.0
  0
VERTEX
  5
23F0
330
23EF
100
AcDbEntity
  8
DET-TEXTO TÍTULO
 62
     1
100
AcDbVertex
100
AcDb2dVertex
 10
0.9892477723045161
 20
22.8034894207493
 30
0.0
  0
VERTEX
  5
23F1
330
23EF
100
AcDbEntity
  8
DET-TEXTO TÍTULO
 62
     1
100
AcDbVertex
100
AcDb2dVertex
 10
31.86016316338494
 20
22.8034894207493
 30
0.0
  0
SEQEND
  5
23F2
330
23EF
100
AcDbEntity
  8
DET-TEXTO TÍTULO
 62
     1
  0
POLYLINE
  5
23F3
330
1F
100
AcDbEntity
  8
DET-BORDE ESTRUCTURA
100
AcDb2dPolyline
 66
     1
 10
0.0
 20
0.0
 30
0.0
  0
VERTEX
  5
23F4
330
23F3
100
AcDbEntity
  8
DET-BORDE ESTRUCTURA
100
AcDbVertex
100
AcDb2dVertex
 10
30.59980534794415
 20
19.36723628022547
 30
0.0
  0
VERTEX
  5
23F5
330
23F3
100
AcDbEntity
  8
DET-BORDE ESTRUCTURA
100
AcDbVertex
100
AcDb2dVertex
 10
25.8600286463082
 20
19.36723628022547
 30
0.0
  0
SEQEND
  5
23F6
330
23F3
100
AcDbEntity
  8
DET-BORDE ESTRUCTURA
  0
POLYLINE
  5
23F7
330
1F
100
AcDbEntity
  8
DET-BORDE ESTRUCTURA
100
AcDb2dPolyline
 66
     1
 10
0.0
 20
0.0
 30
0.0
  0
VERTEX
  5
23F8
330
23F7
100
AcDbEntity
  8
DET-BORDE ESTRUCTURA
100
AcDbVertex
100
AcDb2dVertex
 10
25.8600286463082
 20
19.86730353876656
 30
0.0
  0
VERTEX
  5
23F9
330
23F7
100
AcDbEntity
  8
DET-BORDE ESTRUCTURA
100
AcDbVertex
100
AcDb2dVertex
 10
30.59980534794415
 20
19.86730353876656
 30
0.0
  0
VERTEX
  5
23FA
330
23F7
100
AcDbEntity
  8
DET-BORDE ESTRUCTURA
100
AcDbVertex
100
AcDb2dVertex
 10
30.59980534794415
 20
19.36723628022547
 30
0.0
  0
SEQEND
  5
23FB
330
23F7
100
AcDbEntity
  8
DET-BORDE ESTRUCTURA
  0
POLYLINE
  5
23FC
330
1F
100
AcDbEntity
  8
DET-ARMADURAS
100
AcDb2dPolyline
 66
     1
 10
0.0
 20
0.0
 30
0.0
  0
VERTEX
  5
23FD
330
23FC
100
AcDbEntity
  8
DET-ARMADURAS
100
AcDbVertex
100
AcDb2dVertex
 10
30.52958743026858
 20
19.52428497540892
 30
0.0
  0
VERTEX
  5
23FE
330
23FC
100
AcDbEntity
  8
DET-ARMADURAS
100
AcDbVertex
100
AcDb2dVertex
 10
30.52958743026858
 20
19.77636999020625
 30
0.0
  0
VERTEX
  5
23FF
330
23FC
100
AcDbEntity
  8
DET-ARMADURAS
100
AcDbVertex
100
AcDb2dVertex
 10
26.38067701865141
 20
19.77636999020625
 30
0.0
  0
SEQEND
  5
2400
330
23FC
100
AcDbEntity
  8
DET-ARMADURAS
  0
POLYLINE
  5
2401
330
1F
100
AcDbEntity
  8
DET-ARMADURAS
100
AcDb2dPolyline
 66
     1
 10
0.0
 20
0.0
 30
0.0
  0
VERTEX
  5
2402
330
2401
100
AcDbEntity
  8
DET-ARMADURAS
100
AcDbVertex
100
AcDb2dVertex
 10
30.47584785534156
 20
19.70615207253046
 30
0.0
  0
VERTEX
  5
2403
330
2401
100
AcDbEntity
  8
DET-ARMADURAS
100
AcDbVertex
100
AcDb2dVertex
 10
30.47584785534156
 20
19.45406705773381
 30
0.0
  0
VERTEX
  5
2404
330
2401
100
AcDbEntity
  8
DET-ARMADURAS
100
AcDbVertex
100
AcDb2dVertex
 10
28.71959281095344
 20
19.45406705773381
 30
0.0
  0
SEQEND
  5
2405
330
2401
100
AcDbEntity
  8
DET-ARMADURAS
  0
POLYLINE
  5
2406
330
1F
100
AcDbEntity
  8
DET-ARMADURAS
100
AcDb2dPolyline
 66
     1
 10
0.0
 20
0.0
 30
0.0
  0
VERTEX
  5
2407
330
2406
100
AcDbEntity
  8
DET-ARMADURAS
100
AcDbVertex
100
AcDb2dVertex
 10
30.372538735084
 20
19.80136999020622
 30
0.0
  0
VERTEX
  5
2408
330
2406
100
AcDbEntity
  8
DET-ARMADURAS
100
AcDbVertex
100
AcDb2dVertex
 10
30.372538735084
 20
19.42906705773383
 30
0.0
  0
SEQEND
  5
2409
330
2406
100
AcDbEntity
  8
DET-ARMADURAS
  0
POLYLINE
  5
240A
330
1F
100
AcDbEntity
  8
DET-ARMADURAS
100
AcDb2dPolyline
 66
     1
 10
0.0
 20
0.0
 30
0.0
  0
VERTEX
  5
240B
330
240A
100
AcDbEntity
  8
DET-ARMADURAS
100
AcDbVertex
100
AcDb2dVertex
 10
30.07915697560095
 20
19.80136999020622
 30
0.0
  0
VERTEX
  5
240C
330
240A
100
AcDbEntity
  8
DET-ARMADURAS
100
AcDbVertex
100
AcDb2dVertex
 10
30.07915697560095
 20
19.42906705773383
 30
0.0
  0
SEQEND
  5
240D
330
240A
100
AcDbEntity
  8
DET-ARMADURAS
  0
POLYLINE
  5
240E
330
1F
100
AcDbEntity
  8
DET-ARMADURAS
100
AcDb2dPolyline
 66
     1
 10
0.0
 20
0.0
 30
0.0
  0
VERTEX
  5
240F
330
240E
100
AcDbEntity
  8
DET-ARMADURAS
100
AcDbVertex
100
AcDb2dVertex
 10
29.78577521611789
 20
19.80136999020622
 30
0.0
  0
VERTEX
  5
2410
330
240E
100
AcDbEntity
  8
DET-ARMADURAS
100
AcDbVertex
100
AcDb2dVertex
 10
29.78577521611789
 20
19.42906705773383
 30
0.0
  0
SEQEND
  5
2411
330
240E
100
AcDbEntity
  8
DET-ARMADURAS
  0
POLYLINE
  5
2412
330
1F
100
AcDbEntity
  8
DET-ARMADURAS
100
AcDb2dPolyline
 66
     1
 10
0.0
 20
0.0
 30
0.0
  0
VERTEX
  5
2413
330
2412
100
AcDbEntity
  8
DET-ARMADURAS
100
AcDbVertex
100
AcDb2dVertex
 10
29.49649622768704
 20
19.80136999020622
 30
0.0
  0
VERTEX
  5
2414
330
2412
100
AcDbEntity
  8
DET-ARMADURAS
100
AcDbVertex
100
AcDb2dVertex
 10
29.49649622768704
 20
19.42906705773383
 30
0.0
  0
SEQEND
  5
2415
330
2412
100
AcDbEntity
  8
DET-ARMADURAS
  0
POLYLINE
  5
2416
330
1F
100
AcDbEntity
  8
DET-ARMADURAS
100
AcDb2dPolyline
 66
     1
 10
0.0
 20
0.0
 30
0.0
  0
VERTEX
  5
2417
330
2416
100
AcDbEntity
  8
DET-ARMADURAS
100
AcDbVertex
100
AcDb2dVertex
 10
29.20304720966244
 20
19.79726721915357
 30
0.0
  0
VERTEX
  5
2418
330
2416
100
AcDbEntity
  8
DET-ARMADURAS
100
AcDbVertex
100
AcDb2dVertex
 10
29.20304720966244
 20
19.42079425708788
 30
0.0
  0
SEQEND
  5
2419
330
2416
100
AcDbEntity
  8
DET-ARMADURAS
  0
POLYLINE
  5
241A
330
1F
100
AcDbEntity
  8
DET-BORDE ESTRUCTURA
100
AcDb2dPolyline
 66
     1
 10
0.0
 20
0.0
 30
0.0
  0
VERTEX
  5
241B
330
241A
100
AcDbEntity
  8
DET-BORDE ESTRUCTURA
100
AcDbVertex
100
AcDb2dVertex
 10
29.03369020132215
 20
19.86730353876656
 30
0.0
  0
VERTEX
  5
241C
330
241A
100
AcDbEntity
  8
DET-BORDE ESTRUCTURA
100
AcDbVertex
100
AcDb2dVertex
 10
28.40549542058563
 20
19.86730353876656
 30
0.0
  0
VERTEX
  5
241D
330
241A
100
AcDbEntity
  8
DET-BORDE ESTRUCTURA
100
AcDbVertex
100
AcDb2dVertex
 10
28.40549542058563
 20
19.36723628022547
 30
0.0
  0
VERTEX
  5
241E
330
241A
100
AcDbEntity
  8
DET-BORDE ESTRUCTURA
100
AcDbVertex
100
AcDb2dVertex
 10
29.03369020132215
 20
19.36723628022547
 30
0.0
  0
VERTEX
  5
241F
330
241A
100
AcDbEntity
  8
DET-BORDE ESTRUCTURA
100
AcDbVertex
100
AcDb2dVertex
 10
29.03369020132215
 20
19.86730353876656
 30
0.0
  0
SEQEND
  5
2420
330
241A
100
AcDbEntity
  8
DET-BORDE ESTRUCTURA
  0
POLYLINE
  5
2421
330
1F
100
AcDbEntity
  8
DET-BORDE ESTRUCTURA
100
AcDb2dPolyline
 66
     1
 10
0.0
 20
0.0
 30
0.0
  0
VERTEX
  5
2422
330
2421
100
AcDbEntity
  8
DET-BORDE ESTRUCTURA
100
AcDbVertex
100
AcDb2dVertex
 10
30.73053861939736
 20
15.06496673212551
 30
0.0
  0
VERTEX
  5
2423
330
2421
100
AcDbEntity
  8
DET-BORDE ESTRUCTURA
100
AcDbVertex
100
AcDb2dVertex
 10
25.99076191776141
 20
15.06496673212551
 30
0.0
  0
SEQEND
  5
2424
330
2421
100
AcDbEntity
  8
DET-BORDE ESTRUCTURA
  0
POLYLINE
  5
2425
330
1F
100
AcDbEntity
  8
DET-BORDE ESTRUCTURA
100
AcDb2dPolyline
 66
     1
 10
0.0
 20
0.0
 30
0.0
  0
VERTEX
  5
2426
330
2425
100
AcDbEntity
  8
DET-BORDE ESTRUCTURA
100
AcDbVertex
100
AcDb2dVertex
 10
25.99076191776141
 20
15.56496673212506
 30
0.0
  0
VERTEX
  5
2427
330
2425
100
AcDbEntity
  8
DET-BORDE ESTRUCTURA
100
AcDbVertex
100
AcDb2dVertex
 10
30.73053861939736
 20
15.56496673212506
 30
0.0
  0
SEQEND
  5
2428
330
2425
100
AcDbEntity
  8
DET-BORDE ESTRUCTURA
  0
POLYLINE
  5
2429
330
1F
100
AcDbEntity
  8
DET-ARMADURAS
100
AcDb2dPolyline
 66
     1
 10
0.0
 20
0.0
 30
0.0
  0
VERTEX
  5
242A
330
2429
100
AcDbEntity
  8
DET-ARMADURAS
100
AcDbVertex
100
AcDb2dVertex
 10
30.60658112679477
 20
15.40381526588895
 30
0.0
  0
VERTEX
  5
242B
330
2429
100
AcDbEntity
  8
DET-ARMADURAS
100
AcDbVertex
100
AcDb2dVertex
 10
30.60658112679477
 20
15.15173025109276
 30
0.0
  0
VERTEX
  5
242C
330
2429
100
AcDbEntity
  8
DET-ARMADURAS
100
AcDbVertex
100
AcDb2dVertex
 10
26.11882218141484
 20
15.15173025109276
 30
0.0
  0
VERTEX
  5
242D
330
2429
100
AcDbEntity
  8
DET-ARMADURAS
100
AcDbVertex
100
AcDb2dVertex
 10
26.11882218141484
 20
15.40381526588895
 30
0.0
  0
SEQEND
  5
242E
330
2429
100
AcDbEntity
  8
DET-ARMADURAS
  0
POLYLINE
  5
242F
330
1F
100
AcDbEntity
  8
DET-ARMADURAS
100
AcDb2dPolyline
 66
     1
 10
0.0
 20
0.0
 30
0.0
  0
VERTEX
  5
2430
330
242F
100
AcDbEntity
  8
DET-ARMADURAS
100
AcDbVertex
100
AcDb2dVertex
 10
27.92471402967733
 20
15.50320321315847
 30
0.0
  0
VERTEX
  5
2431
330
242F
100
AcDbEntity
  8
DET-ARMADURAS
100
AcDbVertex
100
AcDb2dVertex
 10
27.92471402967733
 20
15.12673025109278
 30
0.0
  0
SEQEND
  5
2432
330
242F
100
AcDbEntity
  8
DET-ARMADURAS
  0
POLYLINE
  5
2433
330
1F
100
AcDbEntity
  8
DET-ARMADURAS
100
AcDb2dPolyline
 66
     1
 10
0.0
 20
0.0
 30
0.0
  0
VERTEX
  5
2434
330
2433
100
AcDbEntity
  8
DET-ARMADURAS
100
AcDbVertex
100
AcDb2dVertex
 10
27.63126501165273
 20
15.50320321315847
 30
0.0
  0
VERTEX
  5
2435
330
2433
100
AcDbEntity
  8
DET-ARMADURAS
100
AcDbVertex
100
AcDb2dVertex
 10
27.63126501165273
 20
15.12673025109278
 30
0.0
  0
SEQEND
  5
2436
330
2433
100
AcDbEntity
  8
DET-ARMADURAS
  0
POLYLINE
  5
2437
330
1F
100
AcDbEntity
  8
DET-ARMADURAS
100
AcDb2dPolyline
 66
     1
 10
0.0
 20
0.0
 30
0.0
  0
VERTEX
  5
2438
330
2437
100
AcDbEntity
  8
DET-ARMADURAS
100
AcDbVertex
100
AcDb2dVertex
 10
27.33788325216876
 20
15.50320321315847
 30
0.0
  0
VERTEX
  5
2439
330
2437
100
AcDbEntity
  8
DET-ARMADURAS
100
AcDbVertex
100
AcDb2dVertex
 10
27.33788325216876
 20
15.12673025109278
 30
0.0
  0
SEQEND
  5
243A
330
2437
100
AcDbEntity
  8
DET-ARMADURAS
  0
POLYLINE
  5
243B
330
1F
100
AcDbEntity
  8
DET-ARMADURAS
100
AcDb2dPolyline
 66
     1
 10
0.0
 20
0.0
 30
0.0
  0
VERTEX
  5
243C
330
243B
100
AcDbEntity
  8
DET-ARMADURAS
100
AcDbVertex
100
AcDb2dVertex
 10
27.04860426373791
 20
15.50320321315847
 30
0.0
  0
VERTEX
  5
243D
330
243B
100
AcDbEntity
  8
DET-ARMADURAS
100
AcDbVertex
100
AcDb2dVertex
 10
27.04860426373791
 20
15.12673025109278
 30
0.0
  0
SEQEND
  5
243E
330
243B
100
AcDbEntity
  8
DET-ARMADURAS
  0
POLYLINE
  5
243F
330
1F
100
AcDbEntity
  8
DET-BORDE ESTRUCTURA
100
AcDb2dPolyline
 66
     1
 10
0.0
 20
0.0
 30
0.0
  0
VERTEX
  5
2440
330
243F
100
AcDbEntity
  8
DET-BORDE ESTRUCTURA
100
AcDbVertex
100
AcDb2dVertex
 10
26.61882218141484
 20
15.56496673212506
 30
0.0
  0
VERTEX
  5
2441
330
243F
100
AcDbEntity
  8
DET-BORDE ESTRUCTURA
100
AcDbVertex
100
AcDb2dVertex
 10
25.99076191776141
 20
15.56496673212506
 30
0.0
  0
VERTEX
  5
2442
330
243F
100
AcDbEntity
  8
DET-BORDE ESTRUCTURA
100
AcDbVertex
100
AcDb2dVertex
 10
25.99076191776141
 20
15.06496673212551
 30
0.0
  0
VERTEX
  5
2443
330
243F
100
AcDbEntity
  8
DET-BORDE ESTRUCTURA
100
AcDbVertex
100
AcDb2dVertex
 10
26.61882218141484
 20
15.06496673212551
 30
0.0
  0
VERTEX
  5
2444
330
243F
100
AcDbEntity
  8
DET-BORDE ESTRUCTURA
100
AcDbVertex
100
AcDb2dVertex
 10
26.61882218141484
 20
15.56496673212506
 30
0.0
  0
SEQEND
  5
2445
330
243F
100
AcDbEntity
  8
DET-BORDE ESTRUCTURA
  0
POLYLINE
  5
2446
330
1F
100
AcDbEntity
  8
DET-BORDE ESTRUCTURA
100
AcDb2dPolyline
 66
     1
 10
0.0
 20
0.0
 30
0.0
  0
VERTEX
  5
2447
330
2446
100
AcDbEntity
  8
DET-BORDE ESTRUCTURA
100
AcDbVertex
100
AcDb2dVertex
 10
30.73053861939736
 20
15.56496673212506
 30
0.0
  0
VERTEX
  5
2448
330
2446
100
AcDbEntity
  8
DET-BORDE ESTRUCTURA
100
AcDbVertex
100
AcDb2dVertex
 10
30.10241109720193
 20
15.56496673212506
 30
0.0
  0
VERTEX
  5
2449
330
2446
100
AcDbEntity
  8
DET-BORDE ESTRUCTURA
100
AcDbVertex
100
AcDb2dVertex
 10
30.10241109720193
 20
15.06496673212551
 30
0.0
  0
VERTEX
  5
244A
330
2446
100
AcDbEntity
  8
DET-BORDE ESTRUCTURA
100
AcDbVertex
100
AcDb2dVertex
 10
30.73053861939736
 20
15.06496673212551
 30
0.0
  0
VERTEX
  5
244B
330
2446
100
AcDbEntity
  8
DET-BORDE ESTRUCTURA
100
AcDbVertex
100
AcDb2dVertex
 10
30.73053861939736
 20
15.56496673212506
 30
0.0
  0
SEQEND
  5
244C
330
2446
100
AcDbEntity
  8
DET-BORDE ESTRUCTURA
  0
POLYLINE
  5
244D
330
1F
100
AcDbEntity
  8
DET-ARMADURAS
100
AcDb2dPolyline
 66
     1
 10
0.0
 20
0.0
 30
0.0
  0
VERTEX
  5
244E
330
244D
100
AcDbEntity
  8
DET-ARMADURAS
100
AcDbVertex
100
AcDb2dVertex
 10
29.09003552550604
 20
15.50320321315847
 30
0.0
  0
VERTEX
  5
244F
330
244D
100
AcDbEntity
  8
DET-ARMADURAS
100
AcDbVertex
100
AcDb2dVertex
 10
29.09003552550604
 20
15.12673025109278
 30
0.0
  0
SEQEND
  5
2450
330
244D
100
AcDbEntity
  8
DET-ARMADURAS
  0
POLYLINE
  5
2451
330
1F
100
AcDbEntity
  8
DET-ARMADURAS
100
AcDb2dPolyline
 66
     1
 10
0.0
 20
0.0
 30
0.0
  0
VERTEX
  5
2452
330
2451
100
AcDbEntity
  8
DET-ARMADURAS
100
AcDbVertex
100
AcDb2dVertex
 10
28.8007565370752
 20
15.50320321315847
 30
0.0
  0
VERTEX
  5
2453
330
2451
100
AcDbEntity
  8
DET-ARMADURAS
100
AcDbVertex
100
AcDb2dVertex
 10
28.8007565370752
 20
15.12673025109278
 30
0.0
  0
SEQEND
  5
2454
330
2451
100
AcDbEntity
  8
DET-ARMADURAS
  0
POLYLINE
  5
2455
330
1F
100
AcDbEntity
  8
DET-ARMADURAS
100
AcDb2dPolyline
 66
     1
 10
0.0
 20
0.0
 30
0.0
  0
VERTEX
  5
2456
330
2455
100
AcDbEntity
  8
DET-ARMADURAS
100
AcDbVertex
100
AcDb2dVertex
 10
28.50730751904923
 20
15.50320321315847
 30
0.0
  0
VERTEX
  5
2457
330
2455
100
AcDbEntity
  8
DET-ARMADURAS
100
AcDbVertex
100
AcDb2dVertex
 10
28.50730751904923
 20
15.12673025109278
 30
0.0
  0
SEQEND
  5
2458
330
2455
100
AcDbEntity
  8
DET-ARMADURAS
  0
POLYLINE
  5
2459
330
1F
100
AcDbEntity
  8
DET-ARMADURAS
100
AcDb2dPolyline
 66
     1
 10
0.0
 20
0.0
 30
0.0
  0
VERTEX
  5
245A
330
2459
100
AcDbEntity
  8
DET-ARMADURAS
100
AcDbVertex
100
AcDb2dVertex
 10
28.21392575956663
 20
15.50320321315847
 30
0.0
  0
VERTEX
  5
245B
330
2459
100
AcDbEntity
  8
DET-ARMADURAS
100
AcDbVertex
100
AcDb2dVertex
 10
28.21392575956663
 20
15.12673025109278
 30
0.0
  0
SEQEND
  5
245C
330
2459
100
AcDbEntity
  8
DET-ARMADURAS
  0
POLYLINE
  5
245D
330
1F
100
AcDbEntity
  8
DET-ARMADURAS
100
AcDb2dPolyline
 66
     1
 10
0.0
 20
0.0
 30
0.0
  0
VERTEX
  5
245E
330
245D
100
AcDbEntity
  8
DET-ARMADURAS
100
AcDbVertex
100
AcDb2dVertex
 10
29.96607803290391
 20
15.50320321315847
 30
0.0
  0
VERTEX
  5
245F
330
245D
100
AcDbEntity
  8
DET-ARMADURAS
100
AcDbVertex
100
AcDb2dVertex
 10
29.96607803290391
 20
15.12673025109278
 30
0.0
  0
SEQEND
  5
2460
330
245D
100
AcDbEntity
  8
DET-ARMADURAS
  0
POLYLINE
  5
2461
330
1F
100
AcDbEntity
  8
DET-ARMADURAS
100
AcDb2dPolyline
 66
     1
 10
0.0
 20
0.0
 30
0.0
  0
VERTEX
  5
2462
330
2461
100
AcDbEntity
  8
DET-ARMADURAS
100
AcDbVertex
100
AcDb2dVertex
 10
29.6767990444717
 20
15.50320321315847
 30
0.0
  0
VERTEX
  5
2463
330
2461
100
AcDbEntity
  8
DET-ARMADURAS
100
AcDbVertex
100
AcDb2dVertex
 10
29.6767990444717
 20
15.12673025109278
 30
0.0
  0
SEQEND
  5
2464
330
2461
100
AcDbEntity
  8
DET-ARMADURAS
  0
POLYLINE
  5
2465
330
1F
100
AcDbEntity
  8
DET-ARMADURAS
100
AcDb2dPolyline
 66
     1
 10
0.0
 20
0.0
 30
0.0
  0
VERTEX
  5
2466
330
2465
100
AcDbEntity
  8
DET-ARMADURAS
100
AcDbVertex
100
AcDb2dVertex
 10
29.3834172849891
 20
15.50320321315847
 30
0.0
  0
VERTEX
  5
2467
330
2465
100
AcDbEntity
  8
DET-ARMADURAS
100
AcDbVertex
100
AcDb2dVertex
 10
29.3834172849891
 20
15.12673025109278
 30
0.0
  0
SEQEND
  5
2468
330
2465
100
AcDbEntity
  8
DET-ARMADURAS
  0
POLYLINE
  5
2469
330
1F
100
AcDbEntity
  8
DET-ARMADURAS
100
AcDb2dPolyline
 66
     1
 10
0.0
 20
0.0
 30
0.0
  0
VERTEX
  5
246A
330
2469
100
AcDbEntity
  8
DET-ARMADURAS
100
AcDbVertex
100
AcDb2dVertex
 10
30.66032070172179
 20
15.22611819836162
 30
0.0
  0
VERTEX
  5
246B
330
2469
100
AcDbEntity
  8
DET-ARMADURAS
100
AcDbVertex
100
AcDb2dVertex
 10
30.66032070172179
 20
15.47820321315849
 30
0.0
  0
VERTEX
  5
246C
330
2469
100
AcDbEntity
  8
DET-ARMADURAS
100
AcDbVertex
100
AcDb2dVertex
 10
26.06097983543698
 20
15.47820321315849
 30
0.0
  0
VERTEX
  5
246D
330
2469
100
AcDbEntity
  8
DET-ARMADURAS
100
AcDbVertex
100
AcDb2dVertex
 10
26.06097983543698
 20
15.22611819836162
 30
0.0
  0
SEQEND
  5
246E
330
2469
100
AcDbEntity
  8
DET-ARMADURAS
  0
POLYLINE
  5
246F
330
1F
100
AcDbEntity
  8
DET-ARMADURAS
100
AcDb2dPolyline
 66
     1
 10
0.0
 20
0.0
 30
0.0
  0
VERTEX
  5
2470
330
246F
100
AcDbEntity
  8
DET-ARMADURAS
100
AcDbVertex
100
AcDb2dVertex
 10
26.75522250425576
 20
15.50320321315847
 30
0.0
  0
VERTEX
  5
2471
330
246F
100
AcDbEntity
  8
DET-ARMADURAS
100
AcDbVertex
100
AcDb2dVertex
 10
26.75522250425576
 20
15.12673025109278
 30
0.0
  0
SEQEND
  5
2472
330
246F
100
AcDbEntity
  8
DET-ARMADURAS
  0
POLYLINE
  5
2473
330
1F
100
AcDbEntity
  8
DET-TEXTO LÍNEA
  6
DASHDOT
100
AcDb2dPolyline
 66
     1
 10
0.0
 20
0.0
 30
0.0
  0
VERTEX
  5
2474
330
2473
100
AcDbEntity
  8
DET-TEXTO LÍNEA
  6
DASHDOT
100
AcDbVertex
100
AcDb2dVertex
 10
10.05692647045072
 20
12.4896887842916
 30
0.0
  0
VERTEX
  5
2475
330
2473
100
AcDbEntity
  8
DET-TEXTO LÍNEA
  6
DASHDOT
100
AcDbVertex
100
AcDb2dVertex
 10
10.05692647045072
 20
6.047639630038574
 30
0.0
  0
SEQEND
  5
2476
330
2473
100
AcDbEntity
  8
DET-TEXTO LÍNEA
  6
DASHDOT
  0
POLYLINE
  5
2477
330
1F
100
AcDbEntity
  8
DET-TEXTO LÍNEA
  6
DASHDOT
100
AcDb2dPolyline
 66
     1
 10
0.0
 20
0.0
 30
0.0
  0
VERTEX
  5
2478
330
2477
100
AcDbEntity
  8
DET-TEXTO LÍNEA
  6
DASHDOT
100
AcDbVertex
100
AcDb2dVertex
 10
16.42698296761802
 20
12.48972241356237
 30
0.0
  0
VERTEX
  5
2479
330
2477
100
AcDbEntity
  8
DET-TEXTO LÍNEA
  6
DASHDOT
100
AcDbVertex
100
AcDb2dVertex
 10
16.42698296761802
 20
6.047673259309576
 30
0.0
  0
SEQEND
  5
247A
330
2477
100
AcDbEntity
  8
DET-TEXTO LÍNEA
  6
DASHDOT
  0
POLYLINE
  5
247B
330
1F
100
AcDbEntity
  8
DET-TEXTO LÍNEA
  6
DASHDOT
100
AcDb2dPolyline
 66
     1
 10
0.0
 20
0.0
 30
0.0
  0
VERTEX
  5
247C
330
247B
100
AcDbEntity
  8
DET-TEXTO LÍNEA
  6
DASHDOT
100
AcDbVertex
100
AcDb2dVertex
 10
22.796939173132
 20
12.48972241356237
 30
0.0
  0
VERTEX
  5
247D
330
247B
100
AcDbEntity
  8
DET-TEXTO LÍNEA
  6
DASHDOT
100
AcDbVertex
100
AcDb2dVertex
 10
22.796939173132
 20
6.047673259309576
 30
0.0
  0
SEQEND
  5
247E
330
247B
100
AcDbEntity
  8
DET-TEXTO LÍNEA
  6
DASHDOT
  0
POLYLINE
  5
247F
330
1F
100
AcDbEntity
  8
DET-TEXTO LÍNEA
  6
DASHDOT
100
AcDb2dPolyline
 66
     1
 10
0.0
 20
0.0
 30
0.0
  0
VERTEX
  5
2480
330
247F
100
AcDbEntity
  8
DET-TEXTO LÍNEA
  6
DASHDOT
100
AcDbVertex
100
AcDb2dVertex
 10
29.16487643007333
 20
12.48972241356237
 30
0.0
  0
VERTEX
  5
2481
330
247F
100
AcDbEntity
  8
DET-TEXTO LÍNEA
  6
DASHDOT
100
AcDbVertex
100
AcDb2dVertex
 10
29.16487643007333
 20
6.047673259309576
 30
0.0
  0
SEQEND
  5
2482
330
247F
100
AcDbEntity
  8
DET-TEXTO LÍNEA
  6
DASHDOT
  0
DIMENSION
  5
2483
330
1F
100
AcDbEntity
  8
DET-COTAS
100
AcDbDimension
280
     0
  2
*D280
 10
3.68340274783879
 20
11.88809776760273
 30
0.0
 11
2.710930011355522
 21
11.88809776760273
 31
0.0
 70
   160
  1
L,anclaje II
 71
     5
 42
194.4945472966537
 73
     0
 74
     0
 75
     0
  3
cotas formato 1.100
100
AcDbAlignedDimension
 13
1.738457274872253
 23
12.27473048458806
 33
0.0
 14
3.68340274783879
 24
12.27473048458806
 34
0.0
 50
0.0
100
AcDbRotatedDimension
  0
MTEXT
  5
2484
330
1F
100
AcDbEntity
  8
DET-TEXTO
100
AcDbMText
 10
1.977536894073928
 20
11.10738831703234
 30
0.0
 40
0.16668908618053
 41
5.336129201082258
 46
0.0
 71
     1
 72
     5
  1
Losa
  7
CENTURY
 73
     1
 44
1.0
101
Embedded Object
 70
     1
 10
1.0
 20
0.0
 30
0.0
 11
1.977536894073928
 21
11.10738831703234
 31
0.0
 40
5.336129201082258
 41
0.0
 42
0.469471709072696
 43
0.1698619579773042
 71
     2
 72
     1
 44
5.336129201082258
 45
1.0
 73
     0
 74
     0
 46
-0.1698619579773042
  0
LWPOLYLINE
  5
2485
330
1F
100
AcDbEntity
  8
DET-ARMADURAS
100
AcDbPolyline
 90
        2
 70
     0
 43
0.0
 10
8.106428757243357
 20
12.01026989809348
 10
18.66467465446096
 20
12.01026989809348
  0
LWPOLYLINE
  5
2486
330
1F
100
AcDbEntity
  8
DET-ARMADURAS
100
AcDbPolyline
 90
        2
 70
     0
 43
0.0
 10
14.4785030106653
 20
12.22105816820372
 10
25.03668164934181
 20
12.22105816820372
  0
LWPOLYLINE
  5
2487
330
1F
100
AcDbEntity
  8
DET-ARMADURAS
100
AcDbPolyline
 90
        3
 70
     0
 43
0.0
 10
20.84514585390327
 20
10.26185719968281
 10
30.7526921592392
 20
10.26185719968281
 10
30.75263943317743
 20
9.975481614197732
  0
LWPOLYLINE
  5
2488
330
1F
100
AcDbEntity
  8
DET-ARMADURAS
100
AcDbPolyline
 90
        2
 70
     0
 43
0.0
 10
1.738457274872253
 20
8.175456876844108
 10
10.86275106017167
 20
8.175456876844108
  0
LWPOLYLINE
  5
2489
330
1F
100
AcDbEntity
  8
DET-ARMADURAS
100
AcDbPolyline
 90
        3
 70
     0
 43
0.0
 10
9.899877775266595
 20
8.427541891640302
 10
9.899877775266595
 20
8.014305410608002
 10
17.3009404602197
 20
8.014305410608002
  0
LWPOLYLINE
  5
248A
330
1F
100
AcDbEntity
  8
DET-ARMADURAS
100
AcDbPolyline
 90
        3
 70
     0
 43
0.0
 10
15.84216994636455
 20
8.225026422176242
 10
23.24329988985966
 20
8.225026422176242
 10
23.24329988985966
 20
8.64243293280252
  0
LWPOLYLINE
  5
248B
330
1F
100
AcDbEntity
  8
DET-ARMADURAS
100
AcDbPolyline
 90
        2
 70
     0
 43
0.0
 10
22.21014142873566
 20
8.014305410608002
 10
30.04091893747029
 20
8.014305410608002
  0
LWPOLYLINE
  5
248C
102
{ACAD_REACTORS
330
24AE
102
}
330
1F
100
AcDbEntity
  8
DET-ARMADURAS
100
AcDbPolyline
 90
        3
 70
     0
 43
0.0
 10
28.58221568215851
 20
8.402378484657091
 10
30.74760443652833
 20
8.402378484657091
 10
30.74760443652833
 20
8.699930273734125
  0
DIMENSION
  5
248D
330
1F
100
AcDbEntity
  8
DET-COTAS
100
AcDbDimension
280
     0
  2
*D281
 10
10.05692647045072
 20
11.60770450267829
 30
0.0
 11
9.081677613847041
 21
11.79108315665517
 31
0.0
 70
    32
  1
L,anclaje II
 71
     5
 42
195.0497713207369
 73
     0
 74
     0
 75
     0
  3
cotas formato 1.100
100
AcDbAlignedDimension
 13
8.106428757243357
 23
12.01026989809348
 33
0.0
 14
10.05692647045072
 24
12.01026989809348
 34
0.0
 50
0.0
100
AcDbRotatedDimension
  0
DIMENSION
  5
248E
330
1F
100
AcDbEntity
  8
DET-COTAS
100
AcDbDimension
280
     0
  2
*D282
 10
12.0032541540648
 20
11.60770450267829
 30
0.0
 11
11.03009031225776
 21
11.79108315665517
 31
0.0
 70
    32
  1
L,anclaje II
 71
     5
 42
194.6327683614072
 73
     0
 74
     0
 75
     0
  3
cotas formato 1.100
100
AcDbAlignedDimension
 13
10.05692647045072
 23
12.27473048458806
 33
0.0
 14
12.0032541540648
 24
12.01026989809348
 34
0.0
 50
0.0
100
AcDbRotatedDimension
  0
DIMENSION
  5
248F
330
1F
100
AcDbEntity
  8
DET-COTAS
100
AcDbDimension
280
     0
  2
*D283
 10
16.42698296761802
 20
11.60770450267829
 30
0.0
 11
15.45173411101434
 21
11.79108315665517
 31
0.0
 70
    32
  1
L,anclaje II
 71
     5
 42
195.0497713207369
 73
     0
 74
     0
 75
     0
  3
cotas formato 1.100
100
AcDbAlignedDimension
 13
14.47648525441065
 23
12.01026989809348
 33
0.0
 14
16.42698296761802
 24
12.01026989809348
 34
0.0
 50
0.0
100
AcDbRotatedDimension
  0
DIMENSION
  5
2490
330
1F
100
AcDbEntity
  8
DET-COTAS
100
AcDbDimension
280
     0
  2
*D284
 10
18.37122563643545
 20
11.60770450267829
 30
0.0
 11
17.39910430202673
 21
11.79108315665517
 31
0.0
 70
    32
  1
L,anclaje II
 71
     5
 42
194.4242668817423
 73
     0
 74
     0
 75
     0
  3
cotas formato 1.100
100
AcDbAlignedDimension
 13
16.42698296761802
 23
12.27473048458806
 33
0.0
 14
18.37122563643545
 24
12.01026989809348
 34
0.0
 50
0.0
100
AcDbRotatedDimension
  0
DIMENSION
  5
2491
330
1F
100
AcDbEntity
  8
DET-COTAS
100
AcDbDimension
280
     0
  2
*D285
 10
22.796939173132
 20
11.60770450267829
 30
0.0
 11
21.82169031652831
 21
11.79108315665517
 31
0.0
 70
    32
  1
L,anclaje II
 71
     5
 42
195.0497713207369
 73
     0
 74
     0
 75
     0
  3
cotas formato 1.100
100
AcDbAlignedDimension
 13
20.84644145992463
 23
12.01026989809348
 33
0.0
 14
22.796939173132
 24
12.01026989809348
 34
0.0
 50
0.0
100
AcDbRotatedDimension
  0
DIMENSION
  5
2492
330
1F
100
AcDbEntity
  8
DET-COTAS
100
AcDbDimension
280
     0
  2
*D286
 10
24.74326685674607
 20
11.60770450267829
 30
0.0
 11
23.77010301493903
 21
11.79108315665517
 31
0.0
 70
    32
  1
L,anclaje II
 71
     5
 42
194.6327683614072
 73
     0
 74
     0
 75
     0
  3
cotas formato 1.100
100
AcDbAlignedDimension
 13
22.796939173132
 23
12.27473048458806
 33
0.0
 14
24.74326685674607
 24
12.01026989809348
 34
0.0
 50
0.0
100
AcDbRotatedDimension
  0
MTEXT
  5
2493
330
1F
100
AcDbEntity
  8
DET-TEXTO
100
AcDbMText
 10
5.602510482035832
 20
12.59389707061937
 30
0.0
 40
0.2
 41
5.336129201082258
 46
0.0
 71
     1
 72
     5
  1
Armado superior
  7
CENTURY
 73
     1
 44
1.0
101
Embedded Object
 70
     1
 10
1.0
 20
0.0
 30
0.0
 11
5.602510482035832
 21
12.59389707061937
 31
0.0
 40
5.336129201082258
 41
0.0
 42
2.243507817811012
 43
0.2629503738953093
 71
     2
 72
     1
 44
5.336129201082258
 45
1.0
 73
     0
 74
     0
 46
-0.2629503738953093
  0
MTEXT
  5
2494
330
1F
100
AcDbEntity
  8
DET-TEXTO
100
AcDbMText
 10
12.0253600899012
 20
12.32943648412525
 30
0.0
 40
0.2
 41
5.336129201082258
 46
0.0
 71
     1
 72
     5
  1
Armado superior
  7
CENTURY
 73
     1
 44
1.0
101
Embedded Object
 70
     1
 10
1.0
 20
0.0
 30
0.0
 11
12.0253600899012
 21
12.32943648412525
 31
0.0
 40
5.336129201082258
 41
0.0
 42
2.243507817811012
 43
0.2629503738953093
 71
     2
 72
     1
 44
5.336129201082258
 45
1.0
 73
     0
 74
     0
 46
-0.2629503738953093
  0
MTEXT
  5
2495
330
1F
100
AcDbEntity
  8
DET-TEXTO
100
AcDbMText
 10
18.63172876839218
 20
12.54022475423572
 30
0.0
 40
0.2
 41
5.336129201082258
 46
0.0
 71
     1
 72
     5
  1
Armado superior
  7
CENTURY
 73
     1
 44
1.0
101
Embedded Object
 70
     1
 10
1.0
 20
0.0
 30
0.0
 11
18.63172876839218
 21
12.54022475423572
 31
0.0
 40
5.336129201082258
 41
0.0
 42
2.243507817811012
 43
0.2629503738953093
 71
     2
 72
     1
 44
5.336129201082258
 45
1.0
 73
     0
 74
     0
 46
-0.2629503738953093
  0
MTEXT
  5
2496
330
1F
100
AcDbEntity
  8
DET-TEXTO
100
AcDbMText
 10
25.78659193995947
 20
12.32943648412525
 30
0.0
 40
0.2
 41
5.336129201082258
 46
0.0
 71
     1
 72
     5
  1
Armado superior
  7
CENTURY
 73
     1
 44
1.0
101
Embedded Object
 70
     1
 10
1.0
 20
0.0
 30
0.0
 11
25.78659193995947
 21
12.32943648412525
 31
0.0
 40
5.336129201082258
 41
0.0
 42
2.243507817811012
 43
0.2629503738953093
 71
     2
 72
     1
 44
5.336129201082258
 45
1.0
 73
     0
 74
     0
 46
-0.2629503738953093
  0
DIMENSION
  5
2497
330
1F
100
AcDbEntity
  8
DET-COTAS
100
AcDbDimension
280
     0
  2
*D287
 10
3.684784958485415
 20
7.682830547244392
 30
0.0
 11
2.711621116678834
 21
7.866209201221279
 31
0.0
 70
    32
  1
L,anclaje II
 71
     5
 42
194.6327683613162
 73
     0
 74
     0
 75
     0
  3
cotas formato 1.100
100
AcDbAlignedDimension
 13
1.738457274872253
 23
8.175456876844108
 33
0.0
 14
3.684784958485415
 24
8.175456876844108
 34
0.0
 50
0.0
100
AcDbRotatedDimension
  0
DIMENSION
  5
2498
330
1F
100
AcDbEntity
  8
DET-COTAS
100
AcDbDimension
280
     0
  2
*D288
 10
10.86275106017167
 20
7.682830547244392
 30
0.0
 11
10.4598387653112
 21
7.837861138678791
 31
0.0
 70
    32
  1
40
 71
     5
 42
80.58245897209417
 73
     0
 74
     0
 75
     0
  3
cotas formato 1.100
100
AcDbAlignedDimension
 13
10.05692647045072
 23
8.015456876844027
 33
0.0
 14
10.86275106017167
 24
8.015456876844027
 34
0.0
 50
0.0
100
AcDbRotatedDimension
  0
DIMENSION
  5
2499
330
1F
100
AcDbEntity
  8
DET-COTAS
100
AcDbDimension
280
     0
  2
*D289
 10
16.42698296761802
 20
7.682830547244392
 30
0.0
 11
16.13457645699129
 21
7.837861138678791
 31
0.0
 70
    32
  1
35
 71
     5
 42
58.4813021253467
 73
     0
 74
     0
 75
     0
  3
cotas formato 1.100
100
AcDbAlignedDimension
 13
15.84216994636455
 23
8.225026422176242
 33
0.0
 14
16.42698296761802
 24
8.225026422176469
 34
0.0
 50
0.0
100
AcDbRotatedDimension
  0
DIMENSION
  5
249A
330
1F
100
AcDbEntity
  8
DET-COTAS
100
AcDbDimension
280
     0
  2
*D290
 10
17.00749144219418
 20
7.682830547244392
 30
0.0
 11
16.7172372049061
 21
7.837861138678791
 31
0.0
 70
    32
  1
35
 71
     5
 42
58.05084745761633
 73
     0
 74
     0
 75
     0
  3
cotas formato 1.100
100
AcDbAlignedDimension
 13
16.42698296761802
 23
8.014305410608002
 33
0.0
 14
17.00749144219418
 24
8.014305410608002
 34
0.0
 50
0.0
100
AcDbRotatedDimension
  0
DIMENSION
  5
249B
330
1F
100
AcDbEntity
  8
DET-COTAS
100
AcDbDimension
280
     0
  2
*D291
 10
22.796939173132
 20
7.682830547244392
 30
0.0
 11
22.50354030093383
 21
7.837861138678791
 31
0.0
 70
    32
  1
40
 71
     5
 42
58.67977443963354
 73
     0
 74
     0
 75
     0
  3
cotas formato 1.100
100
AcDbAlignedDimension
 13
22.21014142873566
 23
8.014305410608002
 33
0.0
 14
22.796939173132
 24
8.014305410608002
 34
0.0
 50
0.0
100
AcDbRotatedDimension
  0
DIMENSION
  5
249C
330
1F
100
AcDbEntity
  8
DET-COTAS
100
AcDbDimension
280
     0
  2
*D292
 10
29.16487643007333
 20
7.668567978926247
 30
0.0
 11
28.87354605611592
 21
7.823598570360646
 31
0.0
 70
    32
  1
35
 71
     5
 42
58.26607479148151
 73
     0
 74
     0
 75
     0
  3
cotas formato 1.100
100
AcDbAlignedDimension
 13
28.58221568215851
 23
8.20848082088456
 33
0.0
 14
29.16487643007333
 24
8.20848082088456
 34
0.0
 50
0.0
100
AcDbRotatedDimension
  0
DIMENSION
  5
249D
330
1F
100
AcDbEntity
  8
DET-COTAS
100
AcDbDimension
280
     0
  2
*D293
 10
29.74753717798723
 20
7.668567978926247
 30
0.0
 11
29.45620680403028
 21
7.823598570360646
 31
0.0
 70
    32
  1
35
 71
     5
 42
58.26607479139056
 73
     0
 74
     0
 75
     0
  3
cotas formato 1.100
100
AcDbAlignedDimension
 13
29.16487643007333
 23
8.014305410608002
 33
0.0
 14
29.74753717798723
 24
8.014305410608002
 34
0.0
 50
0.0
100
AcDbRotatedDimension
  0
DIMENSION
  5
249E
330
1F
100
AcDbEntity
  8
DET-COTAS
100
AcDbDimension
280
     0
  2
*D294
 10
2.792856908769699
 20
9.898620718649553
 30
0.0
 11
2.792856908769699
 21
9.538198658682048
 31
0.0
 70
   160
  1
H1
 71
     5
 42
50.0067258541776
 73
     0
 74
     0
 75
     0
  3
cotas formato 1.100
100
AcDbAlignedDimension
 13
2.8463500572255
 23
10.39868797719133
 33
0.0
 14
2.846350057225045
 24
9.898620718649553
 34
0.0
 50
90.0
100
AcDbRotatedDimension
  0
DIMENSION
  5
249F
330
1F
100
AcDbEntity
  8
DET-COTAS
100
AcDbDimension
280
     0
  2
*D295
 10
6.962002060228606
 20
9.89862071864978
 30
0.0
 11
6.962002060228606
 21
9.538198658682276
 31
0.0
 70
   160
  1
H1
 71
     5
 42
50.0067258541776
 73
     0
 74
     0
 75
     0
  3
cotas formato 1.100
100
AcDbAlignedDimension
 13
7.015495208684406
 23
10.39868797719155
 33
0.0
 14
7.015495208683951
 24
9.89862071864978
 34
0.0
 50
90.0
100
AcDbRotatedDimension
  0
DIMENSION
  5
24A0
330
1F
100
AcDbEntity
  8
DET-COTAS
100
AcDbDimension
280
     0
  2
*D296
 10
13.41889487861801
 20
9.704445308373223
 30
0.0
 11
13.41889487861801
 21
9.344023248405719
 31
0.0
 70
   160
  1
H2
 71
     5
 42
69.42426688181058
 73
     0
 74
     0
 75
     0
  3
cotas formato 1.100
100
AcDbAlignedDimension
 13
13.47238802707381
 23
10.39868797719133
 33
0.0
 14
13.47238802707336
 24
9.704445308373223
 34
0.0
 50
90.0
100
AcDbRotatedDimension
  0
DIMENSION
  5
24A1
330
1F
100
AcDbEntity
  8
DET-COTAS
100
AcDbDimension
280
     0
  2
*D297
 10
19.46414331197759
 20
9.704445308373223
 30
0.0
 11
19.46414331197759
 21
9.344023248405719
 31
0.0
 70
   160
  1
H2
 71
     5
 42
69.42426688181058
 73
     0
 74
     0
 75
     0
  3
cotas formato 1.100
100
AcDbAlignedDimension
 13
19.51763646043339
 23
10.39868797719133
 33
0.0
 14
19.51763646043293
 24
9.704445308373223
 34
0.0
 50
90.0
100
AcDbRotatedDimension
  0
DIMENSION
  5
24A2
330
1F
100
AcDbEntity
  8
DET-COTAS
100
AcDbDimension
280
     0
  2
*D298
 10
26.42722295280402
 20
9.89862071864978
 30
0.0
 11
26.42722295280402
 21
9.538198658682276
 31
0.0
 70
   160
  1
H1
 71
     5
 42
50.0067258541776
 73
     0
 74
     0
 75
     0
  3
cotas formato 1.100
100
AcDbAlignedDimension
 13
26.48071610125937
 23
10.39868797719155
 33
0.0
 14
26.48071610125937
 24
9.89862071864978
 34
0.0
 50
90.0
100
AcDbRotatedDimension
  0
DIMENSION
  5
24A3
330
1F
100
AcDbEntity
  8
DET-COTAS
100
AcDbDimension
280
     0
  2
*D299
 10
30.19054564717892
 20
9.89862071864978
 30
0.0
 11
30.19054564717892
 21
9.538198658682276
 31
0.0
 70
   160
  1
H1
 71
     5
 42
50.0067258541776
 73
     0
 74
     0
 75
     0
  3
cotas formato 1.100
100
AcDbAlignedDimension
 13
30.24403879563426
 23
10.39868797719155
 33
0.0
 14
30.24403879563426
 24
9.89862071864978
 34
0.0
 50
90.0
100
AcDbRotatedDimension
  0
MTEXT
  5
24A4
330
1F
100
AcDbEntity
  8
DET-TEXTO
100
AcDbMText
 10
5.602510482035832
 20
8.113704727384728
 30
0.0
 40
0.2
 41
5.336129201082258
 46
0.0
 71
     1
 72
     5
  1
Armado inferior
  7
CENTURY
 73
     1
 44
1.0
101
Embedded Object
 70
     1
 10
1.0
 20
0.0
 30
0.0
 11
5.602510482035832
 21
8.113704727384728
 31
0.0
 40
5.336129201082258
 41
0.0
 42
2.089191026512576
 43
0.2126444595513256
 71
     2
 72
     1
 44
5.336129201082258
 45
1.0
 73
     0
 74
     0
 46
-0.2126444595513256
  0
MTEXT
  5
24A5
330
1F
100
AcDbEntity
  8
DET-TEXTO
100
AcDbMText
 10
12.0253600899012
 20
7.849244140890604
 30
0.0
 40
0.2
 41
5.336129201082258
 46
0.0
 71
     1
 72
     5
  1
Armado inferior
  7
CENTURY
 73
     1
 44
1.0
101
Embedded Object
 70
     1
 10
1.0
 20
0.0
 30
0.0
 11
12.0253600899012
 21
7.849244140890604
 31
0.0
 40
5.336129201082258
 41
0.0
 42
2.089191026512576
 43
0.2126444595513256
 71
     2
 72
     1
 44
5.336129201082258
 45
1.0
 73
     0
 74
     0
 46
-0.2126444595513256
  0
MTEXT
  5
24A6
330
1F
100
AcDbEntity
  8
DET-TEXTO
100
AcDbMText
 10
18.63172876839218
 20
8.060032411001074
 30
0.0
 40
0.2
 41
5.336129201082258
 46
0.0
 71
     1
 72
     5
  1
Armado inferior
  7
CENTURY
 73
     1
 44
1.0
101
Embedded Object
 70
     1
 10
1.0
 20
0.0
 30
0.0
 11
18.63172876839218
 21
8.060032411001074
 31
0.0
 40
5.336129201082258
 41
0.0
 42
2.089191026512576
 43
0.2126444595513256
 71
     2
 72
     1
 44
5.336129201082258
 45
1.0
 73
     0
 74
     0
 46
-0.2126444595513256
  0
MTEXT
  5
24A7
330
1F
100
AcDbEntity
  8
DET-TEXTO
100
AcDbMText
 10
25.78659193995947
 20
7.849244140890604
 30
0.0
 40
0.2
 41
5.336129201082258
 46
0.0
 71
     1
 72
     5
  1
Armado inferior
  7
CENTURY
 73
     1
 44
1.0
101
Embedded Object
 70
     1
 10
1.0
 20
0.0
 30
0.0
 11
25.78659193995947
 21
7.849244140890604
 31
0.0
 40
5.336129201082258
 41
0.0
 42
2.089191026512576
 43
0.2126444595513256
 71
     2
 72
     1
 44
5.336129201082258
 45
1.0
 73
     0
 74
     0
 46
-0.2126444595513256
  0
DIMENSION
  5
24A8
330
1F
100
AcDbEntity
  8
DET-COTAS
100
AcDbDimension
280
     0
  2
*D300
 10
10.05692647045072
 20
6.822830335193529
 30
0.0
 11
6.870855714468071
 21
6.974733802222761
 31
0.0
 70
    32
  1
Luz
 71
     5
 42
637.214151196531
 73
     0
 74
     0
 75
     0
  3
cotas formato 1.100
100
AcDbAlignedDimension
 13
3.684784958485415
 23
6.798880689814367
 33
0.0
 14
10.05692647045072
 24
6.798880689814367
 34
0.0
 50
0.0
100
AcDbRotatedDimension
  0
DIMENSION
  5
24A9
330
1F
100
AcDbEntity
  8
DET-COTAS
100
AcDbDimension
280
     0
  2
*D301
 10
16.72043198564353
 20
6.822830335193529
 30
0.0
 11
13.38867922804713
 21
6.974733802222761
 31
0.0
 70
    32
  1
Luz
 71
     5
 42
666.3505515192809
 73
     0
 74
     0
 75
     0
  3
cotas formato 1.100
100
AcDbAlignedDimension
 13
10.05692647045072
 23
6.822830335193756
 33
0.0
 14
16.72043198564353
 24
6.822830335193529
 34
0.0
 50
0.0
100
AcDbRotatedDimension
  0
DIMENSION
  5
24AA
330
1F
100
AcDbEntity
  8
DET-COTAS
100
AcDbDimension
280
     0
  2
*D302
 10
23.09038819115751
 20
6.822830335193529
 30
0.0
 11
19.75868557938776
 21
6.974733802222761
 31
0.0
 70
    32
  1
Luz
 71
     5
 42
666.3405223539484
 73
     0
 74
     0
 75
     0
  3
cotas formato 1.100
100
AcDbAlignedDimension
 13
16.42698296761802
 23
6.822830335193529
 33
0.0
 14
23.09038819115751
 24
6.822830335193529
 34
0.0
 50
0.0
100
AcDbRotatedDimension
  0
DIMENSION
  5
24AB
330
1F
100
AcDbEntity
  8
DET-COTAS
100
AcDbDimension
280
     0
  2
*D303
 10
29.45825818955638
 20
6.822830335193529
 30
0.0
 11
26.12759868134419
 21
6.974733802222761
 31
0.0
 70
    32
  1
Luz
 71
     5
 42
666.1319016424386
 73
     0
 74
     0
 75
     0
  3
cotas formato 1.100
100
AcDbAlignedDimension
 13
22.796939173132
 23
6.822830335193529
 33
0.0
 14
29.45825818955638
 24
6.822830335193529
 34
0.0
 50
0.0
100
AcDbRotatedDimension
  0
DIMENSION
  5
24AC
102
{ACAD_XDICTIONARY
360
24AD
102
}
102
{ACAD_REACTORS
330
24AE
102
}
330
1F
100
AcDbEntity
  8
DET-COTAS
100
AcDbDimension
280
     0
  2
*D304
 10
30.74760443652833
 20
6.822830335193529
 30
0.0
 11
29.95624043330083
 21
6.97724909793996
 31
0.0
 70
    32
  1
Vol
 71
     5
 42
158.2728006454999
 73
     0
 74
     0
 75
     0
  3
cotas formato 1.100
100
AcDbAlignedDimension
 13
29.16487643007333
 23
6.822830335193529
 33
0.0
 14
30.74760443652833
 24
8.402378484657091
 34
0.0
 50
0.0
100
AcDbRotatedDimension
  0
MTEXT
  5
24AF
102
{ACAD_XDICTIONARY
360
24B0
102
}
330
1F
100
AcDbEntity
  8
DET-TEXTO TÍTULO
100
AcDbMText
 10
8.085712453868673
 20
13.5607284127651
 30
0.0
 40
0.32
 41
16.82297619036171
 46
0.0
 71
     1
 72
     5
  1
\pxqc;ZUNCHOS CON DISTINTOS CANTOS Y ANCLAJE EN LOSA
  7
CENTURY
 73
     1
 44
1.0
101
Embedded Object
 70
     1
 10
1.0
 20
0.0
 30
0.0
 11
8.085712453868673
 21
13.5607284127651
 31
0.0
 40
16.82297619036171
 41
0.0
 42
11.91026512576479
 43
0.3360978925900748
 71
     2
 72
     1
 44
16.82297619036171
 45
12.5
 73
     0
 74
     0
 46
-0.3360978925900748
  0
POLYLINE
  5
24B1
330
1F
100
AcDbEntity
  8
DET-TEXTO LÍNEA
  6
DASHDOT
100
AcDb2dPolyline
 66
     1
 10
0.0
 20
0.0
 30
0.0
  0
VERTEX
  5
24B2
330
24B1
100
AcDbEntity
  8
DET-TEXTO LÍNEA
  6
DASHDOT
100
AcDbVertex
100
AcDb2dVertex
 10
22.32056651361046
 20
20.92682613522617
 30
0.0
  0
VERTEX
  5
24B3
330
24B1
100
AcDbEntity
  8
DET-TEXTO LÍNEA
  6
DASHDOT
100
AcDbVertex
100
AcDb2dVertex
 10
22.32056651361046
 20
14.96792110429406
 30
0.0
  0
SEQEND
  5
24B4
330
24B1
100
AcDbEntity
  8
DET-TEXTO LÍNEA
  6
DASHDOT
  0
POLYLINE
  5
24B5
330
1F
100
AcDbEntity
  8
DET-TEXTO LÍNEA
  6
DASHDOT
100
AcDb2dPolyline
 66
     1
 10
0.0
 20
0.0
 30
0.0
  0
VERTEX
  5
24B6
330
24B5
100
AcDbEntity
  8
DET-TEXTO LÍNEA
  6
DASHDOT
100
AcDbVertex
100
AcDb2dVertex
 10
15.63652851180252
 20
20.92682613522617
 30
0.0
  0
VERTEX
  5
24B7
330
24B5
100
AcDbEntity
  8
DET-TEXTO LÍNEA
  6
DASHDOT
100
AcDbVertex
100
AcDb2dVertex
 10
15.63652851180252
 20
14.96792110429406
 30
0.0
  0
SEQEND
  5
24B8
330
24B5
100
AcDbEntity
  8
DET-TEXTO LÍNEA
  6
DASHDOT
  0
POLYLINE
  5
24B9
330
1F
100
AcDbEntity
  8
DET-TEXTO LÍNEA
  6
DASHDOT
100
AcDb2dPolyline
 66
     1
 10
0.0
 20
0.0
 30
0.0
  0
VERTEX
  5
24BA
330
24B9
100
AcDbEntity
  8
DET-TEXTO LÍNEA
  6
DASHDOT
100
AcDbVertex
100
AcDb2dVertex
 10
8.971005240355061
 20
20.92682613522617
 30
0.0
  0
VERTEX
  5
24BB
330
24B9
100
AcDbEntity
  8
DET-TEXTO LÍNEA
  6
DASHDOT
100
AcDbVertex
100
AcDb2dVertex
 10
8.971005240355061
 20
14.96792110429406
 30
0.0
  0
SEQEND
  5
24BC
330
24B9
100
AcDbEntity
  8
DET-TEXTO LÍNEA
  6
DASHDOT
  0
POLYLINE
  5
24BD
330
1F
100
AcDbEntity
  8
DET-TEXTO LÍNEA
  6
DASHDOT
100
AcDb2dPolyline
 66
     1
 10
0.0
 20
0.0
 30
0.0
  0
VERTEX
  5
24BE
330
24BD
100
AcDbEntity
  8
DET-TEXTO LÍNEA
  6
DASHDOT
100
AcDbVertex
100
AcDb2dVertex
 10
2.309651998500449
 20
20.92682613522617
 30
0.0
  0
VERTEX
  5
24BF
330
24BD
100
AcDbEntity
  8
DET-TEXTO LÍNEA
  6
DASHDOT
100
AcDbVertex
100
AcDb2dVertex
 10
2.309651998500449
 20
14.96792110429406
 30
0.0
  0
SEQEND
  5
24C0
330
24BD
100
AcDbEntity
  8
DET-TEXTO LÍNEA
  6
DASHDOT
  0
POLYLINE
  5
24C1
330
1F
100
AcDbEntity
  8
DET-ARMADURAS
100
AcDb2dPolyline
 66
     1
 10
0.0
 20
0.0
 30
0.0
  0
VERTEX
  5
24C2
330
24C1
100
AcDbEntity
  8
DET-ARMADURAS
100
AcDbVertex
100
AcDb2dVertex
 10
2.143548959987874
 20
20.01872173900607
 30
0.0
  0
VERTEX
  5
24C3
330
24C1
100
AcDbEntity
  8
DET-ARMADURAS
100
AcDbVertex
100
AcDb2dVertex
 10
2.143548959987874
 20
20.27497678339715
 30
0.0
  0
VERTEX
  5
24C4
330
24C1
100
AcDbEntity
  8
DET-ARMADURAS
100
AcDbVertex
100
AcDb2dVertex
 10
10.93302972403564
 20
20.27497678339715
 30
0.0
  0
SEQEND
  5
24C5
330
24C1
100
AcDbEntity
  8
DET-ARMADURAS
  0
POLYLINE
  5
24C6
330
1F
100
AcDbEntity
  8
DET-ARMADURAS
100
AcDb2dPolyline
 66
     1
 10
0.0
 20
0.0
 30
0.0
  0
VERTEX
  5
24C7
330
24C6
100
AcDbEntity
  8
DET-ARMADURAS
100
AcDbVertex
100
AcDb2dVertex
 10
23.92105770357359
 20
20.01872173900607
 30
0.0
  0
VERTEX
  5
24C8
330
24C6
100
AcDbEntity
  8
DET-ARMADURAS
100
AcDbVertex
100
AcDb2dVertex
 10
23.92105770357359
 20
20.27497678339715
 30
0.0
  0
VERTEX
  5
24C9
330
24C6
100
AcDbEntity
  8
DET-ARMADURAS
100
AcDbVertex
100
AcDb2dVertex
 10
13.70589762825586
 20
20.27497678339715
 30
0.0
  0
SEQEND
  5
24CA
330
24C6
100
AcDbEntity
  8
DET-ARMADURAS
  0
POLYLINE
  5
24CB
330
1F
100
AcDbEntity
  8
DET-ARMADURAS
100
AcDb2dPolyline
 66
     1
 10
0.0
 20
0.0
 30
0.0
  0
VERTEX
  5
24CC
330
24CB
100
AcDbEntity
  8
DET-ARMADURAS
100
AcDbVertex
100
AcDb2dVertex
 10
7.040374356808406
 20
20.48494326397882
 30
0.0
  0
VERTEX
  5
24CD
330
24CB
100
AcDbEntity
  8
DET-ARMADURAS
100
AcDbVertex
100
AcDb2dVertex
 10
17.59855299548309
 20
20.48494326397882
 30
0.0
  0
SEQEND
  5
24CE
330
24CB
100
AcDbEntity
  8
DET-ARMADURAS
  0
POLYLINE
  5
24CF
330
1F
100
AcDbEntity
  8
DET-ARMADURAS
100
AcDb2dPolyline
 66
     1
 10
0.0
 20
0.0
 30
0.0
  0
VERTEX
  5
24D0
330
24CF
100
AcDbEntity
  8
DET-ARMADURAS
100
AcDbVertex
100
AcDb2dVertex
 10
2.132550429517159
 20
16.48887594959716
 30
0.0
  0
VERTEX
  5
24D1
330
24CF
100
AcDbEntity
  8
DET-ARMADURAS
100
AcDbVertex
100
AcDb2dVertex
 10
2.132550429517159
 20
16.23679093480028
 30
0.0
  0
VERTEX
  5
24D2
330
24CF
100
AcDbEntity
  8
DET-ARMADURAS
100
AcDbVertex
100
AcDb2dVertex
 10
9.50469194148065
 20
16.23679093480028
 30
0.0
  0
SEQEND
  5
24D3
330
24CF
100
AcDbEntity
  8
DET-ARMADURAS
  0
POLYLINE
  5
24D4
330
1F
100
AcDbEntity
  8
DET-ARMADURAS
100
AcDb2dPolyline
 66
     1
 10
0.0
 20
0.0
 30
0.0
  0
VERTEX
  5
24D5
330
24D4
100
AcDbEntity
  8
DET-ARMADURAS
100
AcDbVertex
100
AcDb2dVertex
 10
8.400935507409322
 20
16.43520069173461
 30
0.0
  0
VERTEX
  5
24D6
330
24D4
100
AcDbEntity
  8
DET-ARMADURAS
100
AcDbVertex
100
AcDb2dVertex
 10
16.23178027468459
 20
16.43520069173461
 30
0.0
  0
SEQEND
  5
24D7
330
24D4
100
AcDbEntity
  8
DET-ARMADURAS
  0
POLYLINE
  5
24D8
330
1F
100
AcDbEntity
  8
DET-ARMADURAS
100
AcDb2dPolyline
 66
     1
 10
0.0
 20
0.0
 30
0.0
  0
VERTEX
  5
24D9
330
24D8
100
AcDbEntity
  8
DET-ARMADURAS
100
AcDbVertex
100
AcDb2dVertex
 10
22.89730354613205
 20
16.23679093480028
 30
0.0
  0
VERTEX
  5
24DA
330
24D8
100
AcDbEntity
  8
DET-ARMADURAS
100
AcDbVertex
100
AcDb2dVertex
 10
15.06228874926348
 20
16.23679093480028
 30
0.0
  0
SEQEND
  5
24DB
330
24D8
100
AcDbEntity
  8
DET-ARMADURAS
  0
POLYLINE
  5
24DC
330
1F
100
AcDbEntity
  8
DET-ARMADURAS
100
AcDb2dPolyline
 66
     1
 10
0.0
 20
0.0
 30
0.0
  0
VERTEX
  5
24DD
330
24DC
100
AcDbEntity
  8
DET-ARMADURAS
100
AcDbVertex
100
AcDb2dVertex
 10
23.86427960209023
 20
16.60052218756446
 30
0.0
  0
VERTEX
  5
24DE
330
24DC
100
AcDbEntity
  8
DET-ARMADURAS
100
AcDbVertex
100
AcDb2dVertex
 10
23.86427960209023
 20
16.43520069173461
 30
0.0
  0
VERTEX
  5
24DF
330
24DC
100
AcDbEntity
  8
DET-ARMADURAS
100
AcDbVertex
100
AcDb2dVertex
 10
21.72781202071003
 20
16.43520069173461
 30
0.0
  0
SEQEND
  5
24E0
330
24DC
100
AcDbEntity
  8
DET-ARMADURAS
  0
MTEXT
  5
24E1
330
1F
100
AcDbEntity
  8
DET-TEXTO
100
AcDbMText
 10
4.466767952223854
 20
16.15858380279552
 30
0.0
 40
0.2
 41
5.336129201082258
 46
0.0
 71
     1
 72
     5
  1
Armado inferior
  7
CENTURY
 73
     1
 44
1.0
101
Embedded Object
 70
     1
 10
1.0
 20
0.0
 30
0.0
 11
4.466767952223854
 21
16.15858380279552
 31
0.0
 40
5.336129201082258
 41
0.0
 42
2.089191026512576
 43
0.2126444595513256
 71
     2
 72
     1
 44
5.336129201082258
 45
1.0
 73
     0
 74
     0
 46
-0.2126444595513256
  0
MTEXT
  5
24E2
330
1F
100
AcDbEntity
  8
DET-TEXTO
100
AcDbMText
 10
11.04183497146489
 20
16.35699355972984
 30
0.0
 40
0.2
 41
5.336129201082258
 46
0.0
 71
     1
 72
     5
  1
Armado inferior
  7
CENTURY
 73
     1
 44
1.0
101
Embedded Object
 70
     1
 10
1.0
 20
0.0
 30
0.0
 11
11.04183497146489
 21
16.35699355972984
 31
0.0
 40
5.336129201082258
 41
0.0
 42
2.089191026512576
 43
0.2126444595513256
 71
     2
 72
     1
 44
5.336129201082258
 45
1.0
 73
     0
 74
     0
 46
-0.2126444595513256
  0
MTEXT
  5
24E3
330
1F
100
AcDbEntity
  8
DET-TEXTO
100
AcDbMText
 10
18.18567571516252
 20
16.15858380279552
 30
0.0
 40
0.2
 41
5.336129201082258
 46
0.0
 71
     1
 72
     5
  1
Armado inferior
  7
CENTURY
 73
     1
 44
1.0
101
Embedded Object
 70
     1
 10
1.0
 20
0.0
 30
0.0
 11
18.18567571516252
 21
16.15858380279552
 31
0.0
 40
5.336129201082258
 41
0.0
 42
2.089191026512576
 43
0.2126444595513256
 71
     2
 72
     1
 44
5.336129201082258
 45
1.0
 73
     0
 74
     0
 46
-0.2126444595513256
  0
MTEXT
  5
24E4
330
1F
100
AcDbEntity
  8
DET-TEXTO
100
AcDbMText
 10
23.91810853513455
 20
16.16948919573597
 30
0.0
 40
0.2
 41
5.336129201082258
 46
0.0
 71
     1
 72
     5
  1
Armado\P inferior
  7
CENTURY
 73
     1
 44
1.0
101
Embedded Object
 70
     1
 10
1.0
 20
0.0
 30
0.0
 11
23.91810853513455
 21
16.16948919573597
 31
0.0
 40
5.336129201082258
 41
0.0
 42
1.093541808293677
 43
0.5510083843190574
 71
     2
 72
     1
 44
5.336129201082258
 45
1.0
 73
     0
 74
     0
 46
-0.5510083843190574
  0
MTEXT
  5
24E5
330
1F
100
AcDbEntity
  8
DET-TEXTO
100
AcDbMText
 10
19.57388626573476
 20
20.59414336942892
 30
0.0
 40
0.2
 41
5.336129201082258
 46
0.0
 71
     1
 72
     5
  1
Armado superior
  7
CENTURY
 73
     1
 44
1.0
101
Embedded Object
 70
     1
 10
1.0
 20
0.0
 30
0.0
 11
19.57388626573476
 21
20.59414336942892
 31
0.0
 40
5.336129201082258
 41
0.0
 42
2.243507817811012
 43
0.2629503738953093
 71
     2
 72
     1
 44
5.336129201082258
 45
1.0
 73
     0
 74
     0
 46
-0.2629503738953093
  0
MTEXT
  5
24E6
330
1F
100
AcDbEntity
  8
DET-TEXTO
100
AcDbMText
 10
11.21638759152649
 20
20.80410985001059
 30
0.0
 40
0.2
 41
5.336129201082258
 46
0.0
 71
     1
 72
     5
  1
Armado superior
  7
CENTURY
 73
     1
 44
1.0
101
Embedded Object
 70
     1
 10
1.0
 20
0.0
 30
0.0
 11
11.21638759152649
 21
20.80410985001059
 31
0.0
 40
5.336129201082258
 41
0.0
 42
2.243507817811012
 43
0.2629503738953093
 71
     2
 72
     1
 44
5.336129201082258
 45
1.0
 73
     0
 74
     0
 46
-0.2629503738953093
  0
MTEXT
  5
24E7
330
1F
100
AcDbEntity
  8
DET-TEXTO
100
AcDbMText
 10
3.235742381796917
 20
20.59414336942915
 30
0.0
 40
0.2
 41
5.336129201082258
 46
0.0
 71
     1
 72
     5
  1
Armado superior
  7
CENTURY
 73
     1
 44
1.0
101
Embedded Object
 70
     1
 10
1.0
 20
0.0
 30
0.0
 11
3.235742381796917
 21
20.59414336942915
 31
0.0
 40
5.336129201082258
 41
0.0
 42
2.243507817811012
 43
0.2629503738953093
 71
     2
 72
     1
 44
5.336129201082258
 45
1.0
 73
     0
 74
     0
 46
-0.2629503738953093
  0
DIMENSION
  5
24E8
330
1F
100
AcDbEntity
  8
DET-COTAS
100
AcDbDimension
280
     0
  2
*D305
 10
8.971005240355061
 20
19.88906748549503
 30
0.0
 11
8.005689798581734
 21
20.07244613947192
 31
0.0
 70
    32
  1
L,anclaje II
 71
     5
 42
193.0630883546655
 73
     0
 74
     0
 75
     0
  3
cotas formato 1.100
100
AcDbAlignedDimension
 13
7.040374356808406
 23
20.27497678339715
 33
0.0
 14
8.971005240355061
 24
20.48494326397882
 34
0.0
 50
0.0
100
AcDbRotatedDimension
  0
DIMENSION
  5
24E9
330
1F
100
AcDbEntity
  8
DET-COTAS
100
AcDbDimension
280
     0
  2
*D306
 10
10.93302972403564
 20
19.88906748549503
 30
0.0
 11
9.952017482195351
 21
20.07244613947192
 31
0.0
 70
    32
  1
L,anclaje II
 71
     5
 42
196.2024483680579
 73
     0
 74
     0
 75
     0
  3
cotas formato 1.100
100
AcDbAlignedDimension
 13
8.971005240355061
 23
20.27497678339715
 33
0.0
 14
10.93302972403564
 24
20.27497678339715
 34
0.0
 50
0.0
100
AcDbRotatedDimension
  0
DIMENSION
  5
24EA
330
1F
100
AcDbEntity
  8
DET-COTAS
100
AcDbDimension
280
     0
  2
*D307
 10
15.63652851180252
 20
19.88906748549503
 30
0.0
 11
14.67121307002919
 21
20.07244613947192
 31
0.0
 70
    32
  1
L,anclaje II
 71
     5
 42
193.0630883546655
 73
     0
 74
     0
 75
     0
  3
cotas formato 1.100
100
AcDbAlignedDimension
 13
13.70589762825586
 23
20.27497678339715
 33
0.0
 14
15.63652851180252
 24
20.27497678339715
 34
0.0
 50
0.0
100
AcDbRotatedDimension
  0
DIMENSION
  5
24EB
330
1F
100
AcDbEntity
  8
DET-COTAS
100
AcDbDimension
280
     0
  2
*D308
 10
17.59855299548309
 20
19.88906748549503
 30
0.0
 11
16.61754075364281
 21
20.07244613947192
 31
0.0
 70
    32
  1
L,anclaje II
 71
     5
 42
196.2024483680579
 73
     0
 74
     0
 75
     0
  3
cotas formato 1.100
100
AcDbAlignedDimension
 13
15.63652851180252
 23
20.48494326397882
 33
0.0
 14
17.59855299548309
 24
20.27497678339715
 34
0.0
 50
0.0
100
AcDbRotatedDimension
  0
DIMENSION
  5
24EC
330
1F
100
AcDbEntity
  8
DET-COTAS
100
AcDbDimension
280
     0
  2
*D309
 10
8.971005240355061
 20
15.86255149975191
 30
0.0
 11
8.685970373882192
 21
16.01758209118631
 31
0.0
 70
    32
  1
35
 71
     5
 42
57.00697329457398
 73
     0
 74
     0
 75
     0
  3
cotas formato 1.100
100
AcDbAlignedDimension
 13
8.400935507409322
 23
16.43520069173461
 33
0.0
 14
8.971005240355061
 24
16.43520069173461
 34
0.0
 50
0.0
100
AcDbRotatedDimension
  0
DIMENSION
  5
24ED
330
1F
100
AcDbEntity
  8
DET-COTAS
100
AcDbDimension
280
     0
  2
*D310
 10
9.50469194148065
 20
15.86255149975191
 30
0.0
 11
9.237848590917856
 21
16.01758209118631
 31
0.0
 70
    32
  1
35
 71
     5
 42
53.3686701125589
 73
     0
 74
     0
 75
     0
  3
cotas formato 1.100
100
AcDbAlignedDimension
 13
8.971005240355061
 23
16.23679093480028
 33
0.0
 14
9.50469194148065
 24
16.23679093480028
 34
0.0
 50
0.0
100
AcDbRotatedDimension
  0
DIMENSION
  5
24EE
330
1F
100
AcDbEntity
  8
DET-COTAS
100
AcDbDimension
280
     0
  2
*D311
 10
15.63652851180252
 20
15.86255149975191
 30
0.0
 11
15.349408630533
 21
16.01758209118631
 31
0.0
 70
    32
  1
35
 71
     5
 42
57.42397625390367
 73
     0
 74
     0
 75
     0
  3
cotas formato 1.100
100
AcDbAlignedDimension
 13
15.06228874926348
 23
16.23679093480028
 33
0.0
 14
15.63652851180252
 24
16.23679093480028
 34
0.0
 50
0.0
100
AcDbRotatedDimension
  0
DIMENSION
  5
24EF
330
1F
100
AcDbEntity
  8
DET-COTAS
100
AcDbDimension
280
     0
  2
*D312
 10
16.23178027468459
 20
15.86255149975191
 30
0.0
 11
15.93415439324355
 21
16.01758209118631
 31
0.0
 70
    32
  1
35
 71
     5
 42
59.52517628820715
 73
     0
 74
     0
 75
     0
  3
cotas formato 1.100
100
AcDbAlignedDimension
 13
15.63652851180252
 23
16.43520069173461
 33
0.0
 14
16.23178027468459
 24
16.43520069173461
 34
0.0
 50
0.0
100
AcDbRotatedDimension
  0
DIMENSION
  5
24F0
330
1F
100
AcDbEntity
  8
DET-COTAS
100
AcDbDimension
280
     0
  2
*D313
 10
22.32056651361046
 20
15.86255149975191
 30
0.0
 11
22.02418926716025
 21
16.01758209118631
 31
0.0
 70
    32
  1
35
 71
     5
 42
59.27544929004397
 73
     0
 74
     0
 75
     0
  3
cotas formato 1.100
100
AcDbAlignedDimension
 13
21.72781202071003
 23
16.43520069173461
 33
0.0
 14
22.32056651361046
 24
16.43520069173461
 34
0.0
 50
0.0
100
AcDbRotatedDimension
  0
DIMENSION
  5
24F1
330
1F
100
AcDbEntity
  8
DET-COTAS
100
AcDbDimension
280
     0
  2
*D314
 10
22.89730354613205
 20
15.86255149975191
 30
0.0
 11
22.60893502987125
 21
16.01758209118631
 31
0.0
 70
    32
  1
35
 71
     5
 42
57.6737032521578
 73
     0
 74
     0
 75
     0
  3
cotas formato 1.100
100
AcDbAlignedDimension
 13
22.32056651361046
 23
16.23679093480028
 33
0.0
 14
22.89730354613205
 24
16.23679093480028
 34
0.0
 50
0.0
100
AcDbRotatedDimension
  0
DIMENSION
  5
24F2
330
1F
100
AcDbEntity
  8
DET-COTAS
100
AcDbDimension
280
     0
  2
*D315
 10
8.971005240355061
 20
15.16809511023653
 30
0.0
 11
5.640328619427755
 21
15.31999857726576
 31
0.0
 70
    32
  1
Luz
 71
     5
 42
666.1353241854612
 73
     0
 74
     0
 75
     0
  3
cotas formato 1.100
100
AcDbAlignedDimension
 13
2.309651998500449
 23
15.16809511023653
 33
0.0
 14
8.971005240355061
 24
15.16809511023653
 34
0.0
 50
0.0
100
AcDbRotatedDimension
  0
DIMENSION
  5
24F3
330
1F
100
AcDbEntity
  8
DET-COTAS
100
AcDbDimension
280
     0
  2
*D316
 10
15.63652851180252
 20
15.16809511023653
 30
0.0
 11
12.30376687607879
 21
15.31999857726576
 31
0.0
 70
    32
  1
Luz
 71
     5
 42
666.5523271447455
 73
     0
 74
     0
 75
     0
  3
cotas formato 1.100
100
AcDbAlignedDimension
 13
8.971005240355061
 23
15.16809511023653
 33
0.0
 14
15.63652851180252
 24
15.16809511023653
 34
0.0
 50
0.0
100
AcDbRotatedDimension
  0
DIMENSION
  5
24F4
330
1F
100
AcDbEntity
  8
DET-COTAS
100
AcDbDimension
280
     0
  2
*D317
 10
22.32056651361046
 20
15.16809511023653
 30
0.0
 11
18.97854751270649
 21
15.31999857726576
 31
0.0
 70
    32
  1
Luz
 71
     5
 42
668.4038001807948
 73
     0
 74
     0
 75
     0
  3
cotas formato 1.100
100
AcDbAlignedDimension
 13
15.63652851180252
 23
15.16809511023653
 33
0.0
 14
22.32056651361046
 24
15.16809511023653
 34
0.0
 50
0.0
100
AcDbRotatedDimension
  0
DIMENSION
  5
24F5
330
1F
100
AcDbEntity
  8
DET-COTAS
100
AcDbDimension
280
     0
  2
*D318
 10
23.86427960209023
 20
15.16809511023653
 30
0.0
 11
23.09242305785035
 21
15.32251387298297
 31
0.0
 70
    32
  1
Vol
 71
     5
 42
154.3713088479762
 73
     0
 74
     0
 75
     0
  3
cotas formato 1.100
100
AcDbAlignedDimension
 13
22.32056651361046
 23
16.43520069173461
 33
0.0
 14
23.86427960209023
 24
16.43520069173461
 34
0.0
 50
0.0
100
AcDbRotatedDimension
  0
MTEXT
  5
24F6
102
{ACAD_XDICTIONARY
360
24F7
102
}
330
1F
100
AcDbEntity
  8
DET-TEXTO TÍTULO
100
AcDbMText
 10
7.045257998052711
 20
22.033613171954
 30
0.0
 40
0.32
 41
16.82297619036171
 46
0.0
 71
     1
 72
     5
  1
\pxqc;ZUNCHOS DE IGUAL CANTO Y EN BORDE DE FORJADO
  7
CENTURY
 73
     1
 44
1.0
101
Embedded Object
 70
     1
 10
1.0
 20
0.0
 30
0.0
 11
7.045257998052711
 21
22.033613171954
 31
0.0
 40
16.82297619036171
 41
0.0
 42
11.56807613868117
 43
0.3360978925900748
 71
     2
 72
     1
 44
16.82297619036171
 45
12.5
 73
     0
 74
     0
 46
-0.3360978925900748
  0
LWPOLYLINE
  5
24F8
102
{ACAD_REACTORS
330
250A
102
}
330
1F
100
AcDbEntity
  8
DET-TEXTO LÍNEA
  6
DASHDOT
100
AcDbPolyline
 90
        2
 70
     0
 43
0.0
 10
26.30479204958812
 20
13.26764193650125
 10
26.30479204958812
 20
15.91969019307599
  0
LWPOLYLINE
  5
24F9
102
{ACAD_REACTORS
330
250A
102
}
330
1F
100
AcDbEntity
  8
DET-TEXTO LÍNEA
  6
DASHDOT
100
AcDbPolyline
 90
        2
 70
     0
 43
0.0
 10
30.4185565889132
 20
13.26764193650125
 10
30.4185565889132
 20
15.91969019307599
  0
POLYLINE
  5
24FA
330
1F
100
AcDbEntity
  8
DET-ARMADURAS
100
AcDb2dPolyline
 66
     1
 10
0.0
 20
0.0
 30
0.0
  0
VERTEX
  5
24FB
330
24FA
100
AcDbEntity
  8
DET-ARMADURAS
100
AcDbVertex
100
AcDb2dVertex
 10
30.66032070172179
 20
15.9410092395227
 30
0.0
  0
VERTEX
  5
24FC
330
24FA
100
AcDbEntity
  8
DET-ARMADURAS
100
AcDbVertex
100
AcDb2dVertex
 10
30.66032070172179
 20
16.19309425431957
 30
0.0
  0
VERTEX
  5
24FD
330
24FA
100
AcDbEntity
  8
DET-ARMADURAS
100
AcDbVertex
100
AcDb2dVertex
 10
26.06097983543698
 20
16.19309425431957
 30
0.0
  0
VERTEX
  5
24FE
330
24FA
100
AcDbEntity
  8
DET-ARMADURAS
100
AcDbVertex
100
AcDb2dVertex
 10
26.06097983543698
 20
15.9410092395227
 30
0.0
  0
SEQEND
  5
24FF
330
24FA
100
AcDbEntity
  8
DET-ARMADURAS
  0
POLYLINE
  5
2500
330
1F
100
AcDbEntity
  8
DET-ARMADURAS
100
AcDb2dPolyline
 66
     1
 10
0.0
 20
0.0
 30
0.0
  0
VERTEX
  5
2501
330
2500
100
AcDbEntity
  8
DET-ARMADURAS
100
AcDbVertex
100
AcDb2dVertex
 10
30.60658112679477
 20
14.68482145367521
 30
0.0
  0
VERTEX
  5
2502
330
2500
100
AcDbEntity
  8
DET-ARMADURAS
100
AcDbVertex
100
AcDb2dVertex
 10
30.60658112679477
 20
14.43273643887902
 30
0.0
  0
VERTEX
  5
2503
330
2500
100
AcDbEntity
  8
DET-ARMADURAS
100
AcDbVertex
100
AcDb2dVertex
 10
26.11882218141484
 20
14.43273643887902
 30
0.0
  0
VERTEX
  5
2504
330
2500
100
AcDbEntity
  8
DET-ARMADURAS
100
AcDbVertex
100
AcDb2dVertex
 10
26.11882218141484
 20
14.68482145367521
 30
0.0
  0
SEQEND
  5
2505
330
2500
100
AcDbEntity
  8
DET-ARMADURAS
  0
MTEXT
  5
2506
330
1F
100
AcDbEntity
  8
DET-TEXTO
100
AcDbMText
 10
27.11972649883894
 20
16.51226084035134
 30
0.0
 40
0.2
 41
5.336129201082258
 46
0.0
 71
     1
 72
     5
  1
Armado superior
  7
CENTURY
 73
     1
 44
1.0
101
Embedded Object
 70
     1
 10
1.0
 20
0.0
 30
0.0
 11
27.11972649883894
 21
16.51226084035134
 31
0.0
 40
5.336129201082258
 41
0.0
 42
2.243507817811012
 43
0.2629503738953093
 71
     2
 72
     1
 44
5.336129201082258
 45
1.0
 73
     0
 74
     0
 46
-0.2629503738953093
  0
MTEXT
  5
2507
330
1F
100
AcDbEntity
  8
DET-TEXTO
100
AcDbMText
 10
27.31853056007669
 20
14.26767516916162
 30
0.0
 40
0.2
 41
5.336129201082258
 46
0.0
 71
     1
 72
     5
  1
Armado inferior
  7
CENTURY
 73
     1
 44
1.0
101
Embedded Object
 70
     1
 10
1.0
 20
0.0
 30
0.0
 11
27.31853056007669
 21
14.26767516916162
 31
0.0
 40
5.336129201082258
 41
0.0
 42
2.089191026512576
 43
0.2126444595513256
 71
     2
 72
     1
 44
5.336129201082258
 45
1.0
 73
     0
 74
     0
 46
-0.2126444595513256
  0
DIMENSION
  5
2508
102
{ACAD_XDICTIONARY
360
2509
102
}
102
{ACAD_REACTORS
330
250A
102
}
330
1F
100
AcDbEntity
  8
DET-COTAS
100
AcDbDimension
280
     0
  2
*D319
 10
30.4185565889132
 20
13.47513295510644
 30
0.0
 11
28.36167431925043
 21
13.47513295510644
 31
0.0
 70
   160
  1
Luz
 71
     5
 42
411.3764539325075
 73
     0
 74
     0
 75
     0
  3
cotas formato 1.100
100
AcDbAlignedDimension
 13
26.30479204958812
 23
13.75658832746113
 33
0.0
 14
30.4185565889132
 24
13.75658832746113
 34
0.0
 50
0.0
100
AcDbRotatedDimension
  0
MTEXT
  5
250B
102
{ACAD_XDICTIONARY
360
250C
102
}
330
1F
100
AcDbEntity
  8
DET-TEXTO TÍTULO
100
AcDbMText
 10
26.02330355491797
 20
17.12760835104619
 30
0.0
 40
0.32
 41
4.434501677339994
 46
0.0
 71
     1
 72
     5
  1
\pxqc;UN SOLO VANO
  7
CENTURY
 73
     1
 44
1.0
101
Embedded Object
 70
     1
 10
1.0
 20
0.0
 30
0.0
 11
26.02330355491797
 21
17.12760835104619
 31
0.0
 40
4.434501677339994
 41
0.0
 42
3.364024473147518
 43
0.3360978925900748
 71
     2
 72
     1
 44
4.434501677339994
 45
12.5
 73
     0
 74
     0
 46
-0.3360978925900748
  0
LWPOLYLINE
  5
250D
330
1F
100
AcDbEntity
  8
DET-TEXTO LÍNEA
  6
DASHDOT
100
AcDbPolyline
 90
        2
 70
     0
 43
0.0
 10
28.71056910811587
 20
17.64319966033018
 10
28.71056910811587
 20
21.02368010427459
  0
LWPOLYLINE
  5
250E
330
1F
100
AcDbEntity
  8
DET-TEXTO LÍNEA
  6
DASHDOT
100
AcDbPolyline
 90
        2
 70
     0
 43
0.0
 10
25.8600286463082
 20
20.06216032454528
 10
25.8600286463082
 20
19.17237949444676
  0
POLYLINE
  5
250F
330
1F
100
AcDbEntity
  8
DET-ARMADURAS
100
AcDb2dPolyline
 66
     1
 10
0.0
 20
0.0
 30
0.0
  0
VERTEX
  5
2510
330
250F
100
AcDbEntity
  8
DET-ARMADURAS
100
AcDbVertex
100
AcDb2dVertex
 10
30.52958743026858
 20
21.23507324551643
 30
0.0
  0
VERTEX
  5
2511
330
250F
100
AcDbEntity
  8
DET-ARMADURAS
100
AcDbVertex
100
AcDb2dVertex
 10
30.52958743026858
 20
21.48715826031376
 30
0.0
  0
VERTEX
  5
2512
330
250F
100
AcDbEntity
  8
DET-ARMADURAS
100
AcDbVertex
100
AcDb2dVertex
 10
26.38067701865141
 20
21.48715826031376
 30
0.0
  0
SEQEND
  5
2513
330
250F
100
AcDbEntity
  8
DET-ARMADURAS
  0
POLYLINE
  5
2514
330
1F
100
AcDbEntity
  8
DET-ARMADURAS
100
AcDb2dPolyline
 66
     1
 10
0.0
 20
0.0
 30
0.0
  0
VERTEX
  5
2515
330
2514
100
AcDbEntity
  8
DET-ARMADURAS
100
AcDbVertex
100
AcDb2dVertex
 10
30.47584785534156
 20
18.92924865579731
 30
0.0
  0
VERTEX
  5
2516
330
2514
100
AcDbEntity
  8
DET-ARMADURAS
100
AcDbVertex
100
AcDb2dVertex
 10
30.47584785534156
 20
18.67716364100066
 30
0.0
  0
VERTEX
  5
2517
330
2514
100
AcDbEntity
  8
DET-ARMADURAS
100
AcDbVertex
100
AcDb2dVertex
 10
28.19643190046902
 20
18.67716364100066
 30
0.0
  0
SEQEND
  5
2518
330
2514
100
AcDbEntity
  8
DET-ARMADURAS
  0
MTEXT
  5
2519
330
1F
100
AcDbEntity
  8
DET-TEXTO
100
AcDbMText
 10
27.21420845471932
 20
21.80632484634553
 30
0.0
 40
0.2
 41
5.336129201082258
 46
0.0
 71
     1
 72
     5
  1
Armado superior
  7
CENTURY
 73
     1
 44
1.0
101
Embedded Object
 70
     1
 10
1.0
 20
0.0
 30
0.0
 11
27.21420845471932
 21
21.80632484634553
 31
0.0
 40
5.336129201082258
 41
0.0
 42
2.243507817811012
 43
0.2629503738953093
 71
     2
 72
     1
 44
5.336129201082258
 45
1.0
 73
     0
 74
     0
 46
-0.2629503738953093
  0
MTEXT
  5
251A
330
1F
100
AcDbEntity
  8
DET-TEXTO
100
AcDbMText
 10
28.78692629725658
 20
18.56167191661562
 30
0.0
 40
0.2
 41
5.336129201082258
 46
0.0
 71
     1
 72
     5
  1
Armado inferior
  7
CENTURY
 73
     1
 44
1.0
101
Embedded Object
 70
     1
 10
1.0
 20
0.0
 30
0.0
 11
28.78692629725658
 21
18.56167191661562
 31
0.0
 40
5.336129201082258
 41
0.0
 42
2.089191026512576
 43
0.2126444595513256
 71
     2
 72
     1
 44
5.336129201082258
 45
1.0
 73
     0
 74
     0
 46
-0.2126444595513256
  0
DIMENSION
  5
251B
330
1F
100
AcDbEntity
  8
DET-COTAS
100
AcDbDimension
280
     0
  2
*D320
 10
28.71056910811587
 20
20.34176588255751
 30
0.0
 11
27.54562306338364
 21
20.49679647399191
 31
0.0
 70
    32
  1
1.50 X vuelo
 71
     5
 42
232.9892089464465
 73
     0
 74
     0
 75
     0
  3
cotas formato 1.100
100
AcDbAlignedDimension
 13
26.38067701865141
 23
19.77636999020625
 33
0.0
 14
28.71056910811587
 24
19.77636999020625
 34
0.0
 50
0.0
100
AcDbRotatedDimension
  0
DIMENSION
  5
251C
330
1F
100
AcDbEntity
  8
DET-COTAS
100
AcDbDimension
280
     0
  2
*D321
 10
30.52958743026858
 20
20.34176588255751
 30
0.0
 11
29.62007826919223
 21
20.49618464530394
 31
0.0
 70
    32
  1
Vuelo
 71
     5
 42
181.9018322152715
 73
     0
 74
     0
 75
     0
  3
cotas formato 1.100
100
AcDbAlignedDimension
 13
28.71056910811587
 23
20.34176588255751
 33
0.0
 14
30.52958743026858
 24
19.77636999020625
 34
0.0
 50
0.0
100
AcDbRotatedDimension
  0
DIMENSION
  5
251D
330
1F
100
AcDbEntity
  8
DET-COTAS
100
AcDbDimension
280
     0
  2
*D322
 10
30.47584785534156
 20
17.91618578707117
 30
0.0
 11
29.59320848172872
 21
18.0706045498176
 31
0.0
 70
    32
  1
Vol
 71
     5
 42
176.5278747225693
 73
     0
 74
     0
 75
     0
  3
cotas formato 1.100
100
AcDbAlignedDimension
 13
28.71056910811587
 23
18.5826587491366
 33
0.0
 14
30.47584785534156
 24
18.29050310717899
 34
0.0
 50
0.0
100
AcDbRotatedDimension
  0
MTEXT
  5
251E
102
{ACAD_XDICTIONARY
360
251F
102
}
330
1F
100
AcDbEntity
  8
DET-TEXTO TÍTULO
100
AcDbMText
 10
25.89257028346476
 20
22.39365337728019
 30
0.0
 40
0.32
 41
4.434501677339994
 46
0.0
 71
     1
 72
     5
  1
\pxqc;SOLO VOLADIZO
  7
CENTURY
 73
     1
 44
1.0
101
Embedded Object
 70
     1
 10
1.0
 20
0.0
 30
0.0
 11
25.89257028346476
 21
22.39365337728019
 31
0.0
 40
4.434501677339994
 41
0.0
 42
3.563072739632902
 43
0.3360978925900748
 71
     2
 72
     1
 44
4.434501677339994
 45
12.5
 73
     0
 74
     0
 46
-0.3360978925900748
  0
MTEXT
  5
2520
102
{ACAD_XDICTIONARY
360
2521
102
}
330
1F
100
AcDbEntity
  8
DET-TEXTO TÍTULO
100
AcDbMText
 10
1.461470418336666
 20
23.62928291759907
 30
0.0
 40
0.35
 41
32.30266343822018
 46
0.0
 71
     1
 72
     5
  1
\pxql;CRITERIO DE ARMADOS PARA VIGAS DE UNO O MÁS VANOS
  7
CENTURY
 73
     1
 44
1.0
101
Embedded Object
 70
     1
 10
1.0
 20
0.0
 30
0.0
 11
1.461470418336666
 21
23.62928291759907
 31
0.0
 40
32.30266343822018
 41
0.0
 42
14.0899388171312
 43
0.4596872875594834
 71
     2
 72
     1
 44
32.30266343822018
 45
12.5
 73
     0
 74
     0
 46
-0.4596872875594834
  0
DIMENSION
  5
2522
330
1F
100
AcDbEntity
  8
DET-COTAS
100
AcDbDimension
280
     0
  2
*D323
 10
28.71056910811587
 20
17.91618578707117
 30
0.0
 11
28.45350050429244
 21
18.07121637850557
 31
0.0
 70
    32
  1
35
 71
     5
 42
51.41372076468542
 73
     0
 74
     0
 75
     0
  3
cotas formato 1.100
100
AcDbAlignedDimension
 13
28.19643190046902
 23
18.33355550987868
 33
0.0
 14
28.71056910811587
 24
18.06942226810393
 34
0.0
 50
0.0
100
AcDbRotatedDimension
  0
HATCH
  5
2523
330
1F
100
AcDbEntity
  8
CV-LÍNEAS
  6
HIDDEN
 62
   253
420
 11053224
440
 33554572
100
AcDbHatch
 10
0.0
 20
0.0
 30
0.0
210
0.0
220
0.0
230
1.0
  2
SOLID
 70
     1
 71
     0
 91
        1
 92
        1
 93
        4
 72
     1
 10
28.56915988733983
 20
3.734507648079997
 11
23.90793866317888
 21
3.73450764807886
 72
     1
 10
23.9079386631791
 20
3.73450764807886
 11
23.9079386631791
 21
3.236372046891219
 72
     1
 10
23.9079386631791
 20
3.236372046891219
 11
28.56915988734006
 21
3.236372046892356
 72
     1
 10
28.56915988733983
 20
3.236372046892356
 11
28.56915988733983
 21
3.734507648079997
 97
        0
 75
     1
 76
     1
 98
        1
 10
27.58672174690066
 20
3.486106514262573
450
        0
451
        0
460
0.0
461
0.0
452
        0
462
1.0
453
        2
463
0.0
 63
     5
421
      255
463
1.0
 63
     2
421
 16776960
470
LINEAR
1001
GradientColor1ACI
1070
     5
1001
GradientColor2ACI
1070
     2
1001
ACAD
1010
0.0
1020
0.0
1030
0.0
  0
LINE
  5
2524
330
1F
100
AcDbEntity
  8
CV-GEOMETRÍA
100
AcDbLine
 10
22.3589618903173
 20
3.73450764807886
 30
0.0
 11
30.11813666020163
 21
3.73450764807886
 31
0.0
  0
LINE
  5
2525
330
1F
100
AcDbEntity
  8
CV-GEOMETRÍA
100
AcDbLine
 10
22.35896189031866
 20
3.236372046891219
 30
0.0
 11
30.11813666020163
 21
3.236372046892697
 31
0.0
  0
LINE
  5
2526
330
1F
100
AcDbEntity
  8
CV-GEOMETRÍA
100
AcDbLine
 10
30.60527903592021
 20
4.672195353814331
 30
0.0
 11
30.60527903592021
 21
1.984447112354118
 31
0.0
  0
LINE
  5
2527
330
1F
100
AcDbEntity
  8
CV-GEOMETRÍA
100
AcDbLine
 10
30.11813666020163
 20
4.672195353814331
 30
0.0
 11
30.11813666020163
 21
3.73450764807886
 31
0.0
  0
LINE
  5
2528
330
1F
100
AcDbEntity
  8
CV-GEOMETRÍA
100
AcDbLine
 10
30.11813666020163
 20
3.236372046891219
 30
0.0
 11
30.11813666020163
 21
1.984447112354118
 31
0.0
  0
LINE
  5
2529
330
1F
100
AcDbEntity
  8
CV-LÍNEAS
  6
HIDDEN
100
AcDbLine
 10
23.9079386631791
 20
3.981760369766661
 30
0.0
 11
23.9079386631791
 21
1.984447112354118
 31
0.0
  0
DIMENSION
  5
252A
330
1F
100
AcDbEntity
  8
CV-TEXTO
100
AcDbDimension
280
     0
  2
*D324
 10
22.35896189031866
 20
2.740299452757298
 30
0.0
 11
23.13345027674888
 21
2.906410941540439
 31
0.0
 70
    32
  1
L/3 >125
 71
     5
 42
154.8976772860442
 73
     0
 74
     0
 75
     0
  3
cotas formato 1.100
100
AcDbAlignedDimension
 13
23.9079386631791
 23
3.236372046891219
 33
0.0
 14
22.35896189031866
 24
3.236372046891219
 34
0.0
 50
0.0
100
AcDbRotatedDimension
1001
ACAD
1000
DSTYLE
1002
{
1070
   340
1005
1635
1002
}
  0
LINE
  5
252B
330
1F
100
AcDbEntity
  8
CV-LÍNEAS
  6
HIDDEN
100
AcDbLine
 10
28.56915988733983
 20
3.981760369766661
 30
0.0
 11
28.56915988733983
 21
1.984447112354118
 31
0.0
  0
DIMENSION
  5
252C
330
1F
100
AcDbEntity
  8
CV-TEXTO
100
AcDbDimension
280
     0
  2
*D325
 10
28.56915988733983
 20
2.740299452757298
 30
0.0
 11
29.34364827377073
 21
2.906410941540439
 31
0.0
 70
    32
  1
L/3 >125
 71
     5
 42
154.8976772861806
 73
     0
 74
     0
 75
     0
  3
cotas formato 1.100
100
AcDbAlignedDimension
 13
30.11813666020163
 23
3.236372046892356
 33
0.0
 14
28.56915988733983
 24
3.184572408865605
 34
0.0
 50
180.0
100
AcDbRotatedDimension
1001
ACAD
1000
DSTYLE
1002
{
1070
   340
1005
1635
1002
}
  0
DIMENSION
  5
252D
330
1F
100
AcDbEntity
  8
CV-TEXTO
100
AcDbDimension
280
     0
  2
*D326
 10
28.56915988733983
 20
2.740299452757298
 30
0.0
 11
26.23854927525947
 21
2.896621682532961
 31
0.0
 70
    32
  1
Variable
 71
     5
 42
466.1221224160726
 73
     0
 74
     0
 75
     0
  3
cotas formato 1.100
100
AcDbAlignedDimension
 13
23.9079386631791
 23
2.940967263006299
 33
0.0
 14
28.56915988733983
 24
2.740299452757298
 34
0.0
 50
0.0
100
AcDbRotatedDimension
  0
LINE
  5
252E
330
1F
100
AcDbEntity
  8
CV-GEOMETRÍA
100
AcDbLine
 10
21.87181951460008
 20
4.672195353814331
 30
0.0
 11
21.87181951460008
 21
1.984447112354118
 31
0.0
  0
LINE
  5
252F
330
1F
100
AcDbEntity
  8
CV-GEOMETRÍA
100
AcDbLine
 10
22.35896189031866
 20
4.672195353814331
 30
0.0
 11
22.35896189031866
 21
3.73450764807886
 31
0.0
  0
LINE
  5
2530
330
1F
100
AcDbEntity
  8
CV-GEOMETRÍA
100
AcDbLine
 10
22.35896189031866
 20
3.236372046891219
 30
0.0
 11
22.35896189031866
 21
1.984447112354118
 31
0.0
  0
MTEXT
  5
2531
330
1F
100
AcDbEntity
  8
DET-TEXTO TÍTULO
100
AcDbMText
 10
22.71834985874631
 20
5.121734706109791
 30
0.0
 40
0.32
 41
14.14596853793819
 46
0.0
 71
     1
 72
     5
  1
ESQUEMA ARMADO DE ESTRIBOS
  7
CENTURY
 73
     1
 44
1.0
101
Embedded Object
 70
     1
 10
1.0
 20
0.0
 30
0.0
 11
22.71834985874631
 21
5.121734706109791
 31
0.0
 40
14.14596853793819
 41
0.0
 42
6.935146159075458
 43
0.3532834806254248
 71
     2
 72
     1
 44
14.14596853793819
 45
0.9
 73
     0
 74
     0
 46
-0.3532834806254248
  0
MTEXT
  5
2532
330
1F
100
AcDbEntity
  8
CV-TEXTO
100
AcDbMText
 10
22.5984949720176
 20
4.108932956652196
 30
0.0
 40
0.2
 41
1.520028790179821
 46
0.0
 71
     1
 72
     5
  1
ZONA A
  7
Estructura
 73
     1
 44
1.0
101
Embedded Object
 70
     1
 10
1.0
 20
0.0
 30
0.0
 11
22.5984949720176
 21
4.108932956652196
 31
0.0
 40
1.520028790179821
 41
0.0
 42
1.056424201223657
 43
0.2100611828687968
 71
     2
 72
     1
 44
1.520028790179821
 45
0.9
 73
     0
 74
     0
 46
0.0735015697429284
  0
MTEXT
  5
2533
330
1F
100
AcDbEntity
  8
CV-TEXTO
100
AcDbMText
 10
25.74404777866796
 20
4.108932956652196
 30
0.0
 40
0.2
 41
1.652071305086792
 46
0.0
 71
     1
 72
     5
  1
ZONA B
  7
Estructura
 73
     1
 44
1.0
101
Embedded Object
 70
     1
 10
1.0
 20
0.0
 30
0.0
 11
25.74404777866796
 21
4.108932956652196
 31
0.0
 40
1.652071305086792
 41
0.0
 42
1.001767505098572
 43
0.2100611828687968
 71
     2
 72
     1
 44
1.652071305086792
 45
0.9
 73
     0
 74
     0
 46
0.0735015697429284
  0
MTEXT
  5
2534
330
1F
100
AcDbEntity
  8
CV-TEXTO
100
AcDbMText
 10
28.85051881300144
 20
4.108932956651628
 30
0.0
 40
0.2
 41
2.558977892168513
 46
0.0
 71
     1
 72
     5
  1
ZONA A
  7
Estructura
 73
     1
 44
1.0
101
Embedded Object
 70
     1
 10
1.0
 20
0.0
 30
0.0
 11
28.85051881300144
 21
4.108932956651628
 31
0.0
 40
2.558977892168513
 41
0.0
 42
1.056424201223657
 43
0.2100611828687968
 71
     2
 72
     1
 44
2.558977892168513
 45
0.9
 73
     0
 74
     0
 46
0.0735015697429284
  0
MTEXT
  5
2535
330
1F
100
AcDbEntity
  8
DET-TEXTO
100
AcDbMText
 10
28.61857499553464
 20
8.341013237124897
 30
0.0
 40
0.2
 41
5.336129201082258
 46
0.0
 71
     1
 72
     5
  1
Armado inferior
  7
CENTURY
 73
     1
 44
1.0
101
Embedded Object
 70
     1
 10
1.0
 20
0.0
 30
0.0
 11
28.61857499553464
 21
8.341013237124897
 31
0.0
 40
5.336129201082258
 41
0.0
 42
2.089191026512576
 43
0.2126444595513256
 71
     2
 72
     1
 44
5.336129201082258
 45
1.0
 73
     0
 74
     0
 46
-0.2126444595513256
  0
HATCH
  5
2536
330
1F
100
AcDbEntity
  8
DET-TRAMAS
100
AcDbHatch
 10
0.0
 20
0.0
 30
0.0
210
0.0
220
0.0
230
1.0
  2
ANSI31
 70
     0
 71
     0
 91
        1
 92
        1
 93
        4
 72
     1
 10
1.416154342400041
 20
9.89862071864978
 11
3.436869973283428
 21
9.89862071864978
 72
     1
 10
3.436869973283428
 20
9.89862071864978
 11
3.436869973283428
 21
10.39868797719133
 72
     1
 10
3.436869973283428
 20
10.39868797719133
 11
1.416154342400041
 21
10.39868797719133
 72
     1
 10
1.416154342400041
 20
10.39868797719133
 11
1.416154342400041
 21
9.89862071864978
 97
        0
 75
     1
 76
     1
 52
0.0
 41
0.5
 77
     0
 78
     1
 53
45.0
 43
-2021.021527923243
 44
1114.776121392885
 45
-0.0441941738241592
 46
0.0441941738241592
 79
     0
 98
        1
 10
-2021.021527923243
 20
1114.776121392885
1001
GradientColor1ACI
1070
     5
1001
GradientColor2ACI
1070
     2
1001
ACAD
1010
0.0
1020
0.0
1030
0.0
  0
HATCH
  5
2537
330
1F
100
AcDbEntity
  8
DET-TRAMAS
100
AcDbHatch
 10
0.0
 20
0.0
 30
0.0
210
0.0
220
0.0
230
1.0
  2
ANSI31
 70
     0
 71
     0
 91
        2
 92
        1
 93
        4
 72
     1
 10
26.61882218141484
 20
15.56496673212506
 11
25.99076191776141
 21
15.56496673212506
 72
     1
 10
25.99076191776141
 20
15.56496673212506
 11
25.99076191776141
 21
15.06496673212551
 72
     1
 10
25.99076191776141
 20
15.06496673212551
 11
26.61882218141484
 21
15.06496673212551
 72
     1
 10
26.61882218141484
 20
15.06496673212551
 11
26.61882218141484
 21
15.56496673212506
 97
        0
 92
        1
 93
        4
 72
     1
 10
30.73053861939736
 20
15.56496673212506
 11
30.10241109720193
 21
15.56496673212506
 72
     1
 10
30.10241109720193
 20
15.56496673212506
 11
30.10241109720193
 21
15.06496673212551
 72
     1
 10
30.10241109720193
 20
15.06496673212551
 11
30.73053861939736
 21
15.06496673212551
 72
     1
 10
30.73053861939736
 20
15.06496673212551
 11
30.73053861939736
 21
15.56496673212506
 97
        0
 75
     1
 76
     1
 52
0.0
 41
0.5
 77
     0
 78
     1
 53
45.0
 43
-2022.224630867088
 44
1114.706726217235
 45
-0.0441941738241592
 46
0.0441941738241592
 79
     0
 98
        1
 10
-2022.224630867088
 20
1114.706726217235
1001
GradientColor1ACI
1070
     5
1001
GradientColor2ACI
1070
     2
1001
ACAD
1010
0.0
1020
0.0
1030
0.0
  0
HATCH
  5
2538
330
1F
100
AcDbEntity
  8
DET-TRAMAS
100
AcDbHatch
 10
0.0
 20
0.0
 30
0.0
210
0.0
220
0.0
230
1.0
  2
ANSI31
 70
     0
 71
     0
 91
        1
 92
        1
 93
        4
 72
     1
 10
29.03369020132215
 20
19.86730353876656
 11
28.40549542058563
 21
19.86730353876656
 72
     1
 10
28.40549542058563
 20
19.86730353876656
 11
28.40549542058563
 21
19.36723628022547
 72
     1
 10
28.40549542058563
 20
19.36723628022547
 11
29.03369020132215
 21
19.36723628022547
 72
     1
 10
29.03369020132215
 20
19.36723628022547
 11
29.03369020132215
 21
19.86730353876656
 97
        0
 75
     1
 76
     1
 52
0.0
 41
0.5
 77
     0
 78
     1
 53
45.0
 43
-2022.355364138542
 44
1114.091521996171
 45
-0.0441941738241592
 46
0.0441941738241592
 79
     0
 98
        1
 10
-2022.355364138542
 20
1114.091521996171
1001
GradientColor1ACI
1070
     5
1001
GradientColor2ACI
1070
     2
1001
ACAD
1010
0.0
1020
0.0
1030
0.0
  0
POLYLINE
  5
2539
330
1F
100
AcDbEntity
  8
DET-BORDE ESTRUCTURA
100
AcDb2dPolyline
 66
     1
 10
0.0
 20
0.0
 30
0.0
  0
VERTEX
  5
253A
330
2539
100
AcDbEntity
  8
DET-BORDE ESTRUCTURA
100
AcDbVertex
100
AcDb2dVertex
 10
15.38444349700541
 20
18.13747988825626
 30
0.0
  0
VERTEX
  5
253B
330
2539
100
AcDbEntity
  8
DET-BORDE ESTRUCTURA
100
AcDbVertex
100
AcDb2dVertex
 10
9.2230902551508
 20
18.13747988825626
 30
0.0
  0
SEQEND
  5
253C
330
2539
100
AcDbEntity
  8
DET-BORDE ESTRUCTURA
  0
POLYLINE
  5
253D
330
1F
100
AcDbEntity
  8
DET-BORDE ESTRUCTURA
100
AcDb2dPolyline
 66
     1
 10
0.0
 20
0.0
 30
0.0
  0
VERTEX
  5
253E
330
253D
100
AcDbEntity
  8
DET-BORDE ESTRUCTURA
100
AcDbVertex
100
AcDb2dVertex
 10
9.2230902551508
 20
18.63747988825558
 30
0.0
  0
VERTEX
  5
253F
330
253D
100
AcDbEntity
  8
DET-BORDE ESTRUCTURA
100
AcDbVertex
100
AcDb2dVertex
 10
15.38444349700541
 20
18.63747988825558
 30
0.0
  0
SEQEND
  5
2540
330
253D
100
AcDbEntity
  8
DET-BORDE ESTRUCTURA
  0
POLYLINE
  5
2541
330
1F
100
AcDbEntity
  8
DET-BORDE ESTRUCTURA
100
AcDb2dPolyline
 66
     1
 10
0.0
 20
0.0
 30
0.0
  0
VERTEX
  5
2542
330
2541
100
AcDbEntity
  8
DET-BORDE ESTRUCTURA
100
AcDbVertex
100
AcDb2dVertex
 10
10.30484145565362
 20
8.944087492931075
 30
0.0
  0
VERTEX
  5
2543
330
2541
100
AcDbEntity
  8
DET-BORDE ESTRUCTURA
100
AcDbVertex
100
AcDb2dVertex
 10
10.30484145565362
 20
9.704445308373223
 30
0.0
  0
SEQEND
  5
2544
330
2541
100
AcDbEntity
  8
DET-BORDE ESTRUCTURA
  0
POLYLINE
  5
2545
330
1F
100
AcDbEntity
  8
DET-BORDE ESTRUCTURA
100
AcDb2dPolyline
 66
     1
 10
0.0
 20
0.0
 30
0.0
  0
VERTEX
  5
2546
330
2545
100
AcDbEntity
  8
DET-BORDE ESTRUCTURA
100
AcDbVertex
100
AcDb2dVertex
 10
16.17691570907647
 20
11.07638504471775
 30
0.0
  0
VERTEX
  5
2547
330
2545
100
AcDbEntity
  8
DET-BORDE ESTRUCTURA
100
AcDbVertex
100
AcDb2dVertex
 10
16.17691570907647
 20
10.39868797719133
 30
0.0
  0
SEQEND
  5
2548
330
2545
100
AcDbEntity
  8
DET-BORDE ESTRUCTURA
  0
POLYLINE
  5
2549
330
1F
100
AcDbEntity
  8
DET-BORDE ESTRUCTURA
100
AcDb2dPolyline
 66
     1
 10
0.0
 20
0.0
 30
0.0
  0
VERTEX
  5
254A
330
2549
100
AcDbEntity
  8
DET-BORDE ESTRUCTURA
100
AcDbVertex
100
AcDb2dVertex
 10
16.67691570907556
 20
10.39868797719133
 30
0.0
  0
VERTEX
  5
254B
330
2549
100
AcDbEntity
  8
DET-BORDE ESTRUCTURA
100
AcDbVertex
100
AcDb2dVertex
 10
16.67691570907556
 20
11.07638504471775
 30
0.0
  0
SEQEND
  5
254C
330
2549
100
AcDbEntity
  8
DET-BORDE ESTRUCTURA
  0
POLYLINE
  5
254D
330
1F
100
AcDbEntity
  8
DET-BORDE ESTRUCTURA
100
AcDb2dPolyline
 66
     1
 10
0.0
 20
0.0
 30
0.0
  0
VERTEX
  5
254E
330
254D
100
AcDbEntity
  8
DET-BORDE ESTRUCTURA
100
AcDbVertex
100
AcDb2dVertex
 10
16.67691570907556
 20
8.944087492931075
 30
0.0
  0
VERTEX
  5
254F
330
254D
100
AcDbEntity
  8
DET-BORDE ESTRUCTURA
100
AcDbVertex
100
AcDb2dVertex
 10
16.67691570907556
 20
9.704445308373223
 30
0.0
  0
SEQEND
  5
2550
330
254D
100
AcDbEntity
  8
DET-BORDE ESTRUCTURA
  0
POLYLINE
  5
2551
330
1F
100
AcDbEntity
  8
DET-BORDE ESTRUCTURA
100
AcDb2dPolyline
 66
     1
 10
0.0
 20
0.0
 30
0.0
  0
VERTEX
  5
2552
330
2551
100
AcDbEntity
  8
DET-BORDE ESTRUCTURA
100
AcDbVertex
100
AcDb2dVertex
 10
16.17691570907647
 20
9.704445308373223
 30
0.0
  0
VERTEX
  5
2553
330
2551
100
AcDbEntity
  8
DET-BORDE ESTRUCTURA
100
AcDbVertex
100
AcDb2dVertex
 10
16.17691570907647
 20
8.944087492931075
 30
0.0
  0
SEQEND
  5
2554
330
2551
100
AcDbEntity
  8
DET-BORDE ESTRUCTURA
  0
POLYLINE
  5
2555
330
1F
100
AcDbEntity
  8
DET-TEXTO LÍNEA
  6
DASHDOT
100
AcDb2dPolyline
 66
     1
 10
0.0
 20
0.0
 30
0.0
  0
VERTEX
  5
2556
330
2555
100
AcDbEntity
  8
DET-TEXTO LÍNEA
  6
DASHDOT
100
AcDbVertex
100
AcDb2dVertex
 10
15.84216994636455
 20
8.944087492931075
 30
0.0
  0
VERTEX
  5
2557
330
2555
100
AcDbEntity
  8
DET-TEXTO LÍNEA
  6
DASHDOT
100
AcDbVertex
100
AcDb2dVertex
 10
17.00749144219418
 20
8.944087492931075
 30
0.0
  0
SEQEND
  5
2558
330
2555
100
AcDbEntity
  8
DET-TEXTO LÍNEA
  6
DASHDOT
  0
POLYLINE
  5
2559
330
1F
100
AcDbEntity
  8
DET-TEXTO LÍNEA
  6
DASHDOT
100
AcDb2dPolyline
 66
     1
 10
0.0
 20
0.0
 30
0.0
  0
VERTEX
  5
255A
330
2559
100
AcDbEntity
  8
DET-TEXTO LÍNEA
  6
DASHDOT
100
AcDbVertex
100
AcDb2dVertex
 10
15.84216994636455
 20
11.07638504471775
 30
0.0
  0
VERTEX
  5
255B
330
2559
100
AcDbEntity
  8
DET-TEXTO LÍNEA
  6
DASHDOT
100
AcDbVertex
100
AcDb2dVertex
 10
17.00749144219418
 20
11.07638504471775
 30
0.0
  0
SEQEND
  5
255C
330
2559
100
AcDbEntity
  8
DET-TEXTO LÍNEA
  6
DASHDOT
  0
POLYLINE
  5
255D
330
1F
100
AcDbEntity
  8
DET-BORDE ESTRUCTURA
100
AcDb2dPolyline
 66
     1
 10
0.0
 20
0.0
 30
0.0
  0
VERTEX
  5
255E
330
255D
100
AcDbEntity
  8
DET-BORDE ESTRUCTURA
100
AcDbVertex
100
AcDb2dVertex
 10
29.41696144487043
 20
10.39868797719133
 30
0.0
  0
VERTEX
  5
255F
330
255D
100
AcDbEntity
  8
DET-BORDE ESTRUCTURA
100
AcDbVertex
100
AcDb2dVertex
 10
30.8426407561413
 20
10.39868797719133
 30
0.0
  0
SEQEND
  5
2560
330
255D
100
AcDbEntity
  8
DET-BORDE ESTRUCTURA
  0
POLYLINE
  5
2561
330
1F
100
AcDbEntity
  8
DET-BORDE ESTRUCTURA
100
AcDb2dPolyline
 66
     1
 10
0.0
 20
0.0
 30
0.0
  0
VERTEX
  5
2562
330
2561
100
AcDbEntity
  8
DET-BORDE ESTRUCTURA
100
AcDbVertex
100
AcDb2dVertex
 10
30.8426407561413
 20
9.89862071864978
 30
0.0
  0
VERTEX
  5
2563
330
2561
100
AcDbEntity
  8
DET-BORDE ESTRUCTURA
100
AcDbVertex
100
AcDb2dVertex
 10
29.41696144487043
 20
9.89862071864978
 30
0.0
  0
SEQEND
  5
2564
330
2561
100
AcDbEntity
  8
DET-BORDE ESTRUCTURA
  0
POLYLINE
  5
2565
330
1F
100
AcDbEntity
  8
DET-BORDE ESTRUCTURA
100
AcDb2dPolyline
 66
     1
 10
0.0
 20
0.0
 30
0.0
  0
VERTEX
  5
2566
330
2565
100
AcDbEntity
  8
DET-BORDE ESTRUCTURA
100
AcDbVertex
100
AcDb2dVertex
 10
26.12761519789985
 20
9.89862071864978
 30
0.0
  0
VERTEX
  5
2567
330
2565
100
AcDbEntity
  8
DET-BORDE ESTRUCTURA
100
AcDbVertex
100
AcDb2dVertex
 10
23.04481993290512
 20
9.89862071864978
 30
0.0
  0
SEQEND
  5
2568
330
2565
100
AcDbEntity
  8
DET-BORDE ESTRUCTURA
  0
POLYLINE
  5
2569
330
1F
100
AcDbEntity
  8
DET-BORDE ESTRUCTURA
100
AcDb2dPolyline
 66
     1
 10
0.0
 20
0.0
 30
0.0
  0
VERTEX
  5
256A
330
2569
100
AcDbEntity
  8
DET-BORDE ESTRUCTURA
100
AcDbVertex
100
AcDb2dVertex
 10
23.04481993290512
 20
10.39868797719133
 30
0.0
  0
VERTEX
  5
256B
330
2569
100
AcDbEntity
  8
DET-BORDE ESTRUCTURA
100
AcDbVertex
100
AcDb2dVertex
 10
26.12761519789985
 20
10.39868797719133
 30
0.0
  0
SEQEND
  5
256C
330
2569
100
AcDbEntity
  8
DET-BORDE ESTRUCTURA
  0
POLYLINE
  5
256D
330
1F
100
AcDbEntity
  8
DET-BORDE ESTRUCTURA
100
AcDb2dPolyline
 66
     1
 10
0.0
 20
0.0
 30
0.0
  0
VERTEX
  5
256E
330
256D
100
AcDbEntity
  8
DET-BORDE ESTRUCTURA
100
AcDbVertex
100
AcDb2dVertex
 10
29.21034320435349
 20
9.89862071864978
 30
0.0
  0
VERTEX
  5
256F
330
256D
100
AcDbEntity
  8
DET-BORDE ESTRUCTURA
100
AcDbVertex
100
AcDb2dVertex
 10
23.04481993290512
 20
9.89862071864978
 30
0.0
  0
SEQEND
  5
2570
330
256D
100
AcDbEntity
  8
DET-BORDE ESTRUCTURA
  0
POLYLINE
  5
2571
330
1F
100
AcDbEntity
  8
DET-BORDE ESTRUCTURA
100
AcDb2dPolyline
 66
     1
 10
0.0
 20
0.0
 30
0.0
  0
VERTEX
  5
2572
330
2571
100
AcDbEntity
  8
DET-BORDE ESTRUCTURA
100
AcDbVertex
100
AcDb2dVertex
 10
23.04481993290512
 20
10.39868797719133
 30
0.0
  0
VERTEX
  5
2573
330
2571
100
AcDbEntity
  8
DET-BORDE ESTRUCTURA
100
AcDbVertex
100
AcDb2dVertex
 10
29.21034320435349
 20
10.39868797719133
 30
0.0
  0
SEQEND
  5
2574
330
2571
100
AcDbEntity
  8
DET-BORDE ESTRUCTURA
  0
POLYLINE
  5
2575
330
1F
100
AcDbEntity
  8
DET-BORDE ESTRUCTURA
100
AcDb2dPolyline
 66
     1
 10
0.0
 20
0.0
 30
0.0
  0
VERTEX
  5
2576
330
2575
100
AcDbEntity
  8
DET-BORDE ESTRUCTURA
100
AcDbVertex
100
AcDb2dVertex
 10
22.54481993290512
 20
11.07638504471775
 30
0.0
  0
VERTEX
  5
2577
330
2575
100
AcDbEntity
  8
DET-BORDE ESTRUCTURA
100
AcDbVertex
100
AcDb2dVertex
 10
22.54481993290512
 20
10.39868797719133
 30
0.0
  0
SEQEND
  5
2578
330
2575
100
AcDbEntity
  8
DET-BORDE ESTRUCTURA
  0
POLYLINE
  5
2579
330
1F
100
AcDbEntity
  8
DET-BORDE ESTRUCTURA
100
AcDb2dPolyline
 66
     1
 10
0.0
 20
0.0
 30
0.0
  0
VERTEX
  5
257A
330
2579
100
AcDbEntity
  8
DET-BORDE ESTRUCTURA
100
AcDbVertex
100
AcDb2dVertex
 10
23.04481993290512
 20
10.39868797719133
 30
0.0
  0
VERTEX
  5
257B
330
2579
100
AcDbEntity
  8
DET-BORDE ESTRUCTURA
100
AcDbVertex
100
AcDb2dVertex
 10
23.04481993290512
 20
11.07638504471775
 30
0.0
  0
SEQEND
  5
257C
330
2579
100
AcDbEntity
  8
DET-BORDE ESTRUCTURA
  0
POLYLINE
  5
257D
330
1F
100
AcDbEntity
  8
DET-TEXTO LÍNEA
  6
DASHDOT
100
AcDb2dPolyline
 66
     1
 10
0.0
 20
0.0
 30
0.0
  0
VERTEX
  5
257E
330
257D
100
AcDbEntity
  8
DET-TEXTO LÍNEA
  6
DASHDOT
100
AcDbVertex
100
AcDb2dVertex
 10
22.21014142873566
 20
8.944087492931075
 30
0.0
  0
VERTEX
  5
257F
330
257D
100
AcDbEntity
  8
DET-TEXTO LÍNEA
  6
DASHDOT
100
AcDbVertex
100
AcDb2dVertex
 10
23.37956569561704
 20
8.944087492931075
 30
0.0
  0
SEQEND
  5
2580
330
257D
100
AcDbEntity
  8
DET-TEXTO LÍNEA
  6
DASHDOT
  0
POLYLINE
  5
2581
330
1F
100
AcDbEntity
  8
DET-BORDE ESTRUCTURA
100
AcDb2dPolyline
 66
     1
 10
0.0
 20
0.0
 30
0.0
  0
VERTEX
  5
2582
330
2581
100
AcDbEntity
  8
DET-BORDE ESTRUCTURA
100
AcDbVertex
100
AcDb2dVertex
 10
22.54481993290512
 20
9.704445308373223
 30
0.0
  0
VERTEX
  5
2583
330
2581
100
AcDbEntity
  8
DET-BORDE ESTRUCTURA
100
AcDbVertex
100
AcDb2dVertex
 10
22.54481993290512
 20
8.944087492931075
 30
0.0
  0
SEQEND
  5
2584
330
2581
100
AcDbEntity
  8
DET-BORDE ESTRUCTURA
  0
POLYLINE
  5
2585
330
1F
100
AcDbEntity
  8
DET-BORDE ESTRUCTURA
100
AcDb2dPolyline
 66
     1
 10
0.0
 20
0.0
 30
0.0
  0
VERTEX
  5
2586
330
2585
100
AcDbEntity
  8
DET-BORDE ESTRUCTURA
100
AcDbVertex
100
AcDb2dVertex
 10
23.04481993290512
 20
8.944087492931075
 30
0.0
  0
VERTEX
  5
2587
330
2585
100
AcDbEntity
  8
DET-BORDE ESTRUCTURA
100
AcDbVertex
100
AcDb2dVertex
 10
23.04481993290512
 20
9.89862071864978
 30
0.0
  0
SEQEND
  5
2588
330
2585
100
AcDbEntity
  8
DET-BORDE ESTRUCTURA
  0
POLYLINE
  5
2589
330
1F
100
AcDbEntity
  8
DET-TEXTO LÍNEA
  6
DASHDOT
100
AcDb2dPolyline
 66
     1
 10
0.0
 20
0.0
 30
0.0
  0
VERTEX
  5
258A
330
2589
100
AcDbEntity
  8
DET-TEXTO LÍNEA
  6
DASHDOT
100
AcDbVertex
100
AcDb2dVertex
 10
22.21014142873566
 20
11.07638504471775
 30
0.0
  0
VERTEX
  5
258B
330
2589
100
AcDbEntity
  8
DET-TEXTO LÍNEA
  6
DASHDOT
100
AcDbVertex
100
AcDb2dVertex
 10
23.37956569561704
 20
11.07638504471775
 30
0.0
  0
SEQEND
  5
258C
330
2589
100
AcDbEntity
  8
DET-TEXTO LÍNEA
  6
DASHDOT
  0
POLYLINE
  5
258D
330
1F
100
AcDbEntity
  8
DET-BORDE ESTRUCTURA
100
AcDb2dPolyline
 66
     1
 10
0.0
 20
0.0
 30
0.0
  0
VERTEX
  5
258E
330
258D
100
AcDbEntity
  8
DET-BORDE ESTRUCTURA
100
AcDbVertex
100
AcDb2dVertex
 10
28.91696144487043
 20
11.07638504471775
 30
0.0
  0
VERTEX
  5
258F
330
258D
100
AcDbEntity
  8
DET-BORDE ESTRUCTURA
100
AcDbVertex
100
AcDb2dVertex
 10
28.91696144487043
 20
10.39868797719133
 30
0.0
  0
SEQEND
  5
2590
330
258D
100
AcDbEntity
  8
DET-BORDE ESTRUCTURA
  0
POLYLINE
  5
2591
330
1F
100
AcDbEntity
  8
DET-BORDE ESTRUCTURA
100
AcDb2dPolyline
 66
     1
 10
0.0
 20
0.0
 30
0.0
  0
VERTEX
  5
2592
330
2591
100
AcDbEntity
  8
DET-BORDE ESTRUCTURA
100
AcDbVertex
100
AcDb2dVertex
 10
29.41696144487043
 20
10.39868797719133
 30
0.0
  0
VERTEX
  5
2593
330
2591
100
AcDbEntity
  8
DET-BORDE ESTRUCTURA
100
AcDbVertex
100
AcDb2dVertex
 10
29.41696144487043
 20
11.07638504471775
 30
0.0
  0
SEQEND
  5
2594
330
2591
100
AcDbEntity
  8
DET-BORDE ESTRUCTURA
  0
POLYLINE
  5
2595
330
1F
100
AcDbEntity
  8
DET-BORDE ESTRUCTURA
100
AcDb2dPolyline
 66
     1
 10
0.0
 20
0.0
 30
0.0
  0
VERTEX
  5
2596
330
2595
100
AcDbEntity
  8
DET-BORDE ESTRUCTURA
100
AcDbVertex
100
AcDb2dVertex
 10
28.91696144487043
 20
9.89862071864978
 30
0.0
  0
VERTEX
  5
2597
330
2595
100
AcDbEntity
  8
DET-BORDE ESTRUCTURA
100
AcDbVertex
100
AcDb2dVertex
 10
28.91696144487043
 20
8.944087492931075
 30
0.0
  0
SEQEND
  5
2598
330
2595
100
AcDbEntity
  8
DET-BORDE ESTRUCTURA
  0
POLYLINE
  5
2599
330
1F
100
AcDbEntity
  8
DET-BORDE ESTRUCTURA
100
AcDb2dPolyline
 66
     1
 10
0.0
 20
0.0
 30
0.0
  0
VERTEX
  5
259A
330
2599
100
AcDbEntity
  8
DET-BORDE ESTRUCTURA
100
AcDbVertex
100
AcDb2dVertex
 10
29.41696144487043
 20
8.944087492931075
 30
0.0
  0
VERTEX
  5
259B
330
2599
100
AcDbEntity
  8
DET-BORDE ESTRUCTURA
100
AcDbVertex
100
AcDb2dVertex
 10
29.41696144487043
 20
9.89862071864978
 30
0.0
  0
SEQEND
  5
259C
330
2599
100
AcDbEntity
  8
DET-BORDE ESTRUCTURA
  0
POLYLINE
  5
259D
330
1F
100
AcDbEntity
  8
DET-TEXTO LÍNEA
  6
DASHDOT
100
AcDb2dPolyline
 66
     1
 10
0.0
 20
0.0
 30
0.0
  0
VERTEX
  5
259E
330
259D
100
AcDbEntity
  8
DET-TEXTO LÍNEA
  6
DASHDOT
100
AcDbVertex
100
AcDb2dVertex
 10
28.58221568215851
 20
8.944087492931075
 30
0.0
  0
VERTEX
  5
259F
330
259D
100
AcDbEntity
  8
DET-TEXTO LÍNEA
  6
DASHDOT
100
AcDbVertex
100
AcDb2dVertex
 10
29.74753717798723
 20
8.944087492931075
 30
0.0
  0
SEQEND
  5
25A0
330
259D
100
AcDbEntity
  8
DET-TEXTO LÍNEA
  6
DASHDOT
  0
POLYLINE
  5
25A1
330
1F
100
AcDbEntity
  8
DET-TEXTO LÍNEA
  6
DASHDOT
100
AcDb2dPolyline
 66
     1
 10
0.0
 20
0.0
 30
0.0
  0
VERTEX
  5
25A2
330
25A1
100
AcDbEntity
  8
DET-TEXTO LÍNEA
  6
DASHDOT
100
AcDbVertex
100
AcDb2dVertex
 10
28.58221568215851
 20
11.07638504471775
 30
0.0
  0
VERTEX
  5
25A3
330
25A1
100
AcDbEntity
  8
DET-TEXTO LÍNEA
  6
DASHDOT
100
AcDbVertex
100
AcDb2dVertex
 10
29.74753717798723
 20
11.07638504471775
 30
0.0
  0
SEQEND
  5
25A4
330
25A1
100
AcDbEntity
  8
DET-TEXTO LÍNEA
  6
DASHDOT
  0
POLYLINE
  5
25A5
330
1F
100
AcDbEntity
  8
DET-BORDE ESTRUCTURA
100
AcDb2dPolyline
 66
     1
 10
0.0
 20
0.0
 30
0.0
  0
VERTEX
  5
25A6
330
25A5
100
AcDbEntity
  8
DET-BORDE ESTRUCTURA
100
AcDbVertex
100
AcDb2dVertex
 10
30.8426407561413
 20
10.39868797719133
 30
0.0
  0
VERTEX
  5
25A7
330
25A5
100
AcDbEntity
  8
DET-BORDE ESTRUCTURA
100
AcDbVertex
100
AcDb2dVertex
 10
30.8426407561413
 20
9.89862071864978
 30
0.0
  0
SEQEND
  5
25A8
330
25A5
100
AcDbEntity
  8
DET-BORDE ESTRUCTURA
  0
POLYLINE
  5
25A9
330
1F
100
AcDbEntity
  8
DET-TEXTO LÍNEA
  6
DASHDOT
100
AcDb2dPolyline
 66
     1
 10
0.0
 20
0.0
 30
0.0
  0
VERTEX
  5
25AA
330
25A9
100
AcDbEntity
  8
DET-TEXTO LÍNEA
  6
DASHDOT
100
AcDbVertex
100
AcDb2dVertex
 10
3.10212421057151
 20
11.07638504471775
 30
0.0
  0
VERTEX
  5
25AB
330
25A9
100
AcDbEntity
  8
DET-TEXTO LÍNEA
  6
DASHDOT
100
AcDbVertex
100
AcDb2dVertex
 10
4.267445706400231
 20
11.07638504471775
 30
0.0
  0
SEQEND
  5
25AC
330
25A9
100
AcDbEntity
  8
DET-TEXTO LÍNEA
  6
DASHDOT
  0
POLYLINE
  5
25AD
330
1F
100
AcDbEntity
  8
DET-TEXTO LÍNEA
  6
DASHDOT
100
AcDb2dPolyline
 66
     1
 10
0.0
 20
0.0
 30
0.0
  0
VERTEX
  5
25AE
330
25AD
100
AcDbEntity
  8
DET-TEXTO LÍNEA
  6
DASHDOT
100
AcDbVertex
100
AcDb2dVertex
 10
3.10212421057151
 20
8.944087492931075
 30
0.0
  0
VERTEX
  5
25AF
330
25AD
100
AcDbEntity
  8
DET-TEXTO LÍNEA
  6
DASHDOT
100
AcDbVertex
100
AcDb2dVertex
 10
4.267445706400231
 20
8.944087492931075
 30
0.0
  0
SEQEND
  5
25B0
330
25AD
100
AcDbEntity
  8
DET-TEXTO LÍNEA
  6
DASHDOT
  0
POLYLINE
  5
25B1
330
1F
100
AcDbEntity
  8
DET-BORDE ESTRUCTURA
100
AcDb2dPolyline
 66
     1
 10
0.0
 20
0.0
 30
0.0
  0
VERTEX
  5
25B2
330
25B1
100
AcDbEntity
  8
DET-BORDE ESTRUCTURA
100
AcDbVertex
100
AcDb2dVertex
 10
3.436869973283428
 20
11.07638504471775
 30
0.0
  0
VERTEX
  5
25B3
330
25B1
100
AcDbEntity
  8
DET-BORDE ESTRUCTURA
100
AcDbVertex
100
AcDb2dVertex
 10
3.436869973283428
 20
10.39868797719133
 30
0.0
  0
SEQEND
  5
25B4
330
25B1
100
AcDbEntity
  8
DET-BORDE ESTRUCTURA
  0
POLYLINE
  5
25B5
330
1F
100
AcDbEntity
  8
DET-BORDE ESTRUCTURA
100
AcDb2dPolyline
 66
     1
 10
0.0
 20
0.0
 30
0.0
  0
VERTEX
  5
25B6
330
25B5
100
AcDbEntity
  8
DET-BORDE ESTRUCTURA
100
AcDbVertex
100
AcDb2dVertex
 10
3.436869973283428
 20
9.89862071864978
 30
0.0
  0
VERTEX
  5
25B7
330
25B5
100
AcDbEntity
  8
DET-BORDE ESTRUCTURA
100
AcDbVertex
100
AcDb2dVertex
 10
3.436869973283428
 20
8.944087492931075
 30
0.0
  0
SEQEND
  5
25B8
330
25B5
100
AcDbEntity
  8
DET-BORDE ESTRUCTURA
  0
POLYLINE
  5
25B9
330
1F
100
AcDbEntity
  8
DET-BORDE ESTRUCTURA
100
AcDb2dPolyline
 66
     1
 10
0.0
 20
0.0
 30
0.0
  0
VERTEX
  5
25BA
330
25B9
100
AcDbEntity
  8
DET-BORDE ESTRUCTURA
100
AcDbVertex
100
AcDb2dVertex
 10
9.804841455654532
 20
9.89862071864978
 30
0.0
  0
VERTEX
  5
25BB
330
25B9
100
AcDbEntity
  8
DET-BORDE ESTRUCTURA
100
AcDbVertex
100
AcDb2dVertex
 10
3.639385442747716
 20
9.89862071864978
 30
0.0
  0
SEQEND
  5
25BC
330
25B9
100
AcDbEntity
  8
DET-BORDE ESTRUCTURA
  0
POLYLINE
  5
25BD
330
1F
100
AcDbEntity
  8
DET-BORDE ESTRUCTURA
100
AcDb2dPolyline
 66
     1
 10
0.0
 20
0.0
 30
0.0
  0
VERTEX
  5
25BE
330
25BD
100
AcDbEntity
  8
DET-BORDE ESTRUCTURA
100
AcDbVertex
100
AcDb2dVertex
 10
3.639385442747716
 20
11.07638504471775
 30
0.0
  0
VERTEX
  5
25BF
330
25BD
100
AcDbEntity
  8
DET-BORDE ESTRUCTURA
100
AcDbVertex
100
AcDb2dVertex
 10
3.639385442747716
 20
10.39868797719133
 30
0.0
  0
VERTEX
  5
25C0
330
25BD
100
AcDbEntity
  8
DET-BORDE ESTRUCTURA
100
AcDbVertex
100
AcDb2dVertex
 10
9.804841455654532
 20
10.39868797719133
 30
0.0
  0
SEQEND
  5
25C1
330
25BD
100
AcDbEntity
  8
DET-BORDE ESTRUCTURA
  0
POLYLINE
  5
25C2
330
1F
100
AcDbEntity
  8
DET-BORDE ESTRUCTURA
100
AcDb2dPolyline
 66
     1
 10
0.0
 20
0.0
 30
0.0
  0
VERTEX
  5
25C3
330
25C2
100
AcDbEntity
  8
DET-BORDE ESTRUCTURA
100
AcDbVertex
100
AcDb2dVertex
 10
3.93276720223077
 20
8.944087492931075
 30
0.0
  0
VERTEX
  5
25C4
330
25C2
100
AcDbEntity
  8
DET-BORDE ESTRUCTURA
100
AcDbVertex
100
AcDb2dVertex
 10
3.93276720223077
 20
9.89862071864978
 30
0.0
  0
SEQEND
  5
25C5
330
25C2
100
AcDbEntity
  8
DET-BORDE ESTRUCTURA
  0
POLYLINE
  5
25C6
330
1F
100
AcDbEntity
  8
DET-BORDE ESTRUCTURA
100
AcDb2dPolyline
 66
     1
 10
0.0
 20
0.0
 30
0.0
  0
VERTEX
  5
25C7
330
25C6
100
AcDbEntity
  8
DET-BORDE ESTRUCTURA
100
AcDbVertex
100
AcDb2dVertex
 10
3.436869973283428
 20
10.39868797719133
 30
0.0
  0
VERTEX
  5
25C8
330
25C6
100
AcDbEntity
  8
DET-BORDE ESTRUCTURA
100
AcDbVertex
100
AcDb2dVertex
 10
1.416154342400041
 20
10.39868797719133
 30
0.0
  0
SEQEND
  5
25C9
330
25C6
100
AcDbEntity
  8
DET-BORDE ESTRUCTURA
  0
POLYLINE
  5
25CA
330
1F
100
AcDbEntity
  8
DET-BORDE ESTRUCTURA
100
AcDb2dPolyline
 66
     1
 10
0.0
 20
0.0
 30
0.0
  0
VERTEX
  5
25CB
330
25CA
100
AcDbEntity
  8
DET-BORDE ESTRUCTURA
100
AcDbVertex
100
AcDb2dVertex
 10
1.416154342400041
 20
9.89862071864978
 30
0.0
  0
VERTEX
  5
25CC
330
25CA
100
AcDbEntity
  8
DET-BORDE ESTRUCTURA
100
AcDbVertex
100
AcDb2dVertex
 10
3.436869973283428
 20
9.89862071864978
 30
0.0
  0
SEQEND
  5
25CD
330
25CA
100
AcDbEntity
  8
DET-BORDE ESTRUCTURA
  0
POLYLINE
  5
25CE
330
1F
100
AcDbEntity
  8
DET-ARMADURAS
100
AcDb2dPolyline
 66
     1
 10
0.0
 20
0.0
 30
0.0
  0
VERTEX
  5
25CF
330
25CE
100
AcDbEntity
  8
DET-ARMADURAS
100
AcDbVertex
100
AcDb2dVertex
 10
12.0032541540648
 20
12.27473048458806
 30
0.0
  0
VERTEX
  5
25D0
330
25CE
100
AcDbEntity
  8
DET-ARMADURAS
100
AcDbVertex
100
AcDb2dVertex
 10
12.0032541540648
 20
12.27473048458806
 30
0.0
  0
VERTEX
  5
25D1
330
25CE
100
AcDbEntity
  8
DET-ARMADURAS
100
AcDbVertex
100
AcDb2dVertex
 10
1.738457274872253
 20
12.27473048458806
 30
0.0
  0
SEQEND
  5
25D2
330
25CE
100
AcDbEntity
  8
DET-ARMADURAS
  0
POLYLINE
  5
25D3
330
1F
100
AcDbEntity
  8
DET-TEXTO LÍNEA
  6
DASHDOT
100
AcDb2dPolyline
 66
     1
 10
0.0
 20
0.0
 30
0.0
  0
VERTEX
  5
25D4
330
25D3
100
AcDbEntity
  8
DET-TEXTO LÍNEA
  6
DASHDOT
100
AcDbVertex
100
AcDb2dVertex
 10
1.416154342400041
 20
10.59703341706186
 30
0.0
  0
VERTEX
  5
25D5
330
25D3
100
AcDbEntity
  8
DET-TEXTO LÍNEA
  6
DASHDOT
100
AcDbVertex
100
AcDb2dVertex
 10
1.416154342400041
 20
9.760964935498222
 30
0.0
  0
SEQEND
  5
25D6
330
25D3
100
AcDbEntity
  8
DET-TEXTO LÍNEA
  6
DASHDOT
  0
POLYLINE
  5
25D7
330
1F
100
AcDbEntity
  8
DET-BORDE ESTRUCTURA
100
AcDb2dPolyline
 66
     1
 10
0.0
 20
0.0
 30
0.0
  0
VERTEX
  5
25D8
330
25D7
100
AcDbEntity
  8
DET-BORDE ESTRUCTURA
100
AcDbVertex
100
AcDb2dVertex
 10
3.436869973283428
 20
10.39868797719133
 30
0.0
  0
VERTEX
  5
25D9
330
25D7
100
AcDbEntity
  8
DET-BORDE ESTRUCTURA
100
AcDbVertex
100
AcDb2dVertex
 10
3.436869973283428
 20
9.89862071864978
 30
0.0
  0
SEQEND
  5
25DA
330
25D7
100
AcDbEntity
  8
DET-BORDE ESTRUCTURA
  0
POLYLINE
  5
25DB
330
1F
100
AcDbEntity
  8
DET-COTAS
100
AcDb2dPolyline
 66
     1
 10
0.0
 20
0.0
 30
0.0
  0
VERTEX
  5
25DC
330
25DB
100
AcDbEntity
  8
DET-COTAS
100
AcDbVertex
100
AcDb2dVertex
 10
1.969849442280811
 20
10.87803960484744
 30
0.0
  0
VERTEX
  5
25DD
330
25DB
100
AcDbEntity
  8
DET-COTAS
100
AcDbVertex
100
AcDb2dVertex
 10
2.436802714742334
 20
10.87803960484744
 30
0.0
  0
VERTEX
  5
25DE
330
25DB
100
AcDbEntity
  8
DET-COTAS
100
AcDbVertex
100
AcDb2dVertex
 10
2.436802714742334
 20
10.10940898875934
 30
0.0
  0
SEQEND
  5
25DF
330
25DB
100
AcDbEntity
  8
DET-COTAS
  0
POLYLINE
  5
25E0
330
1F
100
AcDbEntity
  8
DET-ARMADURAS
100
AcDb2dPolyline
 66
     1
 10
0.0
 20
0.0
 30
0.0
  0
VERTEX
  5
25E1
330
25E0
100
AcDbEntity
  8
DET-ARMADURAS
100
AcDbVertex
100
AcDb2dVertex
 10
2.127852159920912
 20
18.29446132489794
 30
0.0
  0
VERTEX
  5
25E2
330
25E0
100
AcDbEntity
  8
DET-ARMADURAS
100
AcDbVertex
100
AcDb2dVertex
 10
2.127852159920912
 20
18.55071636928902
 30
0.0
  0
VERTEX
  5
25E3
330
25E0
100
AcDbEntity
  8
DET-ARMADURAS
100
AcDbVertex
100
AcDb2dVertex
 10
10.91733292396822
 20
18.55071636928902
 30
0.0
  0
SEQEND
  5
25E4
330
25E0
100
AcDbEntity
  8
DET-ARMADURAS
  0
POLYLINE
  5
25E5
330
1F
100
AcDbEntity
  8
DET-ARMADURAS
100
AcDb2dPolyline
 66
     1
 10
0.0
 20
0.0
 30
0.0
  0
VERTEX
  5
25E6
330
25E5
100
AcDbEntity
  8
DET-ARMADURAS
100
AcDbVertex
100
AcDb2dVertex
 10
23.90536090350662
 20
18.2329283500968
 30
0.0
  0
VERTEX
  5
25E7
330
25E5
100
AcDbEntity
  8
DET-ARMADURAS
100
AcDbVertex
100
AcDb2dVertex
 10
23.90536090350662
 20
18.55071636928902
 30
0.0
  0
VERTEX
  5
25E8
330
25E5
100
AcDbEntity
  8
DET-ARMADURAS
100
AcDbVertex
100
AcDb2dVertex
 10
13.6902008281889
 20
18.55071636928902
 30
0.0
  0
SEQEND
  5
25E9
330
25E5
100
AcDbEntity
  8
DET-ARMADURAS
  0
POLYLINE
  5
25EA
330
1F
100
AcDbEntity
  8
DET-ARMADURAS
100
AcDb2dPolyline
 66
     1
 10
0.0
 20
0.0
 30
0.0
  0
VERTEX
  5
25EB
330
25EA
100
AcDbEntity
  8
DET-ARMADURAS
100
AcDbVertex
100
AcDb2dVertex
 10
2.185694505899228
 20
18.47632842201948
 30
0.0
  0
VERTEX
  5
25EC
330
25EA
100
AcDbEntity
  8
DET-ARMADURAS
100
AcDbVertex
100
AcDb2dVertex
 10
2.185694505899228
 20
18.2242434072226
 30
0.0
  0
VERTEX
  5
25ED
330
25EA
100
AcDbEntity
  8
DET-ARMADURAS
100
AcDbVertex
100
AcDb2dVertex
 10
9.557836017862719
 20
18.2242434072226
 30
0.0
  0
SEQEND
  5
25EE
330
25EA
100
AcDbEntity
  8
DET-ARMADURAS
  0
POLYLINE
  5
25EF
330
1F
100
AcDbEntity
  8
DET-ARMADURAS
100
AcDb2dPolyline
 66
     1
 10
0.0
 20
0.0
 30
0.0
  0
VERTEX
  5
25F0
330
25EF
100
AcDbEntity
  8
DET-ARMADURAS
100
AcDbVertex
100
AcDb2dVertex
 10
7.024677556740989
 20
18.50071636928906
 30
0.0
  0
VERTEX
  5
25F1
330
25EF
100
AcDbEntity
  8
DET-ARMADURAS
100
AcDbVertex
100
AcDb2dVertex
 10
17.58285619541568
 20
18.50071636928906
 30
0.0
  0
SEQEND
  5
25F2
330
25EF
100
AcDbEntity
  8
DET-ARMADURAS
  0
POLYLINE
  5
25F3
330
1F
100
AcDbEntity
  8
DET-ARMADURAS
100
AcDb2dPolyline
 66
     1
 10
0.0
 20
0.0
 30
0.0
  0
VERTEX
  5
25F4
330
25F3
100
AcDbEntity
  8
DET-ARMADURAS
100
AcDbVertex
100
AcDb2dVertex
 10
8.388344492441156
 20
18.27424340722255
 30
0.0
  0
VERTEX
  5
25F5
330
25F3
100
AcDbEntity
  8
DET-ARMADURAS
100
AcDbVertex
100
AcDb2dVertex
 10
16.21918925971642
 20
18.27424340722255
 30
0.0
  0
SEQEND
  5
25F6
330
25F3
100
AcDbEntity
  8
DET-ARMADURAS
  0
POLYLINE
  5
25F7
330
1F
100
AcDbEntity
  8
DET-ARMADURAS
100
AcDb2dPolyline
 66
     1
 10
0.0
 20
0.0
 30
0.0
  0
VERTEX
  5
25F8
330
25F7
100
AcDbEntity
  8
DET-ARMADURAS
100
AcDbVertex
100
AcDb2dVertex
 10
22.88471253116433
 20
18.2242434072226
 30
0.0
  0
VERTEX
  5
25F9
330
25F7
100
AcDbEntity
  8
DET-ARMADURAS
100
AcDbVertex
100
AcDb2dVertex
 10
15.04969773429531
 20
18.2242434072226
 30
0.0
  0
SEQEND
  5
25FA
330
25F7
100
AcDbEntity
  8
DET-ARMADURAS
  0
POLYLINE
  5
25FB
330
1F
100
AcDbEntity
  8
DET-ARMADURAS
100
AcDb2dPolyline
 66
     1
 10
0.0
 20
0.0
 30
0.0
  0
VERTEX
  5
25FC
330
25FB
100
AcDbEntity
  8
DET-ARMADURAS
100
AcDbVertex
100
AcDb2dVertex
 10
23.85168858712252
 20
18.43956490305241
 30
0.0
  0
VERTEX
  5
25FD
330
25FB
100
AcDbEntity
  8
DET-ARMADURAS
100
AcDbVertex
100
AcDb2dVertex
 10
23.85168858712252
 20
18.27424340722255
 30
0.0
  0
VERTEX
  5
25FE
330
25FB
100
AcDbEntity
  8
DET-ARMADURAS
100
AcDbVertex
100
AcDb2dVertex
 10
21.71522100574186
 20
18.27424340722255
 30
0.0
  0
SEQEND
  5
25FF
330
25FB
100
AcDbEntity
  8
DET-ARMADURAS
  0
POLYLINE
  5
2600
330
1F
100
AcDbEntity
  8
DET-TEXTO LÍNEA
  6
DASHDOT
100
AcDb2dPolyline
 66
     1
 10
0.0
 20
0.0
 30
0.0
  0
VERTEX
  5
2601
330
2600
100
AcDbEntity
  8
DET-TEXTO LÍNEA
  6
DASHDOT
100
AcDbVertex
100
AcDb2dVertex
 10
3.684784958485415
 20
12.69213699521411
 30
0.0
  0
VERTEX
  5
2602
330
2600
100
AcDbEntity
  8
DET-TEXTO LÍNEA
  6
DASHDOT
100
AcDbVertex
100
AcDb2dVertex
 10
3.684784958485415
 20
6.250087840961541
 30
0.0
  0
SEQEND
  5
2603
330
2600
100
AcDbEntity
  8
DET-TEXTO LÍNEA
  6
DASHDOT
  0
POLYLINE
  5
2604
330
1F
100
AcDbEntity
  8
DET-ARMADURAS
100
AcDb2dPolyline
 66
     1
 10
0.0
 20
0.0
 30
0.0
  0
VERTEX
  5
2605
330
2604
100
AcDbEntity
  8
DET-ARMADURAS
100
AcDbVertex
100
AcDb2dVertex
 10
31.06580459794834
 20
11.75825214183861
 30
0.0
  0
VERTEX
  5
2606
330
2604
100
AcDbEntity
  8
DET-ARMADURAS
100
AcDbVertex
100
AcDb2dVertex
 10
31.06580459794834
 20
12.01026989809348
 30
0.0
  0
VERTEX
  5
2607
330
2604
100
AcDbEntity
  8
DET-ARMADURAS
100
AcDbVertex
100
AcDb2dVertex
 10
20.84640723449485
 20
12.01026989809348
 30
0.0
  0
SEQEND
  5
2608
330
2604
100
AcDbEntity
  8
DET-ARMADURAS
  0
POLYLINE
  5
2609
330
1F
100
AcDbEntity
  8
DET-ARMADURAS
100
AcDb2dPolyline
 66
     1
 10
0.0
 20
0.0
 30
0.0
  0
VERTEX
  5
260A
330
2609
100
AcDbEntity
  8
DET-ARMADURAS
100
AcDbVertex
100
AcDb2dVertex
 10
30.71868326353963
 20
10.20487576303991
 30
0.0
  0
VERTEX
  5
260B
330
2609
100
AcDbEntity
  8
DET-ARMADURAS
100
AcDbVertex
100
AcDb2dVertex
 10
30.71868326353963
 20
10.03955426721073
 30
0.0
  0
VERTEX
  5
260C
330
2609
100
AcDbEntity
  8
DET-ARMADURAS
100
AcDbVertex
100
AcDb2dVertex
 10
28.58221568215851
 20
10.03955426721073
 30
0.0
  0
SEQEND
  5
260D
330
2609
100
AcDbEntity
  8
DET-ARMADURAS
  0
POLYLINE
  5
260E
330
1F
100
AcDbEntity
  8
DET-ARMADURAS
100
AcDb2dPolyline
 66
     1
 10
0.0
 20
0.0
 30
0.0
  0
VERTEX
  5
260F
330
260E
100
AcDbEntity
  8
DET-ARMADURAS
100
AcDbVertex
100
AcDb2dVertex
 10
1.445075515389198
 20
10.31185719968276
 30
0.0
  0
VERTEX
  5
2610
330
260E
100
AcDbEntity
  8
DET-ARMADURAS
100
AcDbVertex
100
AcDb2dVertex
 10
12.0032541540648
 20
10.31185719968276
 30
0.0
  0
SEQEND
  5
2611
330
260E
100
AcDbEntity
  8
DET-ARMADURAS
  0
POLYLINE
  5
2612
330
1F
100
AcDbEntity
  8
DET-ARMADURAS
100
AcDb2dPolyline
 66
     1
 10
0.0
 20
0.0
 30
0.0
  0
VERTEX
  5
2613
330
2612
100
AcDbEntity
  8
DET-ARMADURAS
100
AcDbVertex
100
AcDb2dVertex
 10
8.106428757243357
 20
10.26185719968281
 30
0.0
  0
VERTEX
  5
2614
330
2612
100
AcDbEntity
  8
DET-ARMADURAS
100
AcDbVertex
100
AcDb2dVertex
 10
18.66467465446096
 20
10.26185719968281
 30
0.0
  0
SEQEND
  5
2615
330
2612
100
AcDbEntity
  8
DET-ARMADURAS
  0
POLYLINE
  5
2616
330
1F
100
AcDbEntity
  8
DET-ARMADURAS
100
AcDb2dPolyline
 66
     1
 10
0.0
 20
0.0
 30
0.0
  0
VERTEX
  5
2617
330
2616
100
AcDbEntity
  8
DET-ARMADURAS
100
AcDbVertex
100
AcDb2dVertex
 10
14.4785030106653
 20
10.31185719968276
 30
0.0
  0
VERTEX
  5
2618
330
2616
100
AcDbEntity
  8
DET-ARMADURAS
100
AcDbVertex
100
AcDb2dVertex
 10
25.03668164934181
 20
10.31185719968276
 30
0.0
  0
SEQEND
  5
2619
330
2616
100
AcDbEntity
  8
DET-ARMADURAS
  0
POLYLINE
  5
261A
330
1F
100
AcDbEntity
  8
DET-ARMADURAS
100
AcDb2dPolyline
 66
     1
 10
0.0
 20
0.0
 30
0.0
  0
VERTEX
  5
261B
330
261A
100
AcDbEntity
  8
DET-ARMADURAS
100
AcDbVertex
100
AcDb2dVertex
 10
30.04091893747029
 20
9.989554267210777
 30
0.0
  0
VERTEX
  5
261C
330
261A
100
AcDbEntity
  8
DET-ARMADURAS
100
AcDbVertex
100
AcDb2dVertex
 10
22.21014142873566
 20
9.989554267210777
 30
0.0
  0
SEQEND
  5
261D
330
261A
100
AcDbEntity
  8
DET-ARMADURAS
  0
POLYLINE
  5
261E
330
1F
100
AcDbEntity
  8
DET-ARMADURAS
100
AcDb2dPolyline
 66
     1
 10
0.0
 20
0.0
 30
0.0
  0
VERTEX
  5
261F
330
261E
100
AcDbEntity
  8
DET-ARMADURAS
100
AcDbVertex
100
AcDb2dVertex
 10
15.84216994636455
 20
9.832142375900147
 30
0.0
  0
VERTEX
  5
2620
330
261E
100
AcDbEntity
  8
DET-ARMADURAS
100
AcDbVertex
100
AcDb2dVertex
 10
22.97177045551173
 20
9.832142375900147
 30
0.0
  0
VERTEX
  5
2621
330
261E
100
AcDbEntity
  8
DET-ARMADURAS
100
AcDbVertex
100
AcDb2dVertex
 10
22.97177045551173
 20
10.19574205305922
 30
0.0
  0
SEQEND
  5
2622
330
261E
100
AcDbEntity
  8
DET-ARMADURAS
  0
POLYLINE
  5
2623
330
1F
100
AcDbEntity
  8
DET-ARMADURAS
100
AcDb2dPolyline
 66
     1
 10
0.0
 20
0.0
 30
0.0
  0
VERTEX
  5
2624
330
2623
100
AcDbEntity
  8
DET-ARMADURAS
100
AcDbVertex
100
AcDb2dVertex
 10
17.01104022721694
 20
9.791208827340014
 30
0.0
  0
VERTEX
  5
2625
330
2623
100
AcDbEntity
  8
DET-ARMADURAS
100
AcDbVertex
100
AcDb2dVertex
 10
9.875126631871189
 20
9.791208827340014
 30
0.0
  0
VERTEX
  5
2626
330
2623
100
AcDbEntity
  8
DET-ARMADURAS
100
AcDbVertex
100
AcDb2dVertex
 10
9.875126631871189
 20
10.15897853409216
 30
0.0
  0
SEQEND
  5
2627
330
2623
100
AcDbEntity
  8
DET-ARMADURAS
  0
POLYLINE
  5
2628
330
1F
100
AcDbEntity
  8
DET-ARMADURAS
100
AcDb2dPolyline
 66
     1
 10
0.0
 20
0.0
 30
0.0
  0
VERTEX
  5
2629
330
2628
100
AcDbEntity
  8
DET-ARMADURAS
100
AcDbVertex
100
AcDb2dVertex
 10
1.445075515389198
 20
9.989554267210777
 30
0.0
  0
VERTEX
  5
262A
330
2628
100
AcDbEntity
  8
DET-ARMADURAS
100
AcDbVertex
100
AcDb2dVertex
 10
10.63958721836463
 20
9.989554267210777
 30
0.0
  0
SEQEND
  5
262B
330
2628
100
AcDbEntity
  8
DET-ARMADURAS
  0
POLYLINE
  5
262C
330
1F
100
AcDbEntity
  8
DET-ARMADURAS
100
AcDb2dPolyline
 66
     1
 10
0.0
 20
0.0
 30
0.0
  0
VERTEX
  5
262D
330
262C
100
AcDbEntity
  8
DET-ARMADURAS
100
AcDbVertex
100
AcDb2dVertex
 10
2.557566983702891
 20
18.57024991700051
 30
0.0
  0
VERTEX
  5
262E
330
262C
100
AcDbEntity
  8
DET-ARMADURAS
100
AcDbVertex
100
AcDb2dVertex
 10
2.557566983702891
 20
18.19562257355243
 30
0.0
  0
SEQEND
  5
262F
330
262C
100
AcDbEntity
  8
DET-ARMADURAS
  0
POLYLINE
  5
2630
330
1F
100
AcDbEntity
  8
DET-ARMADURAS
100
AcDb2dPolyline
 66
     1
 10
0.0
 20
0.0
 30
0.0
  0
VERTEX
  5
2631
330
2630
100
AcDbEntity
  8
DET-ARMADURAS
100
AcDbVertex
100
AcDb2dVertex
 10
2.851016001728403
 20
18.57024991700051
 30
0.0
  0
VERTEX
  5
2632
330
2630
100
AcDbEntity
  8
DET-ARMADURAS
100
AcDbVertex
100
AcDb2dVertex
 10
2.851016001728403
 20
18.19562257355243
 30
0.0
  0
SEQEND
  5
2633
330
2630
100
AcDbEntity
  8
DET-ARMADURAS
  0
POLYLINE
  5
2634
330
1F
100
AcDbEntity
  8
DET-ARMADURAS
100
AcDb2dPolyline
 66
     1
 10
0.0
 20
0.0
 30
0.0
  0
VERTEX
  5
2635
330
2634
100
AcDbEntity
  8
DET-ARMADURAS
100
AcDbVertex
100
AcDb2dVertex
 10
3.144397761210548
 20
18.57024991700051
 30
0.0
  0
VERTEX
  5
2636
330
2634
100
AcDbEntity
  8
DET-ARMADURAS
100
AcDbVertex
100
AcDb2dVertex
 10
3.144397761210548
 20
18.19562257355243
 30
0.0
  0
SEQEND
  5
2637
330
2634
100
AcDbEntity
  8
DET-ARMADURAS
  0
POLYLINE
  5
2638
330
1F
100
AcDbEntity
  8
DET-ARMADURAS
100
AcDb2dPolyline
 66
     1
 10
0.0
 20
0.0
 30
0.0
  0
VERTEX
  5
2639
330
2638
100
AcDbEntity
  8
DET-ARMADURAS
100
AcDbVertex
100
AcDb2dVertex
 10
3.433676749642309
 20
18.57024991700051
 30
0.0
  0
VERTEX
  5
263A
330
2638
100
AcDbEntity
  8
DET-ARMADURAS
100
AcDbVertex
100
AcDb2dVertex
 10
3.433676749642309
 20
18.19562257355243
 30
0.0
  0
SEQEND
  5
263B
330
2638
100
AcDbEntity
  8
DET-ARMADURAS
  0
POLYLINE
  5
263C
330
1F
100
AcDbEntity
  8
DET-ARMADURAS
100
AcDb2dPolyline
 66
     1
 10
0.0
 20
0.0
 30
0.0
  0
VERTEX
  5
263D
330
263C
100
AcDbEntity
  8
DET-ARMADURAS
100
AcDbVertex
100
AcDb2dVertex
 10
3.727058509125363
 20
18.57024991700051
 30
0.0
  0
VERTEX
  5
263E
330
263C
100
AcDbEntity
  8
DET-ARMADURAS
100
AcDbVertex
100
AcDb2dVertex
 10
3.727058509125363
 20
18.19562257355243
 30
0.0
  0
SEQEND
  5
263F
330
263C
100
AcDbEntity
  8
DET-ARMADURAS
  0
POLYLINE
  5
2640
330
1F
100
AcDbEntity
  8
DET-ARMADURAS
100
AcDb2dPolyline
 66
     1
 10
0.0
 20
0.0
 30
0.0
  0
VERTEX
  5
2641
330
2640
100
AcDbEntity
  8
DET-ARMADURAS
100
AcDbVertex
100
AcDb2dVertex
 10
4.020440268608872
 20
18.57024991700051
 30
0.0
  0
VERTEX
  5
2642
330
2640
100
AcDbEntity
  8
DET-ARMADURAS
100
AcDbVertex
100
AcDb2dVertex
 10
4.020440268608872
 20
18.19562257355243
 30
0.0
  0
SEQEND
  5
2643
330
2640
100
AcDbEntity
  8
DET-ARMADURAS
  0
POLYLINE
  5
2644
330
1F
100
AcDbEntity
  8
DET-ARMADURAS
100
AcDb2dPolyline
 66
     1
 10
0.0
 20
0.0
 30
0.0
  0
VERTEX
  5
2645
330
2644
100
AcDbEntity
  8
DET-ARMADURAS
100
AcDbVertex
100
AcDb2dVertex
 10
4.309719257039269
 20
18.57024991700051
 30
0.0
  0
VERTEX
  5
2646
330
2644
100
AcDbEntity
  8
DET-ARMADURAS
100
AcDbVertex
100
AcDb2dVertex
 10
4.309719257039269
 20
18.19562257355243
 30
0.0
  0
SEQEND
  5
2647
330
2644
100
AcDbEntity
  8
DET-ARMADURAS
  0
POLYLINE
  5
2648
330
1F
100
AcDbEntity
  8
DET-ARMADURAS
100
AcDb2dPolyline
 66
     1
 10
0.0
 20
0.0
 30
0.0
  0
VERTEX
  5
2649
330
2648
100
AcDbEntity
  8
DET-ARMADURAS
100
AcDbVertex
100
AcDb2dVertex
 10
4.603101016523233
 20
18.57024991700051
 30
0.0
  0
VERTEX
  5
264A
330
2648
100
AcDbEntity
  8
DET-ARMADURAS
100
AcDbVertex
100
AcDb2dVertex
 10
4.603101016523233
 20
18.19562257355243
 30
0.0
  0
SEQEND
  5
264B
330
2648
100
AcDbEntity
  8
DET-ARMADURAS
  0
POLYLINE
  5
264C
330
1F
100
AcDbEntity
  8
DET-ARMADURAS
100
AcDb2dPolyline
 66
     1
 10
0.0
 20
0.0
 30
0.0
  0
VERTEX
  5
264D
330
264C
100
AcDbEntity
  8
DET-ARMADURAS
100
AcDbVertex
100
AcDb2dVertex
 10
4.896482776006742
 20
18.57024991700051
 30
0.0
  0
VERTEX
  5
264E
330
264C
100
AcDbEntity
  8
DET-ARMADURAS
100
AcDbVertex
100
AcDb2dVertex
 10
4.896482776006742
 20
18.19562257355243
 30
0.0
  0
SEQEND
  5
264F
330
264C
100
AcDbEntity
  8
DET-ARMADURAS
  0
POLYLINE
  5
2650
330
1F
100
AcDbEntity
  8
DET-ARMADURAS
100
AcDb2dPolyline
 66
     1
 10
0.0
 20
0.0
 30
0.0
  0
VERTEX
  5
2651
330
2650
100
AcDbEntity
  8
DET-ARMADURAS
100
AcDbVertex
100
AcDb2dVertex
 10
5.185761764437593
 20
18.57024991700051
 30
0.0
  0
VERTEX
  5
2652
330
2650
100
AcDbEntity
  8
DET-ARMADURAS
100
AcDbVertex
100
AcDb2dVertex
 10
5.185761764437593
 20
18.19562257355243
 30
0.0
  0
SEQEND
  5
2653
330
2650
100
AcDbEntity
  8
DET-ARMADURAS
  0
POLYLINE
  5
2654
330
1F
100
AcDbEntity
  8
DET-ARMADURAS
100
AcDb2dPolyline
 66
     1
 10
0.0
 20
0.0
 30
0.0
  0
VERTEX
  5
2655
330
2654
100
AcDbEntity
  8
DET-ARMADURAS
100
AcDbVertex
100
AcDb2dVertex
 10
5.479210782462651
 20
18.57024991700051
 30
0.0
  0
VERTEX
  5
2656
330
2654
100
AcDbEntity
  8
DET-ARMADURAS
100
AcDbVertex
100
AcDb2dVertex
 10
5.479210782462651
 20
18.19562257355243
 30
0.0
  0
SEQEND
  5
2657
330
2654
100
AcDbEntity
  8
DET-ARMADURAS
  0
POLYLINE
  5
2658
330
1F
100
AcDbEntity
  8
DET-ARMADURAS
100
AcDb2dPolyline
 66
     1
 10
0.0
 20
0.0
 30
0.0
  0
VERTEX
  5
2659
330
2658
100
AcDbEntity
  8
DET-ARMADURAS
100
AcDbVertex
100
AcDb2dVertex
 10
5.772592541944796
 20
18.57024991700051
 30
0.0
  0
VERTEX
  5
265A
330
2658
100
AcDbEntity
  8
DET-ARMADURAS
100
AcDbVertex
100
AcDb2dVertex
 10
5.772592541944796
 20
18.19562257355243
 30
0.0
  0
SEQEND
  5
265B
330
2658
100
AcDbEntity
  8
DET-ARMADURAS
  0
POLYLINE
  5
265C
330
1F
100
AcDbEntity
  8
DET-ARMADURAS
100
AcDb2dPolyline
 66
     1
 10
0.0
 20
0.0
 30
0.0
  0
VERTEX
  5
265D
330
265C
100
AcDbEntity
  8
DET-ARMADURAS
100
AcDbVertex
100
AcDb2dVertex
 10
6.061804271834553
 20
18.57024991700051
 30
0.0
  0
VERTEX
  5
265E
330
265C
100
AcDbEntity
  8
DET-ARMADURAS
100
AcDbVertex
100
AcDb2dVertex
 10
6.061804271834553
 20
18.19562257355243
 30
0.0
  0
SEQEND
  5
265F
330
265C
100
AcDbEntity
  8
DET-ARMADURAS
  0
POLYLINE
  5
2660
330
1F
100
AcDbEntity
  8
DET-ARMADURAS
100
AcDb2dPolyline
 66
     1
 10
0.0
 20
0.0
 30
0.0
  0
VERTEX
  5
2661
330
2660
100
AcDbEntity
  8
DET-ARMADURAS
100
AcDbVertex
100
AcDb2dVertex
 10
6.355253289859611
 20
18.57024991700051
 30
0.0
  0
VERTEX
  5
2662
330
2660
100
AcDbEntity
  8
DET-ARMADURAS
100
AcDbVertex
100
AcDb2dVertex
 10
6.355253289859611
 20
18.19562257355243
 30
0.0
  0
SEQEND
  5
2663
330
2660
100
AcDbEntity
  8
DET-ARMADURAS
  0
POLYLINE
  5
2664
330
1F
100
AcDbEntity
  8
DET-ARMADURAS
100
AcDb2dPolyline
 66
     1
 10
0.0
 20
0.0
 30
0.0
  0
VERTEX
  5
2665
330
2664
100
AcDbEntity
  8
DET-ARMADURAS
100
AcDbVertex
100
AcDb2dVertex
 10
6.64863504934312
 20
18.57024991700051
 30
0.0
  0
VERTEX
  5
2666
330
2664
100
AcDbEntity
  8
DET-ARMADURAS
100
AcDbVertex
100
AcDb2dVertex
 10
6.64863504934312
 20
18.19562257355243
 30
0.0
  0
SEQEND
  5
2667
330
2664
100
AcDbEntity
  8
DET-ARMADURAS
  0
POLYLINE
  5
2668
330
1F
100
AcDbEntity
  8
DET-ARMADURAS
100
AcDb2dPolyline
 66
     1
 10
0.0
 20
0.0
 30
0.0
  0
VERTEX
  5
2669
330
2668
100
AcDbEntity
  8
DET-ARMADURAS
100
AcDbVertex
100
AcDb2dVertex
 10
6.937914037773516
 20
18.57024991700051
 30
0.0
  0
VERTEX
  5
266A
330
2668
100
AcDbEntity
  8
DET-ARMADURAS
100
AcDbVertex
100
AcDb2dVertex
 10
6.937914037773516
 20
18.19562257355243
 30
0.0
  0
SEQEND
  5
266B
330
2668
100
AcDbEntity
  8
DET-ARMADURAS
  0
POLYLINE
  5
266C
330
1F
100
AcDbEntity
  8
DET-ARMADURAS
100
AcDb2dPolyline
 66
     1
 10
0.0
 20
0.0
 30
0.0
  0
VERTEX
  5
266D
330
266C
100
AcDbEntity
  8
DET-ARMADURAS
100
AcDbVertex
100
AcDb2dVertex
 10
7.231295797257025
 20
18.57024991700051
 30
0.0
  0
VERTEX
  5
266E
330
266C
100
AcDbEntity
  8
DET-ARMADURAS
100
AcDbVertex
100
AcDb2dVertex
 10
7.231295797257025
 20
18.19562257355243
 30
0.0
  0
SEQEND
  5
266F
330
266C
100
AcDbEntity
  8
DET-ARMADURAS
  0
POLYLINE
  5
2670
330
1F
100
AcDbEntity
  8
DET-ARMADURAS
100
AcDb2dPolyline
 66
     1
 10
0.0
 20
0.0
 30
0.0
  0
VERTEX
  5
2671
330
2670
100
AcDbEntity
  8
DET-ARMADURAS
100
AcDbVertex
100
AcDb2dVertex
 10
7.524677556740535
 20
18.57024991700051
 30
0.0
  0
VERTEX
  5
2672
330
2670
100
AcDbEntity
  8
DET-ARMADURAS
100
AcDbVertex
100
AcDb2dVertex
 10
7.524677556740535
 20
18.19562257355243
 30
0.0
  0
SEQEND
  5
2673
330
2670
100
AcDbEntity
  8
DET-ARMADURAS
  0
POLYLINE
  5
2674
330
1F
100
AcDbEntity
  8
DET-ARMADURAS
100
AcDb2dPolyline
 66
     1
 10
0.0
 20
0.0
 30
0.0
  0
VERTEX
  5
2675
330
2674
100
AcDbEntity
  8
DET-ARMADURAS
100
AcDbVertex
100
AcDb2dVertex
 10
7.813956545171841
 20
18.57024991700051
 30
0.0
  0
VERTEX
  5
2676
330
2674
100
AcDbEntity
  8
DET-ARMADURAS
100
AcDbVertex
100
AcDb2dVertex
 10
7.813956545171841
 20
18.19562257355243
 30
0.0
  0
SEQEND
  5
2677
330
2674
100
AcDbEntity
  8
DET-ARMADURAS
  0
POLYLINE
  5
2678
330
1F
100
AcDbEntity
  8
DET-ARMADURAS
100
AcDb2dPolyline
 66
     1
 10
0.0
 20
0.0
 30
0.0
  0
VERTEX
  5
2679
330
2678
100
AcDbEntity
  8
DET-ARMADURAS
100
AcDbVertex
100
AcDb2dVertex
 10
8.107338304654895
 20
18.57024991700051
 30
0.0
  0
VERTEX
  5
267A
330
2678
100
AcDbEntity
  8
DET-ARMADURAS
100
AcDbVertex
100
AcDb2dVertex
 10
8.107338304654895
 20
18.19562257355243
 30
0.0
  0
SEQEND
  5
267B
330
2678
100
AcDbEntity
  8
DET-ARMADURAS
  0
POLYLINE
  5
267C
330
1F
100
AcDbEntity
  8
DET-ARMADURAS
100
AcDb2dPolyline
 66
     1
 10
0.0
 20
0.0
 30
0.0
  0
VERTEX
  5
267D
330
267C
100
AcDbEntity
  8
DET-ARMADURAS
100
AcDbVertex
100
AcDb2dVertex
 10
8.400787322680407
 20
18.57024991700051
 30
0.0
  0
VERTEX
  5
267E
330
267C
100
AcDbEntity
  8
DET-ARMADURAS
100
AcDbVertex
100
AcDb2dVertex
 10
8.400787322680407
 20
18.19562257355243
 30
0.0
  0
SEQEND
  5
267F
330
267C
100
AcDbEntity
  8
DET-ARMADURAS
  0
POLYLINE
  5
2680
330
1F
100
AcDbEntity
  8
DET-ARMADURAS
100
AcDb2dPolyline
 66
     1
 10
0.0
 20
0.0
 30
0.0
  0
VERTEX
  5
2681
330
2680
100
AcDbEntity
  8
DET-ARMADURAS
100
AcDbVertex
100
AcDb2dVertex
 10
8.689999052569255
 20
18.57024991700062
 30
0.0
  0
VERTEX
  5
2682
330
2680
100
AcDbEntity
  8
DET-ARMADURAS
100
AcDbVertex
100
AcDb2dVertex
 10
8.689999052569255
 20
18.19562257355243
 30
0.0
  0
SEQEND
  5
2683
330
2680
100
AcDbEntity
  8
DET-ARMADURAS
  0
POLYLINE
  5
2684
330
1F
100
AcDbEntity
  8
DET-ARMADURAS
100
AcDb2dPolyline
 66
     1
 10
0.0
 20
0.0
 30
0.0
  0
VERTEX
  5
2685
330
2684
100
AcDbEntity
  8
DET-ARMADURAS
100
AcDbVertex
100
AcDb2dVertex
 10
15.38444349700541
 20
18.55071636928902
 30
0.0
  0
VERTEX
  5
2686
330
2684
100
AcDbEntity
  8
DET-ARMADURAS
100
AcDbVertex
100
AcDb2dVertex
 10
15.38444349700541
 20
18.19562257355243
 30
0.0
  0
SEQEND
  5
2687
330
2684
100
AcDbEntity
  8
DET-ARMADURAS
  0
POLYLINE
  5
2688
330
1F
100
AcDbEntity
  8
DET-ARMADURAS
100
AcDb2dPolyline
 66
     1
 10
0.0
 20
0.0
 30
0.0
  0
VERTEX
  5
2689
330
2688
100
AcDbEntity
  8
DET-ARMADURAS
100
AcDbVertex
100
AcDb2dVertex
 10
15.09516450857411
 20
18.57024991700051
 30
0.0
  0
VERTEX
  5
268A
330
2688
100
AcDbEntity
  8
DET-ARMADURAS
100
AcDbVertex
100
AcDb2dVertex
 10
15.09516450857411
 20
18.19562257355243
 30
0.0
  0
SEQEND
  5
268B
330
2688
100
AcDbEntity
  8
DET-ARMADURAS
  0
POLYLINE
  5
268C
330
1F
100
AcDbEntity
  8
DET-ARMADURAS
100
AcDb2dPolyline
 66
     1
 10
0.0
 20
0.0
 30
0.0
  0
VERTEX
  5
268D
330
268C
100
AcDbEntity
  8
DET-ARMADURAS
100
AcDbVertex
100
AcDb2dVertex
 10
14.80178274909151
 20
18.57024991700051
 30
0.0
  0
VERTEX
  5
268E
330
268C
100
AcDbEntity
  8
DET-ARMADURAS
100
AcDbVertex
100
AcDb2dVertex
 10
14.80178274909151
 20
18.19562257355243
 30
0.0
  0
SEQEND
  5
268F
330
268C
100
AcDbEntity
  8
DET-ARMADURAS
  0
POLYLINE
  5
2690
330
1F
100
AcDbEntity
  8
DET-ARMADURAS
100
AcDb2dPolyline
 66
     1
 10
0.0
 20
0.0
 30
0.0
  0
VERTEX
  5
2691
330
2690
100
AcDbEntity
  8
DET-ARMADURAS
100
AcDbVertex
100
AcDb2dVertex
 10
14.50840098960845
 20
18.57024991700051
 30
0.0
  0
VERTEX
  5
2692
330
2690
100
AcDbEntity
  8
DET-ARMADURAS
100
AcDbVertex
100
AcDb2dVertex
 10
14.50840098960845
 20
18.19562257355243
 30
0.0
  0
SEQEND
  5
2693
330
2690
100
AcDbEntity
  8
DET-ARMADURAS
  0
POLYLINE
  5
2694
330
1F
100
AcDbEntity
  8
DET-ARMADURAS
100
AcDb2dPolyline
 66
     1
 10
0.0
 20
0.0
 30
0.0
  0
VERTEX
  5
2695
330
2694
100
AcDbEntity
  8
DET-ARMADURAS
100
AcDbVertex
100
AcDb2dVertex
 10
14.2191220011776
 20
18.57024991700051
 30
0.0
  0
VERTEX
  5
2696
330
2694
100
AcDbEntity
  8
DET-ARMADURAS
100
AcDbVertex
100
AcDb2dVertex
 10
14.2191220011776
 20
18.19562257355243
 30
0.0
  0
SEQEND
  5
2697
330
2694
100
AcDbEntity
  8
DET-ARMADURAS
  0
POLYLINE
  5
2698
330
1F
100
AcDbEntity
  8
DET-ARMADURAS
100
AcDb2dPolyline
 66
     1
 10
0.0
 20
0.0
 30
0.0
  0
VERTEX
  5
2699
330
2698
100
AcDbEntity
  8
DET-ARMADURAS
100
AcDbVertex
100
AcDb2dVertex
 10
13.92574024169455
 20
18.57024991700051
 30
0.0
  0
VERTEX
  5
269A
330
2698
100
AcDbEntity
  8
DET-ARMADURAS
100
AcDbVertex
100
AcDb2dVertex
 10
13.92574024169455
 20
18.19562257355243
 30
0.0
  0
SEQEND
  5
269B
330
2698
100
AcDbEntity
  8
DET-ARMADURAS
  0
POLYLINE
  5
269C
330
1F
100
AcDbEntity
  8
DET-ARMADURAS
100
AcDb2dPolyline
 66
     1
 10
0.0
 20
0.0
 30
0.0
  0
VERTEX
  5
269D
330
269C
100
AcDbEntity
  8
DET-ARMADURAS
100
AcDbVertex
100
AcDb2dVertex
 10
13.63229122366994
 20
18.57024991700051
 30
0.0
  0
VERTEX
  5
269E
330
269C
100
AcDbEntity
  8
DET-ARMADURAS
100
AcDbVertex
100
AcDb2dVertex
 10
13.63229122366994
 20
18.19562257355243
 30
0.0
  0
SEQEND
  5
269F
330
269C
100
AcDbEntity
  8
DET-ARMADURAS
  0
POLYLINE
  5
26A0
330
1F
100
AcDbEntity
  8
DET-ARMADURAS
100
AcDb2dPolyline
 66
     1
 10
0.0
 20
0.0
 30
0.0
  0
VERTEX
  5
26A1
330
26A0
100
AcDbEntity
  8
DET-ARMADURAS
100
AcDbVertex
100
AcDb2dVertex
 10
13.34307949377973
 20
18.57024991700051
 30
0.0
  0
VERTEX
  5
26A2
330
26A0
100
AcDbEntity
  8
DET-ARMADURAS
100
AcDbVertex
100
AcDb2dVertex
 10
13.34307949377973
 20
18.19562257355243
 30
0.0
  0
SEQEND
  5
26A3
330
26A0
100
AcDbEntity
  8
DET-ARMADURAS
  0
POLYLINE
  5
26A4
330
1F
100
AcDbEntity
  8
DET-ARMADURAS
100
AcDb2dPolyline
 66
     1
 10
0.0
 20
0.0
 30
0.0
  0
VERTEX
  5
26A5
330
26A4
100
AcDbEntity
  8
DET-ARMADURAS
100
AcDbVertex
100
AcDb2dVertex
 10
13.04969773429622
 20
18.57024991700051
 30
0.0
  0
VERTEX
  5
26A6
330
26A4
100
AcDbEntity
  8
DET-ARMADURAS
100
AcDbVertex
100
AcDb2dVertex
 10
13.04969773429622
 20
18.19562257355243
 30
0.0
  0
SEQEND
  5
26A7
330
26A4
100
AcDbEntity
  8
DET-ARMADURAS
  0
POLYLINE
  5
26A8
330
1F
100
AcDbEntity
  8
DET-ARMADURAS
100
AcDb2dPolyline
 66
     1
 10
0.0
 20
0.0
 30
0.0
  0
VERTEX
  5
26A9
330
26A8
100
AcDbEntity
  8
DET-ARMADURAS
100
AcDbVertex
100
AcDb2dVertex
 10
12.75624871627117
 20
18.57024991700051
 30
0.0
  0
VERTEX
  5
26AA
330
26A8
100
AcDbEntity
  8
DET-ARMADURAS
100
AcDbVertex
100
AcDb2dVertex
 10
12.75624871627117
 20
18.19562257355243
 30
0.0
  0
SEQEND
  5
26AB
330
26A8
100
AcDbEntity
  8
DET-ARMADURAS
  0
POLYLINE
  5
26AC
330
1F
100
AcDbEntity
  8
DET-ARMADURAS
100
AcDb2dPolyline
 66
     1
 10
0.0
 20
0.0
 30
0.0
  0
VERTEX
  5
26AD
330
26AC
100
AcDbEntity
  8
DET-ARMADURAS
100
AcDbVertex
100
AcDb2dVertex
 10
12.46696972784031
 20
18.57024991700051
 30
0.0
  0
VERTEX
  5
26AE
330
26AC
100
AcDbEntity
  8
DET-ARMADURAS
100
AcDbVertex
100
AcDb2dVertex
 10
12.46696972784031
 20
18.19562257355243
 30
0.0
  0
SEQEND
  5
26AF
330
26AC
100
AcDbEntity
  8
DET-ARMADURAS
  0
POLYLINE
  5
26B0
330
1F
100
AcDbEntity
  8
DET-ARMADURAS
100
AcDb2dPolyline
 66
     1
 10
0.0
 20
0.0
 30
0.0
  0
VERTEX
  5
26B1
330
26B0
100
AcDbEntity
  8
DET-ARMADURAS
100
AcDbVertex
100
AcDb2dVertex
 10
12.17358796835726
 20
18.57024991700051
 30
0.0
  0
VERTEX
  5
26B2
330
26B0
100
AcDbEntity
  8
DET-ARMADURAS
100
AcDbVertex
100
AcDb2dVertex
 10
12.17358796835726
 20
18.19562257355243
 30
0.0
  0
SEQEND
  5
26B3
330
26B0
100
AcDbEntity
  8
DET-ARMADURAS
  0
POLYLINE
  5
26B4
330
1F
100
AcDbEntity
  8
DET-ARMADURAS
100
AcDb2dPolyline
 66
     1
 10
0.0
 20
0.0
 30
0.0
  0
VERTEX
  5
26B5
330
26B4
100
AcDbEntity
  8
DET-ARMADURAS
100
AcDbVertex
100
AcDb2dVertex
 10
11.88020620887375
 20
18.57024991700051
 30
0.0
  0
VERTEX
  5
26B6
330
26B4
100
AcDbEntity
  8
DET-ARMADURAS
100
AcDbVertex
100
AcDb2dVertex
 10
11.88020620887375
 20
18.19562257355243
 30
0.0
  0
SEQEND
  5
26B7
330
26B4
100
AcDbEntity
  8
DET-ARMADURAS
  0
POLYLINE
  5
26B8
330
1F
100
AcDbEntity
  8
DET-ARMADURAS
100
AcDb2dPolyline
 66
     1
 10
0.0
 20
0.0
 30
0.0
  0
VERTEX
  5
26B9
330
26B8
100
AcDbEntity
  8
DET-ARMADURAS
100
AcDbVertex
100
AcDb2dVertex
 10
11.5868244493907
 20
18.57024991700051
 30
0.0
  0
VERTEX
  5
26BA
330
26B8
100
AcDbEntity
  8
DET-ARMADURAS
100
AcDbVertex
100
AcDb2dVertex
 10
11.5868244493907
 20
18.19562257355243
 30
0.0
  0
SEQEND
  5
26BB
330
26B8
100
AcDbEntity
  8
DET-ARMADURAS
  0
POLYLINE
  5
26BC
330
1F
100
AcDbEntity
  8
DET-ARMADURAS
100
AcDb2dPolyline
 66
     1
 10
0.0
 20
0.0
 30
0.0
  0
VERTEX
  5
26BD
330
26BC
100
AcDbEntity
  8
DET-ARMADURAS
100
AcDbVertex
100
AcDb2dVertex
 10
11.29754546095984
 20
18.57024991700051
 30
0.0
  0
VERTEX
  5
26BE
330
26BC
100
AcDbEntity
  8
DET-ARMADURAS
100
AcDbVertex
100
AcDb2dVertex
 10
11.29754546095984
 20
18.19562257355243
 30
0.0
  0
SEQEND
  5
26BF
330
26BC
100
AcDbEntity
  8
DET-ARMADURAS
  0
POLYLINE
  5
26C0
330
1F
100
AcDbEntity
  8
DET-ARMADURAS
100
AcDb2dPolyline
 66
     1
 10
0.0
 20
0.0
 30
0.0
  0
VERTEX
  5
26C1
330
26C0
100
AcDbEntity
  8
DET-ARMADURAS
100
AcDbVertex
100
AcDb2dVertex
 10
11.00416370147679
 20
18.57024991700051
 30
0.0
  0
VERTEX
  5
26C2
330
26C0
100
AcDbEntity
  8
DET-ARMADURAS
100
AcDbVertex
100
AcDb2dVertex
 10
11.00416370147679
 20
18.19562257355243
 30
0.0
  0
SEQEND
  5
26C3
330
26C0
100
AcDbEntity
  8
DET-ARMADURAS
  0
POLYLINE
  5
26C4
330
1F
100
AcDbEntity
  8
DET-ARMADURAS
100
AcDb2dPolyline
 66
     1
 10
0.0
 20
0.0
 30
0.0
  0
VERTEX
  5
26C5
330
26C4
100
AcDbEntity
  8
DET-ARMADURAS
100
AcDbVertex
100
AcDb2dVertex
 10
10.71071468345219
 20
18.57024991700051
 30
0.0
  0
VERTEX
  5
26C6
330
26C4
100
AcDbEntity
  8
DET-ARMADURAS
100
AcDbVertex
100
AcDb2dVertex
 10
10.71071468345219
 20
18.19562257355243
 30
0.0
  0
SEQEND
  5
26C7
330
26C4
100
AcDbEntity
  8
DET-ARMADURAS
  0
POLYLINE
  5
26C8
330
1F
100
AcDbEntity
  8
DET-ARMADURAS
100
AcDb2dPolyline
 66
     1
 10
0.0
 20
0.0
 30
0.0
  0
VERTEX
  5
26C9
330
26C8
100
AcDbEntity
  8
DET-ARMADURAS
100
AcDbVertex
100
AcDb2dVertex
 10
10.42150295356197
 20
18.57024991700051
 30
0.0
  0
VERTEX
  5
26CA
330
26C8
100
AcDbEntity
  8
DET-ARMADURAS
100
AcDbVertex
100
AcDb2dVertex
 10
10.42150295356197
 20
18.19562257355243
 30
0.0
  0
SEQEND
  5
26CB
330
26C8
100
AcDbEntity
  8
DET-ARMADURAS
  0
POLYLINE
  5
26CC
330
1F
100
AcDbEntity
  8
DET-ARMADURAS
100
AcDb2dPolyline
 66
     1
 10
0.0
 20
0.0
 30
0.0
  0
VERTEX
  5
26CD
330
26CC
100
AcDbEntity
  8
DET-ARMADURAS
100
AcDbVertex
100
AcDb2dVertex
 10
10.12812119407938
 20
18.57024991700051
 30
0.0
  0
VERTEX
  5
26CE
330
26CC
100
AcDbEntity
  8
DET-ARMADURAS
100
AcDbVertex
100
AcDb2dVertex
 10
10.12812119407938
 20
18.19562257355243
 30
0.0
  0
SEQEND
  5
26CF
330
26CC
100
AcDbEntity
  8
DET-ARMADURAS
  0
POLYLINE
  5
26D0
330
1F
100
AcDbEntity
  8
DET-ARMADURAS
100
AcDb2dPolyline
 66
     1
 10
0.0
 20
0.0
 30
0.0
  0
VERTEX
  5
26D1
330
26D0
100
AcDbEntity
  8
DET-ARMADURAS
100
AcDbVertex
100
AcDb2dVertex
 10
9.834672176054318
 20
18.57024991700051
 30
0.0
  0
VERTEX
  5
26D2
330
26D0
100
AcDbEntity
  8
DET-ARMADURAS
100
AcDbVertex
100
AcDb2dVertex
 10
9.834672176054318
 20
18.19562257355243
 30
0.0
  0
SEQEND
  5
26D3
330
26D0
100
AcDbEntity
  8
DET-ARMADURAS
  0
POLYLINE
  5
26D4
330
1F
100
AcDbEntity
  8
DET-ARMADURAS
100
AcDb2dPolyline
 66
     1
 10
0.0
 20
0.0
 30
0.0
  0
VERTEX
  5
26D5
330
26D4
100
AcDbEntity
  8
DET-ARMADURAS
100
AcDbVertex
100
AcDb2dVertex
 10
9.545393187623467
 20
18.57024991700051
 30
0.0
  0
VERTEX
  5
26D6
330
26D4
100
AcDbEntity
  8
DET-ARMADURAS
100
AcDbVertex
100
AcDb2dVertex
 10
9.545393187623467
 20
18.19562257355243
 30
0.0
  0
SEQEND
  5
26D7
330
26D4
100
AcDbEntity
  8
DET-ARMADURAS
  0
POLYLINE
  5
26D8
330
1F
100
AcDbEntity
  8
DET-ARMADURAS
100
AcDb2dPolyline
 66
     1
 10
0.0
 20
0.0
 30
0.0
  0
VERTEX
  5
26D9
330
26D8
100
AcDbEntity
  8
DET-ARMADURAS
100
AcDbVertex
100
AcDb2dVertex
 10
9.252011428139503
 20
18.57024991700062
 30
0.0
  0
VERTEX
  5
26DA
330
26D8
100
AcDbEntity
  8
DET-ARMADURAS
100
AcDbVertex
100
AcDb2dVertex
 10
9.252011428139503
 20
18.19562257355243
 30
0.0
  0
SEQEND
  5
26DB
330
26D8
100
AcDbEntity
  8
DET-ARMADURAS
  0
POLYLINE
  5
26DC
330
1F
100
AcDbEntity
  8
DET-ARMADURAS
100
AcDb2dPolyline
 66
     1
 10
0.0
 20
0.0
 30
0.0
  0
VERTEX
  5
26DD
330
26DC
100
AcDbEntity
  8
DET-ARMADURAS
100
AcDbVertex
100
AcDb2dVertex
 10
15.88451075554651
 20
18.56749306224888
 30
0.0
  0
VERTEX
  5
26DE
330
26DC
100
AcDbEntity
  8
DET-ARMADURAS
100
AcDbVertex
100
AcDb2dVertex
 10
15.88451075554651
 20
18.19562257355243
 30
0.0
  0
SEQEND
  5
26DF
330
26DC
100
AcDbEntity
  8
DET-ARMADURAS
  0
POLYLINE
  5
26E0
330
1F
100
AcDbEntity
  8
DET-ARMADURAS
100
AcDb2dPolyline
 66
     1
 10
0.0
 20
0.0
 30
0.0
  0
VERTEX
  5
26E1
330
26E0
100
AcDbEntity
  8
DET-ARMADURAS
100
AcDbVertex
100
AcDb2dVertex
 10
16.17789251503092
 20
18.57024991700051
 30
0.0
  0
VERTEX
  5
26E2
330
26E0
100
AcDbEntity
  8
DET-ARMADURAS
100
AcDbVertex
100
AcDb2dVertex
 10
16.17789251503092
 20
18.19562257355243
 30
0.0
  0
SEQEND
  5
26E3
330
26E0
100
AcDbEntity
  8
DET-ARMADURAS
  0
POLYLINE
  5
26E4
330
1F
100
AcDbEntity
  8
DET-ARMADURAS
100
AcDb2dPolyline
 66
     1
 10
0.0
 20
0.0
 30
0.0
  0
VERTEX
  5
26E5
330
26E4
100
AcDbEntity
  8
DET-ARMADURAS
100
AcDbVertex
100
AcDb2dVertex
 10
16.47127427451398
 20
18.57024991700051
 30
0.0
  0
VERTEX
  5
26E6
330
26E4
100
AcDbEntity
  8
DET-ARMADURAS
100
AcDbVertex
100
AcDb2dVertex
 10
16.47127427451398
 20
18.19562257355243
 30
0.0
  0
SEQEND
  5
26E7
330
26E4
100
AcDbEntity
  8
DET-ARMADURAS
  0
POLYLINE
  5
26E8
330
1F
100
AcDbEntity
  8
DET-ARMADURAS
100
AcDb2dPolyline
 66
     1
 10
0.0
 20
0.0
 30
0.0
  0
VERTEX
  5
26E9
330
26E8
100
AcDbEntity
  8
DET-ARMADURAS
100
AcDbVertex
100
AcDb2dVertex
 10
16.76055326294483
 20
18.57024991700051
 30
0.0
  0
VERTEX
  5
26EA
330
26E8
100
AcDbEntity
  8
DET-ARMADURAS
100
AcDbVertex
100
AcDb2dVertex
 10
16.76055326294483
 20
18.19562257355243
 30
0.0
  0
SEQEND
  5
26EB
330
26E8
100
AcDbEntity
  8
DET-ARMADURAS
  0
POLYLINE
  5
26EC
330
1F
100
AcDbEntity
  8
DET-ARMADURAS
100
AcDb2dPolyline
 66
     1
 10
0.0
 20
0.0
 30
0.0
  0
VERTEX
  5
26ED
330
26EC
100
AcDbEntity
  8
DET-ARMADURAS
100
AcDbVertex
100
AcDb2dVertex
 10
17.05393502242788
 20
18.57024991700051
 30
0.0
  0
VERTEX
  5
26EE
330
26EC
100
AcDbEntity
  8
DET-ARMADURAS
100
AcDbVertex
100
AcDb2dVertex
 10
17.05393502242788
 20
18.19562257355243
 30
0.0
  0
SEQEND
  5
26EF
330
26EC
100
AcDbEntity
  8
DET-ARMADURAS
  0
POLYLINE
  5
26F0
330
1F
100
AcDbEntity
  8
DET-ARMADURAS
100
AcDb2dPolyline
 66
     1
 10
0.0
 20
0.0
 30
0.0
  0
VERTEX
  5
26F1
330
26F0
100
AcDbEntity
  8
DET-ARMADURAS
100
AcDbVertex
100
AcDb2dVertex
 10
17.34731678191094
 20
18.57024991700051
 30
0.0
  0
VERTEX
  5
26F2
330
26F0
100
AcDbEntity
  8
DET-ARMADURAS
100
AcDbVertex
100
AcDb2dVertex
 10
17.34731678191094
 20
18.19562257355243
 30
0.0
  0
SEQEND
  5
26F3
330
26F0
100
AcDbEntity
  8
DET-ARMADURAS
  0
POLYLINE
  5
26F4
330
1F
100
AcDbEntity
  8
DET-ARMADURAS
100
AcDb2dPolyline
 66
     1
 10
0.0
 20
0.0
 30
0.0
  0
VERTEX
  5
26F5
330
26F4
100
AcDbEntity
  8
DET-ARMADURAS
100
AcDbVertex
100
AcDb2dVertex
 10
17.63659577034179
 20
18.57024991700051
 30
0.0
  0
VERTEX
  5
26F6
330
26F4
100
AcDbEntity
  8
DET-ARMADURAS
100
AcDbVertex
100
AcDb2dVertex
 10
17.63659577034179
 20
18.19562257355243
 30
0.0
  0
SEQEND
  5
26F7
330
26F4
100
AcDbEntity
  8
DET-ARMADURAS
  0
POLYLINE
  5
26F8
330
1F
100
AcDbEntity
  8
DET-ARMADURAS
100
AcDb2dPolyline
 66
     1
 10
0.0
 20
0.0
 30
0.0
  0
VERTEX
  5
26F9
330
26F8
100
AcDbEntity
  8
DET-ARMADURAS
100
AcDbVertex
100
AcDb2dVertex
 10
17.92997752982484
 20
18.57024991700051
 30
0.0
  0
VERTEX
  5
26FA
330
26F8
100
AcDbEntity
  8
DET-ARMADURAS
100
AcDbVertex
100
AcDb2dVertex
 10
17.92997752982484
 20
18.19562257355243
 30
0.0
  0
SEQEND
  5
26FB
330
26F8
100
AcDbEntity
  8
DET-ARMADURAS
  0
POLYLINE
  5
26FC
330
1F
100
AcDbEntity
  8
DET-ARMADURAS
100
AcDb2dPolyline
 66
     1
 10
0.0
 20
0.0
 30
0.0
  0
VERTEX
  5
26FD
330
26FC
100
AcDbEntity
  8
DET-ARMADURAS
100
AcDbVertex
100
AcDb2dVertex
 10
18.22335928930835
 20
18.57024991700051
 30
0.0
  0
VERTEX
  5
26FE
330
26FC
100
AcDbEntity
  8
DET-ARMADURAS
100
AcDbVertex
100
AcDb2dVertex
 10
18.22335928930835
 20
18.19562257355243
 30
0.0
  0
SEQEND
  5
26FF
330
26FC
100
AcDbEntity
  8
DET-ARMADURAS
  0
POLYLINE
  5
2700
330
1F
100
AcDbEntity
  8
DET-ARMADURAS
100
AcDb2dPolyline
 66
     1
 10
0.0
 20
0.0
 30
0.0
  0
VERTEX
  5
2701
330
2700
100
AcDbEntity
  8
DET-ARMADURAS
100
AcDbVertex
100
AcDb2dVertex
 10
18.51263827774011
 20
18.57024991700051
 30
0.0
  0
VERTEX
  5
2702
330
2700
100
AcDbEntity
  8
DET-ARMADURAS
100
AcDbVertex
100
AcDb2dVertex
 10
18.51263827774011
 20
18.19562257355243
 30
0.0
  0
SEQEND
  5
2703
330
2700
100
AcDbEntity
  8
DET-ARMADURAS
  0
POLYLINE
  5
2704
330
1F
100
AcDbEntity
  8
DET-ARMADURAS
100
AcDb2dPolyline
 66
     1
 10
0.0
 20
0.0
 30
0.0
  0
VERTEX
  5
2705
330
2704
100
AcDbEntity
  8
DET-ARMADURAS
100
AcDbVertex
100
AcDb2dVertex
 10
18.80608729576517
 20
18.57024991700051
 30
0.0
  0
VERTEX
  5
2706
330
2704
100
AcDbEntity
  8
DET-ARMADURAS
100
AcDbVertex
100
AcDb2dVertex
 10
18.80608729576517
 20
18.19562257355243
 30
0.0
  0
SEQEND
  5
2707
330
2704
100
AcDbEntity
  8
DET-ARMADURAS
  0
POLYLINE
  5
2708
330
1F
100
AcDbEntity
  8
DET-ARMADURAS
100
AcDb2dPolyline
 66
     1
 10
0.0
 20
0.0
 30
0.0
  0
VERTEX
  5
2709
330
2708
100
AcDbEntity
  8
DET-ARMADURAS
100
AcDbVertex
100
AcDb2dVertex
 10
19.09946905524777
 20
18.57024991700051
 30
0.0
  0
VERTEX
  5
270A
330
2708
100
AcDbEntity
  8
DET-ARMADURAS
100
AcDbVertex
100
AcDb2dVertex
 10
19.09946905524777
 20
18.19562257355243
 30
0.0
  0
SEQEND
  5
270B
330
2708
100
AcDbEntity
  8
DET-ARMADURAS
  0
POLYLINE
  5
270C
330
1F
100
AcDbEntity
  8
DET-ARMADURAS
100
AcDb2dPolyline
 66
     1
 10
0.0
 20
0.0
 30
0.0
  0
VERTEX
  5
270D
330
270C
100
AcDbEntity
  8
DET-ARMADURAS
100
AcDbVertex
100
AcDb2dVertex
 10
19.38868078513798
 20
18.57024991700051
 30
0.0
  0
VERTEX
  5
270E
330
270C
100
AcDbEntity
  8
DET-ARMADURAS
100
AcDbVertex
100
AcDb2dVertex
 10
19.38868078513798
 20
18.19562257355243
 30
0.0
  0
SEQEND
  5
270F
330
270C
100
AcDbEntity
  8
DET-ARMADURAS
  0
POLYLINE
  5
2710
330
1F
100
AcDbEntity
  8
DET-ARMADURAS
100
AcDb2dPolyline
 66
     1
 10
0.0
 20
0.0
 30
0.0
  0
VERTEX
  5
2711
330
2710
100
AcDbEntity
  8
DET-ARMADURAS
100
AcDbVertex
100
AcDb2dVertex
 10
19.68212980316259
 20
18.57024991700051
 30
0.0
  0
VERTEX
  5
2712
330
2710
100
AcDbEntity
  8
DET-ARMADURAS
100
AcDbVertex
100
AcDb2dVertex
 10
19.68212980316259
 20
18.19562257355243
 30
0.0
  0
SEQEND
  5
2713
330
2710
100
AcDbEntity
  8
DET-ARMADURAS
  0
POLYLINE
  5
2714
330
1F
100
AcDbEntity
  8
DET-ARMADURAS
100
AcDb2dPolyline
 66
     1
 10
0.0
 20
0.0
 30
0.0
  0
VERTEX
  5
2715
330
2714
100
AcDbEntity
  8
DET-ARMADURAS
100
AcDbVertex
100
AcDb2dVertex
 10
19.97551156264564
 20
18.57024991700051
 30
0.0
  0
VERTEX
  5
2716
330
2714
100
AcDbEntity
  8
DET-ARMADURAS
100
AcDbVertex
100
AcDb2dVertex
 10
19.97551156264564
 20
18.19562257355243
 30
0.0
  0
SEQEND
  5
2717
330
2714
100
AcDbEntity
  8
DET-ARMADURAS
  0
POLYLINE
  5
2718
330
1F
100
AcDbEntity
  8
DET-ARMADURAS
100
AcDb2dPolyline
 66
     1
 10
0.0
 20
0.0
 30
0.0
  0
VERTEX
  5
2719
330
2718
100
AcDbEntity
  8
DET-ARMADURAS
100
AcDbVertex
100
AcDb2dVertex
 10
20.2647905510765
 20
18.57024991700051
 30
0.0
  0
VERTEX
  5
271A
330
2718
100
AcDbEntity
  8
DET-ARMADURAS
100
AcDbVertex
100
AcDb2dVertex
 10
20.2647905510765
 20
18.19562257355243
 30
0.0
  0
SEQEND
  5
271B
330
2718
100
AcDbEntity
  8
DET-ARMADURAS
  0
POLYLINE
  5
271C
330
1F
100
AcDbEntity
  8
DET-ARMADURAS
100
AcDb2dPolyline
 66
     1
 10
0.0
 20
0.0
 30
0.0
  0
VERTEX
  5
271D
330
271C
100
AcDbEntity
  8
DET-ARMADURAS
100
AcDbVertex
100
AcDb2dVertex
 10
20.55817231055955
 20
18.57024991700051
 30
0.0
  0
VERTEX
  5
271E
330
271C
100
AcDbEntity
  8
DET-ARMADURAS
100
AcDbVertex
100
AcDb2dVertex
 10
20.55817231055955
 20
18.19562257355243
 30
0.0
  0
SEQEND
  5
271F
330
271C
100
AcDbEntity
  8
DET-ARMADURAS
  0
POLYLINE
  5
2720
330
1F
100
AcDbEntity
  8
DET-ARMADURAS
100
AcDb2dPolyline
 66
     1
 10
0.0
 20
0.0
 30
0.0
  0
VERTEX
  5
2721
330
2720
100
AcDbEntity
  8
DET-ARMADURAS
100
AcDbVertex
100
AcDb2dVertex
 10
20.8515540700426
 20
18.57024991700051
 30
0.0
  0
VERTEX
  5
2722
330
2720
100
AcDbEntity
  8
DET-ARMADURAS
100
AcDbVertex
100
AcDb2dVertex
 10
20.8515540700426
 20
18.19562257355243
 30
0.0
  0
SEQEND
  5
2723
330
2720
100
AcDbEntity
  8
DET-ARMADURAS
  0
POLYLINE
  5
2724
330
1F
100
AcDbEntity
  8
DET-ARMADURAS
100
AcDb2dPolyline
 66
     1
 10
0.0
 20
0.0
 30
0.0
  0
VERTEX
  5
2725
330
2724
100
AcDbEntity
  8
DET-ARMADURAS
100
AcDbVertex
100
AcDb2dVertex
 10
21.14083305847346
 20
18.57024991700051
 30
0.0
  0
VERTEX
  5
2726
330
2724
100
AcDbEntity
  8
DET-ARMADURAS
100
AcDbVertex
100
AcDb2dVertex
 10
21.14083305847346
 20
18.19562257355243
 30
0.0
  0
SEQEND
  5
2727
330
2724
100
AcDbEntity
  8
DET-ARMADURAS
  0
POLYLINE
  5
2728
330
1F
100
AcDbEntity
  8
DET-ARMADURAS
100
AcDb2dPolyline
 66
     1
 10
0.0
 20
0.0
 30
0.0
  0
VERTEX
  5
2729
330
2728
100
AcDbEntity
  8
DET-ARMADURAS
100
AcDbVertex
100
AcDb2dVertex
 10
21.43421481795696
 20
18.57024991700051
 30
0.0
  0
VERTEX
  5
272A
330
2728
100
AcDbEntity
  8
DET-ARMADURAS
100
AcDbVertex
100
AcDb2dVertex
 10
21.43421481795696
 20
18.19562257355243
 30
0.0
  0
SEQEND
  5
272B
330
2728
100
AcDbEntity
  8
DET-ARMADURAS
  0
POLYLINE
  5
272C
330
1F
100
AcDbEntity
  8
DET-ARMADURAS
100
AcDb2dPolyline
 66
     1
 10
0.0
 20
0.0
 30
0.0
  0
VERTEX
  5
272D
330
272C
100
AcDbEntity
  8
DET-ARMADURAS
100
AcDbVertex
100
AcDb2dVertex
 10
21.72766383598111
 20
18.57024991700051
 30
0.0
  0
VERTEX
  5
272E
330
272C
100
AcDbEntity
  8
DET-ARMADURAS
100
AcDbVertex
100
AcDb2dVertex
 10
21.72766383598111
 20
18.19562257355243
 30
0.0
  0
SEQEND
  5
272F
330
272C
100
AcDbEntity
  8
DET-ARMADURAS
  0
POLYLINE
  5
2730
330
1F
100
AcDbEntity
  8
DET-ARMADURAS
100
AcDb2dPolyline
 66
     1
 10
0.0
 20
0.0
 30
0.0
  0
VERTEX
  5
2731
330
2730
100
AcDbEntity
  8
DET-ARMADURAS
100
AcDbVertex
100
AcDb2dVertex
 10
22.01687556587132
 20
18.57024991700051
 30
0.0
  0
VERTEX
  5
2732
330
2730
100
AcDbEntity
  8
DET-ARMADURAS
100
AcDbVertex
100
AcDb2dVertex
 10
22.01687556587132
 20
18.19562257355243
 30
0.0
  0
SEQEND
  5
2733
330
2730
100
AcDbEntity
  8
DET-ARMADURAS
  0
POLYLINE
  5
2734
330
1F
100
AcDbEntity
  8
DET-ARMADURAS
100
AcDb2dPolyline
 66
     1
 10
0.0
 20
0.0
 30
0.0
  0
VERTEX
  5
2735
330
2734
100
AcDbEntity
  8
DET-ARMADURAS
100
AcDbVertex
100
AcDb2dVertex
 10
23.7483794668645
 20
18.57024991700051
 30
0.0
  0
VERTEX
  5
2736
330
2734
100
AcDbEntity
  8
DET-ARMADURAS
100
AcDbVertex
100
AcDb2dVertex
 10
23.7483794668645
 20
18.19562257355243
 30
0.0
  0
SEQEND
  5
2737
330
2734
100
AcDbEntity
  8
DET-ARMADURAS
  0
POLYLINE
  5
2738
330
1F
100
AcDbEntity
  8
DET-ARMADURAS
100
AcDb2dPolyline
 66
     1
 10
0.0
 20
0.0
 30
0.0
  0
VERTEX
  5
2739
330
2738
100
AcDbEntity
  8
DET-ARMADURAS
100
AcDbVertex
100
AcDb2dVertex
 10
23.45499770738145
 20
18.57024991700051
 30
0.0
  0
VERTEX
  5
273A
330
2738
100
AcDbEntity
  8
DET-ARMADURAS
100
AcDbVertex
100
AcDb2dVertex
 10
23.45499770738145
 20
18.19562257355243
 30
0.0
  0
SEQEND
  5
273B
330
2738
100
AcDbEntity
  8
DET-ARMADURAS
  0
POLYLINE
  5
273C
330
1F
100
AcDbEntity
  8
DET-ARMADURAS
100
AcDb2dPolyline
 66
     1
 10
0.0
 20
0.0
 30
0.0
  0
VERTEX
  5
273D
330
273C
100
AcDbEntity
  8
DET-ARMADURAS
100
AcDbVertex
100
AcDb2dVertex
 10
23.16154868935775
 20
18.57024991700051
 30
0.0
  0
VERTEX
  5
273E
330
273C
100
AcDbEntity
  8
DET-ARMADURAS
100
AcDbVertex
100
AcDb2dVertex
 10
23.16154868935775
 20
18.19562257355243
 30
0.0
  0
SEQEND
  5
273F
330
273C
100
AcDbEntity
  8
DET-ARMADURAS
  0
POLYLINE
  5
2740
330
1F
100
AcDbEntity
  8
DET-ARMADURAS
100
AcDb2dPolyline
 66
     1
 10
0.0
 20
0.0
 30
0.0
  0
VERTEX
  5
2741
330
2740
100
AcDbEntity
  8
DET-ARMADURAS
100
AcDbVertex
100
AcDb2dVertex
 10
22.87226970092508
 20
18.57024991700051
 30
0.0
  0
VERTEX
  5
2742
330
2740
100
AcDbEntity
  8
DET-ARMADURAS
100
AcDbVertex
100
AcDb2dVertex
 10
22.87226970092508
 20
18.19562257355243
 30
0.0
  0
SEQEND
  5
2743
330
2740
100
AcDbEntity
  8
DET-ARMADURAS
  0
POLYLINE
  5
2744
330
1F
100
AcDbEntity
  8
DET-ARMADURAS
100
AcDb2dPolyline
 66
     1
 10
0.0
 20
0.0
 30
0.0
  0
VERTEX
  5
2745
330
2744
100
AcDbEntity
  8
DET-ARMADURAS
100
AcDbVertex
100
AcDb2dVertex
 10
22.57888794144203
 20
18.57024991700051
 30
0.0
  0
VERTEX
  5
2746
330
2744
100
AcDbEntity
  8
DET-ARMADURAS
100
AcDbVertex
100
AcDb2dVertex
 10
22.57888794144203
 20
18.19562257355243
 30
0.0
  0
SEQEND
  5
2747
330
2744
100
AcDbEntity
  8
DET-ARMADURAS
  0
POLYLINE
  5
2748
330
1F
100
AcDbEntity
  8
DET-ARMADURAS
100
AcDb2dPolyline
 66
     1
 10
0.0
 20
0.0
 30
0.0
  0
VERTEX
  5
2749
330
2748
100
AcDbEntity
  8
DET-ARMADURAS
100
AcDbVertex
100
AcDb2dVertex
 10
3.93276720223077
 20
10.31185719968276
 30
0.0
  0
VERTEX
  5
274A
330
2748
100
AcDbEntity
  8
DET-ARMADURAS
100
AcDbVertex
100
AcDb2dVertex
 10
3.93276720223077
 20
9.989554267210777
 30
0.0
  0
SEQEND
  5
274B
330
2748
100
AcDbEntity
  8
DET-ARMADURAS
  0
POLYLINE
  5
274C
330
1F
100
AcDbEntity
  8
DET-ARMADURAS
100
AcDb2dPolyline
 66
     1
 10
0.0
 20
0.0
 30
0.0
  0
VERTEX
  5
274D
330
274C
100
AcDbEntity
  8
DET-ARMADURAS
100
AcDbVertex
100
AcDb2dVertex
 10
4.22614896171428
 20
10.34185719968273
 30
0.0
  0
VERTEX
  5
274E
330
274C
100
AcDbEntity
  8
DET-ARMADURAS
100
AcDbVertex
100
AcDb2dVertex
 10
4.22614896171428
 20
9.959554267210918
 30
0.0
  0
SEQEND
  5
274F
330
274C
100
AcDbEntity
  8
DET-ARMADURAS
  0
POLYLINE
  5
2750
330
1F
100
AcDbEntity
  8
DET-ARMADURAS
100
AcDb2dPolyline
 66
     1
 10
0.0
 20
0.0
 30
0.0
  0
VERTEX
  5
2751
330
2750
100
AcDbEntity
  8
DET-ARMADURAS
100
AcDbVertex
100
AcDb2dVertex
 10
4.519530721197334
 20
10.34185719968273
 30
0.0
  0
VERTEX
  5
2752
330
2750
100
AcDbEntity
  8
DET-ARMADURAS
100
AcDbVertex
100
AcDb2dVertex
 10
4.519530721197334
 20
9.959554267210918
 30
0.0
  0
SEQEND
  5
2753
330
2750
100
AcDbEntity
  8
DET-ARMADURAS
  0
POLYLINE
  5
2754
330
1F
100
AcDbEntity
  8
DET-ARMADURAS
100
AcDb2dPolyline
 66
     1
 10
0.0
 20
0.0
 30
0.0
  0
VERTEX
  5
2755
330
2754
100
AcDbEntity
  8
DET-ARMADURAS
100
AcDbVertex
100
AcDb2dVertex
 10
4.808809709628185
 20
10.34185719968273
 30
0.0
  0
VERTEX
  5
2756
330
2754
100
AcDbEntity
  8
DET-ARMADURAS
100
AcDbVertex
100
AcDb2dVertex
 10
4.808809709628185
 20
9.959554267210918
 30
0.0
  0
SEQEND
  5
2757
330
2754
100
AcDbEntity
  8
DET-ARMADURAS
  0
POLYLINE
  5
2758
330
1F
100
AcDbEntity
  8
DET-ARMADURAS
100
AcDb2dPolyline
 66
     1
 10
0.0
 20
0.0
 30
0.0
  0
VERTEX
  5
2759
330
2758
100
AcDbEntity
  8
DET-ARMADURAS
100
AcDbVertex
100
AcDb2dVertex
 10
5.102191469111239
 20
10.34185719968273
 30
0.0
  0
VERTEX
  5
275A
330
2758
100
AcDbEntity
  8
DET-ARMADURAS
100
AcDbVertex
100
AcDb2dVertex
 10
5.102191469111239
 20
9.959554267210918
 30
0.0
  0
SEQEND
  5
275B
330
2758
100
AcDbEntity
  8
DET-ARMADURAS
  0
POLYLINE
  5
275C
330
1F
100
AcDbEntity
  8
DET-ARMADURAS
100
AcDb2dPolyline
 66
     1
 10
0.0
 20
0.0
 30
0.0
  0
VERTEX
  5
275D
330
275C
100
AcDbEntity
  8
DET-ARMADURAS
100
AcDbVertex
100
AcDb2dVertex
 10
5.395640487135842
 20
10.34185719968273
 30
0.0
  0
VERTEX
  5
275E
330
275C
100
AcDbEntity
  8
DET-ARMADURAS
100
AcDbVertex
100
AcDb2dVertex
 10
5.395640487135842
 20
9.959554267210918
 30
0.0
  0
SEQEND
  5
275F
330
275C
100
AcDbEntity
  8
DET-ARMADURAS
  0
POLYLINE
  5
2760
330
1F
100
AcDbEntity
  8
DET-ARMADURAS
100
AcDb2dPolyline
 66
     1
 10
0.0
 20
0.0
 30
0.0
  0
VERTEX
  5
2761
330
2760
100
AcDbEntity
  8
DET-ARMADURAS
100
AcDbVertex
100
AcDb2dVertex
 10
5.689022246618897
 20
10.34185719968273
 30
0.0
  0
VERTEX
  5
2762
330
2760
100
AcDbEntity
  8
DET-ARMADURAS
100
AcDbVertex
100
AcDb2dVertex
 10
5.689022246618897
 20
9.959554267210918
 30
0.0
  0
SEQEND
  5
2763
330
2760
100
AcDbEntity
  8
DET-ARMADURAS
  0
POLYLINE
  5
2764
330
1F
100
AcDbEntity
  8
DET-ARMADURAS
100
AcDb2dPolyline
 66
     1
 10
0.0
 20
0.0
 30
0.0
  0
VERTEX
  5
2765
330
2764
100
AcDbEntity
  8
DET-ARMADURAS
100
AcDbVertex
100
AcDb2dVertex
 10
5.978301235050203
 20
10.34185719968273
 30
0.0
  0
VERTEX
  5
2766
330
2764
100
AcDbEntity
  8
DET-ARMADURAS
100
AcDbVertex
100
AcDb2dVertex
 10
5.978301235050203
 20
9.959554267210918
 30
0.0
  0
SEQEND
  5
2767
330
2764
100
AcDbEntity
  8
DET-ARMADURAS
  0
POLYLINE
  5
2768
330
1F
100
AcDbEntity
  8
DET-ARMADURAS
100
AcDb2dPolyline
 66
     1
 10
0.0
 20
0.0
 30
0.0
  0
VERTEX
  5
2769
330
2768
100
AcDbEntity
  8
DET-ARMADURAS
100
AcDbVertex
100
AcDb2dVertex
 10
6.271682994532802
 20
10.34185719968273
 30
0.0
  0
VERTEX
  5
276A
330
2768
100
AcDbEntity
  8
DET-ARMADURAS
100
AcDbVertex
100
AcDb2dVertex
 10
6.271682994532802
 20
9.959554267210918
 30
0.0
  0
SEQEND
  5
276B
330
2768
100
AcDbEntity
  8
DET-ARMADURAS
  0
POLYLINE
  5
276C
330
1F
100
AcDbEntity
  8
DET-ARMADURAS
100
AcDb2dPolyline
 66
     1
 10
0.0
 20
0.0
 30
0.0
  0
VERTEX
  5
276D
330
276C
100
AcDbEntity
  8
DET-ARMADURAS
100
AcDbVertex
100
AcDb2dVertex
 10
6.565064754017221
 20
10.34185719968273
 30
0.0
  0
VERTEX
  5
276E
330
276C
100
AcDbEntity
  8
DET-ARMADURAS
100
AcDbVertex
100
AcDb2dVertex
 10
6.565064754017221
 20
9.959554267210918
 30
0.0
  0
SEQEND
  5
276F
330
276C
100
AcDbEntity
  8
DET-ARMADURAS
  0
POLYLINE
  5
2770
330
1F
100
AcDbEntity
  8
DET-ARMADURAS
100
AcDb2dPolyline
 66
     1
 10
0.0
 20
0.0
 30
0.0
  0
VERTEX
  5
2771
330
2770
100
AcDbEntity
  8
DET-ARMADURAS
100
AcDbVertex
100
AcDb2dVertex
 10
6.854343742447618
 20
10.34185719968273
 30
0.0
  0
VERTEX
  5
2772
330
2770
100
AcDbEntity
  8
DET-ARMADURAS
100
AcDbVertex
100
AcDb2dVertex
 10
6.854343742447618
 20
9.959554267210918
 30
0.0
  0
SEQEND
  5
2773
330
2770
100
AcDbEntity
  8
DET-ARMADURAS
  0
POLYLINE
  5
2774
330
1F
100
AcDbEntity
  8
DET-ARMADURAS
100
AcDb2dPolyline
 66
     1
 10
0.0
 20
0.0
 30
0.0
  0
VERTEX
  5
2775
330
2774
100
AcDbEntity
  8
DET-ARMADURAS
100
AcDbVertex
100
AcDb2dVertex
 10
7.147725501931127
 20
10.34185719968273
 30
0.0
  0
VERTEX
  5
2776
330
2774
100
AcDbEntity
  8
DET-ARMADURAS
100
AcDbVertex
100
AcDb2dVertex
 10
7.147725501931127
 20
9.959554267210918
 30
0.0
  0
SEQEND
  5
2777
330
2774
100
AcDbEntity
  8
DET-ARMADURAS
  0
POLYLINE
  5
2778
330
1F
100
AcDbEntity
  8
DET-ARMADURAS
100
AcDb2dPolyline
 66
     1
 10
0.0
 20
0.0
 30
0.0
  0
VERTEX
  5
2779
330
2778
100
AcDbEntity
  8
DET-ARMADURAS
100
AcDbVertex
100
AcDb2dVertex
 10
7.441107261414181
 20
10.34185719968273
 30
0.0
  0
VERTEX
  5
277A
330
2778
100
AcDbEntity
  8
DET-ARMADURAS
100
AcDbVertex
100
AcDb2dVertex
 10
7.441107261414181
 20
9.959554267210918
 30
0.0
  0
SEQEND
  5
277B
330
2778
100
AcDbEntity
  8
DET-ARMADURAS
  0
POLYLINE
  5
277C
330
1F
100
AcDbEntity
  8
DET-ARMADURAS
100
AcDb2dPolyline
 66
     1
 10
0.0
 20
0.0
 30
0.0
  0
VERTEX
  5
277D
330
277C
100
AcDbEntity
  8
DET-ARMADURAS
100
AcDbVertex
100
AcDb2dVertex
 10
7.730386249845032
 20
10.34185719968273
 30
0.0
  0
VERTEX
  5
277E
330
277C
100
AcDbEntity
  8
DET-ARMADURAS
100
AcDbVertex
100
AcDb2dVertex
 10
7.730386249845032
 20
9.959554267210918
 30
0.0
  0
SEQEND
  5
277F
330
277C
100
AcDbEntity
  8
DET-ARMADURAS
  0
POLYLINE
  5
2780
330
1F
100
AcDbEntity
  8
DET-ARMADURAS
100
AcDb2dPolyline
 66
     1
 10
0.0
 20
0.0
 30
0.0
  0
VERTEX
  5
2781
330
2780
100
AcDbEntity
  8
DET-ARMADURAS
100
AcDbVertex
100
AcDb2dVertex
 10
8.023768009328087
 20
10.34185719968273
 30
0.0
  0
VERTEX
  5
2782
330
2780
100
AcDbEntity
  8
DET-ARMADURAS
100
AcDbVertex
100
AcDb2dVertex
 10
8.023768009328087
 20
9.959554267210918
 30
0.0
  0
SEQEND
  5
2783
330
2780
100
AcDbEntity
  8
DET-ARMADURAS
  0
POLYLINE
  5
2784
330
1F
100
AcDbEntity
  8
DET-ARMADURAS
100
AcDb2dPolyline
 66
     1
 10
0.0
 20
0.0
 30
0.0
  0
VERTEX
  5
2785
330
2784
100
AcDbEntity
  8
DET-ARMADURAS
100
AcDbVertex
100
AcDb2dVertex
 10
8.313046997759848
 20
10.34185719968273
 30
0.0
  0
VERTEX
  5
2786
330
2784
100
AcDbEntity
  8
DET-ARMADURAS
100
AcDbVertex
100
AcDb2dVertex
 10
8.313046997759848
 20
9.959554267210918
 30
0.0
  0
SEQEND
  5
2787
330
2784
100
AcDbEntity
  8
DET-ARMADURAS
  0
POLYLINE
  5
2788
330
1F
100
AcDbEntity
  8
DET-ARMADURAS
100
AcDb2dPolyline
 66
     1
 10
0.0
 20
0.0
 30
0.0
  0
VERTEX
  5
2789
330
2788
100
AcDbEntity
  8
DET-ARMADURAS
100
AcDbVertex
100
AcDb2dVertex
 10
8.606496015784451
 20
10.34185719968273
 30
0.0
  0
VERTEX
  5
278A
330
2788
100
AcDbEntity
  8
DET-ARMADURAS
100
AcDbVertex
100
AcDb2dVertex
 10
8.606496015784451
 20
9.959554267210918
 30
0.0
  0
SEQEND
  5
278B
330
2788
100
AcDbEntity
  8
DET-ARMADURAS
  0
POLYLINE
  5
278C
330
1F
100
AcDbEntity
  8
DET-ARMADURAS
100
AcDb2dPolyline
 66
     1
 10
0.0
 20
0.0
 30
0.0
  0
VERTEX
  5
278D
330
278C
100
AcDbEntity
  8
DET-ARMADURAS
100
AcDbVertex
100
AcDb2dVertex
 10
8.899877775268414
 20
10.34185719968273
 30
0.0
  0
VERTEX
  5
278E
330
278C
100
AcDbEntity
  8
DET-ARMADURAS
100
AcDbVertex
100
AcDb2dVertex
 10
8.899877775268414
 20
9.959554267210918
 30
0.0
  0
SEQEND
  5
278F
330
278C
100
AcDbEntity
  8
DET-ARMADURAS
  0
POLYLINE
  5
2790
330
1F
100
AcDbEntity
  8
DET-ARMADURAS
100
AcDb2dPolyline
 66
     1
 10
0.0
 20
0.0
 30
0.0
  0
VERTEX
  5
2791
330
2790
100
AcDbEntity
  8
DET-ARMADURAS
100
AcDbVertex
100
AcDb2dVertex
 10
9.189156763699266
 20
10.34185719968273
 30
0.0
  0
VERTEX
  5
2792
330
2790
100
AcDbEntity
  8
DET-ARMADURAS
100
AcDbVertex
100
AcDb2dVertex
 10
9.189156763699266
 20
9.959554267210918
 30
0.0
  0
SEQEND
  5
2793
330
2790
100
AcDbEntity
  8
DET-ARMADURAS
  0
POLYLINE
  5
2794
330
1F
100
AcDbEntity
  8
DET-ARMADURAS
100
AcDb2dPolyline
 66
     1
 10
0.0
 20
0.0
 30
0.0
  0
VERTEX
  5
2795
330
2794
100
AcDbEntity
  8
DET-ARMADURAS
100
AcDbVertex
100
AcDb2dVertex
 10
9.48253852318232
 20
10.34185719968273
 30
0.0
  0
VERTEX
  5
2796
330
2794
100
AcDbEntity
  8
DET-ARMADURAS
100
AcDbVertex
100
AcDb2dVertex
 10
9.48253852318232
 20
9.959554267210918
 30
0.0
  0
SEQEND
  5
2797
330
2794
100
AcDbEntity
  8
DET-ARMADURAS
  0
POLYLINE
  5
2798
330
1F
100
AcDbEntity
  8
DET-ARMADURAS
100
AcDb2dPolyline
 66
     1
 10
0.0
 20
0.0
 30
0.0
  0
VERTEX
  5
2799
330
2798
100
AcDbEntity
  8
DET-ARMADURAS
100
AcDbVertex
100
AcDb2dVertex
 10
9.775920282665829
 20
10.33956177378682
 30
0.0
  0
VERTEX
  5
279A
330
2798
100
AcDbEntity
  8
DET-ARMADURAS
100
AcDbVertex
100
AcDb2dVertex
 10
9.775920282665829
 20
9.959554267210805
 30
0.0
  0
SEQEND
  5
279B
330
2798
100
AcDbEntity
  8
DET-ARMADURAS
  0
POLYLINE
  5
279C
330
1F
100
AcDbEntity
  8
DET-ARMADURAS
100
AcDb2dPolyline
 66
     1
 10
0.0
 20
0.0
 30
0.0
  0
VERTEX
  5
279D
330
279C
100
AcDbEntity
  8
DET-ARMADURAS
100
AcDbVertex
100
AcDb2dVertex
 10
16.17691570907647
 20
10.34185719968285
 30
0.0
  0
VERTEX
  5
279E
330
279C
100
AcDbEntity
  8
DET-ARMADURAS
100
AcDbVertex
100
AcDb2dVertex
 10
16.17691570907647
 20
9.761208827340041
 30
0.0
  0
SEQEND
  5
279F
330
279C
100
AcDbEntity
  8
DET-ARMADURAS
  0
POLYLINE
  5
27A0
330
1F
100
AcDbEntity
  8
DET-ARMADURAS
100
AcDb2dPolyline
 66
     1
 10
0.0
 20
0.0
 30
0.0
  0
VERTEX
  5
27A1
330
27A0
100
AcDbEntity
  8
DET-ARMADURAS
100
AcDbVertex
100
AcDb2dVertex
 10
15.88353394959342
 20
10.34185719968285
 30
0.0
  0
VERTEX
  5
27A2
330
27A0
100
AcDbEntity
  8
DET-ARMADURAS
100
AcDbVertex
100
AcDb2dVertex
 10
15.88353394959342
 20
9.761208827340041
 30
0.0
  0
SEQEND
  5
27A3
330
27A0
100
AcDbEntity
  8
DET-ARMADURAS
  0
POLYLINE
  5
27A4
330
1F
100
AcDbEntity
  8
DET-ARMADURAS
100
AcDb2dPolyline
 66
     1
 10
0.0
 20
0.0
 30
0.0
  0
VERTEX
  5
27A5
330
27A4
100
AcDbEntity
  8
DET-ARMADURAS
100
AcDbVertex
100
AcDb2dVertex
 10
15.59008493156882
 20
10.34185719968285
 30
0.0
  0
VERTEX
  5
27A6
330
27A4
100
AcDbEntity
  8
DET-ARMADURAS
100
AcDbVertex
100
AcDb2dVertex
 10
15.59008493156882
 20
9.761208827340041
 30
0.0
  0
SEQEND
  5
27A7
330
27A4
100
AcDbEntity
  8
DET-ARMADURAS
  0
POLYLINE
  5
27A8
330
1F
100
AcDbEntity
  8
DET-ARMADURAS
100
AcDb2dPolyline
 66
     1
 10
0.0
 20
0.0
 30
0.0
  0
VERTEX
  5
27A9
330
27A8
100
AcDbEntity
  8
DET-ARMADURAS
100
AcDbVertex
100
AcDb2dVertex
 10
15.30087320167951
 20
10.34185719968285
 30
0.0
  0
VERTEX
  5
27AA
330
27A8
100
AcDbEntity
  8
DET-ARMADURAS
100
AcDbVertex
100
AcDb2dVertex
 10
15.30087320167951
 20
9.761208827340041
 30
0.0
  0
SEQEND
  5
27AB
330
27A8
100
AcDbEntity
  8
DET-ARMADURAS
  0
POLYLINE
  5
27AC
330
1F
100
AcDbEntity
  8
DET-ARMADURAS
100
AcDb2dPolyline
 66
     1
 10
0.0
 20
0.0
 30
0.0
  0
VERTEX
  5
27AD
330
27AC
100
AcDbEntity
  8
DET-ARMADURAS
100
AcDbVertex
100
AcDb2dVertex
 10
15.00749144219646
 20
10.34185719968285
 30
0.0
  0
VERTEX
  5
27AE
330
27AC
100
AcDbEntity
  8
DET-ARMADURAS
100
AcDbVertex
100
AcDb2dVertex
 10
15.00749144219646
 20
9.761208827340041
 30
0.0
  0
SEQEND
  5
27AF
330
27AC
100
AcDbEntity
  8
DET-ARMADURAS
  0
POLYLINE
  5
27B0
330
1F
100
AcDbEntity
  8
DET-ARMADURAS
100
AcDb2dPolyline
 66
     1
 10
0.0
 20
0.0
 30
0.0
  0
VERTEX
  5
27B1
330
27B0
100
AcDbEntity
  8
DET-ARMADURAS
100
AcDbVertex
100
AcDb2dVertex
 10
14.71404242417095
 20
10.34185719968285
 30
0.0
  0
VERTEX
  5
27B2
330
27B0
100
AcDbEntity
  8
DET-ARMADURAS
100
AcDbVertex
100
AcDb2dVertex
 10
14.71404242417095
 20
9.761208827340041
 30
0.0
  0
SEQEND
  5
27B3
330
27B0
100
AcDbEntity
  8
DET-ARMADURAS
  0
POLYLINE
  5
27B4
330
1F
100
AcDbEntity
  8
DET-ARMADURAS
100
AcDb2dPolyline
 66
     1
 10
0.0
 20
0.0
 30
0.0
  0
VERTEX
  5
27B5
330
27B4
100
AcDbEntity
  8
DET-ARMADURAS
100
AcDbVertex
100
AcDb2dVertex
 10
14.4247634357401
 20
10.34185719968285
 30
0.0
  0
VERTEX
  5
27B6
330
27B4
100
AcDbEntity
  8
DET-ARMADURAS
100
AcDbVertex
100
AcDb2dVertex
 10
14.4247634357401
 20
9.761208827340041
 30
0.0
  0
SEQEND
  5
27B7
330
27B4
100
AcDbEntity
  8
DET-ARMADURAS
  0
POLYLINE
  5
27B8
330
1F
100
AcDbEntity
  8
DET-ARMADURAS
100
AcDb2dPolyline
 66
     1
 10
0.0
 20
0.0
 30
0.0
  0
VERTEX
  5
27B9
330
27B8
100
AcDbEntity
  8
DET-ARMADURAS
100
AcDbVertex
100
AcDb2dVertex
 10
14.13138167625704
 20
10.34185719968285
 30
0.0
  0
VERTEX
  5
27BA
330
27B8
100
AcDbEntity
  8
DET-ARMADURAS
100
AcDbVertex
100
AcDb2dVertex
 10
14.13138167625704
 20
9.761208827340041
 30
0.0
  0
SEQEND
  5
27BB
330
27B8
100
AcDbEntity
  8
DET-ARMADURAS
  0
POLYLINE
  5
27BC
330
1F
100
AcDbEntity
  8
DET-ARMADURAS
100
AcDb2dPolyline
 66
     1
 10
0.0
 20
0.0
 30
0.0
  0
VERTEX
  5
27BD
330
27BC
100
AcDbEntity
  8
DET-ARMADURAS
100
AcDbVertex
100
AcDb2dVertex
 10
13.83799991677353
 20
10.34185719968285
 30
0.0
  0
VERTEX
  5
27BE
330
27BC
100
AcDbEntity
  8
DET-ARMADURAS
100
AcDbVertex
100
AcDb2dVertex
 10
13.83799991677353
 20
9.761208827340041
 30
0.0
  0
SEQEND
  5
27BF
330
27BC
100
AcDbEntity
  8
DET-ARMADURAS
  0
POLYLINE
  5
27C0
330
1F
100
AcDbEntity
  8
DET-ARMADURAS
100
AcDb2dPolyline
 66
     1
 10
0.0
 20
0.0
 30
0.0
  0
VERTEX
  5
27C1
330
27C0
100
AcDbEntity
  8
DET-ARMADURAS
100
AcDbVertex
100
AcDb2dVertex
 10
13.54461815729048
 20
10.34185719968285
 30
0.0
  0
VERTEX
  5
27C2
330
27C0
100
AcDbEntity
  8
DET-ARMADURAS
100
AcDbVertex
100
AcDb2dVertex
 10
13.54461815729048
 20
9.761208827340041
 30
0.0
  0
SEQEND
  5
27C3
330
27C0
100
AcDbEntity
  8
DET-ARMADURAS
  0
POLYLINE
  5
27C4
330
1F
100
AcDbEntity
  8
DET-ARMADURAS
100
AcDb2dPolyline
 66
     1
 10
0.0
 20
0.0
 30
0.0
  0
VERTEX
  5
27C5
330
27C4
100
AcDbEntity
  8
DET-ARMADURAS
100
AcDbVertex
100
AcDb2dVertex
 10
13.25533916885963
 20
10.34185719968285
 30
0.0
  0
VERTEX
  5
27C6
330
27C4
100
AcDbEntity
  8
DET-ARMADURAS
100
AcDbVertex
100
AcDb2dVertex
 10
13.25533916885963
 20
9.761208827340041
 30
0.0
  0
SEQEND
  5
27C7
330
27C4
100
AcDbEntity
  8
DET-ARMADURAS
  0
POLYLINE
  5
27C8
330
1F
100
AcDbEntity
  8
DET-ARMADURAS
100
AcDb2dPolyline
 66
     1
 10
0.0
 20
0.0
 30
0.0
  0
VERTEX
  5
27C9
330
27C8
100
AcDbEntity
  8
DET-ARMADURAS
100
AcDbVertex
100
AcDb2dVertex
 10
12.96195740937657
 20
10.34185719968285
 30
0.0
  0
VERTEX
  5
27CA
330
27C8
100
AcDbEntity
  8
DET-ARMADURAS
100
AcDbVertex
100
AcDb2dVertex
 10
12.96195740937657
 20
9.761208827340041
 30
0.0
  0
SEQEND
  5
27CB
330
27C8
100
AcDbEntity
  8
DET-ARMADURAS
  0
POLYLINE
  5
27CC
330
1F
100
AcDbEntity
  8
DET-ARMADURAS
100
AcDb2dPolyline
 66
     1
 10
0.0
 20
0.0
 30
0.0
  0
VERTEX
  5
27CD
330
27CC
100
AcDbEntity
  8
DET-ARMADURAS
100
AcDbVertex
100
AcDb2dVertex
 10
12.66850839135106
 20
10.34185719968285
 30
0.0
  0
VERTEX
  5
27CE
330
27CC
100
AcDbEntity
  8
DET-ARMADURAS
100
AcDbVertex
100
AcDb2dVertex
 10
12.66850839135106
 20
9.761208827340041
 30
0.0
  0
SEQEND
  5
27CF
330
27CC
100
AcDbEntity
  8
DET-ARMADURAS
  0
POLYLINE
  5
27D0
330
1F
100
AcDbEntity
  8
DET-ARMADURAS
100
AcDb2dPolyline
 66
     1
 10
0.0
 20
0.0
 30
0.0
  0
VERTEX
  5
27D1
330
27D0
100
AcDbEntity
  8
DET-ARMADURAS
100
AcDbVertex
100
AcDb2dVertex
 10
12.37929666146267
 20
10.34185719968285
 30
0.0
  0
VERTEX
  5
27D2
330
27D0
100
AcDbEntity
  8
DET-ARMADURAS
100
AcDbVertex
100
AcDb2dVertex
 10
12.37929666146267
 20
9.761208827340041
 30
0.0
  0
SEQEND
  5
27D3
330
27D0
100
AcDbEntity
  8
DET-ARMADURAS
  0
POLYLINE
  5
27D4
330
1F
100
AcDbEntity
  8
DET-ARMADURAS
100
AcDb2dPolyline
 66
     1
 10
0.0
 20
0.0
 30
0.0
  0
VERTEX
  5
27D5
330
27D4
100
AcDbEntity
  8
DET-ARMADURAS
100
AcDbVertex
100
AcDb2dVertex
 10
12.08584764343715
 20
10.34185719968285
 30
0.0
  0
VERTEX
  5
27D6
330
27D4
100
AcDbEntity
  8
DET-ARMADURAS
100
AcDbVertex
100
AcDb2dVertex
 10
12.08584764343715
 20
9.761208827340041
 30
0.0
  0
SEQEND
  5
27D7
330
27D4
100
AcDbEntity
  8
DET-ARMADURAS
  0
POLYLINE
  5
27D8
330
1F
100
AcDbEntity
  8
DET-ARMADURAS
100
AcDb2dPolyline
 66
     1
 10
0.0
 20
0.0
 30
0.0
  0
VERTEX
  5
27D9
330
27D8
100
AcDbEntity
  8
DET-ARMADURAS
100
AcDbVertex
100
AcDb2dVertex
 10
11.7924658839541
 20
10.34185719968285
 30
0.0
  0
VERTEX
  5
27DA
330
27D8
100
AcDbEntity
  8
DET-ARMADURAS
100
AcDbVertex
100
AcDb2dVertex
 10
11.7924658839541
 20
9.761208827340041
 30
0.0
  0
SEQEND
  5
27DB
330
27D8
100
AcDbEntity
  8
DET-ARMADURAS
  0
POLYLINE
  5
27DC
330
1F
100
AcDbEntity
  8
DET-ARMADURAS
100
AcDb2dPolyline
 66
     1
 10
0.0
 20
0.0
 30
0.0
  0
VERTEX
  5
27DD
330
27DC
100
AcDbEntity
  8
DET-ARMADURAS
100
AcDbVertex
100
AcDb2dVertex
 10
11.5032541540648
 20
10.34185719968285
 30
0.0
  0
VERTEX
  5
27DE
330
27DC
100
AcDbEntity
  8
DET-ARMADURAS
100
AcDbVertex
100
AcDb2dVertex
 10
11.5032541540648
 20
9.761208827340041
 30
0.0
  0
SEQEND
  5
27DF
330
27DC
100
AcDbEntity
  8
DET-ARMADURAS
  0
POLYLINE
  5
27E0
330
1F
100
AcDbEntity
  8
DET-ARMADURAS
100
AcDb2dPolyline
 66
     1
 10
0.0
 20
0.0
 30
0.0
  0
VERTEX
  5
27E1
330
27E0
100
AcDbEntity
  8
DET-ARMADURAS
100
AcDbVertex
100
AcDb2dVertex
 10
11.20987239458174
 20
10.34185719968285
 30
0.0
  0
VERTEX
  5
27E2
330
27E0
100
AcDbEntity
  8
DET-ARMADURAS
100
AcDbVertex
100
AcDb2dVertex
 10
11.20987239458174
 20
9.761208827340041
 30
0.0
  0
SEQEND
  5
27E3
330
27E0
100
AcDbEntity
  8
DET-ARMADURAS
  0
POLYLINE
  5
27E4
330
1F
100
AcDbEntity
  8
DET-ARMADURAS
100
AcDb2dPolyline
 66
     1
 10
0.0
 20
0.0
 30
0.0
  0
VERTEX
  5
27E5
330
27E4
100
AcDbEntity
  8
DET-ARMADURAS
100
AcDbVertex
100
AcDb2dVertex
 10
10.92059340615089
 20
10.34185719968285
 30
0.0
  0
VERTEX
  5
27E6
330
27E4
100
AcDbEntity
  8
DET-ARMADURAS
100
AcDbVertex
100
AcDb2dVertex
 10
10.92059340615089
 20
9.761208827340041
 30
0.0
  0
SEQEND
  5
27E7
330
27E4
100
AcDbEntity
  8
DET-ARMADURAS
  0
POLYLINE
  5
27E8
330
1F
100
AcDbEntity
  8
DET-ARMADURAS
100
AcDb2dPolyline
 66
     1
 10
0.0
 20
0.0
 30
0.0
  0
VERTEX
  5
27E9
330
27E8
100
AcDbEntity
  8
DET-ARMADURAS
100
AcDbVertex
100
AcDb2dVertex
 10
10.62721164666738
 20
10.34185719968285
 30
0.0
  0
VERTEX
  5
27EA
330
27E8
100
AcDbEntity
  8
DET-ARMADURAS
100
AcDbVertex
100
AcDb2dVertex
 10
10.62721164666738
 20
9.761208827340041
 30
0.0
  0
SEQEND
  5
27EB
330
27E8
100
AcDbEntity
  8
DET-ARMADURAS
  0
POLYLINE
  5
27EC
330
1F
100
AcDbEntity
  8
DET-ARMADURAS
100
AcDb2dPolyline
 66
     1
 10
0.0
 20
0.0
 30
0.0
  0
VERTEX
  5
27ED
330
27EC
100
AcDbEntity
  8
DET-ARMADURAS
100
AcDbVertex
100
AcDb2dVertex
 10
10.33382988718433
 20
10.34185719968273
 30
0.0
  0
VERTEX
  5
27EE
330
27EC
100
AcDbEntity
  8
DET-ARMADURAS
100
AcDbVertex
100
AcDb2dVertex
 10
10.33382988718433
 20
9.761208827340041
 30
0.0
  0
SEQEND
  5
27EF
330
27EC
100
AcDbEntity
  8
DET-ARMADURAS
  0
POLYLINE
  5
27F0
330
1F
100
AcDbEntity
  8
DET-ARMADURAS
100
AcDb2dPolyline
 66
     1
 10
0.0
 20
0.0
 30
0.0
  0
VERTEX
  5
27F1
330
27F0
100
AcDbEntity
  8
DET-ARMADURAS
100
AcDbVertex
100
AcDb2dVertex
 10
16.67691570907556
 20
10.34185719968285
 30
0.0
  0
VERTEX
  5
27F2
330
27F0
100
AcDbEntity
  8
DET-ARMADURAS
100
AcDbVertex
100
AcDb2dVertex
 10
16.67691570907556
 20
9.761208827340041
 30
0.0
  0
SEQEND
  5
27F3
330
27F0
100
AcDbEntity
  8
DET-ARMADURAS
  0
POLYLINE
  5
27F4
330
1F
100
AcDbEntity
  8
DET-ARMADURAS
100
AcDb2dPolyline
 66
     1
 10
0.0
 20
0.0
 30
0.0
  0
VERTEX
  5
27F5
330
27F4
100
AcDbEntity
  8
DET-ARMADURAS
100
AcDbVertex
100
AcDb2dVertex
 10
16.96619469750687
 20
10.34185719968285
 30
0.0
  0
VERTEX
  5
27F6
330
27F4
100
AcDbEntity
  8
DET-ARMADURAS
100
AcDbVertex
100
AcDb2dVertex
 10
16.96619469750687
 20
9.761208827340041
 30
0.0
  0
SEQEND
  5
27F7
330
27F4
100
AcDbEntity
  8
DET-ARMADURAS
  0
POLYLINE
  5
27F8
330
1F
100
AcDbEntity
  8
DET-ARMADURAS
100
AcDb2dPolyline
 66
     1
 10
0.0
 20
0.0
 30
0.0
  0
VERTEX
  5
27F9
330
27F8
100
AcDbEntity
  8
DET-ARMADURAS
100
AcDbVertex
100
AcDb2dVertex
 10
17.25957645699038
 20
10.34185719968285
 30
0.0
  0
VERTEX
  5
27FA
330
27F8
100
AcDbEntity
  8
DET-ARMADURAS
100
AcDbVertex
100
AcDb2dVertex
 10
17.25957645699038
 20
9.761208827340041
 30
0.0
  0
SEQEND
  5
27FB
330
27F8
100
AcDbEntity
  8
DET-ARMADURAS
  0
POLYLINE
  5
27FC
330
1F
100
AcDbEntity
  8
DET-ARMADURAS
100
AcDb2dPolyline
 66
     1
 10
0.0
 20
0.0
 30
0.0
  0
VERTEX
  5
27FD
330
27FC
100
AcDbEntity
  8
DET-ARMADURAS
100
AcDbVertex
100
AcDb2dVertex
 10
17.55295821647343
 20
10.34185719968285
 30
0.0
  0
VERTEX
  5
27FE
330
27FC
100
AcDbEntity
  8
DET-ARMADURAS
100
AcDbVertex
100
AcDb2dVertex
 10
17.55295821647343
 20
9.761208827340041
 30
0.0
  0
SEQEND
  5
27FF
330
27FC
100
AcDbEntity
  8
DET-ARMADURAS
  0
POLYLINE
  5
2800
330
1F
100
AcDbEntity
  8
DET-ARMADURAS
100
AcDb2dPolyline
 66
     1
 10
0.0
 20
0.0
 30
0.0
  0
VERTEX
  5
2801
330
2800
100
AcDbEntity
  8
DET-ARMADURAS
100
AcDbVertex
100
AcDb2dVertex
 10
17.84223720490519
 20
10.34185719968285
 30
0.0
  0
VERTEX
  5
2802
330
2800
100
AcDbEntity
  8
DET-ARMADURAS
100
AcDbVertex
100
AcDb2dVertex
 10
17.84223720490519
 20
9.761208827340041
 30
0.0
  0
SEQEND
  5
2803
330
2800
100
AcDbEntity
  8
DET-ARMADURAS
  0
POLYLINE
  5
2804
330
1F
100
AcDbEntity
  8
DET-ARMADURAS
100
AcDb2dPolyline
 66
     1
 10
0.0
 20
0.0
 30
0.0
  0
VERTEX
  5
2805
330
2804
100
AcDbEntity
  8
DET-ARMADURAS
100
AcDbVertex
100
AcDb2dVertex
 10
18.1356862229298
 20
10.34185719968285
 30
0.0
  0
VERTEX
  5
2806
330
2804
100
AcDbEntity
  8
DET-ARMADURAS
100
AcDbVertex
100
AcDb2dVertex
 10
18.1356862229298
 20
9.761208827340041
 30
0.0
  0
SEQEND
  5
2807
330
2804
100
AcDbEntity
  8
DET-ARMADURAS
  0
POLYLINE
  5
2808
330
1F
100
AcDbEntity
  8
DET-ARMADURAS
100
AcDb2dPolyline
 66
     1
 10
0.0
 20
0.0
 30
0.0
  0
VERTEX
  5
2809
330
2808
100
AcDbEntity
  8
DET-ARMADURAS
100
AcDbVertex
100
AcDb2dVertex
 10
18.42483069427664
 20
10.34185719968285
 30
0.0
  0
VERTEX
  5
280A
330
2808
100
AcDbEntity
  8
DET-ARMADURAS
100
AcDbVertex
100
AcDb2dVertex
 10
18.42483069427664
 20
9.761208827340041
 30
0.0
  0
SEQEND
  5
280B
330
2808
100
AcDbEntity
  8
DET-ARMADURAS
  0
POLYLINE
  5
280C
330
1F
100
AcDbEntity
  8
DET-ARMADURAS
100
AcDb2dPolyline
 66
     1
 10
0.0
 20
0.0
 30
0.0
  0
VERTEX
  5
280D
330
280C
100
AcDbEntity
  8
DET-ARMADURAS
100
AcDbVertex
100
AcDb2dVertex
 10
18.71827971230215
 20
10.34185719968285
 30
0.0
  0
VERTEX
  5
280E
330
280C
100
AcDbEntity
  8
DET-ARMADURAS
100
AcDbVertex
100
AcDb2dVertex
 10
18.71827971230215
 20
9.761208827340041
 30
0.0
  0
SEQEND
  5
280F
330
280C
100
AcDbEntity
  8
DET-ARMADURAS
  0
POLYLINE
  5
2810
330
1F
100
AcDbEntity
  8
DET-ARMADURAS
100
AcDb2dPolyline
 66
     1
 10
0.0
 20
0.0
 30
0.0
  0
VERTEX
  5
2811
330
2810
100
AcDbEntity
  8
DET-ARMADURAS
100
AcDbVertex
100
AcDb2dVertex
 10
19.01166147178475
 20
10.34185719968285
 30
0.0
  0
VERTEX
  5
2812
330
2810
100
AcDbEntity
  8
DET-ARMADURAS
100
AcDbVertex
100
AcDb2dVertex
 10
19.01166147178475
 20
9.761208827340041
 30
0.0
  0
SEQEND
  5
2813
330
2810
100
AcDbEntity
  8
DET-ARMADURAS
  0
POLYLINE
  5
2814
330
1F
100
AcDbEntity
  8
DET-ARMADURAS
100
AcDb2dPolyline
 66
     1
 10
0.0
 20
0.0
 30
0.0
  0
VERTEX
  5
2815
330
2814
100
AcDbEntity
  8
DET-ARMADURAS
100
AcDbVertex
100
AcDb2dVertex
 10
19.30094046021651
 20
10.34185719968285
 30
0.0
  0
VERTEX
  5
2816
330
2814
100
AcDbEntity
  8
DET-ARMADURAS
100
AcDbVertex
100
AcDb2dVertex
 10
19.30094046021651
 20
9.761208827340041
 30
0.0
  0
SEQEND
  5
2817
330
2814
100
AcDbEntity
  8
DET-ARMADURAS
  0
POLYLINE
  5
2818
330
1F
100
AcDbEntity
  8
DET-ARMADURAS
100
AcDb2dPolyline
 66
     1
 10
0.0
 20
0.0
 30
0.0
  0
VERTEX
  5
2819
330
2818
100
AcDbEntity
  8
DET-ARMADURAS
100
AcDbVertex
100
AcDb2dVertex
 10
19.59432221969957
 20
10.34185719968285
 30
0.0
  0
VERTEX
  5
281A
330
2818
100
AcDbEntity
  8
DET-ARMADURAS
100
AcDbVertex
100
AcDb2dVertex
 10
19.59432221969957
 20
9.761208827340041
 30
0.0
  0
SEQEND
  5
281B
330
2818
100
AcDbEntity
  8
DET-ARMADURAS
  0
POLYLINE
  5
281C
330
1F
100
AcDbEntity
  8
DET-ARMADURAS
100
AcDb2dPolyline
 66
     1
 10
0.0
 20
0.0
 30
0.0
  0
VERTEX
  5
281D
330
281C
100
AcDbEntity
  8
DET-ARMADURAS
100
AcDbVertex
100
AcDb2dVertex
 10
19.88770397918171
 20
10.34185719968285
 30
0.0
  0
VERTEX
  5
281E
330
281C
100
AcDbEntity
  8
DET-ARMADURAS
100
AcDbVertex
100
AcDb2dVertex
 10
19.88770397918171
 20
9.761208827340041
 30
0.0
  0
SEQEND
  5
281F
330
281C
100
AcDbEntity
  8
DET-ARMADURAS
  0
POLYLINE
  5
2820
330
1F
100
AcDbEntity
  8
DET-ARMADURAS
100
AcDb2dPolyline
 66
     1
 10
0.0
 20
0.0
 30
0.0
  0
VERTEX
  5
2821
330
2820
100
AcDbEntity
  8
DET-ARMADURAS
100
AcDbVertex
100
AcDb2dVertex
 10
20.17698296761348
 20
10.34185719968285
 30
0.0
  0
VERTEX
  5
2822
330
2820
100
AcDbEntity
  8
DET-ARMADURAS
100
AcDbVertex
100
AcDb2dVertex
 10
20.17698296761348
 20
9.761208827340041
 30
0.0
  0
SEQEND
  5
2823
330
2820
100
AcDbEntity
  8
DET-ARMADURAS
  0
POLYLINE
  5
2824
330
1F
100
AcDbEntity
  8
DET-ARMADURAS
100
AcDb2dPolyline
 66
     1
 10
0.0
 20
0.0
 30
0.0
  0
VERTEX
  5
2825
330
2824
100
AcDbEntity
  8
DET-ARMADURAS
100
AcDbVertex
100
AcDb2dVertex
 10
20.47043198563763
 20
10.34185719968285
 30
0.0
  0
VERTEX
  5
2826
330
2824
100
AcDbEntity
  8
DET-ARMADURAS
100
AcDbVertex
100
AcDb2dVertex
 10
20.47043198563763
 20
9.761208827340041
 30
0.0
  0
SEQEND
  5
2827
330
2824
100
AcDbEntity
  8
DET-ARMADURAS
  0
POLYLINE
  5
2828
330
1F
100
AcDbEntity
  8
DET-ARMADURAS
100
AcDb2dPolyline
 66
     1
 10
0.0
 20
0.0
 30
0.0
  0
VERTEX
  5
2829
330
2828
100
AcDbEntity
  8
DET-ARMADURAS
100
AcDbVertex
100
AcDb2dVertex
 10
20.76381374512113
 20
10.34185719968285
 30
0.0
  0
VERTEX
  5
282A
330
2828
100
AcDbEntity
  8
DET-ARMADURAS
100
AcDbVertex
100
AcDb2dVertex
 10
20.76381374512113
 20
9.761208827340041
 30
0.0
  0
SEQEND
  5
282B
330
2828
100
AcDbEntity
  8
DET-ARMADURAS
  0
POLYLINE
  5
282C
330
1F
100
AcDbEntity
  8
DET-ARMADURAS
100
AcDb2dPolyline
 66
     1
 10
0.0
 20
0.0
 30
0.0
  0
VERTEX
  5
282D
330
282C
100
AcDbEntity
  8
DET-ARMADURAS
100
AcDbVertex
100
AcDb2dVertex
 10
21.05302547501044
 20
10.34185719968285
 30
0.0
  0
VERTEX
  5
282E
330
282C
100
AcDbEntity
  8
DET-ARMADURAS
100
AcDbVertex
100
AcDb2dVertex
 10
21.05302547501044
 20
9.761208827340041
 30
0.0
  0
SEQEND
  5
282F
330
282C
100
AcDbEntity
  8
DET-ARMADURAS
  0
POLYLINE
  5
2830
330
1F
100
AcDbEntity
  8
DET-ARMADURAS
100
AcDb2dPolyline
 66
     1
 10
0.0
 20
0.0
 30
0.0
  0
VERTEX
  5
2831
330
2830
100
AcDbEntity
  8
DET-ARMADURAS
100
AcDbVertex
100
AcDb2dVertex
 10
21.34647449303595
 20
10.34185719968285
 30
0.0
  0
VERTEX
  5
2832
330
2830
100
AcDbEntity
  8
DET-ARMADURAS
100
AcDbVertex
100
AcDb2dVertex
 10
21.34647449303595
 20
9.761208827340041
 30
0.0
  0
SEQEND
  5
2833
330
2830
100
AcDbEntity
  8
DET-ARMADURAS
  0
POLYLINE
  5
2834
330
1F
100
AcDbEntity
  8
DET-ARMADURAS
100
AcDb2dPolyline
 66
     1
 10
0.0
 20
0.0
 30
0.0
  0
VERTEX
  5
2835
330
2834
100
AcDbEntity
  8
DET-ARMADURAS
100
AcDbVertex
100
AcDb2dVertex
 10
21.639856252519
 20
10.34185719968285
 30
0.0
  0
VERTEX
  5
2836
330
2834
100
AcDbEntity
  8
DET-ARMADURAS
100
AcDbVertex
100
AcDb2dVertex
 10
21.639856252519
 20
9.761208827340041
 30
0.0
  0
SEQEND
  5
2837
330
2834
100
AcDbEntity
  8
DET-ARMADURAS
  0
POLYLINE
  5
2838
330
1F
100
AcDbEntity
  8
DET-ARMADURAS
100
AcDb2dPolyline
 66
     1
 10
0.0
 20
0.0
 30
0.0
  0
VERTEX
  5
2839
330
2838
100
AcDbEntity
  8
DET-ARMADURAS
100
AcDbVertex
100
AcDb2dVertex
 10
21.92913524094985
 20
10.34185719968285
 30
0.0
  0
VERTEX
  5
283A
330
2838
100
AcDbEntity
  8
DET-ARMADURAS
100
AcDbVertex
100
AcDb2dVertex
 10
21.92913524094985
 20
9.761208827340041
 30
0.0
  0
SEQEND
  5
283B
330
2838
100
AcDbEntity
  8
DET-ARMADURAS
  0
POLYLINE
  5
283C
330
1F
100
AcDbEntity
  8
DET-ARMADURAS
100
AcDb2dPolyline
 66
     1
 10
0.0
 20
0.0
 30
0.0
  0
VERTEX
  5
283D
330
283C
100
AcDbEntity
  8
DET-ARMADURAS
100
AcDbVertex
100
AcDb2dVertex
 10
22.22251700043291
 20
10.34185719968285
 30
0.0
  0
VERTEX
  5
283E
330
283C
100
AcDbEntity
  8
DET-ARMADURAS
100
AcDbVertex
100
AcDb2dVertex
 10
22.22251700043291
 20
9.761208827340041
 30
0.0
  0
SEQEND
  5
283F
330
283C
100
AcDbEntity
  8
DET-ARMADURAS
  0
POLYLINE
  5
2840
330
1F
100
AcDbEntity
  8
DET-ARMADURAS
100
AcDb2dPolyline
 66
     1
 10
0.0
 20
0.0
 30
0.0
  0
VERTEX
  5
2841
330
2840
100
AcDbEntity
  8
DET-ARMADURAS
100
AcDbVertex
100
AcDb2dVertex
 10
22.51589875991642
 20
10.34185719968285
 30
0.0
  0
VERTEX
  5
2842
330
2840
100
AcDbEntity
  8
DET-ARMADURAS
100
AcDbVertex
100
AcDb2dVertex
 10
22.51589875991642
 20
9.761208827340041
 30
0.0
  0
SEQEND
  5
2843
330
2840
100
AcDbEntity
  8
DET-ARMADURAS
  0
POLYLINE
  5
2844
330
1F
100
AcDbEntity
  8
DET-ARMADURAS
100
AcDb2dPolyline
 66
     1
 10
0.0
 20
0.0
 30
0.0
  0
VERTEX
  5
2845
330
2844
100
AcDbEntity
  8
DET-ARMADURAS
100
AcDbVertex
100
AcDb2dVertex
 10
23.04481993290512
 20
10.34185719968273
 30
0.0
  0
VERTEX
  5
2846
330
2844
100
AcDbEntity
  8
DET-ARMADURAS
100
AcDbVertex
100
AcDb2dVertex
 10
23.04481993290512
 20
9.959554267210805
 30
0.0
  0
SEQEND
  5
2847
330
2844
100
AcDbEntity
  8
DET-ARMADURAS
  0
POLYLINE
  5
2848
330
1F
100
AcDbEntity
  8
DET-ARMADURAS
100
AcDb2dPolyline
 66
     1
 10
0.0
 20
0.0
 30
0.0
  0
VERTEX
  5
2849
330
2848
100
AcDbEntity
  8
DET-ARMADURAS
100
AcDbVertex
100
AcDb2dVertex
 10
23.33826895092927
 20
10.34185719968273
 30
0.0
  0
VERTEX
  5
284A
330
2848
100
AcDbEntity
  8
DET-ARMADURAS
100
AcDbVertex
100
AcDb2dVertex
 10
23.33826895092927
 20
9.959554267210805
 30
0.0
  0
SEQEND
  5
284B
330
2848
100
AcDbEntity
  8
DET-ARMADURAS
  0
POLYLINE
  5
284C
330
1F
100
AcDbEntity
  8
DET-ARMADURAS
100
AcDb2dPolyline
 66
     1
 10
0.0
 20
0.0
 30
0.0
  0
VERTEX
  5
284D
330
284C
100
AcDbEntity
  8
DET-ARMADURAS
100
AcDbVertex
100
AcDb2dVertex
 10
23.62754793936103
 20
10.34185719968273
 30
0.0
  0
VERTEX
  5
284E
330
284C
100
AcDbEntity
  8
DET-ARMADURAS
100
AcDbVertex
100
AcDb2dVertex
 10
23.62754793936103
 20
9.959554267210805
 30
0.0
  0
SEQEND
  5
284F
330
284C
100
AcDbEntity
  8
DET-ARMADURAS
  0
POLYLINE
  5
2850
330
1F
100
AcDbEntity
  8
DET-ARMADURAS
100
AcDb2dPolyline
 66
     1
 10
0.0
 20
0.0
 30
0.0
  0
VERTEX
  5
2851
330
2850
100
AcDbEntity
  8
DET-ARMADURAS
100
AcDbVertex
100
AcDb2dVertex
 10
23.92092969884409
 20
10.34185719968273
 30
0.0
  0
VERTEX
  5
2852
330
2850
100
AcDbEntity
  8
DET-ARMADURAS
100
AcDbVertex
100
AcDb2dVertex
 10
23.92092969884409
 20
9.959554267210805
 30
0.0
  0
SEQEND
  5
2853
330
2850
100
AcDbEntity
  8
DET-ARMADURAS
  0
POLYLINE
  5
2854
330
1F
100
AcDbEntity
  8
DET-ARMADURAS
100
AcDb2dPolyline
 66
     1
 10
0.0
 20
0.0
 30
0.0
  0
VERTEX
  5
2855
330
2854
100
AcDbEntity
  8
DET-ARMADURAS
100
AcDbVertex
100
AcDb2dVertex
 10
24.21431145832759
 20
10.34185719968273
 30
0.0
  0
VERTEX
  5
2856
330
2854
100
AcDbEntity
  8
DET-ARMADURAS
100
AcDbVertex
100
AcDb2dVertex
 10
24.21431145832759
 20
9.959554267210805
 30
0.0
  0
SEQEND
  5
2857
330
2854
100
AcDbEntity
  8
DET-ARMADURAS
  0
POLYLINE
  5
2858
330
1F
100
AcDbEntity
  8
DET-ARMADURAS
100
AcDb2dPolyline
 66
     1
 10
0.0
 20
0.0
 30
0.0
  0
VERTEX
  5
2859
330
2858
100
AcDbEntity
  8
DET-ARMADURAS
100
AcDbVertex
100
AcDb2dVertex
 10
24.50359044675799
 20
10.34185719968273
 30
0.0
  0
VERTEX
  5
285A
330
2858
100
AcDbEntity
  8
DET-ARMADURAS
100
AcDbVertex
100
AcDb2dVertex
 10
24.50359044675799
 20
9.959554267210805
 30
0.0
  0
SEQEND
  5
285B
330
2858
100
AcDbEntity
  8
DET-ARMADURAS
  0
POLYLINE
  5
285C
330
1F
100
AcDbEntity
  8
DET-ARMADURAS
100
AcDb2dPolyline
 66
     1
 10
0.0
 20
0.0
 30
0.0
  0
VERTEX
  5
285D
330
285C
100
AcDbEntity
  8
DET-ARMADURAS
100
AcDbVertex
100
AcDb2dVertex
 10
24.7969722062415
 20
10.34185719968273
 30
0.0
  0
VERTEX
  5
285E
330
285C
100
AcDbEntity
  8
DET-ARMADURAS
100
AcDbVertex
100
AcDb2dVertex
 10
24.7969722062415
 20
9.959554267210805
 30
0.0
  0
SEQEND
  5
285F
330
285C
100
AcDbEntity
  8
DET-ARMADURAS
  0
POLYLINE
  5
2860
330
1F
100
AcDbEntity
  8
DET-ARMADURAS
100
AcDb2dPolyline
 66
     1
 10
0.0
 20
0.0
 30
0.0
  0
VERTEX
  5
2861
330
2860
100
AcDbEntity
  8
DET-ARMADURAS
100
AcDbVertex
100
AcDb2dVertex
 10
25.08625119467326
 20
10.34185719968273
 30
0.0
  0
VERTEX
  5
2862
330
2860
100
AcDbEntity
  8
DET-ARMADURAS
100
AcDbVertex
100
AcDb2dVertex
 10
25.08625119467326
 20
9.959554267210805
 30
0.0
  0
SEQEND
  5
2863
330
2860
100
AcDbEntity
  8
DET-ARMADURAS
  0
POLYLINE
  5
2864
330
1F
100
AcDbEntity
  8
DET-ARMADURAS
100
AcDb2dPolyline
 66
     1
 10
0.0
 20
0.0
 30
0.0
  0
VERTEX
  5
2865
330
2864
100
AcDbEntity
  8
DET-ARMADURAS
100
AcDbVertex
100
AcDb2dVertex
 10
25.37963295415631
 20
10.34185719968273
 30
0.0
  0
VERTEX
  5
2866
330
2864
100
AcDbEntity
  8
DET-ARMADURAS
100
AcDbVertex
100
AcDb2dVertex
 10
25.37963295415631
 20
9.959554267210805
 30
0.0
  0
SEQEND
  5
2867
330
2864
100
AcDbEntity
  8
DET-ARMADURAS
  0
POLYLINE
  5
2868
330
1F
100
AcDbEntity
  8
DET-ARMADURAS
100
AcDb2dPolyline
 66
     1
 10
0.0
 20
0.0
 30
0.0
  0
VERTEX
  5
2869
330
2868
100
AcDbEntity
  8
DET-ARMADURAS
100
AcDbVertex
100
AcDb2dVertex
 10
25.67301471363891
 20
10.34185719968273
 30
0.0
  0
VERTEX
  5
286A
330
2868
100
AcDbEntity
  8
DET-ARMADURAS
100
AcDbVertex
100
AcDb2dVertex
 10
25.67301471363891
 20
9.959554267210805
 30
0.0
  0
SEQEND
  5
286B
330
2868
100
AcDbEntity
  8
DET-ARMADURAS
  0
POLYLINE
  5
286C
330
1F
100
AcDbEntity
  8
DET-ARMADURAS
100
AcDb2dPolyline
 66
     1
 10
0.0
 20
0.0
 30
0.0
  0
VERTEX
  5
286D
330
286C
100
AcDbEntity
  8
DET-ARMADURAS
100
AcDbVertex
100
AcDb2dVertex
 10
25.96646373166488
 20
10.34185719968273
 30
0.0
  0
VERTEX
  5
286E
330
286C
100
AcDbEntity
  8
DET-ARMADURAS
100
AcDbVertex
100
AcDb2dVertex
 10
25.96646373166488
 20
9.959554267210805
 30
0.0
  0
SEQEND
  5
286F
330
286C
100
AcDbEntity
  8
DET-ARMADURAS
  0
POLYLINE
  5
2870
330
1F
100
AcDbEntity
  8
DET-ARMADURAS
100
AcDb2dPolyline
 66
     1
 10
0.0
 20
0.0
 30
0.0
  0
VERTEX
  5
2871
330
2870
100
AcDbEntity
  8
DET-ARMADURAS
100
AcDbVertex
100
AcDb2dVertex
 10
26.25574272009482
 20
10.34185719968273
 30
0.0
  0
VERTEX
  5
2872
330
2870
100
AcDbEntity
  8
DET-ARMADURAS
100
AcDbVertex
100
AcDb2dVertex
 10
26.25574272009482
 20
9.959554267210805
 30
0.0
  0
SEQEND
  5
2873
330
2870
100
AcDbEntity
  8
DET-ARMADURAS
  0
POLYLINE
  5
2874
330
1F
100
AcDbEntity
  8
DET-ARMADURAS
100
AcDb2dPolyline
 66
     1
 10
0.0
 20
0.0
 30
0.0
  0
VERTEX
  5
2875
330
2874
100
AcDbEntity
  8
DET-ARMADURAS
100
AcDbVertex
100
AcDb2dVertex
 10
26.54912447957879
 20
10.34185719968273
 30
0.0
  0
VERTEX
  5
2876
330
2874
100
AcDbEntity
  8
DET-ARMADURAS
100
AcDbVertex
100
AcDb2dVertex
 10
26.54912447957879
 20
9.959554267210805
 30
0.0
  0
SEQEND
  5
2877
330
2874
100
AcDbEntity
  8
DET-ARMADURAS
  0
POLYLINE
  5
2878
330
1F
100
AcDbEntity
  8
DET-ARMADURAS
100
AcDb2dPolyline
 66
     1
 10
0.0
 20
0.0
 30
0.0
  0
VERTEX
  5
2879
330
2878
100
AcDbEntity
  8
DET-ARMADURAS
100
AcDbVertex
100
AcDb2dVertex
 10
26.84250623906139
 20
10.34185719968273
 30
0.0
  0
VERTEX
  5
287A
330
2878
100
AcDbEntity
  8
DET-ARMADURAS
100
AcDbVertex
100
AcDb2dVertex
 10
26.84250623906139
 20
9.959554267210805
 30
0.0
  0
SEQEND
  5
287B
330
2878
100
AcDbEntity
  8
DET-ARMADURAS
  0
POLYLINE
  5
287C
330
1F
100
AcDbEntity
  8
DET-ARMADURAS
100
AcDb2dPolyline
 66
     1
 10
0.0
 20
0.0
 30
0.0
  0
VERTEX
  5
287D
330
287C
100
AcDbEntity
  8
DET-ARMADURAS
100
AcDbVertex
100
AcDb2dVertex
 10
27.13178522749269
 20
10.34185719968273
 30
0.0
  0
VERTEX
  5
287E
330
287C
100
AcDbEntity
  8
DET-ARMADURAS
100
AcDbVertex
100
AcDb2dVertex
 10
27.13178522749269
 20
9.959554267210805
 30
0.0
  0
SEQEND
  5
287F
330
287C
100
AcDbEntity
  8
DET-ARMADURAS
  0
POLYLINE
  5
2880
330
1F
100
AcDbEntity
  8
DET-ARMADURAS
100
AcDb2dPolyline
 66
     1
 10
0.0
 20
0.0
 30
0.0
  0
VERTEX
  5
2881
330
2880
100
AcDbEntity
  8
DET-ARMADURAS
100
AcDbVertex
100
AcDb2dVertex
 10
27.42516698697575
 20
10.34185719968273
 30
0.0
  0
VERTEX
  5
2882
330
2880
100
AcDbEntity
  8
DET-ARMADURAS
100
AcDbVertex
100
AcDb2dVertex
 10
27.42516698697575
 20
9.959554267210805
 30
0.0
  0
SEQEND
  5
2883
330
2880
100
AcDbEntity
  8
DET-ARMADURAS
  0
POLYLINE
  5
2884
330
1F
100
AcDbEntity
  8
DET-ARMADURAS
100
AcDb2dPolyline
 66
     1
 10
0.0
 20
0.0
 30
0.0
  0
VERTEX
  5
2885
330
2884
100
AcDbEntity
  8
DET-ARMADURAS
100
AcDbVertex
100
AcDb2dVertex
 10
27.71861600500126
 20
10.34185719968273
 30
0.0
  0
VERTEX
  5
2886
330
2884
100
AcDbEntity
  8
DET-ARMADURAS
100
AcDbVertex
100
AcDb2dVertex
 10
27.71861600500126
 20
9.959554267210805
 30
0.0
  0
SEQEND
  5
2887
330
2884
100
AcDbEntity
  8
DET-ARMADURAS
  0
POLYLINE
  5
2888
330
1F
100
AcDbEntity
  8
DET-ARMADURAS
100
AcDb2dPolyline
 66
     1
 10
0.0
 20
0.0
 30
0.0
  0
VERTEX
  5
2889
330
2888
100
AcDbEntity
  8
DET-ARMADURAS
100
AcDbVertex
100
AcDb2dVertex
 10
28.00782773488965
 20
10.34185719968273
 30
0.0
  0
VERTEX
  5
288A
330
2888
100
AcDbEntity
  8
DET-ARMADURAS
100
AcDbVertex
100
AcDb2dVertex
 10
28.00782773488965
 20
9.959554267210805
 30
0.0
  0
SEQEND
  5
288B
330
2888
100
AcDbEntity
  8
DET-ARMADURAS
  0
POLYLINE
  5
288C
330
1F
100
AcDbEntity
  8
DET-ARMADURAS
100
AcDb2dPolyline
 66
     1
 10
0.0
 20
0.0
 30
0.0
  0
VERTEX
  5
288D
330
288C
100
AcDbEntity
  8
DET-ARMADURAS
100
AcDbVertex
100
AcDb2dVertex
 10
28.30120949437407
 20
10.34185719968273
 30
0.0
  0
VERTEX
  5
288E
330
288C
100
AcDbEntity
  8
DET-ARMADURAS
100
AcDbVertex
100
AcDb2dVertex
 10
28.30120949437407
 20
9.959554267210805
 30
0.0
  0
SEQEND
  5
288F
330
288C
100
AcDbEntity
  8
DET-ARMADURAS
  0
POLYLINE
  5
2890
330
1F
100
AcDbEntity
  8
DET-ARMADURAS
100
AcDb2dPolyline
 66
     1
 10
0.0
 20
0.0
 30
0.0
  0
VERTEX
  5
2891
330
2890
100
AcDbEntity
  8
DET-ARMADURAS
100
AcDbVertex
100
AcDb2dVertex
 10
28.59465851239868
 20
10.34185719968273
 30
0.0
  0
VERTEX
  5
2892
330
2890
100
AcDbEntity
  8
DET-ARMADURAS
100
AcDbVertex
100
AcDb2dVertex
 10
28.59465851239868
 20
9.959554267210805
 30
0.0
  0
SEQEND
  5
2893
330
2890
100
AcDbEntity
  8
DET-ARMADURAS
  0
POLYLINE
  5
2894
330
1F
100
AcDbEntity
  8
DET-ARMADURAS
100
AcDb2dPolyline
 66
     1
 10
0.0
 20
0.0
 30
0.0
  0
VERTEX
  5
2895
330
2894
100
AcDbEntity
  8
DET-ARMADURAS
100
AcDbVertex
100
AcDb2dVertex
 10
28.88393750082998
 20
10.34185719968273
 30
0.0
  0
VERTEX
  5
2896
330
2894
100
AcDbEntity
  8
DET-ARMADURAS
100
AcDbVertex
100
AcDb2dVertex
 10
28.88393750082998
 20
9.959554267210805
 30
0.0
  0
SEQEND
  5
2897
330
2894
100
AcDbEntity
  8
DET-ARMADURAS
  0
POLYLINE
  5
2898
330
1F
100
AcDbEntity
  8
DET-ARMADURAS
100
AcDb2dPolyline
 66
     1
 10
0.0
 20
0.0
 30
0.0
  0
VERTEX
  5
2899
330
2898
100
AcDbEntity
  8
DET-ARMADURAS
100
AcDbVertex
100
AcDb2dVertex
 10
30.61537414328115
 20
10.34185719968273
 30
0.0
  0
VERTEX
  5
289A
330
2898
100
AcDbEntity
  8
DET-ARMADURAS
100
AcDbVertex
100
AcDb2dVertex
 10
30.61537414328115
 20
9.989554267210777
 30
0.0
  0
SEQEND
  5
289B
330
2898
100
AcDbEntity
  8
DET-ARMADURAS
  0
POLYLINE
  5
289C
330
1F
100
AcDbEntity
  8
DET-ARMADURAS
100
AcDb2dPolyline
 66
     1
 10
0.0
 20
0.0
 30
0.0
  0
VERTEX
  5
289D
330
289C
100
AcDbEntity
  8
DET-ARMADURAS
100
AcDbVertex
100
AcDb2dVertex
 10
30.32192512525655
 20
10.34185719968273
 30
0.0
  0
VERTEX
  5
289E
330
289C
100
AcDbEntity
  8
DET-ARMADURAS
100
AcDbVertex
100
AcDb2dVertex
 10
30.32192512525655
 20
9.989554267210777
 30
0.0
  0
SEQEND
  5
289F
330
289C
100
AcDbEntity
  8
DET-ARMADURAS
  0
POLYLINE
  5
28A0
330
1F
100
AcDbEntity
  8
DET-ARMADURAS
100
AcDb2dPolyline
 66
     1
 10
0.0
 20
0.0
 30
0.0
  0
VERTEX
  5
28A1
330
28A0
100
AcDbEntity
  8
DET-ARMADURAS
100
AcDbVertex
100
AcDb2dVertex
 10
30.01577764022415
 20
10.34185719968273
 30
0.0
  0
VERTEX
  5
28A2
330
28A0
100
AcDbEntity
  8
DET-ARMADURAS
100
AcDbVertex
100
AcDb2dVertex
 10
30.01577764022415
 20
9.989554267210777
 30
0.0
  0
SEQEND
  5
28A3
330
28A0
100
AcDbEntity
  8
DET-ARMADURAS
  0
POLYLINE
  5
28A4
330
1F
100
AcDbEntity
  8
DET-ARMADURAS
100
AcDb2dPolyline
 66
     1
 10
0.0
 20
0.0
 30
0.0
  0
VERTEX
  5
28A5
330
28A4
100
AcDbEntity
  8
DET-ARMADURAS
100
AcDbVertex
100
AcDb2dVertex
 10
29.71986559301224
 20
10.34185719968273
 30
0.0
  0
VERTEX
  5
28A6
330
28A4
100
AcDbEntity
  8
DET-ARMADURAS
100
AcDbVertex
100
AcDb2dVertex
 10
29.71986559301224
 20
9.959554267210805
 30
0.0
  0
SEQEND
  5
28A7
330
28A4
100
AcDbEntity
  8
DET-ARMADURAS
  0
POLYLINE
  5
28A8
330
1F
100
AcDbEntity
  8
DET-ARMADURAS
100
AcDb2dPolyline
 66
     1
 10
0.0
 20
0.0
 30
0.0
  0
VERTEX
  5
28A9
330
28A8
100
AcDbEntity
  8
DET-ARMADURAS
100
AcDbVertex
100
AcDb2dVertex
 10
29.44588261785868
 20
10.34185719968273
 30
0.0
  0
VERTEX
  5
28AA
330
28A8
100
AcDbEntity
  8
DET-ARMADURAS
100
AcDbVertex
100
AcDb2dVertex
 10
29.44588261785868
 20
9.959554267210805
 30
0.0
  0
SEQEND
  5
28AB
330
28A8
100
AcDbEntity
  8
DET-ARMADURAS
  0
MTEXT
  5
28AC
102
{ACAD_XDICTIONARY
360
28AD
102
}
330
1F
100
AcDbEntity
  8
DET-TEXTO
100
AcDbMText
 10
2.268006230249575
 20
5.264072181587934
 30
0.0000000315809277
 40
0.2
 41
18.94109342027303
 46
0.0
 71
     1
 72
     5
  3
{\LNOTAS IMPORTANTES:\P\H0.5x;\l\P}Para la continuidad de las armaduras longitudinales se dispondrán las longitudes de solape correspondientes conforme al Cod. Estructural.\PEn aquellos casos en los que sea posible, el solape de las armaduras superio
  3
res se realizará en zona de centro de vano. \PEn aquellos casos en los que sea posible, el solape de las armaduras inferiores se realizará en zona de pilares. \PEl armado transversal de estribos indicado se dispondrá a lo largo de toda la longitud de
  3
 la viga.\P(Ver zonas de concentración de estribado en extremos de vigas. Zonas A y B) \PLas armaduras longitudinales de las vigas en extremo de pórtico anclarán en patilla en los pilares a los que acometen.\P\pxql;Se tomarán las medidas oportunas pa
  1
ra minimizar la flecha activa de los  elementos constructivos de solado y tabiquería
  7
CENTURY
 73
     1
 44
1.0
  0
ENDSEC
  0
SECTION
  2
OBJECTS
  0
DICTIONARY
  5
C
330
0
100
AcDbDictionary
281
     1
  3
ACAD_CIP_PREVIOUS_PRODUCT_INFO
350
19E
  3
ACAD_COLOR
350
6C
  3
ACAD_DATALINK
350
238
  3
ACAD_DETAILVIEWSTYLE
350
1EB
  3
ACAD_GROUP
350
D
  3
ACAD_LAYOUT
350
1A
  3
ACAD_MATERIAL
350
6B
  3
ACAD_MLEADERSTYLE
350
DE
  3
ACAD_MLINESTYLE
350
17
  3
ACAD_PLOTSETTINGS
350
19
  3
ACAD_PLOTSTYLENAME
350
E
  3
ACAD_SCALELIST
350
B7
  3
ACAD_SECTIONVIEWSTYLE
350
1E9
  3
ACAD_TABLESTYLE
350
92
  3
ACAD_VISUALSTYLE
350
17F
  3
ACDB_RECOMPOSE_DATA
350
2CEC
  3
AcDbVariableDictionary
350
59
  3
TCH_DBCONFIG
350
243
  0
DICTIONARY
  5
FA
330
2
100
AcDbDictionary
280
     1
281
     1
  3
ACAD_LAYERSTATES
360
FB
  0
DICTIONARY
  5
162A
330
1629
100
AcDbDictionary
280
     1
281
     1
  0
DICTIONARY
  5
162C
330
162B
100
AcDbDictionary
280
     1
281
     1
  0
DICTIONARY
  5
162E
330
162D
100
AcDbDictionary
280
     1
281
     1
  0
DICTIONARY
  5
1630
330
162F
100
AcDbDictionary
280
     1
281
     1
  0
DICTIONARY
  5
1632
330
1631
100
AcDbDictionary
280
     1
281
     1
  0
DICTIONARY
  5
1634
330
1633
100
AcDbDictionary
280
     1
281
     1
  0
DICTIONARY
  5
1651
330
1F
100
AcDbDictionary
280
     1
281
     1
  3
ACAD_SORTENTS
360
1652
  0
DICTIONARY
  5
249
330
248
100
AcDbDictionary
280
     1
281
     1
  3
ACAD_ENHANCEDBLOCK
360
24A
  3
AcDbDynamicBlockRoundTripPurgePreventer
360
24F
  0
DICTIONARY
  5
259
330
258
100
AcDbDictionary
280
     1
281
     1
  0
DICTIONARY
  5
263
330
262
100
AcDbDictionary
280
     1
281
     1
  3
ACAD_ENHANCEDBLOCK
360
264
  3
AcDbDynamicBlockRoundTripPurgePreventer
360
269
  0
DICTIONARY
  5
809
330
808
100
AcDbDictionary
280
     1
281
     1
  0
DICTIONARY
  5
143C
330
143B
100
AcDbDictionary
280
     1
281
     1
  0
DICTIONARY
  5
14F0
330
14EF
100
AcDbDictionary
280
     1
281
     1
  0
DICTIONARY
  5
1590
330
158F
100
AcDbDictionary
280
     1
281
     1
  0
DICTIONARY
  5
24AD
330
24AC
100
AcDbDictionary
280
     1
281
     1
  3
ACAD_DIMASSOC
360
24AE
  0
DICTIONARY
  5
24B0
330
24AF
100
AcDbDictionary
280
     1
281
     1
  0
DICTIONARY
  5
24F7
330
24F6
100
AcDbDictionary
280
     1
281
     1
  0
DICTIONARY
  5
2509
330
2508
100
AcDbDictionary
280
     1
281
     1
  3
ACAD_DIMASSOC
360
250A
  0
DICTIONARY
  5
250C
330
250B
100
AcDbDictionary
280
     1
281
     1
  0
DICTIONARY
  5
251F
330
251E
100
AcDbDictionary
280
     1
281
     1
  0
DICTIONARY
  5
2521
330
2520
100
AcDbDictionary
280
     1
281
     1
  0
DICTIONARY
  5
28AD
330
28AC
100
AcDbDictionary
280
     1
281
     1
  0
XRECORD
  5
19E
102
{ACAD_REACTORS
330
C
102
}
330
C
100
AcDbXrecord
280
     1
300
ACD
300
2013
300
ACD_F_S
  0
DICTIONARY
  5
6C
102
{ACAD_REACTORS
330
C
102
}
330
C
100
AcDbDictionary
281
     1
  0
DICTIONARY
  5
238
102
{ACAD_REACTORS
330
C
102
}
330
C
100
AcDbDictionary
280
     1
281
     1
  0
DICTIONARY
  5
1EB
102
{ACAD_REACTORS
330
C
102
}
330
C
100
AcDbDictionary
281
     1
  3
Metric50
350
1EC
  0
DICTIONARY
  5
D
102
{ACAD_REACTORS
330
C
102
}
330
C
100
AcDbDictionary
281
     1
  0
DICTIONARY
  5
1A
102
{ACAD_REACTORS
330
C
102
}
330
C
100
AcDbDictionary
281
     1
  3
Model
350
22
  3
Presentación1
350
1E0
  3
Presentación2
350
1E4
  0
DICTIONARY
  5
6B
102
{ACAD_REACTORS
330
C
102
}
330
C
100
AcDbDictionary
281
     1
  3
ByBlock
350
16F
  3
ByLayer
350
167
  3
Global
350
177
  0
DICTIONARY
  5
DE
102
{ACAD_REACTORS
330
C
102
}
330
C
100
AcDbDictionary
281
     1
  3
Standard
350
E1
  0
DICTIONARY
  5
17
102
{ACAD_REACTORS
330
C
102
}
330
C
100
AcDbDictionary
281
     1
  3
Standard
350
18
  0
DICTIONARY
  5
19
102
{ACAD_REACTORS
330
C
102
}
330
C
100
AcDbDictionary
281
     1
  0
ACDBDICTIONARYWDFLT
  5
E
102
{ACAD_REACTORS
330
C
102
}
330
C
100
AcDbDictionary
281
     1
  3
Normal
350
F
100
AcDbDictionaryWithDefault
340
F
  0
DICTIONARY
  5
B7
102
{ACAD_REACTORS
330
C
102
}
330
C
100
AcDbDictionary
281
     1
  3
A0
350
B8
  3
A1
350
B9
  3
A2
350
BA
  3
A3
350
BB
  3
A4
350
BC
  3
A5
350
BD
  3
A6
350
BE
  3
A7
350
BF
  3
A8
350
C0
  3
A9
350
C1
  3
B0
350
C2
  3
B1
350
C3
  3
B2
350
C4
  3
B3
350
C5
  3
B4
350
C6
  3
B5
350
C7
  3
B6
350
C8
  3
B7
350
C9
  3
B8
350
CA
  3
B9
350
CB
  3
C0
350
CC
  3
C1
350
CD
  3
C2
350
CE
  3
C3
350
CF
  3
C4
350
D0
  3
C5
350
D1
  3
C6
350
D2
  3
C7
350
D3
  3
C8
350
D4
  3
C9
350
D5
  3
D0
350
D6
  3
D1
350
D7
  3
D2
350
D8
  0
DICTIONARY
  5
1E9
102
{ACAD_REACTORS
330
C
102
}
330
C
100
AcDbDictionary
281
     1
  3
Metric50
350
1EA
  0
DICTIONARY
  5
92
102
{ACAD_REACTORS
330
C
102
}
330
C
100
AcDbDictionary
281
     1
  3
Standard
350
93
  0
DICTIONARY
  5
17F
102
{ACAD_REACTORS
330
C
102
}
330
C
100
AcDbDictionary
281
     1
  3
2dWireframe
350
185
  3
Basic
350
184
  3
Brighten
350
18B
  3
ColorChange
350
18F
  3
Conceptual
350
188
  3
Dim
350
18A
  3
EdgeColorOff
350
197
  3
Facepattern
350
18E
  3
Flat
350
180
  3
FlatWithEdges
350
181
  3
Gouraud
350
182
  3
GouraudWithEdges
350
183
  3
Hidden
350
187
  3
JitterOff
350
195
  3
Linepattern
350
18D
  3
OverhangOff
350
196
  3
Realistic
350
189
  3
Shaded
350
194
  3
Shaded with edges
350
193
  3
Shades of Gray
350
190
  3
Sketchy
350
191
  3
Thicken
350
18C
  3
Wireframe
350
186
  3
X-Ray
350
192
  0
XRECORD
  5
2CEC
102
{ACAD_REACTORS
330
C
102
}
330
C
100
AcDbXrecord
280
     1
 90
        1
330
93
  0
DICTIONARY
  5
59
102
{ACAD_REACTORS
330
C
102
}
330
C
100
AcDbDictionary
281
     1
  3
CANNOSCALE
350
DD
  3
CMLEADERSTYLE
350
E9
  3
CTABLESTYLE
350
98
  3
CVIEWDETAILSTYLE
350
209
  3
CVIEWSECTIONSTYLE
350
20A
  3
DGNFRAME
350
23E
  3
DIMASSOC
350
43
  3
DWFFRAME
350
23D
  3
HIDETEXT
350
5E
  3
PROJECTNAME
350
B6
  3
XCLIPFRAME
350
E2
  0
TCH_DBCONFIG
  5
243
102
{ACAD_REACTORS
330
C
102
}
330
C
100
TDbConfig
  0
DICTIONARY
  5
FB
102
{ACAD_REACTORS
330
FA
102
}
330
FA
100
AcDbDictionary
281
     1
  0
SORTENTSTABLE
  5
1652
102
{ACAD_REACTORS
330
1651
102
}
330
1651
100
AcDbSortentsTable
330
1F
331
23F3
  5
1688
331
23A2
  5
1674
331
234D
  5
1653
331
24F6
  5
172F
331
2406
  5
1698
331
16F1
  5
193E
331
25CA
  5
178A
331
2354
  5
1654
331
24A8
  5
16F1
331
235C
  5
1657
331
18EB
  5
1B38
331
1742
  5
199B
331
17F0
  5
1A55
331
2358
  5
1656
331
1874
  5
1ACD
331
25EA
  5
179D
331
2365
  5
1659
331
17CA
  5
1A2F
331
2361
  5
1658
331
17CE
  5
1A33
331
177D
  5
19DC
331
1829
  5
1A82
331
236A
  5
165A
331
2738
  5
1813
331
1831
  5
1A8A
331
2372
  5
165C
331
177F
  5
19E4
331
1684
  5
18DD
331
1BA4
  5
26D4
331
1AF6
  5
24E3
331
1A88
  5
2433
331
273C
  5
1814
331
236E
  5
165B
331
2589
  5
177A
331
2376
  5
165D
331
1760
  5
19AD
331
237A
  5
165E
331
2386
  5
1661
331
237E
  5
165F
331
1670
  5
18BD
331
2382
  5
1660
331
266C
  5
17C8
331
1851
  5
1AAA
331
2392
  5
1670
331
27C0
  5
184D
331
17F4
  5
1A59
331
16F5
  5
1942
331
17A3
  5
1A08
331
238A
  5
1668
331
1653
  5
18A1
331
179F
  5
19F8
331
16A4
  5
18F1
331
1AA8
  5
2485
331
238E
  5
166F
331
23EF
  5
1687
331
17AE
  5
1A13
331
26BC
  5
17E8
331
175D
  5
19AA
331
260E
  5
17A5
331
2396
  5
1671
331
1656
  5
18A3
331
280C
  5
1860
331
1700
  5
1953
331
239A
  5
1672
331
27D4
  5
1852
331
23F7
  5
1689
331
1AC4
  5
2495
331
23A6
  5
1675
331
239E
  5
1673
331
24AF
  5
16F6
331
2401
  5
1691
331
1994
  5
1BAB
331
277C
  5
1830
331
23B2
  5
1678
331
2774
  5
182E
331
18EA
  5
1B37
331
199C
  5
1BAD
331
1897
  5
1AF0
331
1B0F
  5
24F0
331
23AA
  5
1676
331
1743
  5
199C
331
23AE
  5
1677
331
173F
  5
198C
331
1AB0
  5
248D
331
23B6
  5
1679
331
23BA
  5
167A
331
1979
  5
1B96
331
2595
  5
177D
331
23C6
  5
167D
331
1BA1
  5
26C8
331
1683
  5
18D6
331
23BE
  5
167B
331
1B50
  5
2579
331
2634
  5
17AE
331
23C2
  5
167C
331
1986
  5
1BA3
331
1881
  5
1AE0
331
192F
  5
1B64
331
1963
  5
1B8C
331
24CF
  5
170A
331
2421
  5
169E
331
1B48
  5
2559
331
251E
  5
1741
331
23D2
  5
1680
331
23CA
  5
167E
331
1967
  5
1B90
331
2800
  5
185D
331
2425
  5
169F
331
23CE
  5
167F
331
16C2
  5
190F
331
23D6
  5
1681
331
1770
  5
19C9
331
2429
  5
16A0
331
171D
  5
1970
331
2650
  5
17BB
331
1A14
  5
1C25
331
23DA
  5
1682
331
23E6
  5
1685
331
16A3
  5
18F0
331
23DE
  5
1683
331
24E3
  5
1710
331
2814
  5
1862
331
23E2
  5
1684
331
19A6
  5
1BB7
331
18A1
  5
1AFA
331
1958
  5
1B81
331
23EA
  5
1686
331
1C1B
  5
2820
331
25D3
  5
1792
331
23FC
  5
168A
331
19D1
  5
1BE8
331
167B
  5
18C8
331
2412
  5
169B
331
25EF
  5
179E
331
2640
  5
17B1
331
1A77
  5
23E6
331
240A
  5
1699
331
187D
  5
1AD6
331
19C9
  5
1BDA
331
240E
  5
169A
331
1682
  5
18CF
331
27E0
  5
1855
331
2416
  5
169C
331
2690
  5
17D1
331
1833
  5
1A8C
331
197F
  5
1B9C
331
1884
  5
1AE9
331
241A
  5
169D
331
17DA
  5
1A39
331
1B8F
  5
2680
331
242F
  5
16A1
331
243B
  5
16A4
331
1B85
  5
2658
331
2433
  5
16A2
331
1BD6
  5
276C
331
2534
  5
1761
331
17A6
  5
1A0B
331
16A1
  5
18EE
331
1B30
  5
2529
331
2437
  5
16A3
331
1A5B
  5
23A6
331
19AD
  5
1BCA
331
27B8
  5
183F
331
243F
  5
16A5
331
2446
  5
16A6
331
26D4
  5
17EE
331
244D
  5
16A7
331
16E2
  5
192F
331
2828
  5
1873
331
26D8
  5
17EF
331
183A
  5
1A9F
331
18E8
  5
1B35
331
2451
  5
16A8
331
2455
  5
16A9
331
189C
  5
1AF5
331
2579
  5
1776
331
199B
  5
1BAC
331
19EC
  5
1BFD
331
2623
  5
17AA
331
2575
  5
1775
331
2507
  5
1735
331
2459
  5
16AA
331
1BB2
  5
270C
331
250B
  5
1737
331
245D
  5
16AB
331
167D
  5
18CA
331
17C9
  5
1A2E
331
250F
  5
173A
331
2461
  5
16AC
331
1A75
  5
23DE
331
2840
  5
1879
331
2465
  5
16AD
331
2469
  5
16AE
331
246F
  5
16AF
331
2854
  5
187E
331
1810
  5
1A75
331
170B
  5
1958
331
2473
  5
16B6
331
2477
  5
16BD
331
1762
  5
19AF
331
2559
  5
176E
331
170F
  5
195C
331
247B
  5
16BE
331
1766
  5
19BF
331
1661
  5
18BA
331
285C
  5
1880
331
1672
  5
18BF
331
1B92
  5
268C
331
27F8
  5
185B
331
247F
  5
16BF
331
2483
  5
16C0
331
1C3B
  5
28A0
331
25F3
  5
179F
331
2532
  5
175F
331
2484
  5
16C1
331
1914
  5
1B55
331
2485
  5
16C2
331
1815
  5
1A7A
331
18C3
  5
1B1C
331
2486
  5
16C3
331
18C2
  5
1B1B
331
1B37
  5
2530
331
2487
  5
16C4
331
18C1
  5
1B1A
331
1C3C
  5
28A4
331
1B8A
  5
266C
331
26A4
  5
17E2
331
24D8
  5
170C
331
281C
  5
186A
331
2536
  5
1763
331
2488
  5
16C5
331
1B82
  5
264C
331
25C2
  5
1788
331
2537
  5
1764
331
2489
  5
16C6
331
248A
  5
16C7
331
16F8
  5
1945
331
1B31
  5
252A
331
248B
  5
16C8
331
1A9F
  5
2465
331
2818
  5
1863
331
18A5
  5
1B04
331
1953
  5
1B7C
331
26C4
  5
17EA
331
248C
  5
16C9
331
17A8
  5
1A0D
331
248D
  5
16CA
331
248E
  5
16CB
331
24E1
  5
170E
331
248F
  5
16CC
331
2490
  5
16CD
331
1C2D
  5
2868
331
16A7
  5
18FA
331
2491
  5
16CE
331
1C2C
  5
2864
331
16A8
  5
1901
331
19F7
  5
1C08
331
276C
  5
182C
331
2492
  5
16CF
331
1B7C
  5
2634
331
1ACE
  5
249F
331
2493
  5
16D0
331
1B77
  5
261E
331
1AC9
  5
249A
331
2860
  5
1881
331
2494
  5
16D1
331
1901
  5
1B42
331
2495
  5
16D2
331
25B9
  5
1786
331
24F2
  5
1725
331
1B75
  5
2616
331
24E9
  5
1716
331
1956
  5
1B7F
331
2496
  5
16D3
331
2760
  5
1829
331
2497
  5
16D4
331
24E8
  5
1715
331
2498
  5
16DB
331
25B5
  5
1785
331
2499
  5
16E2
331
2612
  5
17A6
331
1B20
  5
250F
331
1A08
  5
1C19
331
195A
  5
1B83
331
249A
  5
16E3
331
249B
  5
16E4
331
19AB
  5
1BC8
331
2561
  5
1770
331
249C
  5
16E5
331
249D
  5
16E6
331
24FA
  5
1732
331
262C
  5
17AC
331
198C
  5
1BA9
331
1A8D
  5
244D
331
1691
  5
18E4
331
249E
  5
16E7
331
249F
  5
16E8
331
1735
  5
1982
331
17E3
  5
1A3C
331
24A0
  5
16E9
331
24A1
  5
16EA
331
2628
  5
17AB
331
24A2
  5
16EB
331
25D7
  5
1799
331
1BBF
  5
2728
331
257D
  5
1777
331
24A3
  5
16EC
331
2830
  5
1875
331
1C19
  5
2818
331
24A4
  5
16ED
331
1C18
  5
2814
331
1B6E
  5
25F7
331
1934
  5
1B69
331
24A5
  5
16EE
331
1835
  5
1A8E
331
18E3
  5
1B30
331
24A6
  5
16EF
331
18E2
  5
1B2F
331
24F9
  5
1731
331
24A7
  5
16F0
331
18E1
  5
1B2E
331
24F8
  5
1730
331
1741
  5
1994
331
17EF
  5
1A54
331
24A9
  5
16F2
331
24AA
  5
16F3
331
1945
  5
1B7A
331
24AB
  5
16F4
331
24AC
  5
16F5
331
1A40
  5
236A
331
24B1
  5
16F7
331
27EC
  5
1858
331
24B5
  5
16F8
331
24B9
  5
16F9
331
27F0
  5
1859
331
24BD
  5
1700
331
2834
  5
1876
331
24C1
  5
1707
331
24C6
  5
1708
331
1813
  5
1A78
331
195F
  5
1B88
331
24CB
  5
1709
331
24D4
  5
170B
331
26A0
  5
17E1
331
24DC
  5
170D
331
17C2
  5
1A1B
331
252D
  5
175A
331
2668
  5
17C7
331
24E2
  5
170F
331
1752
  5
199F
331
189E
  5
1AF7
331
194C
  5
1B7B
331
1B33
  5
252C
331
2533
  5
1760
331
184D
  5
1AA6
331
24E4
  5
1711
331
2535
  5
1762
331
16A5
  5
18F2
331
19A8
  5
1BBF
331
24E5
  5
1712
331
24E6
  5
1713
331
24E7
  5
1714
331
2808
  5
185F
331
24EA
  5
1717
331
18A9
  5
1B0E
331
1858
  5
1AB1
331
26B4
  5
17E6
331
1755
  5
19A2
331
24EB
  5
1718
331
1808
  5
1A61
331
1BD3
  5
2760
331
1B25
  5
251C
331
1A07
  5
1C18
331
24EC
  5
1719
331
1959
  5
1B82
331
253D
  5
1767
331
2660
  5
17C5
331
17AF
  5
1A14
331
1C23
  5
2840
331
24ED
  5
171A
331
17AA
  5
1A0F
331
24EE
  5
171B
331
165D
  5
18AA
331
2708
  5
1807
331
17A9
  5
1A0E
331
24EF
  5
171C
331
185A
  5
1AB3
331
1908
  5
1B49
331
24F0
  5
171D
331
1859
  5
1AB2
331
1907
  5
1B48
331
24F1
  5
171E
331
1B6B
  5
25EA
331
24F3
  5
172C
331
26DC
  5
17F0
331
1B70
  5
2600
331
2728
  5
180F
331
24F4
  5
172D
331
24F5
  5
172E
331
16EA
  5
1937
331
26C8
  5
17EB
331
2500
  5
1733
331
1895
  5
1AEE
331
1943
  5
1B78
331
2506
  5
1734
331
1BFE
  5
27DC
331
16CF
  5
191C
331
2508
  5
1736
331
2694
  5
17D2
331
1C01
  5
27E8
331
2794
  5
1836
331
250D
  5
1738
331
16C9
  5
1916
331
250E
  5
1739
331
1777
  5
19D0
331
167C
  5
18C9
331
2514
  5
173B
331
182C
  5
1A85
331
2519
  5
173C
331
251A
  5
173D
331
1788
  5
19ED
331
1A2F
  5
1C34
331
1981
  5
1B9E
331
25E0
  5
179B
331
1886
  5
1AEB
331
251B
  5
173E
331
251C
  5
173F
331
1713
  5
1960
331
2555
  5
176D
331
251D
  5
1740
331
2520
  5
1742
331
2522
  5
1743
331
25A9
  5
1782
331
1812
  5
1A77
331
27AC
  5
183C
331
170D
  5
195A
331
17BB
  5
1A1A
331
2523
  5
174A
331
2524
  5
1751
331
2525
  5
1752
331
1A0D
  5
1C1E
331
26B0
  5
17E5
331
2526
  5
1753
331
1BF3
  5
27B0
331
1B45
  5
254D
331
27B0
  5
183D
331
1711
  5
195E
331
2527
  5
1754
331
2528
  5
1755
331
2529
  5
1756
331
252A
  5
1757
331
25FB
  5
17A1
331
252B
  5
1758
331
16C0
  5
190D
331
252C
  5
1759
331
25F7
  5
17A0
331
1715
  5
1962
331
17C3
  5
1A1C
331
2648
  5
17B3
331
252E
  5
175B
331
252F
  5
175C
331
1B90
  5
2684
331
2748
  5
1817
331
17C5
  5
1A24
331
16C4
  5
1911
331
2530
  5
175D
331
2531
  5
175E
331
2770
  5
182D
331
2538
  5
1765
331
2569
  5
1772
331
1B84
  5
2654
331
1AD6
  5
24A7
331
271C
  5
180C
331
2539
  5
1766
331
1A5C
  5
23AA
331
2541
  5
1768
331
19AE
  5
1BCB
331
195D
  5
1B86
331
16A9
  5
1902
331
1757
  5
19A4
331
165C
  5
18A9
331
2545
  5
1769
331
1B6C
  5
25EF
331
2549
  5
176A
331
17E2
  5
1A3B
331
254D
  5
176B
331
2551
  5
176C
331
255D
  5
176F
331
1905
  5
1B46
331
2565
  5
1771
331
256D
  5
1773
331
2571
  5
1774
331
1734
  5
1981
331
16E3
  5
1930
331
1A3D
  5
235C
331
1837
  5
1A90
331
1B15
  5
24F6
331
1A8E
  5
2451
331
2581
  5
1778
331
1BC7
  5
2730
331
1B19
  5
2500
331
1A8A
  5
243B
331
2585
  5
1779
331
172E
  5
197B
331
258D
  5
177B
331
1A80
  5
240E
331
2591
  5
177C
331
1920
  5
1B61
331
2599
  5
177E
331
1716
  5
1963
331
17C4
  5
1A1D
331
16C5
  5
1912
331
1773
  5
19CC
331
1BDF
  5
2790
331
259D
  5
177F
331
1819
  5
1A7E
331
18C7
  5
1B20
331
16C1
  5
190E
331
176F
  5
19C8
331
1B35
  5
252E
331
25A1
  5
1780
331
18BF
  5
1B18
331
1B39
  5
2532
331
25A5
  5
1781
331
25AD
  5
1783
331
26A8
  5
17E3
331
165E
  5
18AB
331
25B1
  5
1784
331
1B87
  5
2660
331
1AD9
  5
24AA
331
25BD
  5
1787
331
261A
  5
17A8
331
1C30
  5
2874
331
1B86
  5
265C
331
25C6
  5
1789
331
25CE
  5
178B
331
25DB
  5
179A
331
26E0
  5
17F1
331
1786
  5
19EB
331
1681
  5
18CE
331
25E5
  5
179C
331
1809
  5
1A62
331
2600
  5
17A2
331
2604
  5
17A3
331
175F
  5
19AC
331
16AA
  5
1903
331
2609
  5
17A4
331
1758
  5
19A5
331
27BC
  5
1846
331
1751
  5
199E
331
2616
  5
17A7
331
19ED
  5
1BFE
331
261E
  5
17A9
331
2630
  5
17AD
331
1792
  5
19F1
331
18DE
  5
1B2B
331
1832
  5
1A8B
331
2638
  5
17AF
331
172D
  5
197A
331
2788
  5
1833
331
263C
  5
17B0
331
16CE
  5
191B
331
177C
  5
19D5
331
1677
  5
18C4
331
2644
  5
17B2
331
1673
  5
18C0
331
264C
  5
17B4
331
190B
  5
1B4C
331
2654
  5
17C2
331
2658
  5
17C3
331
27A8
  5
183B
331
265C
  5
17C4
331
2664
  5
17C6
331
2670
  5
17C9
331
1A98
  5
2461
331
19EA
  5
1BFB
331
2674
  5
17CA
331
2678
  5
17CB
331
169C
  5
18E9
331
16E9
  5
1936
331
27C8
  5
184F
331
267C
  5
17CC
331
1A37
  5
1C3C
331
2680
  5
17CD
331
183D
  5
1AA2
331
1989
  5
1BA6
331
188E
  5
1AED
331
193C
  5
1B71
331
1C1C
  5
2824
331
1B6A
  5
25E5
331
2684
  5
17CE
331
1B53
  5
2585
331
1987
  5
1BA4
331
2688
  5
17CF
331
1BF9
  5
27C8
331
1880
  5
1AD9
331
268C
  5
17D0
331
167A
  5
18C7
331
1A76
  5
23E2
331
2698
  5
17D3
331
27E8
  5
1857
331
269C
  5
17DA
331
26AC
  5
17E4
331
26B8
  5
17E7
331
26C0
  5
17E9
331
26CC
  5
17EC
331
26D0
  5
17ED
331
2838
  5
1877
331
26E4
  5
17F2
331
26E8
  5
17F3
331
19CF
  5
1BE0
331
17CD
  5
1A32
331
16CC
  5
1919
331
1B59
  5
259D
331
26EC
  5
17F4
331
26F0
  5
17F5
331
2848
  5
187B
331
26F4
  5
17F6
331
191D
  5
1B5E
331
1671
  5
18BE
331
26F8
  5
17F7
331
1B8B
  5
2670
331
1915
  5
1B56
331
26FC
  5
17FE
331
1814
  5
1A79
331
1909
  5
1B4A
331
1A0E
  5
1C1F
331
2700
  5
1805
331
2858
  5
187F
331
1960
  5
1B89
331
2704
  5
1806
331
1659
  5
18A6
331
270C
  5
1808
331
2710
  5
1809
331
184F
  5
1AA8
331
1AA6
  5
2483
331
2868
  5
1883
331
2714
  5
180A
331
17A1
  5
1A00
331
16A6
  5
18F3
331
2718
  5
180B
331
2720
  5
180D
331
2878
  5
1887
331
2724
  5
180E
331
272C
  5
1810
331
183B
  5
1AA0
331
2730
  5
1811
331
2888
  5
1897
331
2734
  5
1812
331
2740
  5
1815
331
1674
  5
18C1
331
2898
  5
189B
331
187A
  5
1AD3
331
1928
  5
1B63
331
1BB1
  5
2708
331
2744
  5
1816
331
274C
  5
1818
331
171A
  5
1967
331
17C8
  5
1A2D
331
2750
  5
1819
331
28A8
  5
189F
331
2754
  5
181A
331
1B9B
  5
26B0
331
1AED
  5
24C1
331
2758
  5
181B
331
1767
  5
19C0
331
275C
  5
1822
331
2764
  5
182A
331
2768
  5
182B
331
1850
  5
1AA9
331
2778
  5
182F
331
2780
  5
1831
331
2784
  5
1832
331
1687
  5
18E0
331
278C
  5
1834
331
1780
  5
19E5
331
2790
  5
1835
331
1725
  5
1978
331
17D3
  5
1A38
331
2798
  5
1837
331
279C
  5
1838
331
1AE7
  5
24AC
331
1816
  5
1A7B
331
18C4
  5
1B1D
331
27A0
  5
1839
331
27A4
  5
183A
331
1ACF
  5
24A0
331
27B4
  5
183E
331
16F9
  5
194C
331
17A7
  5
1A0C
331
1B7E
  5
263C
331
27C4
  5
184E
331
27CC
  5
1850
331
27D0
  5
1851
331
1736
  5
1983
331
17E4
  5
1A3D
331
16E5
  5
1932
331
1839
  5
1A98
331
18E7
  5
1B34
331
1B72
  5
2609
331
27D8
  5
1853
331
27DC
  5
1854
331
167E
  5
18CB
331
1B9E
  5
26BC
331
27E4
  5
1856
331
27F4
  5
185A
331
27FC
  5
185C
331
1860
  5
1AC5
331
2804
  5
185E
331
165A
  5
18A7
331
1B27
  5
251E
331
1A56
  5
2392
331
2810
  5
1861
331
2820
  5
1871
331
19F1
  5
1C02
331
169B
  5
18E8
331
2824
  5
1872
331
282C
  5
1874
331
16D4
  5
1921
331
1A2E
  5
1C33
331
283C
  5
1878
331
177A
  5
19D3
331
2844
  5
187A
331
284C
  5
187C
331
176E
  5
19C7
331
16C8
  5
1915
331
2850
  5
187D
331
1B7B
  5
2630
331
1ACD
  5
249E
331
2864
  5
1882
331
1B80
  5
2644
331
169E
  5
18EB
331
286C
  5
1884
331
2870
  5
1885
331
2874
  5
1886
331
17EE
  5
1A53
331
179D
  5
19F6
331
1B61
  5
25BD
331
287C
  5
188E
331
168A
  5
18E3
331
173C
  5
1989
331
2880
  5
1895
331
16E7
  5
1934
331
2884
  5
1896
331
1936
  5
1B6B
331
18E5
  5
1B32
331
288C
  5
1898
331
1680
  5
18CD
331
2890
  5
1899
331
2894
  5
189A
331
289C
  5
189C
331
18CB
  5
1B24
331
17D0
  5
1A35
331
28A0
  5
189D
331
1A6C
  5
23D2
331
28A4
  5
189E
331
1712
  5
195F
331
185E
  5
1AC3
331
190C
  5
1B4D
331
28AC
  5
18A0
331
180D
  5
1A6C
331
18BB
  5
1B14
331
1C22
  5
283C
331
1654
  5
18A2
331
1B24
  5
251B
331
16AE
  5
1907
331
175C
  5
19A9
331
1C1F
  5
2830
331
1AD3
  5
24A4
331
1657
  5
18A4
331
1658
  5
18A5
331
165B
  5
18A8
331
19B1
  5
1BCE
331
16B6
  5
1909
331
1764
  5
19B1
331
165F
  5
18B2
331
1660
  5
18B9
331
1668
  5
18BB
331
1C37
  5
2890
331
166F
  5
18BC
331
1B3C
  5
2535
331
16C6
  5
1913
331
1675
  5
18C2
331
1B58
  5
2599
331
1AAA
  5
2487
331
1676
  5
18C3
331
1678
  5
18C5
331
1679
  5
18C6
331
1784
  5
19E9
331
167F
  5
18CC
331
1685
  5
18DE
331
1781
  5
19E6
331
182B
  5
1A84
331
1686
  5
18DF
331
1730
  5
197D
331
1688
  5
18E1
331
1689
  5
18E2
331
1698
  5
18E5
331
1699
  5
18E6
331
169A
  5
18E7
331
169D
  5
18EA
331
17E9
  5
1A48
331
16F6
  5
1943
331
17A4
  5
1A09
331
169F
  5
18EC
331
16A0
  5
18ED
331
16A2
  5
18EF
331
1902
  5
1B43
331
1BC9
  5
2738
331
16AB
  5
1904
331
16AC
  5
1905
331
18B2
  5
1B11
331
17AD
  5
1A12
331
17AC
  5
1A11
331
16AD
  5
1906
331
175B
  5
19A8
331
16AF
  5
1908
331
170E
  5
195B
331
16BD
  5
190A
331
1871
  5
1ACA
331
16BE
  5
190B
331
176C
  5
19C5
331
16BF
  5
190C
331
1714
  5
1961
331
1BE1
  5
2798
331
16C3
  5
1910
331
16C7
  5
1914
331
16CA
  5
1917
331
1778
  5
19D1
331
16CB
  5
1918
331
171E
  5
1977
331
17CC
  5
1A31
331
16CD
  5
191A
331
177B
  5
19D4
331
16D0
  5
191D
331
16D1
  5
191E
331
16D2
  5
191F
331
18CC
  5
1B25
331
16D3
  5
1920
331
172C
  5
1979
331
1932
  5
1B67
331
16DB
  5
1928
331
17E5
  5
1A3E
331
16E4
  5
1931
331
16E6
  5
1933
331
16E8
  5
1935
331
1942
  5
1B77
331
16EB
  5
1938
331
16EC
  5
1939
331
18F2
  5
1B3F
331
17ED
  5
1A52
331
173E
  5
198B
331
17EC
  5
1A51
331
16ED
  5
193A
331
179B
  5
19F4
331
16EE
  5
193B
331
179C
  5
19F5
331
16EF
  5
193C
331
16F0
  5
193D
331
16F2
  5
193F
331
183E
  5
1AA3
331
18EC
  5
1B39
331
16F3
  5
1940
331
17F5
  5
1A5A
331
16F4
  5
1941
331
16F7
  5
1944
331
175A
  5
19A7
331
1707
  5
1954
331
1759
  5
19A6
331
1708
  5
1955
331
1709
  5
1956
331
170A
  5
1957
331
170C
  5
1959
331
1912
  5
1B53
331
1761
  5
19AE
331
180B
  5
1A64
331
1710
  5
195D
331
176A
  5
19C3
331
1717
  5
1964
331
1769
  5
19C2
331
1718
  5
1965
331
1719
  5
1966
331
17C7
  5
1A2C
331
171B
  5
1968
331
171C
  5
1969
331
1782
  5
19E7
331
172F
  5
197C
331
1731
  5
197E
331
1732
  5
197F
331
187E
  5
1AD7
331
182D
  5
1A86
331
1733
  5
1980
331
178A
  5
19EF
331
1737
  5
1984
331
1789
  5
19EE
331
1738
  5
1985
331
1739
  5
1986
331
17E7
  5
1A40
331
173A
  5
1987
331
17E8
  5
1A41
331
173B
  5
1988
331
173D
  5
198A
331
1740
  5
198D
331
174A
  5
199D
331
1753
  5
19A0
331
1754
  5
19A1
331
1756
  5
19A3
331
1911
  5
1B52
331
175E
  5
19AB
331
17B4
  5
1A19
331
1763
  5
19B0
331
1765
  5
19B8
331
1768
  5
19C1
331
19C6
  5
1BD7
331
176B
  5
19C4
331
176D
  5
19C6
331
1771
  5
19CA
331
181B
  5
1A80
331
1772
  5
19CB
331
18BE
  5
1B17
331
1774
  5
19CD
331
1775
  5
19CE
331
1776
  5
19CF
331
1779
  5
19D2
331
1931
  5
1B66
331
177E
  5
19E3
331
1783
  5
19E8
331
1785
  5
19EA
331
1787
  5
19EC
331
178B
  5
19F0
331
1799
  5
19F2
331
179A
  5
19F3
331
179E
  5
19F7
331
17A0
  5
19F9
331
17A2
  5
1A07
331
17F6
  5
1A5B
331
17A5
  5
1A0A
331
17AB
  5
1A10
331
18AB
  5
1B10
331
17B0
  5
1A15
331
17B1
  5
1A16
331
185B
  5
1AB4
331
17B2
  5
1A17
331
17B3
  5
1A18
331
17C6
  5
1A2B
331
1822
  5
1A81
331
17CB
  5
1A30
331
17CF
  5
1A34
331
1BFF
  5
27E0
331
1AB3
  5
2490
331
17D1
  5
1A36
331
187B
  5
1AD4
331
17D2
  5
1A37
331
191E
  5
1B5F
331
18CD
  5
1B26
331
17E1
  5
1A3A
331
198B
  5
1BA8
331
17E6
  5
1A3F
331
17EA
  5
1A4F
331
18F0
  5
1B3D
331
1BB7
  5
2720
331
17EB
  5
1A50
331
17F1
  5
1A56
331
189B
  5
1AF4
331
17F2
  5
1A57
331
193E
  5
1B73
331
18ED
  5
1B3A
331
17F3
  5
1A58
331
17F7
  5
1A5C
331
17FE
  5
1A5D
331
1856
  5
1AAF
331
1904
  5
1B45
331
1805
  5
1A5E
331
1BCA
  5
273C
331
1806
  5
1A5F
331
1B1F
  5
250E
331
1807
  5
1A60
331
180A
  5
1A63
331
190D
  5
1B4E
331
1B96
  5
269C
331
180C
  5
1A65
331
180E
  5
1A73
331
18BC
  5
1B15
331
180F
  5
1A74
331
1811
  5
1A76
331
1A1D
  5
1C2E
331
1817
  5
1A7C
331
1818
  5
1A7D
331
181A
  5
1A7F
331
18C8
  5
1B21
331
182A
  5
1A83
331
182E
  5
1A87
331
182F
  5
1A88
331
1BF8
  5
27C4
331
1B4A
  5
2561
331
1830
  5
1A89
331
1935
  5
1B6A
331
1B1C
  5
2508
331
1834
  5
1A8D
331
1836
  5
1A8F
331
18E4
  5
1B31
331
1838
  5
1A91
331
1B14
  5
24F5
331
1A89
  5
2437
331
193D
  5
1B72
331
1AC3
  5
2494
331
183C
  5
1AA1
331
183F
  5
1AA4
331
1C0A
  5
280C
331
1846
  5
1AA5
331
1B83
  5
2650
331
1AD5
  5
24A6
331
184E
  5
1AA7
331
1852
  5
1AAB
331
1853
  5
1AAC
331
199F
  5
1BB0
331
18A4
  5
1AFD
331
1854
  5
1AAD
331
1855
  5
1AAE
331
1903
  5
1B44
331
18AA
  5
1B0F
331
195C
  5
1B85
331
1A5D
  5
23AE
331
1857
  5
1AB0
331
1957
  5
1B80
331
185C
  5
1AB5
331
1A57
  5
2396
331
185D
  5
1ABC
331
19A9
  5
1BC6
331
1964
  5
1B8D
331
1A65
  5
23CE
331
185F
  5
1AC4
331
1966
  5
1B8F
331
1861
  5
1AC6
331
190F
  5
1B50
331
1862
  5
1AC7
331
1910
  5
1B51
331
1863
  5
1AC8
331
186A
  5
1AC9
331
1918
  5
1B59
331
1872
  5
1ACB
331
1873
  5
1ACC
331
19BF
  5
1BD0
331
1875
  5
1ACE
331
1876
  5
1ACF
331
1C03
  5
27F0
331
18CA
  5
1B23
331
197C
  5
1B99
331
1A7D
  5
2401
331
1877
  5
1AD0
331
1B54
  5
2589
331
18C9
  5
1B22
331
1878
  5
1AD1
331
1AB1
  5
248E
331
1879
  5
1AD2
331
1977
  5
1B94
331
187C
  5
1AD5
331
1BA7
  5
26E0
331
1AF9
  5
24E6
331
1984
  5
1BA1
331
1A85
  5
2425
331
187F
  5
1AD8
331
1882
  5
1AE7
331
1930
  5
1B65
331
1883
  5
1AE8
331
1BFA
  5
27CC
331
1A7F
  5
240A
331
1885
  5
1AEA
331
1933
  5
1B68
331
1B9F
  5
26C0
331
1887
  5
1AEC
331
1896
  5
1AEF
331
1944
  5
1B79
331
1A3F
  5
2365
331
18F3
  5
1B40
331
18E9
  5
1B36
331
1898
  5
1AF1
331
1899
  5
1AF2
331
189A
  5
1AF3
331
19E9
  5
1BFA
331
189D
  5
1AF6
331
19A4
  5
1BB5
331
1AA5
  5
247F
331
189F
  5
1AF8
331
18A0
  5
1AF9
331
18A2
  5
1AFB
331
18A3
  5
1AFC
331
1A4F
  5
2376
331
19A1
  5
1BB2
331
18A6
  5
1B0B
331
18FA
  5
1B41
331
18A7
  5
1B0C
331
1C32
  5
287C
331
18A8
  5
1B0D
331
18B9
  5
1B12
331
18BA
  5
1B13
331
1B95
  5
2698
331
190E
  5
1B4F
331
19B8
  5
1BCF
331
1A09
  5
1C1A
331
18BD
  5
1B16
331
1B34
  5
252D
331
1A73
  5
23D6
331
19C5
  5
1BD6
331
18C0
  5
1B19
331
1916
  5
1B57
331
19C0
  5
1BD1
331
18C5
  5
1B1E
331
18C6
  5
1B1F
331
1970
  5
1B93
331
1B55
  5
258D
331
18CE
  5
1B27
331
1978
  5
1B95
331
18CF
  5
1B28
331
18D6
  5
1B29
331
1980
  5
1B9D
331
18DD
  5
1B2A
331
18DF
  5
1B2C
331
18E0
  5
1B2D
331
18E6
  5
1B33
331
18EE
  5
1B3B
331
18EF
  5
1B3C
331
18F1
  5
1B3E
331
1906
  5
1B47
331
19B0
  5
1BCD
331
190A
  5
1B4B
331
1A5F
  5
23B6
331
1913
  5
1B54
331
1917
  5
1B58
331
1919
  5
1B5A
331
1AE0
  5
24AB
331
191A
  5
1B5B
331
191B
  5
1B5C
331
1A17
  5
1C28
331
1969
  5
1B92
331
191C
  5
1B5D
331
191F
  5
1B60
331
1921
  5
1B62
331
1937
  5
1B6C
331
1938
  5
1B6D
331
1B71
  5
2604
331
1939
  5
1B6E
331
193A
  5
1B6F
331
1B73
  5
260E
331
1AC5
  5
2496
331
193B
  5
1B70
331
1B68
  5
25DB
331
193F
  5
1B74
331
1B67
  5
25D7
331
1940
  5
1B75
331
1941
  5
1B76
331
1954
  5
1B7D
331
1955
  5
1B7E
331
19AC
  5
1BC9
331
195B
  5
1B84
331
1A0C
  5
1C1D
331
195E
  5
1B87
331
1A0F
  5
1C20
331
1961
  5
1B8A
331
1A10
  5
1C21
331
1962
  5
1B8B
331
1A13
  5
1C24
331
1965
  5
1B8E
331
1968
  5
1B91
331
197A
  5
1B97
331
19CC
  5
1BDD
331
1BB3
  5
2710
331
197B
  5
1B98
331
1A7C
  5
23FC
331
19CE
  5
1BDF
331
197D
  5
1B9A
331
1A2C
  5
1C31
331
197E
  5
1B9B
331
1A30
  5
1C35
331
1982
  5
1B9F
331
1983
  5
1BA0
331
1BA8
  5
26E4
331
1AFA
  5
24E7
331
1A33
  5
1C38
331
1985
  5
1BA2
331
1988
  5
1BA5
331
1A38
  5
1C3D
331
198A
  5
1BA7
331
1A3B
  5
2354
331
198D
  5
1BAA
331
199D
  5
1BAE
331
199E
  5
1BAF
331
19A0
  5
1BB1
331
1A50
  5
237A
331
19A2
  5
1BB3
331
19A3
  5
1BB4
331
1A53
  5
2386
331
19A5
  5
1BB6
331
19A7
  5
1BB8
331
1A58
  5
239A
331
19AA
  5
1BC7
331
19AF
  5
1BCC
331
1B89
  5
2668
331
19C1
  5
1BD2
331
19C2
  5
1BD3
331
19C3
  5
1BD4
331
19C4
  5
1BD5
331
1B93
  5
2690
331
19C7
  5
1BD8
331
19C8
  5
1BD9
331
1A78
  5
23EA
331
19CA
  5
1BDB
331
19CB
  5
1BDC
331
1C05
  5
27F8
331
1A7B
  5
23F7
331
19CD
  5
1BDE
331
19D0
  5
1BE1
331
19D2
  5
1BEF
331
19D3
  5
1BF0
331
19D4
  5
1BF1
331
1A83
  5
241A
331
19D5
  5
1BF2
331
19DC
  5
1BF3
331
1B69
  5
25E0
331
19E3
  5
1BF4
331
19E4
  5
1BF5
331
19E5
  5
1BF6
331
19E6
  5
1BF7
331
19E7
  5
1BF8
331
19E8
  5
1BF9
331
19EB
  5
1BFC
331
19EE
  5
1BFF
331
19EF
  5
1C00
331
19F0
  5
1C01
331
19F2
  5
1C03
331
19F3
  5
1C04
331
1C2A
  5
285C
331
19F4
  5
1C05
331
1AA3
  5
2477
331
19F5
  5
1C06
331
1AA4
  5
247B
331
19F6
  5
1C07
331
19F8
  5
1C09
331
1C31
  5
2878
331
1AA7
  5
2484
331
19F9
  5
1C0A
331
1B79
  5
2628
331
1A00
  5
1C11
331
1B43
  5
2545
331
1A0A
  5
1C1B
331
1A0B
  5
1C1C
331
1A11
  5
1C22
331
1A12
  5
1C23
331
1A15
  5
1C26
331
1A16
  5
1C27
331
1A18
  5
1C29
331
1A19
  5
1C2A
331
1B36
  5
252F
331
1A1A
  5
1C2B
331
1A1B
  5
1C2C
331
1A1C
  5
1C2D
331
1A24
  5
1C2F
331
1A2B
  5
1C30
331
1A2D
  5
1C32
331
1A31
  5
1C36
331
1A32
  5
1C37
331
1A34
  5
1C39
331
1B1D
  5
250B
331
1A35
  5
1C3A
331
1A36
  5
1C3B
331
1A39
  5
1C3E
331
1A3A
  5
234D
331
1A3C
  5
2358
331
1A3E
  5
2361
331
1A41
  5
236E
331
1B64
  5
25CA
331
1A48
  5
2372
331
1A51
  5
237E
331
1A52
  5
2382
331
1A54
  5
238A
331
1A55
  5
238E
331
1A59
  5
239E
331
1C20
  5
2834
331
1B76
  5
261A
331
1A5A
  5
23A2
331
1B40
  5
2539
331
1A5E
  5
23B2
331
1A60
  5
23BA
331
1A61
  5
23BE
331
1A62
  5
23C2
331
1A63
  5
23C6
331
1A64
  5
23CA
331
1A74
  5
23DA
331
1A79
  5
23EF
331
1A7A
  5
23F3
331
1A7E
  5
2406
331
1AFD
  5
24EA
331
1A81
  5
2412
331
1AFC
  5
24E9
331
1A82
  5
2416
331
1A84
  5
2421
331
1AF8
  5
24E5
331
1A86
  5
2429
331
1A87
  5
242F
331
1A8B
  5
243F
331
1A8C
  5
2446
331
1A8F
  5
2455
331
1A90
  5
2459
331
1A91
  5
245D
331
1AA0
  5
2469
331
1AA1
  5
246F
331
1AA2
  5
2473
331
1B57
  5
2595
331
1AA9
  5
2486
331
1AAB
  5
2488
331
1AAC
  5
2489
331
1B5B
  5
25A5
331
1AAD
  5
248A
331
1B5C
  5
25A9
331
1AAE
  5
248B
331
1AAF
  5
248C
331
1AB2
  5
248F
331
1AB4
  5
2491
331
1B63
  5
25C6
331
1AB5
  5
2492
331
1ABC
  5
2493
331
1AC6
  5
2497
331
1AC7
  5
2498
331
1AC8
  5
2499
331
1B78
  5
2623
331
1ACA
  5
249B
331
1ACB
  5
249C
331
1ACC
  5
249D
331
1AD0
  5
24A1
331
1AD1
  5
24A2
331
1AD2
  5
24A3
331
1AD4
  5
24A5
331
1AD7
  5
24A8
331
1AD8
  5
24A9
331
1AE8
  5
24AF
331
1B97
  5
26A0
331
1AE9
  5
24B1
331
1B98
  5
26A4
331
1AEA
  5
24B5
331
1AEB
  5
24B9
331
1AEC
  5
24BD
331
1B9C
  5
26B4
331
1AEE
  5
24C6
331
1AEF
  5
24CB
331
1AF0
  5
24CF
331
1AF1
  5
24D4
331
1AF2
  5
24D8
331
1AF3
  5
24DC
331
1AF4
  5
24E1
331
1BA3
  5
26D0
331
1AF5
  5
24E2
331
1AF7
  5
24E4
331
1AFB
  5
24E8
331
1B04
  5
24EB
331
1B0B
  5
24EC
331
1B0C
  5
24ED
331
1B0D
  5
24EE
331
1B0E
  5
24EF
331
1B10
  5
24F1
331
1B11
  5
24F2
331
1B12
  5
24F3
331
1B13
  5
24F4
331
1B16
  5
24F8
331
1B17
  5
24F9
331
1B18
  5
24FA
331
1BC8
  5
2734
331
1B1A
  5
2506
331
1B1B
  5
2507
331
1BCC
  5
2744
331
1B1E
  5
250D
331
1BCF
  5
2750
331
1B21
  5
2514
331
1BD0
  5
2754
331
1B22
  5
2519
331
1B23
  5
251A
331
1B26
  5
251D
331
1B28
  5
2520
331
1BD7
  5
2770
331
1B29
  5
2522
331
1BD8
  5
2774
331
1B2A
  5
2523
331
1B2B
  5
2524
331
1B2C
  5
2525
331
1BDB
  5
2780
331
1B2D
  5
2526
331
1BDC
  5
2784
331
1B2E
  5
2527
331
1B2F
  5
2528
331
1B32
  5
252B
331
1B38
  5
2531
331
1BE8
  5
279C
331
1B3A
  5
2533
331
1B3B
  5
2534
331
1B3D
  5
2536
331
1B3E
  5
2537
331
1B3F
  5
2538
331
1BEF
  5
27A0
331
1B41
  5
253D
331
1BF0
  5
27A4
331
1B42
  5
2541
331
1B44
  5
2549
331
1B46
  5
2551
331
1B47
  5
2555
331
1BF7
  5
27C0
331
1B49
  5
255D
331
1B4B
  5
2565
331
1B4C
  5
2569
331
1BFB
  5
27D0
331
1B4D
  5
256D
331
1BFC
  5
27D4
331
1B4E
  5
2571
331
1B4F
  5
2575
331
1B51
  5
257D
331
1B52
  5
2581
331
1C00
  5
27E4
331
1B56
  5
2591
331
1B5A
  5
25A1
331
1B5D
  5
25AD
331
1B5E
  5
25B1
331
1B5F
  5
25B5
331
1B60
  5
25B9
331
1B62
  5
25C2
331
1B65
  5
25CE
331
1B66
  5
25D3
331
1B6D
  5
25F3
331
1B6F
  5
25FB
331
1B74
  5
2612
331
1B7A
  5
262C
331
1B7D
  5
2638
331
1B7F
  5
2640
331
1B81
  5
2648
331
1B88
  5
2664
331
1B8C
  5
2674
331
1B8D
  5
2678
331
1C38
  5
2894
331
1B8E
  5
267C
331
1B91
  5
2688
331
1B94
  5
2694
331
1B99
  5
26A8
331
1B9A
  5
26AC
331
1B9D
  5
26B8
331
1BA0
  5
26C4
331
1BA2
  5
26CC
331
1BA5
  5
26D8
331
1BA6
  5
26DC
331
1BA9
  5
26E8
331
1BAA
  5
26EC
331
1BAB
  5
26F0
331
1BAC
  5
26F4
331
1BAD
  5
26F8
331
1BAE
  5
26FC
331
1BAF
  5
2700
331
1BB0
  5
2704
331
1BB4
  5
2714
331
1BB5
  5
2718
331
1BB6
  5
271C
331
1BB8
  5
2724
331
1BC6
  5
272C
331
1BCB
  5
2740
331
1BCD
  5
2748
331
1BCE
  5
274C
331
1BD1
  5
2758
331
1BD2
  5
275C
331
1BD4
  5
2764
331
1BD5
  5
2768
331
1BD9
  5
2778
331
1BDA
  5
277C
331
1BDD
  5
2788
331
1BDE
  5
278C
331
1BE0
  5
2794
331
1BF1
  5
27A8
331
1BF2
  5
27AC
331
1BF4
  5
27B4
331
1BF5
  5
27B8
331
1BF6
  5
27BC
331
1BFD
  5
27D8
331
1C02
  5
27EC
331
1C04
  5
27F4
331
1C06
  5
27FC
331
1C07
  5
2800
331
1C08
  5
2804
331
1C09
  5
2808
331
1C11
  5
2810
331
1C1A
  5
281C
331
1C1D
  5
2828
331
1C1E
  5
282C
331
1C21
  5
2838
331
1C24
  5
2844
331
1C25
  5
2848
331
1C26
  5
284C
331
1C27
  5
2850
331
1C28
  5
2854
331
1C29
  5
2858
331
1C2B
  5
2860
331
1C2E
  5
286C
331
1C2F
  5
2870
331
1C33
  5
2880
331
1C34
  5
2884
331
1C35
  5
2888
331
1C36
  5
288C
331
1C39
  5
2898
331
1C3A
  5
289C
331
1C3D
  5
28A8
331
1C3E
  5
28AC
  0
ACAD_EVALUATION_GRAPH
  5
24A
102
{ACAD_REACTORS
330
249
102
}
330
249
100
AcDbEvalGraph
 96
        4
 97
        4
 91
        0
 93
       32
 95
        1
360
24B
 92
        0
 92
        0
 92
        1
 92
        2
 91
        1
 93
       32
 95
        2
360
24C
 92
       -1
 92
       -1
 92
        0
 92
        0
 91
        2
 93
       32
 95
        3
360
24D
 92
        1
 92
        1
 92
       -1
 92
       -1
 91
        3
 93
       32
 95
        4
360
24E
 92
        2
 92
        2
 92
       -1
 92
       -1
 92
        0
 93
        0
 94
        1
 91
        1
 91
        0
 92
       -1
 92
       -1
 92
       -1
 92
       -1
 92
       -1
 92
        1
 93
        0
 94
        1
 91
        0
 91
        2
 92
       -1
 92
       -1
 92
       -1
 92
        2
 92
       -1
 92
        2
 93
        0
 94
        1
 91
        0
 91
        3
 92
       -1
 92
       -1
 92
        1
 92
       -1
 92
       -1
  0
ACDB_DYNAMICBLOCKPURGEPREVENTER_VERSION
  5
24F
102
{ACAD_REACTORS
330
249
102
}
330
249
100
AcDbDynamicBlockPurgePreventer
 70
     1
  0
ACAD_EVALUATION_GRAPH
  5
264
102
{ACAD_REACTORS
330
263
102
}
330
263
100
AcDbEvalGraph
 96
        4
 97
        4
 91
        0
 93
       32
 95
        1
360
265
 92
        0
 92
        0
 92
        1
 92
        2
 91
        1
 93
       32
 95
        2
360
266
 92
       -1
 92
       -1
 92
        0
 92
        0
 91
        2
 93
       32
 95
        3
360
267
 92
        1
 92
        1
 92
       -1
 92
       -1
 91
        3
 93
       32
 95
        4
360
268
 92
        2
 92
        2
 92
       -1
 92
       -1
 92
        0
 93
        0
 94
        1
 91
        1
 91
        0
 92
       -1
 92
       -1
 92
       -1
 92
       -1
 92
       -1
 92
        1
 93
        0
 94
        1
 91
        0
 91
        2
 92
       -1
 92
       -1
 92
       -1
 92
        2
 92
       -1
 92
        2
 93
        0
 94
        1
 91
        0
 91
        3
 92
       -1
 92
       -1
 92
        1
 92
       -1
 92
       -1
  0
ACDB_DYNAMICBLOCKPURGEPREVENTER_VERSION
  5
269
102
{ACAD_REACTORS
330
263
102
}
330
263
100
AcDbDynamicBlockPurgePreventer
 70
     1
  0
DIMASSOC
  5
24AE
102
{ACAD_REACTORS
330
24AD
102
}
330
24AD
100
AcDbDimAssoc
330
24AC
 90
        2
 70
     0
 71
     0
  1
AcDbOsnapPointRef
 72
     1
331
248C
 73
     2
 91
        1
 40
1.0
 10
0.0
 20
0.0
 30
2.000000000000000E+50
 75
     0
  0
DIMASSOC
  5
250A
102
{ACAD_REACTORS
330
2509
102
}
330
2509
100
AcDbDimAssoc
330
2508
 90
        3
 70
     0
 71
     0
  1
AcDbOsnapPointRef
 72
    10
331
24F8
 73
     2
 91
        1
 40
0.1843655709309683
 10
0.0
 20
0.0
 30
0.0
 75
     0
  1
AcDbOsnapPointRef
 72
     8
331
24F9
 73
     2
 91
        1
 40
0.1843655709309683
 10
0.0
 20
0.0
 30
0.0
 75
     1
  1
AcDbOsnapPointRef
 72
    10
331
24F8
 73
     2
 91
        1
 40
0.1843655709309683
 10
0.0
 20
0.0
 30
0.0
 75
     0
  0
ACDBDETAILVIEWSTYLE
  5
1EC
102
{ACAD_REACTORS
330
1EB
102
}
330
1EB
100
AcDbModelDocViewStyle
 70
     0
  3
Metric50
290
     1
300
Metric50
 90
        0
100
AcDbDetailViewStyle
 70
     0
 71
     0
 90
        3
 71
     1
340
11
 62
   256
 40
5.0
340
0
 62
   256
 40
5.0
300

 40
0.0
280
     1
 71
     2
340
16
 90
       25
 62
   256
 71
     3
340
11
 62
   256
 40
5.0
 90
        0
 40
15.0
 90
        1
300
%<\AcVar ViewDetailId>% (%<\AcVar ViewScale \f "%sn">%)
 71
     4
340
16
 90
       25
 62
   256
340
16
 90
       25
 62
   256
280
     0
  0
LAYOUT
  5
22
102
{ACAD_REACTORS
330
1A
102
}
330
1A
100
AcDbPlotSettings
  1

  2
none_device
  4
none_user_media
  6

 40
6.349999904632568
 41
6.349999904632568
 42
6.350006103515625
 43
6.350006103515625
 44
215.8999938964844
 45
279.3999938964844
 46
0.0
 47
103.0606281331548
 48
0.0
 49
0.0
140
0.0
141
0.0
142
1.0
143
6.378855360305043
 70
 11445
 72
     1
 73
     0
 74
     0
  7

 75
     0
 76
     0
 77
     2
 78
   300
147
0.1567679377436423
148
69.14997379066472
149
-33.54320555294811
100
AcDbLayout
  1
Model
 70
     1
 71
     0
 10
0.0
 20
0.0
 11
420.0
 21
297.0
 12
0.0
 22
0.0
 32
0.0
 14
1.000000000000000E+20
 24
1.000000000000000E+20
 34
1.000000000000000E+20
 15
-1.000000000000000E+20
 25
-1.000000000000000E+20
 35
-1.000000000000000E+20
146
0.0
 13
0.0
 23
0.0
 33
0.0
 16
1.0
 26
0.0
 36
0.0
 17
0.0
 27
1.0
 37
0.0
 76
     0
330
1F
331
1CC
1001
ACAD_PSEXT
1000
Ninguno
1000
Ninguno
1000
No aplicable
1000
Seleccione un nuevo nombre de configuración de trazado para trazar la presentación actual.
1070
     0
  0
LAYOUT
  5
1E0
102
{ACAD_REACTORS
330
1A
102
}
330
1A
100
AcDbPlotSettings
  1

  2
None
  4
ISO_A4_(210.00_x_297.00_MM)
  6

 40
0.0
 41
0.0
 42
0.0
 43
0.0
 44
0.0
 45
0.0
 46
0.0
 47
0.0
 48
0.0
 49
0.0
140
0.0
141
0.0
142
1.0
143
1.0
 70
   688
 72
     1
 73
     1
 74
     5
  7

 75
    16
 76
     0
 77
     2
 78
   300
147
1.0
148
0.0
149
0.0
100
AcDbLayout
  1
Presentación1
 70
     1
 71
     1
 10
-20.0
 20
-7.5
 11
277.0
 21
202.5
 12
0.0
 22
0.0
 32
0.0
 14
25.69999999999999
 24
19.5
 34
0.0
 15
231.3
 25
175.5
 35
0.0
146
0.0
 13
0.0
 23
0.0
 33
0.0
 16
1.0
 26
0.0
 36
0.0
 17
0.0
 27
1.0
 37
0.0
 76
     0
330
1DF
  0
LAYOUT
  5
1E4
102
{ACAD_REACTORS
330
1A
102
}
330
1A
100
AcDbPlotSettings
  1

  2
None
  4
ISO_A4_(210.00_x_297.00_MM)
  6

 40
0.0
 41
0.0
 42
0.0
 43
0.0
 44
0.0
 45
0.0
 46
0.0
 47
0.0
 48
0.0
 49
0.0
140
0.0
141
0.0
142
1.0
143
1.0
 70
   688
 72
     1
 73
     1
 74
     5
  7

 75
    16
 76
     0
 77
     2
 78
   300
147
1.0
148
0.0
149
0.0
100
AcDbLayout
  1
Presentación2
 70
     1
 71
     2
 10
-20.0
 20
-7.5
 11
277.0
 21
202.5
 12
0.0
 22
0.0
 32
0.0
 14
25.69999999999999
 24
19.5
 34
0.0
 15
231.3
 25
175.5
 35
0.0
146
0.0
 13
0.0
 23
0.0
 33
0.0
 16
1.0
 26
0.0
 36
0.0
 17
0.0
 27
1.0
 37
0.0
 76
     0
330
1E3
  0
MATERIAL
  5
16F
102
{ACAD_REACTORS
330
6B
102
}
330
6B
100
AcDbMaterial
  1
ByBlock
 72
     0
 73
     2
 43
0.0008202099737533
 43
0.0
 43
0.0
 43
0.0
 43
0.0
 43
0.0008202099737533
 43
0.0
 43
0.0
 43
0.0
 43
0.0
 43
1.0
 43
0.0
 43
0.0
 43
0.0
 43
0.0
 43
1.0
 77
     0
 78
     2
 47
0.0008202099737533
 47
0.0
 47
0.0
 47
0.0
 47
0.0
 47
0.0008202099737533
 47
0.0
 47
0.0
 47
0.0
 47
0.0
 47
1.0
 47
0.0
 47
0.0
 47
0.0
 47
0.0
 47
1.0
171
     0
172
     2
 49
0.0008202099737533
 49
0.0
 49
0.0
 49
0.0
 49
0.0
 49
0.0008202099737533
 49
0.0
 49
0.0
 49
0.0
 49
0.0
 49
1.0
 49
0.0
 49
0.0
 49
0.0
 49
0.0
 49
1.0
175
     0
176
     2
142
0.0008202099737533
142
0.0
142
0.0
142
0.0
142
0.0
142
0.0008202099737533
142
0.0
142
0.0
142
0.0
142
0.0
142
1.0
142
0.0
142
0.0
142
0.0
142
0.0
142
1.0
179
     0
270
     2
144
0.0008202099737533
144
0.0
144
0.0
144
0.0
144
0.0
144
0.0008202099737533
144
0.0
144
0.0
144
0.0
144
0.0
144
1.0
144
0.0
144
0.0
144
0.0
144
0.0
144
1.0
274
     2
147
0.0008202099737533
147
0.0
147
0.0
147
0.0
147
0.0
147
0.0008202099737533
147
0.0
147
0.0
147
0.0
147
0.0
147
1.0
147
0.0
147
0.0
147
0.0
147
0.0
147
1.0
 94
      127
  0
MATERIAL
  5
167
102
{ACAD_REACTORS
330
6B
102
}
330
6B
100
AcDbMaterial
  1
ByLayer
 72
     0
 73
     2
 43
0.0008202099737533
 43
0.0
 43
0.0
 43
0.0
 43
0.0
 43
0.0008202099737533
 43
0.0
 43
0.0
 43
0.0
 43
0.0
 43
1.0
 43
0.0
 43
0.0
 43
0.0
 43
0.0
 43
1.0
 77
     0
 78
     2
 47
0.0008202099737533
 47
0.0
 47
0.0
 47
0.0
 47
0.0
 47
0.0008202099737533
 47
0.0
 47
0.0
 47
0.0
 47
0.0
 47
1.0
 47
0.0
 47
0.0
 47
0.0
 47
0.0
 47
1.0
171
     0
172
     2
 49
0.0008202099737533
 49
0.0
 49
0.0
 49
0.0
 49
0.0
 49
0.0008202099737533
 49
0.0
 49
0.0
 49
0.0
 49
0.0
 49
1.0
 49
0.0
 49
0.0
 49
0.0
 49
0.0
 49
1.0
175
     0
176
     2
142
0.0008202099737533
142
0.0
142
0.0
142
0.0
142
0.0
142
0.0008202099737533
142
0.0
142
0.0
142
0.0
142
0.0
142
1.0
142
0.0
142
0.0
142
0.0
142
0.0
142
1.0
179
     0
270
     2
144
0.0008202099737533
144
0.0
144
0.0
144
0.0
144
0.0
144
0.0008202099737533
144
0.0
144
0.0
144
0.0
144
0.0
144
1.0
144
0.0
144
0.0
144
0.0
144
0.0
144
1.0
274
     2
147
0.0008202099737533
147
0.0
147
0.0
147
0.0
147
0.0
147
0.0008202099737533
147
0.0
147
0.0
147
0.0
147
0.0
147
1.0
147
0.0
147
0.0
147
0.0
147
0.0
147
1.0
 94
      127
  0
MATERIAL
  5
177
102
{ACAD_REACTORS
330
6B
102
}
330
6B
100
AcDbMaterial
  1
Global
 72
     0
 73
     2
 43
0.0008202099737533
 43
0.0
 43
0.0
 43
0.0
 43
0.0
 43
0.0008202099737533
 43
0.0
 43
0.0
 43
0.0
 43
0.0
 43
1.0
 43
0.0
 43
0.0
 43
0.0
 43
0.0
 43
1.0
 77
     0
 78
     2
 47
0.0008202099737533
 47
0.0
 47
0.0
 47
0.0
 47
0.0
 47
0.0008202099737533
 47
0.0
 47
0.0
 47
0.0
 47
0.0
 47
1.0
 47
0.0
 47
0.0
 47
0.0
 47
0.0
 47
1.0
171
     0
172
     2
 49
0.0008202099737533
 49
0.0
 49
0.0
 49
0.0
 49
0.0
 49
0.0008202099737533
 49
0.0
 49
0.0
 49
0.0
 49
0.0
 49
1.0
 49
0.0
 49
0.0
 49
0.0
 49
0.0
 49
1.0
175
     0
176
     2
142
0.0008202099737533
142
0.0
142
0.0
142
0.0
142
0.0
142
0.0008202099737533
142
0.0
142
0.0
142
0.0
142
0.0
142
1.0
142
0.0
142
0.0
142
0.0
142
0.0
142
1.0
179
     0
270
     2
144
0.0008202099737533
144
0.0
144
0.0
144
0.0
144
0.0
144
0.0008202099737533
144
0.0
144
0.0
144
0.0
144
0.0
144
1.0
144
0.0
144
0.0
144
0.0
144
0.0
144
1.0
274
     2
147
0.0008202099737533
147
0.0
147
0.0
147
0.0
147
0.0
147
0.0008202099737533
147
0.0
147
0.0
147
0.0
147
0.0
147
1.0
147
0.0
147
0.0
147
0.0
147
0.0
147
1.0
 94
      127
  0
MLEADERSTYLE
  5
E1
102
{ACAD_REACTORS
330
DE
102
}
330
DE
100
AcDbMLeaderStyle
179
     2
170
     2
171
     1
172
     0
 90
        2
 40
0.0
 41
0.0
173
     1
 91
-1056964608
340
14
 92
       -2
290
     1
 42
2.0
291
     1
 43
8.0
  3
Standard
 44
4.0
300

342
11
174
     1
178
     1
175
     1
176
     0
 93
-1056964608
 45
4.0
292
     0
297
     0
 46
0.18
 94
-1056964608
 47
1.0
 49
1.0
140
1.0
293
     1
141
0.0
294
     1
177
     0
142
1.0
295
     0
296
     0
143
3.75
271
     0
272
     9
273
     9
298
     0
  0
MLINESTYLE
  5
18
102
{ACAD_REACTORS
330
17
102
}
330
17
100
AcDbMlineStyle
  2
STANDARD
 70
     0
  3

 62
   256
 51
90.0
 52
90.0
 71
     2
 49
0.5
 62
   256
  6
BYLAYER
 49
-0.5
 62
   256
  6
BYLAYER
  0
ACDBPLACEHOLDER
  5
F
102
{ACAD_REACTORS
330
E
102
}
330
E
  0
SCALE
  5
B8
102
{ACAD_REACTORS
330
B7
102
}
330
B7
100
AcDbScale
 70
     0
300
1:1
140
1.0
141
1.0
290
     1
  0
SCALE
  5
B9
102
{ACAD_REACTORS
330
B7
102
}
330
B7
100
AcDbScale
 70
     0
300
1:2
140
1.0
141
2.0
290
     0
  0
SCALE
  5
BA
102
{ACAD_REACTORS
330
B7
102
}
330
B7
100
AcDbScale
 70
     0
300
1:4
140
1.0
141
4.0
290
     0
  0
SCALE
  5
BB
102
{ACAD_REACTORS
330
B7
102
}
330
B7
100
AcDbScale
 70
     0
300
1:5
140
1.0
141
5.0
290
     0
  0
SCALE
  5
BC
102
{ACAD_REACTORS
330
B7
102
}
330
B7
100
AcDbScale
 70
     0
300
1:8
140
1.0
141
8.0
290
     0
  0
SCALE
  5
BD
102
{ACAD_REACTORS
330
B7
102
}
330
B7
100
AcDbScale
 70
     0
300
1:10
140
1.0
141
10.0
290
     0
  0
SCALE
  5
BE
102
{ACAD_REACTORS
330
B7
102
}
330
B7
100
AcDbScale
 70
     0
300
1:16
140
1.0
141
16.0
290
     0
  0
SCALE
  5
BF
102
{ACAD_REACTORS
330
B7
102
}
330
B7
100
AcDbScale
 70
     0
300
1:20
140
1.0
141
20.0
290
     0
  0
SCALE
  5
C0
102
{ACAD_REACTORS
330
B7
102
}
330
B7
100
AcDbScale
 70
     0
300
1:30
140
1.0
141
30.0
290
     0
  0
SCALE
  5
C1
102
{ACAD_REACTORS
330
B7
102
}
330
B7
100
AcDbScale
 70
     0
300
1:40
140
1.0
141
40.0
290
     0
  0
SCALE
  5
C2
102
{ACAD_REACTORS
330
B7
102
}
330
B7
100
AcDbScale
 70
     0
300
1:50
140
1.0
141
50.0
290
     0
  0
SCALE
  5
C3
102
{ACAD_REACTORS
330
B7
102
}
330
B7
100
AcDbScale
 70
     0
300
1:100
140
1.0
141
100.0
290
     0
  0
SCALE
  5
C4
102
{ACAD_REACTORS
330
B7
102
}
330
B7
100
AcDbScale
 70
     0
300
2:1
140
2.0
141
1.0
290
     0
  0
SCALE
  5
C5
102
{ACAD_REACTORS
330
B7
102
}
330
B7
100
AcDbScale
 70
     0
300
4:1
140
4.0
141
1.0
290
     0
  0
SCALE
  5
C6
102
{ACAD_REACTORS
330
B7
102
}
330
B7
100
AcDbScale
 70
     0
300
8:1
140
8.0
141
1.0
290
     0
  0
SCALE
  5
C7
102
{ACAD_REACTORS
330
B7
102
}
330
B7
100
AcDbScale
 70
     0
300
10:1
140
10.0
141
1.0
290
     0
  0
SCALE
  5
C8
102
{ACAD_REACTORS
330
B7
102
}
330
B7
100
AcDbScale
 70
     0
300
100:1
140
100.0
141
1.0
290
     0
  0
SCALE
  5
C9
102
{ACAD_REACTORS
330
B7
102
}
330
B7
100
AcDbScale
 70
     0
300
1/128" = 1'-0"
140
0.0078125
141
12.0
290
     0
  0
SCALE
  5
CA
102
{ACAD_REACTORS
330
B7
102
}
330
B7
100
AcDbScale
 70
     0
300
1/64" = 1'-0"
140
0.015625
141
12.0
290
     0
  0
SCALE
  5
CB
102
{ACAD_REACTORS
330
B7
102
}
330
B7
100
AcDbScale
 70
     0
300
1/32" = 1'-0"
140
0.03125
141
12.0
290
     0
  0
SCALE
  5
CC
102
{ACAD_REACTORS
330
B7
102
}
330
B7
100
AcDbScale
 70
     0
300
1/16" = 1'-0"
140
0.0625
141
12.0
290
     0
  0
SCALE
  5
CD
102
{ACAD_REACTORS
330
B7
102
}
330
B7
100
AcDbScale
 70
     0
300
3/32" = 1'-0"
140
0.09375
141
12.0
290
     0
  0
SCALE
  5
CE
102
{ACAD_REACTORS
330
B7
102
}
330
B7
100
AcDbScale
 70
     0
300
1/8" = 1'-0"
140
0.125
141
12.0
290
     0
  0
SCALE
  5
CF
102
{ACAD_REACTORS
330
B7
102
}
330
B7
100
AcDbScale
 70
     0
300
3/16" = 1'-0"
140
0.1875
141
12.0
290
     0
  0
SCALE
  5
D0
102
{ACAD_REACTORS
330
B7
102
}
330
B7
100
AcDbScale
 70
     0
300
1/4" = 1'-0"
140
0.25
141
12.0
290
     0
  0
SCALE
  5
D1
102
{ACAD_REACTORS
330
B7
102
}
330
B7
100
AcDbScale
 70
     0
300
3/8" = 1'-0"
140
0.375
141
12.0
290
     0
  0
SCALE
  5
D2
102
{ACAD_REACTORS
330
B7
102
}
330
B7
100
AcDbScale
 70
     0
300
1/2" = 1'-0"
140
0.5
141
12.0
290
     0
  0
SCALE
  5
D3
102
{ACAD_REACTORS
330
B7
102
}
330
B7
100
AcDbScale
 70
     0
300
3/4" = 1'-0"
140
0.75
141
12.0
290
     0
  0
SCALE
  5
D4
102
{ACAD_REACTORS
330
B7
102
}
330
B7
100
AcDbScale
 70
     0
300
1" = 1'-0"
140
1.0
141
12.0
290
     0
  0
SCALE
  5
D5
102
{ACAD_REACTORS
330
B7
102
}
330
B7
100
AcDbScale
 70
     0
300
1-1/2" = 1'-0"
140
1.5
141
12.0
290
     0
  0
SCALE
  5
D6
102
{ACAD_REACTORS
330
B7
102
}
330
B7
100
AcDbScale
 70
     0
300
3" = 1'-0"
140
3.0
141
12.0
290
     0
  0
SCALE
  5
D7
102
{ACAD_REACTORS
330
B7
102
}
330
B7
100
AcDbScale
 70
     0
300
6" = 1'-0"
140
6.0
141
12.0
290
     0
  0
SCALE
  5
D8
102
{ACAD_REACTORS
330
B7
102
}
330
B7
100
AcDbScale
 70
     0
300
1'-0" = 1'-0"
140
12.0
141
12.0
290
     0
  0
ACDBSECTIONVIEWSTYLE
  5
1EA
102
{ACAD_REACTORS
330
1E9
102
}
330
1E9
100
AcDbModelDocViewStyle
 70
     0
  3
Metric50
290
     1
300
Metric50
 90
        0
100
AcDbSectionViewStyle
 70
     0
 71
     0
 90
      102
 71
     1
340
11
 62
   256
 40
5.0
340
0
340
0
 62
   256
 40
5.0
300
I, O, Q, S, X, Z
 40
10.0
 90
        0
 40
2.5
 90
        0
 71
     2
340
16
 90
       25
 62
   256
340
16
 90
       50
 62
   256
 40
5.0
 40
2.5
 40
5.0
 71
     3
340
11
 62
   256
 40
5.0
 90
        0
 40
15.0
 90
        1
300
%<\AcVar ViewSectionStartId>%-%<\AcVar ViewSectionEndId>% (%<\AcVar ViewScale \f "%sn">%)
 71
     4
 62
   256
 62
   257
300
ANSI31
 40
1.0
 90
        0
290
     0
290
     0
 90
        6
 40
0.0
 40
1.570796326794896
 40
0.2617993877991494
 40
1.308996938995747
 40
-0.2617993877991494
 40
1.832595714594046
  0
TABLESTYLE
  5
93
102
{ACAD_XDICTIONARY
360
23A
102
}
102
{ACAD_REACTORS
330
92
102
}
330
92
100
AcDbTableStyle
280
     0
  3
Standard
 70
     0
 71
     0
 40
1.5
 41
1.5
280
     0
281
     0
  7
Standard
140
4.5
170
     2
 62
     0
 63
     7
283
     0
 90
      512
 91
        0
  1

274
    -2
284
     1
 64
     0
275
    -2
285
     1
 65
     0
276
    -2
286
     1
 66
     0
277
    -2
287
     1
 67
     0
278
    -2
288
     1
 68
     0
279
    -2
289
     1
 69
     0
  7
Standard
140
6.0
170
     5
 62
     0
 63
     7
283
     0
 90
      512
 91
        0
  1

274
    -2
284
     1
 64
     0
275
    -2
285
     1
 65
     0
276
    -2
286
     1
 66
     0
277
    -2
287
     1
 67
     0
278
    -2
288
     1
 68
     0
279
    -2
289
     1
 69
     0
  7
Standard
140
4.5
170
     5
 62
     0
 63
     7
283
     0
 90
      512
 91
        0
  1

274
    -2
284
     1
 64
     0
275
    -2
285
     1
 65
     0
276
    -2
286
     1
 66
     0
277
    -2
287
     1
 67
     0
278
    -2
288
     1
 68
     0
279
    -2
289
     1
 69
     0
1001
ACAD
1000
AcRTDxfName
1000
TABLESTYLE
  0
VISUALSTYLE
  5
185
102
{ACAD_REACTORS
330
17F
102
}
330
17F
100
AcDbVisualStyle
  2
2dWireframe
 70
     4
177
     3
291
     0
 70
    58
 90
        0
176
     1
 90
        2
176
     1
 90
        0
176
     1
 90
        0
176
     1
 40
0.6
176
     1
 40
30.0
176
     1
 62
     7
420
 16777215
176
     1
 90
        1
176
     1
 90
        4
176
     1
 62
     7
176
     1
 62
   257
176
     1
 90
        1
176
     1
 90
        1
176
     1
 40
1.0
176
     1
 90
        0
176
     1
 62
   257
176
     1
 40
1.0
176
     1
 90
        1
176
     1
 90
        6
176
     1
 90
        2
176
     1
 62
     7
176
     1
 90
        5
176
     1
 90
        0
176
     1
 90
        0
176
     1
290
     0
176
     1
 90
        1
176
     1
 40
0.0
176
     1
 90
        0
176
     1
290
     1
176
     1
290
     1
176
     1
290
     0
176
     1
290
     0
176
     1
290
     0
176
     1
290
     0
176
     1
290
     0
176
     1
290
     0
176
     1
290
     0
176
     1
 90
       50
176
     1
 40
0.0
176
     1
 40
1.0
176
     1
 90
        0
176
     1
 62
    18
420
        0
176
     1
 90
       50
176
     1
 90
        3
176
     1
 62
     5
420
      255
176
     1
290
     0
176
     1
 90
       50
176
     1
 90
       50
176
     1
 90
       50
176
     1
290
     0
176
     1
 90
       50
176
     1
 62
   256
176
     0
 40
1.0
176
     0
 90
        0
176
     1
  1
strokes_ogs.tif
176
     1
290
     0
176
     1
 40
1.0
176
     1
 40
1.0
176
     1
  0
VISUALSTYLE
  5
184
102
{ACAD_REACTORS
330
17F
102
}
330
17F
100
AcDbVisualStyle
  2
Basic
 70
     7
177
     3
291
     1
 70
    58
 90
        1
176
     1
 90
        0
176
     1
 90
        1
176
     1
 90
        0
176
     1
 40
0.6
176
     1
 40
30.0
176
     1
 62
     7
420
 16777215
176
     1
 90
        0
176
     1
 90
        4
176
     1
 62
     7
176
     1
 62
   257
176
     1
 90
        1
176
     1
 90
        1
176
     1
 40
1.0
176
     1
 90
        8
176
     1
 62
     7
176
     1
 40
1.0
176
     1
 90
        1
176
     1
 90
        6
176
     1
 90
        2
176
     1
 62
     7
176
     1
 90
        5
176
     1
 90
        0
176
     1
 90
        0
176
     1
290
     0
176
     1
 90
        1
176
     1
 40
0.0
176
     1
 90
        0
176
     1
290
     0
176
     1
290
     1
176
     1
290
     1
176
     1
290
     0
176
     1
290
     0
176
     1
290
     0
176
     1
290
     0
176
     1
290
     0
176
     1
290
     0
176
     1
 90
       50
176
     1
 40
0.0
176
     1
 40
1.0
176
     1
 90
        0
176
     1
 62
    18
420
        0
176
     1
 90
       50
176
     1
 90
        3
176
     1
 62
     5
420
      255
176
     1
290
     0
176
     1
 90
       50
176
     1
 90
       50
176
     1
 90
       50
176
     1
290
     0
176
     1
 90
       50
176
     1
 62
   256
176
     0
 40
1.0
176
     0
 90
        0
176
     1
  1
strokes_ogs.tif
176
     1
290
     0
176
     1
 40
1.0
176
     1
 40
1.0
176
     1
  0
VISUALSTYLE
  5
18B
102
{ACAD_REACTORS
330
17F
102
}
330
17F
100
AcDbVisualStyle
  2
Brighten
 70
    12
177
     3
291
     1
 70
    58
 90
        2
176
     1
 90
        2
176
     1
 90
        0
176
     1
 90
        0
176
     1
 40
0.6
176
     1
 40
30.0
176
     1
 62
     7
420
 16777215
176
     1
 90
        1
176
     1
 90
        4
176
     1
 62
     7
176
     1
 62
   257
176
     1
 90
        1
176
     1
 90
        1
176
     1
 40
1.0
176
     1
 90
        8
176
     1
 62
     7
176
     1
 40
1.0
176
     1
 90
        1
176
     1
 90
        6
176
     1
 90
        2
176
     1
 62
     7
176
     1
 90
        5
176
     1
 90
        0
176
     1
 90
        0
176
     1
290
     0
176
     1
 90
        1
176
     1
 40
50.0
176
     1
 90
        0
176
     1
290
     0
176
     1
290
     1
176
     1
290
     1
176
     1
290
     0
176
     1
290
     0
176
     1
290
     0
176
     1
290
     0
176
     1
290
     0
176
     1
290
     0
176
     1
 90
       50
176
     1
 40
0.0
176
     1
 40
1.0
176
     1
 90
        0
176
     1
 62
    18
420
        0
176
     1
 90
       50
176
     1
 90
        3
176
     1
 62
     5
420
      255
176
     1
290
     0
176
     1
 90
       50
176
     1
 90
       50
176
     1
 90
       50
176
     1
290
     0
176
     1
 90
       50
176
     1
 62
   256
176
     0
 40
1.0
176
     0
 90
        0
176
     1
  1
strokes_ogs.tif
176
     1
290
     0
176
     1
 40
1.0
176
     1
 40
1.0
176
     1
  0
VISUALSTYLE
  5
18F
102
{ACAD_REACTORS
330
17F
102
}
330
17F
100
AcDbVisualStyle
  2
ColorChange
 70
    16
177
     3
291
     1
 70
    58
 90
        2
176
     1
 90
        2
176
     1
 90
        3
176
     1
 90
        0
176
     1
 40
0.6
176
     1
 40
30.0
176
     1
 62
     8
420
  8421504
176
     1
 90
        1
176
     1
 90
        4
176
     1
 62
     7
176
     1
 62
   257
176
     1
 90
        1
176
     1
 90
        1
176
     1
 40
1.0
176
     1
 90
        8
176
     1
 62
     8
420
  8421504
176
     1
 40
1.0
176
     1
 90
        1
176
     1
 90
        6
176
     1
 90
        2
176
     1
 62
     7
176
     1
 90
        5
176
     1
 90
        0
176
     1
 90
        0
176
     1
290
     0
176
     1
 90
        1
176
     1
 40
0.0
176
     1
 90
        0
176
     1
290
     0
176
     1
290
     1
176
     1
290
     1
176
     1
290
     0
176
     1
290
     0
176
     1
290
     0
176
     1
290
     0
176
     1
290
     0
176
     1
290
     0
176
     1
 90
       50
176
     1
 40
0.0
176
     1
 40
1.0
176
     1
 90
        0
176
     1
 62
    18
420
        0
176
     1
 90
       50
176
     1
 90
        3
176
     1
 62
     5
420
      255
176
     1
290
     0
176
     1
 90
       50
176
     1
 90
       50
176
     1
 90
       50
176
     1
290
     0
176
     1
 90
       50
176
     1
 62
   256
176
     0
 40
1.0
176
     0
 90
        0
176
     1
  1
strokes_ogs.tif
176
     1
290
     0
176
     1
 40
1.0
176
     1
 40
1.0
176
     1
  0
VISUALSTYLE
  5
188
102
{ACAD_REACTORS
330
17F
102
}
330
17F
100
AcDbVisualStyle
  2
Conceptual
 70
     9
177
     3
291
     0
 70
    58
 90
        3
176
     1
 90
        2
176
     1
 90
        0
176
     1
 90
        0
176
     1
 40
0.6
176
     1
 40
30.0
176
     1
 62
     7
420
 16777215
176
     1
 90
        2
176
     1
 90
        2
176
     1
 62
     7
176
     1
 62
   257
176
     1
 90
        1
176
     1
 90
        1
176
     1
 40
179.0
176
     1
 90
        8
176
     1
 62
     7
176
     1
 40
1.0
176
     1
 90
        1
176
     1
 90
        6
176
     1
 90
        2
176
     1
 62
     7
176
     1
 90
        3
176
     1
 90
        0
176
     1
 90
        0
176
     1
290
     0
176
     1
 90
        1
176
     1
 40
0.0
176
     1
 90
        0
176
     1
290
     0
176
     1
290
     1
176
     1
290
     1
176
     1
290
     0
176
     1
290
     0
176
     1
290
     0
176
     1
290
     0
176
     1
290
     0
176
     1
290
     0
176
     1
 90
       50
176
     1
 40
0.0
176
     1
 40
1.0
176
     1
 90
        0
176
     1
 62
    18
420
        0
176
     1
 90
       50
176
     1
 90
        3
176
     1
 62
     5
420
      255
176
     1
290
     0
176
     1
 90
       50
176
     1
 90
       50
176
     1
 90
       50
176
     1
290
     0
176
     1
 90
       50
176
     1
 62
   256
176
     0
 40
1.0
176
     0
 90
        0
176
     1
  1
strokes_ogs.tif
176
     1
290
     0
176
     1
 40
1.0
176
     1
 40
1.0
176
     1
  0
VISUALSTYLE
  5
18A
102
{ACAD_REACTORS
330
17F
102
}
330
17F
100
AcDbVisualStyle
  2
Dim
 70
    11
177
     3
291
     1
 70
    58
 90
        2
176
     1
 90
        2
176
     1
 90
        0
176
     1
 90
        0
176
     1
 40
0.6
176
     1
 40
30.0
176
     1
 62
     7
420
 16777215
176
     1
 90
        1
176
     1
 90
        4
176
     1
 62
     7
176
     1
 62
   257
176
     1
 90
        1
176
     1
 90
        1
176
     1
 40
1.0
176
     1
 90
        8
176
     1
 62
     7
176
     1
 40
1.0
176
     1
 90
        1
176
     1
 90
        6
176
     1
 90
        2
176
     1
 62
     7
176
     1
 90
        5
176
     1
 90
        0
176
     1
 90
        0
176
     1
290
     0
176
     1
 90
        1
176
     1
 40
-50.0
176
     1
 90
        0
176
     1
290
     0
176
     1
290
     1
176
     1
290
     1
176
     1
290
     0
176
     1
290
     0
176
     1
290
     0
176
     1
290
     0
176
     1
290
     0
176
     1
290
     0
176
     1
 90
       50
176
     1
 40
0.0
176
     1
 40
1.0
176
     1
 90
        0
176
     1
 62
    18
420
        0
176
     1
 90
       50
176
     1
 90
        3
176
     1
 62
     5
420
      255
176
     1
290
     0
176
     1
 90
       50
176
     1
 90
       50
176
     1
 90
       50
176
     1
290
     0
176
     1
 90
       50
176
     1
 62
   256
176
     0
 40
1.0
176
     0
 90
        0
176
     1
  1
strokes_ogs.tif
176
     1
290
     0
176
     1
 40
1.0
176
     1
 40
1.0
176
     1
  0
VISUALSTYLE
  5
197
102
{ACAD_REACTORS
330
17F
102
}
330
17F
100
AcDbVisualStyle
  2
EdgeColorOff
 70
    22
177
     3
291
     1
 70
    58
 90
        2
176
     0
 90
        2
176
     0
 90
        0
176
     0
 90
        0
176
     0
 40
0.6
176
     0
 40
30.0
176
     0
 62
     7
420
 16777215
176
     0
 90
        1
176
     0
 90
        4
176
     0
 62
     7
176
     0
 62
   257
176
     0
 90
        1
176
     0
 90
        1
176
     0
 40
1.0
176
     0
 90
        8
176
     2
 62
     7
176
     0
 40
1.0
176
     0
 90
        1
176
     0
 90
        6
176
     0
 90
        2
176
     0
 62
     7
176
     0
 90
        5
176
     0
 90
        0
176
     0
 90
        0
176
     0
290
     0
176
     0
 90
        1
176
     0
 40
0.0
176
     0
 90
        0
176
     0
290
     0
176
     1
290
     1
176
     1
290
     1
176
     1
290
     0
176
     1
290
     0
176
     1
290
     0
176
     1
290
     0
176
     1
290
     0
176
     1
290
     0
176
     1
 90
       50
176
     1
 40
0.0
176
     1
 40
1.0
176
     1
 90
        0
176
     1
 62
    18
420
        0
176
     1
 90
       50
176
     1
 90
        3
176
     1
 62
     5
420
      255
176
     1
290
     0
176
     1
 90
       50
176
     1
 90
       50
176
     1
 90
       50
176
     1
290
     0
176
     1
 90
       50
176
     1
 62
   256
176
     0
 40
1.0
176
     0
 90
        0
176
     1
  1
strokes_ogs.tif
176
     1
290
     0
176
     1
 40
1.0
176
     1
 40
1.0
176
     1
  0
VISUALSTYLE
  5
18E
102
{ACAD_REACTORS
330
17F
102
}
330
17F
100
AcDbVisualStyle
  2
Facepattern
 70
    15
177
     3
291
     1
 70
    58
 90
        2
176
     1
 90
        2
176
     1
 90
        0
176
     1
 90
        0
176
     1
 40
0.6
176
     1
 40
30.0
176
     1
 62
     7
420
 16777215
176
     1
 90
        1
176
     1
 90
        4
176
     1
 62
     7
176
     1
 62
   257
176
     1
 90
        1
176
     1
 90
        1
176
     1
 40
1.0
176
     1
 90
        8
176
     1
 62
     7
176
     1
 40
1.0
176
     1
 90
        1
176
     1
 90
        6
176
     1
 90
        2
176
     1
 62
     7
176
     1
 90
        5
176
     1
 90
        0
176
     1
 90
        0
176
     1
290
     0
176
     1
 90
        1
176
     1
 40
0.0
176
     1
 90
        0
176
     1
290
     0
176
     1
290
     1
176
     1
290
     1
176
     1
290
     0
176
     1
290
     0
176
     1
290
     0
176
     1
290
     0
176
     1
290
     0
176
     1
290
     0
176
     1
 90
       50
176
     1
 40
0.0
176
     1
 40
1.0
176
     1
 90
        0
176
     1
 62
    18
420
        0
176
     1
 90
       50
176
     1
 90
        3
176
     1
 62
     5
420
      255
176
     1
290
     0
176
     1
 90
       50
176
     1
 90
       50
176
     1
 90
       50
176
     1
290
     0
176
     1
 90
       50
176
     1
 62
   256
176
     0
 40
1.0
176
     0
 90
        0
176
     1
  1
strokes_ogs.tif
176
     1
290
     0
176
     1
 40
1.0
176
     1
 40
1.0
176
     1
  0
VISUALSTYLE
  5
180
102
{ACAD_REACTORS
330
17F
102
}
330
17F
100
AcDbVisualStyle
  2
Flat
 70
     0
177
     3
291
     1
 70
    58
 90
        2
176
     1
 90
        1
176
     1
 90
        1
176
     1
 90
        2
176
     1
 40
0.6
176
     1
 40
30.0
176
     1
 62
     7
420
 16777215
176
     1
 90
        0
176
     1
 90
        0
176
     1
 62
     7
176
     1
 62
   257
176
     1
 90
        1
176
     1
 90
        1
176
     1
 40
1.0
176
     1
 90
        8
176
     1
 62
     7
176
     1
 40
1.0
176
     1
 90
        1
176
     1
 90
        6
176
     1
 90
        2
176
     1
 62
     7
176
     1
 90
        5
176
     1
 90
        0
176
     1
 90
        0
176
     1
290
     0
176
     1
 90
       13
176
     1
 40
0.0
176
     1
 90
        0
176
     1
290
     0
176
     1
290
     1
176
     1
290
     1
176
     1
290
     0
176
     1
290
     0
176
     1
290
     0
176
     1
290
     0
176
     1
290
     0
176
     1
290
     0
176
     1
 90
       50
176
     1
 40
0.0
176
     1
 40
1.0
176
     1
 90
        0
176
     1
 62
    18
420
        0
176
     1
 90
       50
176
     1
 90
        3
176
     1
 62
     5
420
      255
176
     1
290
     0
176
     1
 90
       50
176
     1
 90
       50
176
     1
 90
       50
176
     1
290
     0
176
     1
 90
       50
176
     1
 62
   256
176
     0
 40
1.0
176
     0
 90
        0
176
     1
  1
strokes_ogs.tif
176
     1
290
     0
176
     1
 40
1.0
176
     1
 40
1.0
176
     1
  0
VISUALSTYLE
  5
181
102
{ACAD_REACTORS
330
17F
102
}
330
17F
100
AcDbVisualStyle
  2
FlatWithEdges
 70
     1
177
     3
291
     1
 70
    58
 90
        2
176
     1
 90
        1
176
     1
 90
        1
176
     1
 90
        2
176
     1
 40
0.6
176
     1
 40
30.0
176
     1
 62
     7
420
 16777215
176
     1
 90
        1
176
     1
 90
        0
176
     1
 62
     7
176
     1
 62
   257
176
     1
 90
        1
176
     1
 90
        1
176
     1
 40
1.0
176
     1
 90
        0
176
     1
 62
   257
176
     1
 40
1.0
176
     1
 90
        1
176
     1
 90
        6
176
     1
 90
        2
176
     1
 62
     7
176
     1
 90
        5
176
     1
 90
        0
176
     1
 90
        0
176
     1
290
     0
176
     1
 90
       13
176
     1
 40
0.0
176
     1
 90
        0
176
     1
290
     0
176
     1
290
     1
176
     1
290
     1
176
     1
290
     0
176
     1
290
     0
176
     1
290
     0
176
     1
290
     0
176
     1
290
     0
176
     1
290
     0
176
     1
 90
       50
176
     1
 40
0.0
176
     1
 40
1.0
176
     1
 90
        0
176
     1
 62
    18
420
        0
176
     1
 90
       50
176
     1
 90
        3
176
     1
 62
     5
420
      255
176
     1
290
     0
176
     1
 90
       50
176
     1
 90
       50
176
     1
 90
       50
176
     1
290
     0
176
     1
 90
       50
176
     1
 62
   256
176
     0
 40
1.0
176
     0
 90
        0
176
     1
  1
strokes_ogs.tif
176
     1
290
     0
176
     1
 40
1.0
176
     1
 40
1.0
176
     1
  0
VISUALSTYLE
  5
182
102
{ACAD_REACTORS
330
17F
102
}
330
17F
100
AcDbVisualStyle
  2
Gouraud
 70
     2
177
     3
291
     1
 70
    58
 90
        2
176
     1
 90
        2
176
     1
 90
        1
176
     1
 90
        2
176
     1
 40
0.6
176
     1
 40
30.0
176
     1
 62
     7
420
 16777215
176
     1
 90
        0
176
     1
 90
        0
176
     1
 62
     7
176
     1
 62
   257
176
     1
 90
        1
176
     1
 90
        1
176
     1
 40
1.0
176
     1
 90
        0
176
     1
 62
     7
176
     1
 40
1.0
176
     1
 90
        1
176
     1
 90
        6
176
     1
 90
        2
176
     1
 62
     7
176
     1
 90
        5
176
     1
 90
        0
176
     1
 90
        0
176
     1
290
     0
176
     1
 90
       13
176
     1
 40
0.0
176
     1
 90
        0
176
     1
290
     0
176
     1
290
     1
176
     1
290
     1
176
     1
290
     0
176
     1
290
     0
176
     1
290
     0
176
     1
290
     0
176
     1
290
     0
176
     1
290
     0
176
     1
 90
       50
176
     1
 40
0.0
176
     1
 40
1.0
176
     1
 90
        0
176
     1
 62
    18
420
        0
176
     1
 90
       50
176
     1
 90
        3
176
     1
 62
     5
420
      255
176
     1
290
     0
176
     1
 90
       50
176
     1
 90
       50
176
     1
 90
       50
176
     1
290
     0
176
     1
 90
       50
176
     1
 62
   256
176
     0
 40
1.0
176
     0
 90
        0
176
     1
  1
strokes_ogs.tif
176
     1
290
     0
176
     1
 40
1.0
176
     1
 40
1.0
176
     1
  0
VISUALSTYLE
  5
183
102
{ACAD_REACTORS
330
17F
102
}
330
17F
100
AcDbVisualStyle
  2
GouraudWithEdges
 70
     3
177
     3
291
     1
 70
    58
 90
        2
176
     1
 90
        2
176
     1
 90
        1
176
     1
 90
        2
176
     1
 40
0.6
176
     1
 40
30.0
176
     1
 62
     7
420
 16777215
176
     1
 90
        1
176
     1
 90
        0
176
     1
 62
     7
176
     1
 62
   257
176
     1
 90
        1
176
     1
 90
        1
176
     1
 40
1.0
176
     1
 90
        0
176
     1
 62
   257
176
     1
 40
1.0
176
     1
 90
        1
176
     1
 90
        6
176
     1
 90
        2
176
     1
 62
     7
176
     1
 90
        5
176
     1
 90
        0
176
     1
 90
        0
176
     1
290
     0
176
     1
 90
       13
176
     1
 40
0.0
176
     1
 90
        0
176
     1
290
     0
176
     1
290
     1
176
     1
290
     1
176
     1
290
     0
176
     1
290
     0
176
     1
290
     0
176
     1
290
     0
176
     1
290
     0
176
     1
290
     0
176
     1
 90
       50
176
     1
 40
0.0
176
     1
 40
1.0
176
     1
 90
        0
176
     1
 62
    18
420
        0
176
     1
 90
       50
176
     1
 90
        3
176
     1
 62
     5
420
      255
176
     1
290
     0
176
     1
 90
       50
176
     1
 90
       50
176
     1
 90
       50
176
     1
290
     0
176
     1
 90
       50
176
     1
 62
   256
176
     0
 40
1.0
176
     0
 90
        0
176
     1
  1
strokes_ogs.tif
176
     1
290
     0
176
     1
 40
1.0
176
     1
 40
1.0
176
     1
  0
VISUALSTYLE
  5
187
102
{ACAD_REACTORS
330
17F
102
}
330
17F
100
AcDbVisualStyle
  2
Hidden
 70
     6
177
     3
291
     0
 70
    58
 90
        1
176
     1
 90
        2
176
     1
 90
        2
176
     1
 90
        0
176
     1
 40
0.6
176
     1
 40
30.0
176
     1
 62
     7
420
 16777215
176
     1
 90
        2
176
     1
 90
        2
176
     1
 62
     7
176
     1
 62
   257
176
     1
 90
        2
176
     1
 90
        1
176
     1
 40
40.0
176
     1
 90
        0
176
     1
 62
   257
176
     1
 40
1.0
176
     1
 90
        1
176
     1
 90
        6
176
     1
 90
        2
176
     1
 62
     7
176
     1
 90
        3
176
     1
 90
        0
176
     1
 90
        0
176
     1
290
     0
176
     1
 90
        1
176
     1
 40
0.0
176
     1
 90
        0
176
     1
290
     0
176
     1
290
     1
176
     1
290
     1
176
     1
290
     0
176
     1
290
     0
176
     1
290
     0
176
     1
290
     0
176
     1
290
     0
176
     1
290
     0
176
     1
 90
       50
176
     1
 40
0.0
176
     1
 40
1.0
176
     1
 90
        0
176
     1
 62
    18
420
        0
176
     1
 90
       50
176
     1
 90
        3
176
     1
 62
     5
420
      255
176
     1
290
     0
176
     1
 90
       50
176
     1
 90
       50
176
     1
 90
       50
176
     1
290
     0
176
     1
 90
       50
176
     1
 62
   256
176
     0
 40
1.0
176
     0
 90
        0
176
     1
  1
strokes_ogs.tif
176
     1
290
     0
176
     1
 40
1.0
176
     1
 40
1.0
176
     1
  0
VISUALSTYLE
  5
195
102
{ACAD_REACTORS
330
17F
102
}
330
17F
100
AcDbVisualStyle
  2
JitterOff
 70
    20
177
     3
291
     1
 70
    58
 90
        2
176
     0
 90
        2
176
     0
 90
        0
176
     0
 90
        0
176
     0
 40
0.6
176
     0
 40
30.0
176
     0
 62
     7
420
 16777215
176
     0
 90
        1
176
     0
 90
        4
176
     0
 62
     7
176
     0
 62
   257
176
     0
 90
        1
176
     0
 90
        1
176
     0
 40
1.0
176
     0
 90
       10
176
     2
 62
     7
176
     0
 40
1.0
176
     0
 90
        1
176
     0
 90
        6
176
     0
 90
        2
176
     0
 62
     7
176
     0
 90
        5
176
     0
 90
        0
176
     0
 90
        0
176
     0
290
     0
176
     0
 90
        1
176
     0
 40
0.0
176
     0
 90
        0
176
     0
290
     0
176
     1
290
     1
176
     1
290
     1
176
     1
290
     0
176
     1
290
     0
176
     1
290
     0
176
     1
290
     0
176
     1
290
     0
176
     1
290
     0
176
     1
 90
       50
176
     1
 40
0.0
176
     1
 40
1.0
176
     1
 90
        0
176
     1
 62
    18
420
        0
176
     1
 90
       50
176
     1
 90
        3
176
     1
 62
     5
420
      255
176
     1
290
     0
176
     1
 90
       50
176
     1
 90
       50
176
     1
 90
       50
176
     1
290
     0
176
     1
 90
       50
176
     1
 62
   256
176
     0
 40
1.0
176
     0
 90
        0
176
     1
  1
strokes_ogs.tif
176
     1
290
     0
176
     1
 40
1.0
176
     1
 40
1.0
176
     1
  0
VISUALSTYLE
  5
18D
102
{ACAD_REACTORS
330
17F
102
}
330
17F
100
AcDbVisualStyle
  2
Linepattern
 70
    14
177
     3
291
     1
 70
    58
 90
        2
176
     1
 90
        2
176
     1
 90
        0
176
     1
 90
        0
176
     1
 40
0.6
176
     1
 40
30.0
176
     1
 62
     7
420
 16777215
176
     1
 90
        1
176
     1
 90
        4
176
     1
 62
     7
176
     1
 62
   257
176
     1
 90
        7
176
     1
 90
        7
176
     1
 40
1.0
176
     1
 90
        8
176
     1
 62
     7
176
     1
 40
1.0
176
     1
 90
        1
176
     1
 90
        6
176
     1
 90
        2
176
     1
 62
     7
176
     1
 90
        5
176
     1
 90
        0
176
     1
 90
        0
176
     1
290
     0
176
     1
 90
        1
176
     1
 40
0.0
176
     1
 90
        0
176
     1
290
     0
176
     1
290
     1
176
     1
290
     1
176
     1
290
     0
176
     1
290
     0
176
     1
290
     0
176
     1
290
     0
176
     1
290
     0
176
     1
290
     0
176
     1
 90
       50
176
     1
 40
0.0
176
     1
 40
1.0
176
     1
 90
        0
176
     1
 62
    18
420
        0
176
     1
 90
       50
176
     1
 90
        3
176
     1
 62
     5
420
      255
176
     1
290
     0
176
     1
 90
       50
176
     1
 90
       50
176
     1
 90
       50
176
     1
290
     0
176
     1
 90
       50
176
     1
 62
   256
176
     0
 40
1.0
176
     0
 90
        0
176
     1
  1
strokes_ogs.tif
176
     1
290
     0
176
     1
 40
1.0
176
     1
 40
1.0
176
     1
  0
VISUALSTYLE
  5
196
102
{ACAD_REACTORS
330
17F
102
}
330
17F
100
AcDbVisualStyle
  2
OverhangOff
 70
    21
177
     3
291
     1
 70
    58
 90
        2
176
     0
 90
        2
176
     0
 90
        0
176
     0
 90
        0
176
     0
 40
0.6
176
     0
 40
30.0
176
     0
 62
     7
420
 16777215
176
     0
 90
        1
176
     0
 90
        4
176
     0
 62
     7
176
     0
 62
   257
176
     0
 90
        1
176
     0
 90
        1
176
     0
 40
1.0
176
     0
 90
        9
176
     2
 62
     7
176
     0
 40
1.0
176
     0
 90
        1
176
     0
 90
        6
176
     0
 90
        2
176
     0
 62
     7
176
     0
 90
        5
176
     0
 90
        0
176
     0
 90
        0
176
     0
290
     0
176
     0
 90
        1
176
     0
 40
0.0
176
     0
 90
        0
176
     0
290
     0
176
     1
290
     1
176
     1
290
     1
176
     1
290
     0
176
     1
290
     0
176
     1
290
     0
176
     1
290
     0
176
     1
290
     0
176
     1
290
     0
176
     1
 90
       50
176
     1
 40
0.0
176
     1
 40
1.0
176
     1
 90
        0
176
     1
 62
    18
420
        0
176
     1
 90
       50
176
     1
 90
        3
176
     1
 62
     5
420
      255
176
     1
290
     0
176
     1
 90
       50
176
     1
 90
       50
176
     1
 90
       50
176
     1
290
     0
176
     1
 90
       50
176
     1
 62
   256
176
     0
 40
1.0
176
     0
 90
        0
176
     1
  1
strokes_ogs.tif
176
     1
290
     0
176
     1
 40
1.0
176
     1
 40
1.0
176
     1
  0
VISUALSTYLE
  5
189
102
{ACAD_REACTORS
330
17F
102
}
330
17F
100
AcDbVisualStyle
  2
Realistic
 70
     8
177
     3
291
     0
 70
    58
 90
        2
176
     1
 90
        3
176
     1
 90
        0
176
     1
 90
        2
176
     1
 40
0.6
176
     1
 40
30.0
176
     1
 62
     7
420
 16777215
176
     1
 90
        0
176
     1
 90
        0
176
     1
 62
     7
176
     1
 62
   257
176
     1
 90
        1
176
     1
 90
        1
176
     1
 40
1.0
176
     1
 90
        8
176
     1
 62
   257
176
     1
 40
1.0
176
     1
 90
        1
176
     1
 90
        6
176
     1
 90
        2
176
     1
 62
     7
176
     1
 90
        3
176
     1
 90
        0
176
     1
 90
        0
176
     1
290
     0
176
     1
 90
       13
176
     1
 40
0.0
176
     1
 90
        0
176
     1
290
     0
176
     1
290
     1
176
     1
290
     1
176
     1
290
     0
176
     1
290
     0
176
     1
290
     0
176
     1
290
     0
176
     1
290
     0
176
     1
290
     0
176
     1
 90
       50
176
     1
 40
0.0
176
     1
 40
1.0
176
     1
 90
        0
176
     1
 62
    18
420
        0
176
     1
 90
       50
176
     1
 90
        3
176
     1
 62
     5
420
      255
176
     1
290
     0
176
     1
 90
       50
176
     1
 90
       50
176
     1
 90
       50
176
     1
290
     0
176
     1
 90
       50
176
     1
 62
   256
176
     0
 40
1.0
176
     0
 90
        0
176
     1
  1
strokes_ogs.tif
176
     1
290
     0
176
     1
 40
1.0
176
     1
 40
1.0
176
     1
  0
VISUALSTYLE
  5
194
102
{ACAD_REACTORS
330
17F
102
}
330
17F
100
AcDbVisualStyle
  2
Shaded
 70
    27
177
     3
291
     0
 70
    58
 90
        2
176
     1
 90
        2
176
     1
 90
        1
176
     1
 90
        2
176
     1
 40
0.6
176
     1
 40
30.0
176
     1
 62
     7
420
 16777215
176
     1
 90
        0
176
     1
 90
        4
176
     1
 62
     7
176
     1
 62
   257
176
     1
 90
        1
176
     1
 90
        1
176
     1
 40
1.0
176
     1
 90
        8
176
     1
 62
   257
176
     1
 40
1.0
176
     1
 90
        1
176
     1
 90
        6
176
     1
 90
        2
176
     1
 62
     8
420
  7895160
176
     1
 90
        3
176
     1
 90
        0
176
     1
 90
        0
176
     1
290
     0
176
     1
 90
        5
176
     1
 40
0.0
176
     1
 90
        0
176
     1
290
     0
176
     1
290
     1
176
     1
290
     1
176
     1
290
     0
176
     1
290
     0
176
     1
290
     0
176
     1
290
     0
176
     1
290
     0
176
     1
290
     0
176
     1
 90
       50
176
     1
 40
0.0
176
     1
 40
1.0
176
     1
 90
        0
176
     1
 62
    18
420
        0
176
     1
 90
       50
176
     1
 90
        3
176
     1
 62
     5
420
      255
176
     1
290
     0
176
     1
 90
       50
176
     1
 90
       50
176
     1
 90
       50
176
     1
290
     0
176
     1
 90
       50
176
     1
 62
   256
176
     0
 40
1.0
176
     0
 90
        0
176
     1
  1
strokes_ogs.tif
176
     1
290
     0
176
     1
 40
1.0
176
     1
 40
1.0
176
     1
  0
VISUALSTYLE
  5
193
102
{ACAD_REACTORS
330
17F
102
}
330
17F
100
AcDbVisualStyle
  2
Shaded with edges
 70
    26
177
     3
291
     0
 70
    58
 90
        2
176
     1
 90
        2
176
     1
 90
        1
176
     1
 90
        2
176
     1
 40
0.6
176
     1
 40
30.0
176
     1
 62
     7
420
 16777215
176
     1
 90
        1
176
     1
 90
       10
176
     1
 62
     7
176
     1
 62
   257
176
     1
 90
        2
176
     1
 90
        1
176
     1
 40
1.0
176
     1
 90
        8
176
     1
 62
   257
176
     1
 40
1.0
176
     1
 90
        1
176
     1
 90
        6
176
     1
 90
        2
176
     1
 62
     7
176
     1
 90
        3
176
     1
 90
        0
176
     1
 90
        0
176
     1
290
     0
176
     1
 90
        5
176
     1
 40
0.0
176
     1
 90
        0
176
     1
290
     0
176
     1
290
     1
176
     1
290
     1
176
     1
290
     0
176
     1
290
     0
176
     1
290
     0
176
     1
290
     0
176
     1
290
     0
176
     1
290
     0
176
     1
 90
       50
176
     1
 40
0.0
176
     1
 40
1.0
176
     1
 90
        0
176
     1
 62
    18
420
        0
176
     1
 90
       50
176
     1
 90
        3
176
     1
 62
     5
420
      255
176
     1
290
     0
176
     1
 90
       50
176
     1
 90
       50
176
     1
 90
       50
176
     1
290
     0
176
     1
 90
       50
176
     1
 62
   256
176
     0
 40
1.0
176
     0
 90
        0
176
     1
  1
strokes_ogs.tif
176
     1
290
     0
176
     1
 40
1.0
176
     1
 40
1.0
176
     1
  0
VISUALSTYLE
  5
190
102
{ACAD_REACTORS
330
17F
102
}
330
17F
100
AcDbVisualStyle
  2
Shades of Gray
 70
    23
177
     3
291
     0
 70
    58
 90
        2
176
     1
 90
        2
176
     1
 90
        3
176
     1
 90
        0
176
     1
 40
0.6
176
     1
 40
30.0
176
     1
 62
     7
420
 16777215
176
     1
 90
        2
176
     1
 90
        2
176
     1
 62
     7
176
     1
 62
     7
176
     1
 90
        1
176
     1
 90
        1
176
     1
 40
40.0
176
     1
 90
        8
176
     1
 62
     7
176
     1
 40
1.0
176
     1
 90
        1
176
     1
 90
        6
176
     1
 90
        2
176
     1
 62
     7
176
     1
 90
        3
176
     1
 90
        0
176
     1
 90
        0
176
     1
290
     0
176
     1
 90
        1
176
     1
 40
0.0
176
     1
 90
        0
176
     1
290
     0
176
     1
290
     1
176
     1
290
     1
176
     1
290
     0
176
     1
290
     0
176
     1
290
     0
176
     1
290
     0
176
     1
290
     0
176
     1
290
     0
176
     1
 90
       50
176
     1
 40
0.0
176
     1
 40
1.0
176
     1
 90
        0
176
     1
 62
    18
420
        0
176
     1
 90
       50
176
     1
 90
        3
176
     1
 62
     5
420
      255
176
     1
290
     0
176
     1
 90
       50
176
     1
 90
       50
176
     1
 90
       50
176
     1
290
     0
176
     1
 90
       50
176
     1
 62
   256
176
     0
 40
1.0
176
     0
 90
        0
176
     1
  1
strokes_ogs.tif
176
     1
290
     0
176
     1
 40
1.0
176
     1
 40
1.0
176
     1
  0
VISUALSTYLE
  5
191
102
{ACAD_REACTORS
330
17F
102
}
330
17F
100
AcDbVisualStyle
  2
Sketchy
 70
    24
177
     3
291
     0
 70
    58
 90
        1
176
     1
 90
        2
176
     1
 90
        2
176
     1
 90
        0
176
     1
 40
0.6
176
     1
 40
30.0
176
     1
 62
     7
420
 16777215
176
     1
 90
        2
176
     1
 90
        2
176
     1
 62
     7
176
     1
 62
     7
176
     1
 90
        1
176
     1
 90
        1
176
     1
 40
40.0
176
     1
 90
       11
176
     1
 62
     7
176
     1
 40
1.0
176
     1
 90
        1
176
     1
 90
        6
176
     1
 90
        2
176
     1
 62
     7
176
     1
 90
        6
176
     1
 90
        0
176
     1
 90
        0
176
     1
290
     0
176
     1
 90
        1
176
     1
 40
0.0
176
     1
 90
        0
176
     1
290
     0
176
     1
290
     1
176
     1
290
     1
176
     1
290
     0
176
     1
290
     0
176
     1
290
     0
176
     1
290
     0
176
     1
290
     0
176
     1
290
     0
176
     1
 90
       50
176
     1
 40
0.0
176
     1
 40
1.0
176
     1
 90
        0
176
     1
 62
    18
420
        0
176
     1
 90
       50
176
     1
 90
        3
176
     1
 62
     5
420
      255
176
     1
290
     0
176
     1
 90
       50
176
     1
 90
       50
176
     1
 90
       50
176
     1
290
     0
176
     1
 90
       50
176
     1
 62
   256
176
     0
 40
1.0
176
     0
 90
        0
176
     1
  1
strokes_ogs.tif
176
     1
290
     0
176
     1
 40
1.0
176
     1
 40
1.0
176
     1
  0
VISUALSTYLE
  5
18C
102
{ACAD_REACTORS
330
17F
102
}
330
17F
100
AcDbVisualStyle
  2
Thicken
 70
    13
177
     3
291
     1
 70
    58
 90
        2
176
     1
 90
        2
176
     1
 90
        0
176
     1
 90
        0
176
     1
 40
0.6
176
     1
 40
30.0
176
     1
 62
     7
420
 16777215
176
     1
 90
        1
176
     1
 90
        4
176
     1
 62
     7
176
     1
 62
   257
176
     1
 90
        1
176
     1
 90
        1
176
     1
 40
1.0
176
     1
 90
       12
176
     1
 62
     7
176
     1
 40
1.0
176
     1
 90
        1
176
     1
 90
        6
176
     1
 90
        2
176
     1
 62
     7
176
     1
 90
        5
176
     1
 90
        0
176
     1
 90
        0
176
     1
290
     0
176
     1
 90
        1
176
     1
 40
0.0
176
     1
 90
        0
176
     1
290
     0
176
     1
290
     1
176
     1
290
     1
176
     1
290
     0
176
     1
290
     0
176
     1
290
     0
176
     1
290
     0
176
     1
290
     0
176
     1
290
     0
176
     1
 90
       50
176
     1
 40
0.0
176
     1
 40
1.0
176
     1
 90
        0
176
     1
 62
    18
420
        0
176
     1
 90
       50
176
     1
 90
        3
176
     1
 62
     5
420
      255
176
     1
290
     0
176
     1
 90
       50
176
     1
 90
       50
176
     1
 90
       50
176
     1
290
     0
176
     1
 90
       50
176
     1
 62
   256
176
     0
 40
1.0
176
     0
 90
        0
176
     1
  1
strokes_ogs.tif
176
     1
290
     0
176
     1
 40
1.0
176
     1
 40
1.0
176
     1
  0
VISUALSTYLE
  5
186
102
{ACAD_REACTORS
330
17F
102
}
330
17F
100
AcDbVisualStyle
  2
Wireframe
 70
     5
177
     3
291
     0
 70
    58
 90
        0
176
     1
 90
        2
176
     1
 90
        0
176
     1
 90
        0
176
     1
 40
0.6
176
     1
 40
30.0
176
     1
 62
     7
420
 16777215
176
     1
 90
        1
176
     1
 90
        4
176
     1
 62
     7
176
     1
 62
   257
176
     1
 90
        1
176
     1
 90
        1
176
     1
 40
1.0
176
     1
 90
        0
176
     1
 62
   257
176
     1
 40
1.0
176
     1
 90
        1
176
     1
 90
        6
176
     1
 90
        2
176
     1
 62
     7
176
     1
 90
        3
176
     1
 90
        0
176
     1
 90
        0
176
     1
290
     0
176
     1
 90
        1
176
     1
 40
0.0
176
     1
 90
        0
176
     1
290
     0
176
     1
290
     1
176
     1
290
     1
176
     1
290
     0
176
     1
290
     0
176
     1
290
     0
176
     1
290
     0
176
     1
290
     0
176
     1
290
     0
176
     1
 90
       50
176
     1
 40
0.0
176
     1
 40
1.0
176
     1
 90
        0
176
     1
 62
    18
420
        0
176
     1
 90
       50
176
     1
 90
        3
176
     1
 62
     5
420
      255
176
     1
290
     0
176
     1
 90
       50
176
     1
 90
       50
176
     1
 90
       50
176
     1
290
     0
176
     1
 90
       50
176
     1
 62
   256
176
     0
 40
1.0
176
     0
 90
        0
176
     1
  1
strokes_ogs.tif
176
     1
290
     0
176
     1
 40
1.0
176
     1
 40
1.0
176
     1
  0
VISUALSTYLE
  5
192
102
{ACAD_REACTORS
330
17F
102
}
330
17F
100
AcDbVisualStyle
  2
X-Ray
 70
    25
177
     3
291
     0
 70
    58
 90
        2
176
     1
 90
        2
176
     1
 90
        1
176
     1
 90
        1
176
     1
 40
0.5
176
     1
 40
30.0
176
     1
 62
     7
420
 16777215
176
     1
 90
        1
176
     1
 90
        0
176
     1
 62
     7
176
     1
 62
   257
176
     1
 90
        1
176
     1
 90
        1
176
     1
 40
1.0
176
     1
 90
        8
176
     1
 62
     7
176
     1
 40
1.0
176
     1
 90
        1
176
     1
 90
        6
176
     1
 90
        2
176
     1
 62
     7
176
     1
 90
        3
176
     1
 90
        0
176
     1
 90
        0
176
     1
290
     0
176
     1
 90
       13
176
     1
 40
0.0
176
     1
 90
        0
176
     1
290
     0
176
     1
290
     1
176
     1
290
     1
176
     1
290
     0
176
     1
290
     0
176
     1
290
     0
176
     1
290
     0
176
     1
290
     0
176
     1
290
     0
176
     1
 90
       50
176
     1
 40
0.0
176
     1
 40
1.0
176
     1
 90
        0
176
     1
 62
    18
420
        0
176
     1
 90
       50
176
     1
 90
        3
176
     1
 62
     5
420
      255
176
     1
290
     0
176
     1
 90
       50
176
     1
 90
       50
176
     1
 90
       50
176
     1
290
     0
176
     1
 90
       50
176
     1
 62
   256
176
     0
 40
1.0
176
     0
 90
        0
176
     1
  1
strokes_ogs.tif
176
     1
290
     0
176
     1
 40
1.0
176
     1
 40
1.0
176
     1
  0
DICTIONARYVAR
  5
DD
102
{ACAD_REACTORS
330
59
102
}
330
59
100
DictionaryVariables
280
     0
  1
1:1
  0
DICTIONARYVAR
  5
E9
102
{ACAD_REACTORS
330
59
102
}
330
59
100
DictionaryVariables
280
     0
  1
STANDARD
  0
DICTIONARYVAR
  5
98
102
{ACAD_REACTORS
330
59
102
}
330
59
100
DictionaryVariables
280
     0
  1
STANDARD
  0
DICTIONARYVAR
  5
209
102
{ACAD_REACTORS
330
59
102
}
330
59
100
DictionaryVariables
280
     0
  1
Metric50
  0
DICTIONARYVAR
  5
20A
102
{ACAD_REACTORS
330
59
102
}
330
59
100
DictionaryVariables
280
     0
  1
Metric50
  0
DICTIONARYVAR
  5
23E
102
{ACAD_REACTORS
330
59
102
}
330
59
100
DictionaryVariables
280
     0
  1
1
  0
DICTIONARYVAR
  5
43
102
{ACAD_REACTORS
330
59
102
}
330
59
100
DictionaryVariables
280
     0
  1
2
  0
DICTIONARYVAR
  5
23D
102
{ACAD_REACTORS
330
59
102
}
330
59
100
DictionaryVariables
280
     0
  1
1
  0
DICTIONARYVAR
  5
5E
102
{ACAD_REACTORS
330
59
102
}
330
59
100
DictionaryVariables
280
     0
  1
1
  0
DICTIONARYVAR
  5
B6
102
{ACAD_REACTORS
330
59
102
}
330
59
100
DictionaryVariables
280
     0
  1

  0
DICTIONARYVAR
  5
E2
102
{ACAD_REACTORS
330
59
102
}
330
59
100
DictionaryVariables
280
     0
  1
2
  0
BLOCKVISIBILITYPARAMETER
  5
24B
330
24A
100
AcDbEvalExpr
 90
        1
 98
       33
 99
      248
100
AcDbBlockElement
300
Estado de visibilidad
 98
       33
 99
      248
1071
        0
100
AcDbBlockParameter
280
     1
281
     0
100
AcDbBlock1PtParameter
1010
2751.115785041886
1020
2012.562544002586
1030
0.0
 93
        2
170
     0
171
     0
100
AcDbBlockVisibilityParameter
281
     1
301
Visibilidad1
302

 91
        0
 93
        6
331
251
331
252
331
253
331
254
331
255
331
256
 92
        6
303
EstadoVisibilidad0
 94
        6
332
251
332
252
332
253
332
254
332
255
332
256
 95
        0
303
10
 94
        2
332
251
332
252
 95
        0
303
12
 94
        2
332
251
332
253
 95
        0
303
16
 94
        2
332
251
332
254
 95
        0
303
20
 94
        2
332
251
332
255
 95
        0
303
25
 94
        2
332
251
332
256
 95
        0
  0
BLOCKVISIBILITYGRIP
  5
24C
330
24A
100
AcDbEvalExpr
 90
        2
 98
       33
 99
      248
100
AcDbBlockElement
300
Pinzamiento
 98
       33
 99
      248
1071
        0
100
AcDbBlockGrip
 91
        3
 92
        4
1010
2751.115785041886
1020
2012.562544002586
1030
0.0
280
     0
 93
       -1
100
AcDbBlockVisibilityGrip
  0
BLOCKGRIPLOCATIONCOMPONENT
  5
24D
330
24A
100
AcDbEvalExpr
 90
        3
 98
       33
 99
      248
  1

 70
    40
140
0.0
100
AcDbBlockGripExpr
 91
        1
300
UpdatedX
  0
BLOCKGRIPLOCATIONCOMPONENT
  5
24E
330
24A
100
AcDbEvalExpr
 90
        4
 98
       33
 99
      248
  1

 70
    40
140
0.0
100
AcDbBlockGripExpr
 91
        1
300
UpdatedY
  0
BLOCKVISIBILITYPARAMETER
  5
265
330
264
100
AcDbEvalExpr
 90
        1
 98
       33
 99
      248
100
AcDbBlockElement
300
Estado de visibilidad
 98
       33
 99
      248
1071
        0
100
AcDbBlockParameter
280
     1
281
     0
100
AcDbBlock1PtParameter
1010
2746.989531048587
1020
2012.645341987752
1030
0.0
 93
        2
170
     0
171
     0
100
AcDbBlockVisibilityParameter
281
     1
301
Visibilidad1
302

 91
        0
 93
        6
331
26B
331
26C
331
26D
331
26E
331
26F
331
270
 92
        6
303
EstadoVisibilidad0
 94
        6
332
26B
332
26C
332
26D
332
26E
332
26F
332
270
 95
        0
303
10
 94
        2
332
26B
332
26C
 95
        0
303
12
 94
        2
332
26B
332
26D
 95
        0
303
16
 94
        2
332
26B
332
26E
 95
        0
303
20
 94
        2
332
26B
332
26F
 95
        0
303
25
 94
        2
332
26B
332
270
 95
        0
  0
BLOCKVISIBILITYGRIP
  5
266
330
264
100
AcDbEvalExpr
 90
        2
 98
       33
 99
      248
100
AcDbBlockElement
300
Pinzamiento
 98
       33
 99
      248
1071
        0
100
AcDbBlockGrip
 91
        3
 92
        4
1010
2746.989531048587
1020
2012.645341987752
1030
0.0
280
     0
 93
       -1
100
AcDbBlockVisibilityGrip
  0
BLOCKGRIPLOCATIONCOMPONENT
  5
267
330
264
100
AcDbEvalExpr
 90
        3
 98
       33
 99
      248
  1

 70
    40
140
0.0
100
AcDbBlockGripExpr
 91
        1
300
UpdatedX
  0
BLOCKGRIPLOCATIONCOMPONENT
  5
268
330
264
100
AcDbEvalExpr
 90
        4
 98
       33
 99
      248
  1

 70
    40
140
0.0
100
AcDbBlockGripExpr
 91
        1
300
UpdatedY
  0
DICTIONARY
  5
23A
330
93
100
AcDbDictionary
280
     1
281
     1
  3
ACAD_ROUNDTRIP_2008_TABLESTYLE_CELLSTYLEMAP
360
2CEB
  0
CELLSTYLEMAP
  5
2CEB
102
{ACAD_REACTORS
330
23A
102
}
330
23A
100
AcDbCellStyleMap
 90
        3
300
CELLSTYLE
  1
TABLEFORMAT_BEGIN
 90
        5
170
     1
 91
        0
 92
    32768
 62
   257
 93
        1
300
CONTENTFORMAT
  1
CONTENTFORMAT_BEGIN
 90
        0
 91
        0
 92
      512
 93
        0
300

 40
0.0
140
1.0
 94
        5
 62
     0
340
11
144
6.0
309
CONTENTFORMAT_END
171
     1
301
MARGIN
  1
CELLMARGIN_BEGIN
 40
1.5
 40
1.5
 40
0.06
 40
0.06
 40
0.18
 40
0.18
309
CELLMARGIN_END
 94
        6
 95
        1
302
GRIDFORMAT
  1
GRIDFORMAT_BEGIN
 90
        0
 91
        1
 62
     0
 92
       -2
340
0
 93
        0
 40
0.045
309
GRIDFORMAT_END
 95
        2
302
GRIDFORMAT
  1
GRIDFORMAT_BEGIN
 90
        0
 91
        1
 62
     0
 92
       -2
340
0
 93
        0
 40
0.045
309
GRIDFORMAT_END
 95
        4
302
GRIDFORMAT
  1
GRIDFORMAT_BEGIN
 90
        0
 91
        1
 62
     0
 92
       -2
340
0
 93
        0
 40
0.045
309
GRIDFORMAT_END
 95
        8
302
GRIDFORMAT
  1
GRIDFORMAT_BEGIN
 90
        0
 91
        1
 62
     0
 92
       -2
340
0
 93
        0
 40
0.045
309
GRIDFORMAT_END
 95
       16
302
GRIDFORMAT
  1
GRIDFORMAT_BEGIN
 90
        0
 91
        1
 62
     0
 92
       -2
340
0
 93
        0
 40
0.045
309
GRIDFORMAT_END
 95
       32
302
GRIDFORMAT
  1
GRIDFORMAT_BEGIN
 90
        0
 91
        1
 62
     0
 92
       -2
340
0
 93
        0
 40
0.045
309
GRIDFORMAT_END
309
TABLEFORMAT_END
  1
CELLSTYLE_BEGIN
 90
        1
 91
        1
300
_TITLE
309
CELLSTYLE_END
300
CELLSTYLE
  1
TABLEFORMAT_BEGIN
 90
        5
170
     1
 91
        0
 92
        0
 62
   257
 93
        1
300
CONTENTFORMAT
  1
CONTENTFORMAT_BEGIN
 90
        0
 91
        0
 92
      512
 93
        0
300

 40
0.0
140
1.0
 94
        5
 62
     0
340
11
144
4.5
309
CONTENTFORMAT_END
171
     1
301
MARGIN
  1
CELLMARGIN_BEGIN
 40
1.5
 40
1.5
 40
0.06
 40
0.06
 40
0.18
 40
0.18
309
CELLMARGIN_END
 94
        6
 95
        1
302
GRIDFORMAT
  1
GRIDFORMAT_BEGIN
 90
        0
 91
        1
 62
     0
 92
       -2
340
0
 93
        0
 40
0.045
309
GRIDFORMAT_END
 95
        2
302
GRIDFORMAT
  1
GRIDFORMAT_BEGIN
 90
        0
 91
        1
 62
     0
 92
       -2
340
0
 93
        0
 40
0.045
309
GRIDFORMAT_END
 95
        4
302
GRIDFORMAT
  1
GRIDFORMAT_BEGIN
 90
        0
 91
        1
 62
     0
 92
       -2
340
0
 93
        0
 40
0.045
309
GRIDFORMAT_END
 95
        8
302
GRIDFORMAT
  1
GRIDFORMAT_BEGIN
 90
        0
 91
        1
 62
     0
 92
       -2
340
0
 93
        0
 40
0.045
309
GRIDFORMAT_END
 95
       16
302
GRIDFORMAT
  1
GRIDFORMAT_BEGIN
 90
        0
 91
        1
 62
     0
 92
       -2
340
0
 93
        0
 40
0.045
309
GRIDFORMAT_END
 95
       32
302
GRIDFORMAT
  1
GRIDFORMAT_BEGIN
 90
        0
 91
        1
 62
     0
 92
       -2
340
0
 93
        0
 40
0.045
309
GRIDFORMAT_END
309
TABLEFORMAT_END
  1
CELLSTYLE_BEGIN
 90
        2
 91
        1
300
_HEADER
309
CELLSTYLE_END
300
CELLSTYLE
  1
TABLEFORMAT_BEGIN
 90
        5
170
     1
 91
        0
 92
        0
 62
   257
 93
        1
300
CONTENTFORMAT
  1
CONTENTFORMAT_BEGIN
 90
        0
 91
        0
 92
      512
 93
        0
300

 40
0.0
140
1.0
 94
        2
 62
     0
340
11
144
4.5
309
CONTENTFORMAT_END
171
     1
301
MARGIN
  1
CELLMARGIN_BEGIN
 40
1.5
 40
1.5
 40
0.06
 40
0.06
 40
0.18
 40
0.18
309
CELLMARGIN_END
 94
        6
 95
        1
302
GRIDFORMAT
  1
GRIDFORMAT_BEGIN
 90
        0
 91
        1
 62
     0
 92
       -2
340
0
 93
        0
 40
0.045
309
GRIDFORMAT_END
 95
        2
302
GRIDFORMAT
  1
GRIDFORMAT_BEGIN
 90
        0
 91
        1
 62
     0
 92
       -2
340
0
 93
        0
 40
0.045
309
GRIDFORMAT_END
 95
        4
302
GRIDFORMAT
  1
GRIDFORMAT_BEGIN
 90
        0
 91
        1
 62
     0
 92
       -2
340
0
 93
        0
 40
0.045
309
GRIDFORMAT_END
 95
        8
302
GRIDFORMAT
  1
GRIDFORMAT_BEGIN
 90
        0
 91
        1
 62
     0
 92
       -2
340
0
 93
        0
 40
0.045
309
GRIDFORMAT_END
 95
       16
302
GRIDFORMAT
  1
GRIDFORMAT_BEGIN
 90
        0
 91
        1
 62
     0
 92
       -2
340
0
 93
        0
 40
0.045
309
GRIDFORMAT_END
 95
       32
302
GRIDFORMAT
  1
GRIDFORMAT_BEGIN
 90
        0
 91
        1
 62
     0
 92
       -2
340
0
 93
        0
 40
0.045
309
GRIDFORMAT_END
309
TABLEFORMAT_END
  1
CELLSTYLE_BEGIN
 90
        3
 91
        2
300
_DATA
309
CELLSTYLE_END
  0
ENDSEC
  0
SECTION
  2
ACDSDATA
 70
     2
 71
     2
  0
ACDSSCHEMA
 90
        0
  1
AcDb_Thumbnail_Schema
  2
AcDbDs::ID
280
    10
 91
        0
  2
Thumbnail_Data
280
    15
 91
        0
101
ACDSRECORD
 95
        0
 90
        2
  2
AcDbDs::TreatedAsObjectData
280
     1
291
     1
101
ACDSRECORD
 95
        0
 90
        3
  2
AcDbDs::Legacy
280
     1
291
     1
101
ACDSRECORD
  1
AcDbDs::ID
 90
        4
  2
AcDs:Indexable
280
     1
291
     1
101
ACDSRECORD
  1
AcDbDs::ID
 90
        5
  2
AcDbDs::HandleAttribute
280
     7
282
     1
  0
ACDSSCHEMA
 90
        1
  1
AcDb3DSolid_ASM_Data
  2
AcDbDs::ID
280
    10
 91
        0
  2
ASM_Data
280
    15
 91
        0
101
ACDSRECORD
 95
        1
 90
        2
  2
AcDbDs::TreatedAsObjectData
280
     1
291
     1
101
ACDSRECORD
 95
        1
 90
        3
  2
AcDbDs::Legacy
280
     1
291
     1
101
ACDSRECORD
  1
AcDbDs::ID
 90
        4
  2
AcDs:Indexable
280
     1
291
     1
101
ACDSRECORD
  1
AcDbDs::ID
 90
        5
  2
AcDbDs::HandleAttribute
280
     7
282
     1
  0
ACDSSCHEMA
 90
        2
  1
AcDbDs::TreatedAsObjectDataSchema
  2
AcDbDs::TreatedAsObjectData
280
     1
 91
        0
  0
ACDSSCHEMA
 90
        3
  1
AcDbDs::LegacySchema
  2
AcDbDs::Legacy
280
     1
 91
        0
  0
ACDSSCHEMA
 90
        4
  1
AcDbDs::IndexedPropertySchema
  2
AcDs:Indexable
280
     1
 91
        0
  0
ACDSSCHEMA
 90
        5
  1
AcDbDs::HandleAttributeSchema
  2
AcDbDs::HandleAttribute
280
     7
 91
        8
  0
ENDSEC
  0
EOF
